customer_id,total_orders,total_quantity,total_net_sales,customer_segment
C10000,2,2,210.5845,Low Value
C10001,5,12,3246.0175,High Value
C10002,5,6,216.8545,Low Value
C10003,3,3,154.296,Low Value
C10004,3,5,716.99,Medium Value
C10005,3,4,216.26,Low Value
C10006,2,3,355.736,Medium Value
C10007,6,10,734.633,Medium Value
C10008,2,2,276.65999999999997,Low Value
C10009,5,5,659.552,Medium Value
C10010,3,5,1578.0024999999998,High Value
C10011,6,9,1381.0645,High Value
C10012,5,11,1801.6490000000001,High Value
C10013,4,8,681.3265,Medium Value
C10014,2,2,215.05149999999998,Low Value
C10015,5,11,1865.8980000000001,High Value
C10016,6,6,796.4335,High Value
C10017,2,3,68.11,Low Value
C10018,12,15,728.1015,Medium Value
C10019,1,1,4.398499999999999,Low Value
C10020,5,6,627.31,Medium Value
C10021,3,5,1079.1135,High Value
C10022,4,7,914.7740000000001,High Value
C10023,6,7,376.536,Medium Value
C10024,5,5,237.693,Low Value
C10025,4,5,720.361,Medium Value
C10026,3,3,283.2965,Low Value
C10027,10,15,963.563,High Value
C10028,5,5,317.22349999999994,Medium Value
C10029,4,5,170.053,Low Value
C10030,3,7,273.56399999999996,Low Value
C10031,2,2,137.2745,Low Value
C10032,3,6,91.03450000000001,Low Value
C10033,1,1,39.018,Low Value
C10034,3,5,177.51999999999998,Low Value
C10035,1,2,97.72,Low Value
C10036,3,3,54.0925,Low Value
C10037,4,5,1035.9655,High Value
C10038,5,5,146.088,Low Value
C10039,1,1,166.464,Low Value
C10040,5,6,180.979,Low Value
C10041,2,3,330.6445,Medium Value
C10042,5,6,185.70000000000002,Low Value
C10043,5,8,1675.4560000000001,High Value
C10044,4,8,2698.5340000000006,High Value
C10045,4,6,376.72,Medium Value
C10046,1,3,54.621,Low Value
C10047,3,4,718.652,Medium Value
C10048,3,3,64.923,Low Value
C10049,2,4,77.23,Low Value
C10050,4,8,563.2445,Medium Value
C10051,6,8,779.8965,High Value
C10052,3,4,56.101,Low Value
C10053,3,3,93.19999999999999,Low Value
C10054,4,4,381.182,Medium Value
C10055,4,4,1018.722,High Value
C10056,3,4,838.348,High Value
C10057,2,2,94.43249999999999,Low Value
C10058,7,9,1290.281,High Value
C10059,2,4,802.0799999999999,High Value
C10060,8,18,2044.1305,High Value
C10061,4,5,1039.966,High Value
C10062,5,6,302.8955,Medium Value
C10063,3,4,420.26499999999993,Medium Value
C10064,5,8,413.46,Medium Value
C10065,5,6,245.355,Low Value
C10066,8,15,2920.104,High Value
C10067,4,4,489.21000000000004,Medium Value
C10068,5,9,923.342,High Value
C10069,4,7,384.07849999999996,Medium Value
C10070,4,5,799.3530000000001,High Value
C10071,10,15,902.4755,High Value
C10072,6,9,1261.1295,High Value
C10073,5,7,1091.0715,High Value
C10074,5,7,175.83,Low Value
C10075,2,3,22.852,Low Value
C10076,4,4,256.446,Low Value
C10077,3,3,188.578,Low Value
C10078,4,4,1240.397,High Value
C10079,6,6,988.2700000000001,High Value
C10080,5,8,339.2515,Medium Value
C10081,6,6,176.8475,Low Value
C10082,2,2,94.856,Low Value
C10083,4,7,1610.285,High Value
C10084,6,7,303.6145,Medium Value
C10085,5,5,144.976,Low Value
C10086,2,2,23.154000000000003,Low Value
C10087,2,2,130.633,Low Value
C10088,4,12,376.7435,Medium Value
C10089,7,15,1392.8045,High Value
C10090,3,3,1452.6945,High Value
C10091,7,11,939.496,High Value
C10092,4,4,776.732,High Value
C10093,2,2,37.33,Low Value
C10094,4,8,1045.518,High Value
C10095,5,5,106.61,Low Value
C10096,1,1,3.11,Low Value
C10097,5,7,174.4,Low Value
C10098,7,11,1435.149,High Value
C10099,2,2,63.153999999999996,Low Value
C10100,3,7,228.57,Low Value
C10101,1,1,2.499,Low Value
C10102,7,9,655.678,Medium Value
C10103,1,2,17.12,Low Value
C10104,6,7,374.37350000000004,Medium Value
C10105,8,9,486.6365,Medium Value
C10106,10,14,2057.5695,High Value
C10107,4,4,323.6,Medium Value
C10108,1,1,46.71,Low Value
C10109,8,9,523.498,Medium Value
C10110,9,13,401.563,Medium Value
C10111,6,16,1099.551,High Value
C10112,3,4,27.430500000000002,Low Value
C10113,3,3,65.08,Low Value
C10114,6,7,230.0335,Low Value
C10115,6,7,203.234,Low Value
C10116,7,12,817.543,High Value
C10117,3,3,94.703,Low Value
C10118,2,2,288.45000000000005,Low Value
C10119,2,2,79.71000000000001,Low Value
C10120,3,8,119.775,Low Value
C10121,2,2,244.29850000000002,Low Value
C10122,4,5,493.6345,Medium Value
C10123,4,10,278.6495,Low Value
C10124,4,10,1567.662,High Value
C10125,6,10,2549.8285,High Value
C10126,2,2,116.90299999999999,Low Value
C10127,2,2,202.10999999999999,Low Value
C10128,5,8,568.191,Medium Value
C10129,5,5,436.82250000000005,Medium Value
C10130,4,4,164.99200000000002,Low Value
C10131,5,7,181.967,Low Value
C10132,3,3,741.55,Medium Value
C10133,7,14,2256.379,High Value
C10134,3,4,774.117,High Value
C10135,4,4,238.947,Low Value
C10136,5,6,423.662,Medium Value
C10137,4,10,187.668,Low Value
C10138,7,14,331.255,Medium Value
C10139,3,5,148.34199999999998,Low Value
C10140,5,6,1308.6395,High Value
C10141,5,7,409.8325,Medium Value
C10142,7,9,379.746,Medium Value
C10143,6,12,2263.231,High Value
C10144,1,4,64.704,Low Value
C10145,4,4,721.9665000000001,Medium Value
C10146,5,8,912.164,High Value
C10147,4,5,606.772,Medium Value
C10148,8,11,847.4775,High Value
C10149,4,4,1560.375,High Value
C10150,2,3,612.3389999999999,Medium Value
C10151,6,10,3336.5290000000005,High Value
C10152,2,2,119.00250000000001,Low Value
C10153,7,10,843.527,High Value
C10154,7,7,826.992,High Value
C10155,4,6,930.015,High Value
C10156,3,4,64.644,Low Value
C10157,2,2,16.990000000000002,Low Value
C10158,4,8,834.435,High Value
C10159,4,8,622.6065,Medium Value
C10160,5,11,4703.2895,High Value
C10161,8,11,1280.739,High Value
C10162,3,3,1165.2285,High Value
C10163,3,6,425.175,Medium Value
C10164,4,6,373.479,Medium Value
C10165,4,8,656.238,Medium Value
C10166,3,6,371.0585,Medium Value
C10167,1,3,163.59300000000002,Low Value
C10168,2,8,619.413,Medium Value
C10169,3,7,549.53,Medium Value
C10170,4,7,388.286,Medium Value
C10171,6,8,699.618,Medium Value
C10172,2,2,85.03,Low Value
C10173,3,5,743.6595,Medium Value
C10174,3,5,703.6615,Medium Value
C10175,5,11,549.028,Medium Value
C10176,5,11,791.5125,High Value
C10177,2,2,131.05,Low Value
C10178,6,7,812.0174999999999,High Value
C10179,3,6,1223.4864999999998,High Value
C10180,2,2,24.064,Low Value
C10181,2,2,368.724,Medium Value
C10182,3,4,448.7315,Medium Value
C10183,2,2,34.68,Low Value
C10184,9,16,1160.1745,High Value
C10185,3,5,417.548,Medium Value
C10186,8,17,599.1279999999999,Medium Value
C10187,5,8,486.2525,Medium Value
C10188,2,2,79.1285,Low Value
C10189,4,4,571.9475,Medium Value
C10190,7,8,420.973,Medium Value
C10191,7,8,941.7565,High Value
C10192,4,6,1342.489,High Value
C10193,5,6,963.6935,High Value
C10194,3,3,129.253,Low Value
C10195,5,6,240.965,Low Value
C10196,2,5,326.37,Medium Value
C10197,5,12,612.5965,Medium Value
C10198,2,2,102.59,Low Value
C10199,2,4,903.091,High Value
C10200,4,8,540.3675000000001,Medium Value
C10201,7,16,412.408,Medium Value
C10202,2,2,128.56900000000002,Low Value
C10203,3,4,655.51,Medium Value
C10204,5,9,299.5115,Medium Value
C10205,3,7,298.71950000000004,Medium Value
C10206,3,3,182.0405,Low Value
C10207,7,14,400.65,Medium Value
C10208,5,6,510.51149999999996,Medium Value
C10209,9,14,891.7095,High Value
C10210,1,1,10.2885,Low Value
C10211,2,2,128.4955,Low Value
C10212,2,2,34.265499999999996,Low Value
C10213,4,6,119.684,Low Value
C10214,3,3,171.633,Low Value
C10215,3,3,71.57,Low Value
C10216,3,7,1073.6005,High Value
C10218,2,2,147.2245,Low Value
C10219,8,10,721.8695,Medium Value
C10220,5,7,319.349,Medium Value
C10222,5,10,966.1105,High Value
C10223,4,10,974.44,High Value
C10224,5,8,210.716,Low Value
C10225,7,9,727.5339999999999,Medium Value
C10226,7,14,356.22499999999997,Medium Value
C10227,5,7,499.527,Medium Value
C10228,4,5,66.9305,Low Value
C10229,3,4,219.1485,Low Value
C10230,1,1,4.75,Low Value
C10231,2,2,220.4705,Low Value
C10232,6,8,1192.202,High Value
C10233,5,6,548.9214999999999,Medium Value
C10234,5,5,418.948,Medium Value
C10235,4,4,112.964,Low Value
C10236,6,8,933.897,High Value
C10237,4,6,65.5135,Low Value
C10238,7,10,1725.0955000000001,High Value
C10239,6,9,694.9159999999999,Medium Value
C10240,6,9,645.2344999999999,Medium Value
C10241,7,10,279.23600000000005,Low Value
C10242,5,12,920.4915,High Value
C10243,3,4,260.7,Low Value
C10244,9,18,1339.8220000000001,High Value
C10245,6,7,223.8465,Low Value
C10246,5,7,78.91,Low Value
C10248,4,6,810.8309999999999,High Value
C10249,6,6,275.4225,Low Value
C10250,4,4,200.06,Low Value
C10251,2,4,737.45,Medium Value
C10252,6,8,294.935,Medium Value
C10253,7,12,803.8499999999999,High Value
C10254,4,6,787.845,High Value
C10255,5,5,356.067,Medium Value
C10256,11,18,1574.8745,High Value
C10257,3,4,1135.953,High Value
C10258,4,5,203.096,Low Value
C10260,4,9,1476.796,High Value
C10261,3,3,601.64,Medium Value
C10262,3,3,251.84300000000002,Low Value
C10263,2,2,128.45,Low Value
C10264,8,9,1053.571,High Value
C10265,4,5,745.5,Medium Value
C10266,3,3,548.2065,Medium Value
C10267,3,4,332.0285,Medium Value
C10268,3,11,382.075,Medium Value
C10269,6,8,789.3919999999999,High Value
C10270,8,9,1965.135,High Value
C10271,7,14,646.894,Medium Value
C10272,7,7,1415.304,High Value
C10273,4,6,426.445,Medium Value
C10275,6,7,461.6785,Medium Value
C10276,5,7,639.087,Medium Value
C10277,11,14,1472.7425,High Value
C10278,1,1,287.71,Low Value
C10279,4,14,707.096,Medium Value
C10280,3,3,94.21000000000001,Low Value
C10281,3,4,105.4975,Low Value
C10282,4,9,485.76700000000005,Medium Value
C10283,3,3,41.9005,Low Value
C10284,3,3,182.2375,Low Value
C10285,4,5,149.83350000000002,Low Value
C10286,1,1,97.61,Low Value
C10287,4,6,1246.804,High Value
C10288,3,3,151.56,Low Value
C10289,5,9,1334.4895,High Value
C10290,1,2,187.408,Low Value
C10292,7,10,2399.709,High Value
C10293,2,2,36.323,Low Value
C10294,7,11,796.813,High Value
C10295,3,3,669.567,Medium Value
C10296,4,6,118.898,Low Value
C10297,2,5,153.936,Low Value
C10298,6,9,167.916,Low Value
C10299,3,4,356.13050000000004,Medium Value
C10300,2,3,509.51,Medium Value
C10301,7,10,143.754,Low Value
C10302,5,10,410.64599999999996,Medium Value
C10303,6,8,3126.5885,High Value
C10304,2,4,186.076,Low Value
C10305,8,13,1276.8465,High Value
C10306,7,11,640.594,Medium Value
C10307,6,6,251.936,Low Value
C10308,3,3,250.63,Low Value
C10309,5,6,198.34900000000002,Low Value
C10310,4,11,406.36800000000005,Medium Value
C10311,5,8,585.762,Medium Value
C10312,2,2,92.2655,Low Value
C10313,3,4,374.344,Medium Value
C10314,4,8,1042.24,High Value
C10315,1,1,34.926500000000004,Low Value
C10316,4,6,721.0,Medium Value
C10317,4,6,489.024,Medium Value
C10318,3,8,1308.44,High Value
C10319,4,6,324.129,Medium Value
C10320,4,5,151.8075,Low Value
C10321,1,2,21.84,Low Value
C10322,2,3,798.6985,High Value
C10323,1,1,33.782000000000004,Low Value
C10324,5,6,858.4804999999999,High Value
C10325,6,10,2064.768,High Value
C10326,2,2,388.38,Medium Value
C10327,4,7,421.56,Medium Value
C10328,6,11,1104.638,High Value
C10329,8,16,1312.1444999999999,High Value
C10330,2,6,2522.1,High Value
C10331,6,13,1007.2330000000001,High Value
C10332,6,8,2755.6325,High Value
C10333,3,5,118.39249999999998,Low Value
C10334,3,4,567.068,Medium Value
C10335,5,7,1398.066,High Value
C10336,2,2,78.994,Low Value
C10337,4,4,295.639,Medium Value
C10338,8,14,1379.9195,High Value
C10339,3,4,196.55,Low Value
C10340,8,10,2040.137,High Value
C10341,5,13,1396.6200000000001,High Value
C10342,5,7,117.688,Low Value
C10343,6,9,664.175,Medium Value
C10344,3,4,639.716,Medium Value
C10345,2,2,355.53800000000007,Medium Value
C10347,5,8,528.956,Medium Value
C10348,4,8,468.74449999999996,Medium Value
C10349,3,5,445.45500000000004,Medium Value
C10350,2,3,38.6525,Low Value
C10351,1,1,24.4,Low Value
C10352,3,4,443.15,Medium Value
C10353,3,4,202.754,Low Value
C10354,6,9,3088.9995,High Value
C10355,4,5,318.33199999999994,Medium Value
C10356,5,5,624.826,Medium Value
C10357,5,8,250.7355,Low Value
C10358,5,5,498.22999999999996,Medium Value
C10359,7,9,249.17849999999999,Low Value
C10360,4,7,793.308,High Value
C10361,4,5,224.225,Low Value
C10362,5,8,703.3509999999999,Medium Value
C10363,4,4,130.2105,Low Value
C10364,10,17,2209.691,High Value
C10365,3,7,470.39,Medium Value
C10366,5,9,167.67000000000002,Low Value
C10367,2,4,182.88,Low Value
C10368,4,4,256.6355,Low Value
C10369,5,5,190.79,Low Value
C10370,7,9,882.474,High Value
C10371,5,7,727.828,Medium Value
C10372,6,7,626.6645,Medium Value
C10373,2,2,176.262,Low Value
C10374,7,13,3286.1199999999994,High Value
C10375,10,18,1481.598,High Value
C10376,3,7,199.215,Low Value
C10377,3,3,116.605,Low Value
C10378,3,3,407.68,Medium Value
C10379,2,2,12.957,Low Value
C10380,4,7,439.85650000000004,Medium Value
C10381,4,4,694.11,Medium Value
C10382,3,3,826.2429999999999,High Value
C10383,4,4,120.60699999999999,Low Value
C10384,3,4,1280.343,High Value
C10385,2,2,99.73,Low Value
C10386,9,17,2511.5205,High Value
C10387,2,4,733.461,Medium Value
C10388,5,7,785.6300000000001,High Value
C10389,4,6,233.25,Low Value
C10390,6,8,315.4235,Medium Value
C10391,8,11,497.75,Medium Value
C10392,9,12,743.2885,Medium Value
C10393,8,12,1016.6965,High Value
C10394,4,4,65.39,Low Value
C10395,5,8,463.502,Medium Value
C10396,3,4,208.56,Low Value
C10397,1,5,182.05,Low Value
C10398,5,7,498.98600000000005,Medium Value
C10399,4,4,325.65999999999997,Medium Value
C10400,6,16,1429.2385,High Value
C10401,3,5,81.41499999999999,Low Value
C10402,6,6,245.7525,Low Value
C10403,2,3,216.82100000000003,Low Value
C10404,5,9,400.036,Medium Value
C10405,4,6,197.94,Low Value
C10406,6,9,848.3045,High Value
C10407,4,6,62.3365,Low Value
C10408,2,2,215.001,Low Value
C10409,1,1,60.477500000000006,Low Value
C10410,1,2,7.34,Low Value
C10411,2,2,1172.96,High Value
C10412,1,1,58.04,Low Value
C10413,5,8,388.943,Medium Value
C10414,3,4,509.998,Medium Value
C10415,4,8,3874.919,High Value
C10416,3,7,986.1780000000001,High Value
C10417,4,8,2719.5,High Value
C10418,3,4,217.01,Low Value
C10419,9,19,2880.63,High Value
C10420,3,3,474.69,Medium Value
C10421,5,7,356.10800000000006,Medium Value
C10422,5,7,538.64,Medium Value
C10423,2,2,620.586,Medium Value
C10424,4,6,1146.78,High Value
C10425,3,3,149.038,Low Value
C10426,1,4,254.41,Low Value
C10427,6,8,670.8275,Medium Value
C10428,2,3,263.7,Low Value
C10429,4,4,477.378,Medium Value
C10430,2,2,441.6015,Medium Value
C10431,4,5,1146.7785,High Value
C10432,5,10,361.0095,Medium Value
C10433,6,6,598.43,Medium Value
C10434,4,4,185.06799999999998,Low Value
C10435,4,8,249.01,Low Value
C10436,3,3,129.185,Low Value
C10437,3,3,344.172,Medium Value
C10438,2,2,27.540000000000003,Low Value
C10439,3,4,350.726,Medium Value
C10440,7,15,1719.81,High Value
C10441,7,8,754.0604999999999,Medium Value
C10442,5,9,905.533,High Value
C10443,6,10,709.779,Medium Value
C10444,5,10,300.818,Medium Value
C10445,4,8,1864.962,High Value
C10446,8,17,571.96,Medium Value
C10448,8,12,1004.961,High Value
C10449,5,5,304.0595,Medium Value
C10450,1,1,39.2,Low Value
C10451,4,5,106.577,Low Value
C10452,7,8,545.302,Medium Value
C10453,4,8,531.06,Medium Value
C10454,5,5,901.926,High Value
C10455,3,3,199.88150000000002,Low Value
C10456,4,4,417.36,Medium Value
C10457,2,3,67.89,Low Value
C10458,4,4,303.523,Medium Value
C10459,3,6,1571.467,High Value
C10460,6,9,505.113,Medium Value
C10461,6,9,650.9835,Medium Value
C10462,3,6,112.995,Low Value
C10463,4,6,639.351,Medium Value
C10464,7,7,206.82,Low Value
C10465,4,6,1276.041,High Value
C10466,2,3,45.528999999999996,Low Value
C10467,4,8,958.995,High Value
C10468,2,4,404.95099999999996,Medium Value
C10469,3,6,277.53999999999996,Low Value
C10470,8,9,1854.326,High Value
C10471,3,3,333.87,Medium Value
C10472,3,5,1254.577,High Value
C10473,3,3,986.81,High Value
C10474,2,2,605.4735000000001,Medium Value
C10475,6,13,393.1785,Medium Value
C10476,1,2,24.681,Low Value
C10477,5,9,1263.1755,High Value
C10478,2,2,22.6175,Low Value
C10479,4,7,1302.664,High Value
C10480,2,6,34.685,Low Value
C10481,4,4,376.4155,Medium Value
C10482,3,3,43.3895,Low Value
C10483,3,5,1475.2005000000001,High Value
C10484,6,6,1231.1045000000001,High Value
C10485,2,2,42.169999999999995,Low Value
C10486,4,7,701.2295,Medium Value
C10487,1,3,57.792,Low Value
C10488,6,7,990.08,High Value
C10489,6,8,1426.6999999999998,High Value
C10490,4,5,242.05699999999996,Low Value
C10491,2,2,353.896,Medium Value
C10492,7,12,1388.2575,High Value
C10493,4,8,827.8515,High Value
C10494,3,3,441.43899999999996,Medium Value
C10495,3,7,849.032,High Value
C10496,3,5,226.6465,Low Value
C10497,8,11,2222.811,High Value
C10498,5,5,486.9915,Medium Value
C10499,4,6,189.16750000000002,Low Value
C10500,4,6,1063.0,High Value
C10501,2,4,1175.3200000000002,High Value
C10502,3,6,828.8555,High Value
C10503,1,4,25.84,Low Value
C10504,3,5,663.7065,Medium Value
C10505,5,5,2185.4094999999998,High Value
C10506,3,3,233.294,Low Value
C10507,4,5,976.3494999999998,High Value
C10508,6,6,673.5795,Medium Value
C10509,3,3,855.1500000000001,High Value
C10510,5,8,394.832,Medium Value
C10511,3,5,2208.3109999999997,High Value
C10512,2,2,7.1685,Low Value
C10513,5,6,609.8240000000001,Medium Value
C10514,8,9,863.7864999999999,High Value
C10515,6,11,244.7335,Low Value
C10516,5,5,1078.3435,High Value
C10517,6,8,325.5065,Medium Value
C10518,2,2,287.9125,Low Value
C10519,6,8,941.8129999999999,High Value
C10520,5,5,727.1765,Medium Value
C10521,6,6,1039.332,High Value
C10522,5,8,1357.8455,High Value
C10523,3,4,216.38850000000002,Low Value
C10524,4,11,193.32999999999998,Low Value
C10525,5,8,334.90299999999996,Medium Value
C10526,9,17,611.9345000000001,Medium Value
C10527,7,10,308.5775,Medium Value
C10528,5,10,325.28000000000003,Medium Value
C10529,8,11,320.6155,Medium Value
C10530,6,7,731.1,Medium Value
C10531,4,7,684.932,Medium Value
C10532,3,5,216.48,Low Value
C10533,2,2,488.199,Medium Value
C10534,3,5,764.5140000000001,Medium Value
C10535,6,12,313.8865,Medium Value
C10536,5,9,334.53700000000003,Medium Value
C10537,3,7,398.159,Medium Value
C10538,1,1,58.59,Low Value
C10539,5,8,277.7785,Low Value
C10540,5,10,1490.3065,High Value
C10541,7,14,3515.932,High Value
C10542,4,4,275.5015,Low Value
C10543,2,7,128.492,Low Value
C10544,6,8,1174.8955,High Value
C10545,10,17,6238.819,High Value
C10546,4,8,1226.2655,High Value
C10547,2,2,260.22,Low Value
C10548,4,5,277.301,Low Value
C10549,4,8,652.379,Medium Value
C10550,2,5,171.515,Low Value
C10551,4,4,584.3325,Medium Value
C10552,6,10,473.5365,Medium Value
C10553,4,7,538.885,Medium Value
C10554,4,4,132.8345,Low Value
C10555,6,8,434.18600000000004,Medium Value
C10556,6,10,872.973,High Value
C10557,6,13,1611.6525,High Value
C10558,2,6,464.55199999999996,Medium Value
C10559,9,9,372.241,Medium Value
C10560,7,12,2278.758,High Value
C10561,8,10,3758.574,High Value
C10562,5,8,754.25,Medium Value
C10563,2,4,226.5235,Low Value
C10564,4,8,388.884,Medium Value
C10565,5,5,295.009,Medium Value
C10566,5,6,1001.85,High Value
C10567,6,11,1521.6165,High Value
C10568,3,4,171.14,Low Value
C10569,6,10,1307.185,High Value
C10570,5,8,591.39,Medium Value
C10571,6,8,329.22249999999997,Medium Value
C10572,5,5,175.357,Low Value
C10573,1,1,112.12,Low Value
C10574,9,15,2509.573,High Value
C10575,6,6,1122.6950000000002,High Value
C10576,3,4,98.87399999999998,Low Value
C10577,2,3,53.790000000000006,Low Value
C10578,4,5,72.84450000000001,Low Value
C10579,3,6,536.256,Medium Value
C10580,7,13,324.6895,Medium Value
C10581,5,7,996.932,High Value
C10582,5,5,247.5525,Low Value
C10583,7,8,1826.31,High Value
C10584,4,4,400.7675,Medium Value
C10585,3,3,721.534,Medium Value
C10586,2,2,56.690000000000005,Low Value
C10587,2,4,2031.641,High Value
C10588,5,12,1113.179,High Value
C10589,6,8,1986.9875000000002,High Value
C10590,3,4,167.58599999999998,Low Value
C10591,6,9,547.269,Medium Value
C10592,4,7,2721.1205,High Value
C10593,7,8,204.96249999999998,Low Value
C10594,5,8,662.855,Medium Value
C10595,8,12,644.0790000000001,Medium Value
C10596,6,11,425.595,Medium Value
C10597,9,14,2327.1760000000004,High Value
C10598,5,9,427.15549999999996,Medium Value
C10599,7,16,1510.6860000000001,High Value
C10600,9,13,1711.6129999999998,High Value
C10601,2,5,507.2180000000001,Medium Value
C10602,5,10,378.3435,Medium Value
C10603,4,4,338.581,Medium Value
C10604,5,9,1714.7884999999999,High Value
C10605,5,6,812.3665000000001,High Value
C10606,4,4,1021.3544999999999,High Value
C10607,4,6,492.9515,Medium Value
C10608,4,5,310.188,Medium Value
C10609,4,12,4276.0175,High Value
C10610,6,11,2899.6620000000003,High Value
C10611,5,5,971.8045,High Value
C10612,5,9,1278.994,High Value
C10613,5,5,862.36,High Value
C10614,7,9,782.499,High Value
C10615,8,10,1491.3985,High Value
C10616,7,13,1838.9875,High Value
C10617,3,6,603.938,Medium Value
C10618,3,6,2381.394,High Value
C10619,6,11,1055.6035,High Value
C10620,5,8,569.9085,Medium Value
C10621,2,3,115.29,Low Value
C10622,5,6,568.357,Medium Value
C10623,3,4,579.514,Medium Value
C10624,1,1,43.87,Low Value
C10625,6,7,535.195,Medium Value
C10626,2,2,18.225,Low Value
C10627,2,2,122.0425,Low Value
C10628,4,4,923.8739999999999,High Value
C10629,2,4,322.848,Medium Value
C10630,3,3,429.8985,Medium Value
C10631,4,5,646.7280000000001,Medium Value
C10632,4,4,362.77,Medium Value
C10633,4,5,163.01749999999998,Low Value
C10634,6,9,425.08,Medium Value
C10635,3,3,277.34000000000003,Low Value
C10636,4,7,375.12,Medium Value
C10637,4,5,201.0915,Low Value
C10638,4,4,204.61,Low Value
C10639,6,7,773.193,High Value
C10640,1,1,110.96,Low Value
C10641,3,3,324.01,Medium Value
C10642,4,7,1520.0364999999997,High Value
C10643,5,9,1600.0765,High Value
C10644,3,3,227.63,Low Value
C10645,7,9,3165.4255000000003,High Value
C10646,3,5,128.8485,Low Value
C10647,3,3,344.18,Medium Value
C10648,3,7,133.4,Low Value
C10649,4,6,494.9475,Medium Value
C10650,2,2,62.6805,Low Value
C10651,3,3,349.898,Medium Value
C10652,2,3,32.69,Low Value
C10653,2,6,744.48,Medium Value
C10654,5,8,865.972,High Value
C10655,3,3,427.741,Medium Value
C10656,5,9,405.195,Medium Value
C10657,3,3,164.1755,Low Value
C10658,7,13,1468.402,High Value
C10659,7,13,881.8635,High Value
C10660,6,12,472.754,Medium Value
C10661,8,12,559.524,Medium Value
C10662,5,7,757.9014999999999,Medium Value
C10663,6,6,339.0025,Medium Value
C10664,1,1,46.38849999999999,Low Value
C10665,4,6,1571.4620000000002,High Value
C10666,6,9,826.7255,High Value
C10667,6,14,1075.33,High Value
C10668,2,6,678.0385,Medium Value
C10669,6,6,1385.408,High Value
C10670,2,2,9.64,Low Value
C10671,7,10,784.0715,High Value
C10672,5,7,264.28200000000004,Low Value
C10673,3,3,95.219,Low Value
C10674,2,2,34.79900000000001,Low Value
C10675,6,9,316.826,Medium Value
C10676,1,3,131.04,Low Value
C10677,3,3,110.9405,Low Value
C10678,4,4,52.7595,Low Value
C10679,6,7,182.8845,Low Value
C10680,6,7,360.35450000000003,Medium Value
C10681,3,3,191.041,Low Value
C10682,3,5,1024.7845,High Value
C10683,3,4,565.37,Medium Value
C10684,4,5,420.0115,Medium Value
C10685,4,9,109.3545,Low Value
C10686,5,8,1611.7430000000002,High Value
C10687,8,14,725.621,Medium Value
C10688,4,6,314.005,Medium Value
C10689,6,6,195.08450000000002,Low Value
C10690,5,7,1230.502,High Value
C10691,3,6,869.9000000000001,High Value
C10692,4,4,166.96500000000003,Low Value
C10693,7,14,1437.6045,High Value
C10694,1,1,157.94699999999995,Low Value
C10695,3,3,543.2149999999999,Medium Value
C10696,2,2,71.84,Low Value
C10697,2,3,389.089,Medium Value
C10698,6,7,1305.9199999999998,High Value
C10699,3,3,85.2515,Low Value
C10700,3,6,1092.6770000000001,High Value
C10701,4,4,463.7505,Medium Value
C10702,4,6,857.1099999999999,High Value
C10703,10,16,897.058,High Value
C10704,5,10,2532.767,High Value
C10705,2,2,391.6695,Medium Value
C10706,2,4,126.08,Low Value
C10707,5,10,953.633,High Value
C10708,1,1,313.904,Medium Value
C10709,5,6,504.726,Medium Value
C10710,2,3,85.59,Low Value
C10711,5,6,170.7805,Low Value
C10712,5,8,486.267,Medium Value
C10713,6,7,357.4075,Medium Value
C10714,6,6,697.1605000000001,Medium Value
C10715,3,4,740.5945,Medium Value
C10716,6,9,854.172,High Value
C10717,5,11,685.2760000000001,Medium Value
C10718,1,2,53.295,Low Value
C10719,7,9,971.52,High Value
C10720,2,2,290.78999999999996,Low Value
C10721,5,10,2629.678,High Value
C10722,7,14,2313.611,High Value
C10723,8,17,1116.284,High Value
C10724,3,7,403.61299999999994,Medium Value
C10725,3,3,229.13150000000002,Low Value
C10726,6,7,486.29200000000003,Medium Value
C10727,4,6,756.0430000000001,Medium Value
C10728,3,4,2090.554,High Value
C10729,4,8,1666.337,High Value
C10730,4,4,180.44,Low Value
C10731,5,6,488.779,Medium Value
C10732,6,8,607.7845,Medium Value
C10734,3,9,757.79,Medium Value
C10735,2,2,172.01,Low Value
C10736,1,2,335.12,Medium Value
C10737,3,4,657.65,Medium Value
C10738,2,4,564.9000000000001,Medium Value
C10739,3,4,293.722,Medium Value
C10740,5,11,1499.677,High Value
C10741,4,4,193.01000000000002,Low Value
C10742,2,3,416.48300000000006,Medium Value
C10743,5,10,1120.8235,High Value
C10744,3,7,2086.843,High Value
C10745,4,5,186.17,Low Value
C10746,6,7,498.10749999999996,Medium Value
C10747,3,8,935.5825,High Value
C10748,2,3,71.854,Low Value
C10749,5,9,444.09749999999997,Medium Value
C10750,2,4,644.24,Medium Value
C10751,2,3,364.44,Medium Value
C10752,1,1,194.028,Low Value
C10753,9,10,1139.358,High Value
C10754,6,13,3272.1565,High Value
C10755,4,5,381.7745,Medium Value
C10756,4,5,1558.4175,High Value
C10757,8,14,1424.759,High Value
C10758,2,3,449.63,Medium Value
C10759,6,11,2256.314,High Value
C10760,4,7,677.2365,Medium Value
C10761,8,10,409.1835,Medium Value
C10762,5,6,392.923,Medium Value
C10763,5,12,703.663,Medium Value
C10764,4,5,766.5015000000001,High Value
C10765,2,2,189.768,Low Value
C10766,4,7,490.63,Medium Value
C10767,5,5,1295.22,High Value
C10768,4,6,482.50800000000004,Medium Value
C10769,8,13,1026.884,High Value
C10770,6,8,729.6685,Medium Value
C10771,5,5,679.1945000000001,Medium Value
C10772,5,6,261.938,Low Value
C10773,4,7,443.938,Medium Value
C10774,5,8,775.014,High Value
C10775,7,15,975.6359999999999,High Value
C10776,3,3,166.161,Low Value
C10777,2,3,104.493,Low Value
C10778,4,8,360.111,Medium Value
C10779,2,7,57.953,Low Value
C10780,3,3,451.50649999999996,Medium Value
C10781,5,13,1737.4660000000001,High Value
C10782,6,8,1603.23,High Value
C10783,4,5,1282.592,High Value
C10784,6,8,3576.096,High Value
C10785,5,10,2619.099,High Value
C10786,4,5,187.547,Low Value
C10787,6,11,1174.026,High Value
C10788,3,4,321.626,Medium Value
C10789,4,12,1947.1865,High Value
C10790,3,7,2268.099,High Value
C10791,7,10,2735.7895,High Value
C10792,6,11,915.967,High Value
C10793,5,6,867.3299999999999,High Value
C10794,4,7,1311.2595000000001,High Value
C10795,3,8,1830.238,High Value
C10796,7,8,2365.4555,High Value
C10797,8,9,800.6,High Value
C10798,6,8,754.4995,Medium Value
C10799,3,6,155.192,Low Value
C10800,4,6,732.085,Medium Value
C10801,1,1,161.78,Low Value
C10802,4,9,414.971,Medium Value
C10803,6,8,1358.9385,High Value
C10804,8,12,733.2475000000001,Medium Value
C10805,5,6,188.53,Low Value
C10806,8,10,1224.5684999999999,High Value
C10807,2,2,54.83,Low Value
C10808,2,2,140.11149999999998,Low Value
C10809,4,9,512.8885,Medium Value
C10810,3,3,63.196,Low Value
C10811,1,2,142.38,Low Value
C10812,2,2,1518.655,High Value
C10813,7,14,913.4895,High Value
C10814,4,4,50.963,Low Value
C10815,8,11,674.6435,Medium Value
C10816,3,7,497.63649999999996,Medium Value
C10817,3,3,155.39000000000001,Low Value
C10818,5,6,848.509,High Value
C10819,5,5,891.8445,High Value
C10820,3,6,156.6435,Low Value
C10821,4,8,441.13,Medium Value
C10822,4,7,942.313,High Value
C10823,4,5,607.298,Medium Value
C10824,4,5,105.18,Low Value
C10825,9,11,1113.145,High Value
C10826,6,8,539.1514999999999,Medium Value
C10827,6,9,599.136,Medium Value
C10828,1,1,12.712,Low Value
C10829,3,3,1316.505,High Value
C10830,4,6,159.7125,Low Value
C10831,5,6,899.31,High Value
C10832,6,12,1385.9679999999998,High Value
C10833,3,8,1798.2354999999995,High Value
C10834,5,8,482.8575,Medium Value
C10835,5,5,862.6015,High Value
C10836,5,7,243.804,Low Value
C10837,4,11,842.8919999999999,High Value
C10838,5,5,668.7955,Medium Value
C10839,3,4,1014.126,High Value
C10840,5,7,554.311,Medium Value
C10841,4,7,1773.6039999999998,High Value
C10842,5,10,680.692,Medium Value
C10843,3,4,324.13,Medium Value
C10844,4,4,222.1855,Low Value
C10845,7,10,797.2049999999999,High Value
C10846,2,2,130.7335,Low Value
C10847,5,11,411.013,Medium Value
C10848,4,5,309.9645,Medium Value
C10849,6,9,572.873,Medium Value
C10850,3,3,885.4645,High Value
C10851,4,4,1417.5735,High Value
C10852,1,1,465.4335,Medium Value
C10853,2,2,91.65,Low Value
C10854,5,7,527.83,Medium Value
C10855,8,15,815.9135,High Value
C10856,2,8,419.318,Medium Value
C10857,5,6,1543.487,High Value
C10858,4,5,370.23699999999997,Medium Value
C10859,1,4,133.76,Low Value
C10860,3,3,190.45100000000002,Low Value
C10861,5,11,1074.61,High Value
C10862,3,3,66.40299999999999,Low Value
C10863,6,6,616.712,Medium Value
C10864,4,6,104.36,Low Value
C10865,5,10,2196.3205,High Value
C10866,1,1,81.48,Low Value
C10867,6,7,289.4695,Low Value
C10868,4,5,252.27200000000002,Low Value
C10869,7,10,815.619,High Value
C10870,9,13,1028.6085,High Value
C10871,5,5,179.033,Low Value
C10872,2,2,38.3645,Low Value
C10873,5,5,209.3395,Low Value
C10874,3,5,1598.09,High Value
C10875,4,9,1262.1585,High Value
C10876,3,6,127.9025,Low Value
C10877,7,9,498.3925,Medium Value
C10878,2,3,40.49,Low Value
C10879,2,2,54.8245,Low Value
C10880,1,1,9.17,Low Value
C10881,4,8,969.593,High Value
C10882,7,8,2090.0265,High Value
C10883,3,5,64.236,Low Value
C10884,4,4,320.4115,Medium Value
C10885,7,12,546.547,Medium Value
C10886,8,9,1603.2355,High Value
C10887,4,5,706.7195,Medium Value
C10888,7,10,696.605,Medium Value
C10889,7,12,920.025,High Value
C10890,4,4,438.675,Medium Value
C10891,6,10,1040.265,High Value
C10892,4,4,1629.092,High Value
C10893,2,2,107.48599999999999,Low Value
C10894,4,4,901.0605,High Value
C10895,5,10,169.8,Low Value
C10896,4,6,208.867,Low Value
C10897,7,10,340.079,Medium Value
C10898,2,3,67.398,Low Value
C10899,4,7,348.25300000000004,Medium Value
C10900,4,10,927.0840000000001,High Value
C10901,4,9,1351.7759999999998,High Value
C10902,4,4,156.1085,Low Value
C10903,5,7,1992.2105000000001,High Value
C10904,5,7,651.3,Medium Value
C10905,2,3,142.608,Low Value
C10906,6,9,361.601,Medium Value
C10907,2,3,143.071,Low Value
C10908,2,2,241.28,Low Value
C10909,6,6,1299.2095,High Value
C10910,6,8,1182.3555,High Value
C10911,2,3,470.687,Medium Value
C10912,5,9,567.726,Medium Value
C10913,5,5,115.50450000000001,Low Value
C10914,5,5,399.84499999999997,Medium Value
C10915,8,8,439.4065,Medium Value
C10916,8,10,4756.9975,High Value
C10917,6,13,558.6370000000001,Medium Value
C10918,6,6,786.181,High Value
C10919,6,11,2922.2795,High Value
C10920,7,9,1081.826,High Value
C10921,2,3,47.95,Low Value
C10922,9,10,950.16,High Value
C10923,5,9,1620.82,High Value
C10924,7,13,1425.6725000000001,High Value
C10925,4,4,154.192,Low Value
C10926,5,7,774.1419999999999,High Value
C10927,1,1,45.657,Low Value
C10928,3,3,383.71,Medium Value
C10929,8,14,1549.793,High Value
C10930,4,5,261.427,Low Value
C10931,3,5,56.87,Low Value
C10932,2,2,70.71,Low Value
C10933,3,6,238.14000000000001,Low Value
C10934,3,3,111.97,Low Value
C10935,7,8,851.4555,High Value
C10936,1,1,23.744,Low Value
C10937,2,5,139.27,Low Value
C10938,7,12,1051.397,High Value
C10939,6,8,384.6425,Medium Value
C10940,1,1,5.4315,Low Value
C10941,8,10,444.81100000000004,Medium Value
C10942,5,7,1326.531,High Value
C10943,6,7,621.8199999999999,Medium Value
C10944,7,7,926.5115,High Value
C10945,5,5,723.8195,Medium Value
C10946,6,8,1693.7745,High Value
C10947,10,19,1475.503,High Value
C10948,10,13,1589.7475,High Value
C10949,10,11,1423.241,High Value
C10950,4,6,754.232,Medium Value
C10951,5,9,2123.793,High Value
C10952,3,3,81.71950000000001,Low Value
C10953,5,6,517.035,Medium Value
C10954,10,22,6161.1165,High Value
C10955,3,6,643.1750000000001,Medium Value
C10956,9,13,1085.23,High Value
C10957,2,2,43.536,Low Value
C10958,3,3,421.428,Medium Value
C10959,3,4,192.99099999999999,Low Value
C10960,1,1,12.426,Low Value
C10961,3,5,85.716,Low Value
C10962,4,6,173.77349999999998,Low Value
C10963,3,3,342.2045,Medium Value
C10964,4,6,111.7055,Low Value
C10965,6,10,1123.744,High Value
C10966,5,9,707.9354999999999,Medium Value
C10967,1,2,57.62,Low Value
C10968,9,10,867.8235000000001,High Value
C10969,5,6,348.7075,Medium Value
C10970,1,1,26.81,Low Value
C10971,1,2,514.26,Medium Value
C10972,8,13,731.3345,Medium Value
C10973,5,14,1301.078,High Value
C10974,8,8,2018.664,High Value
C10975,10,21,7209.122,High Value
C10976,9,12,5741.826499999999,High Value
C10977,2,5,761.566,Medium Value
C10978,3,3,397.492,Medium Value
C10979,3,4,136.186,Low Value
C10980,2,4,165.0435,Low Value
C10981,5,8,729.6419999999999,Medium Value
C10982,5,6,875.4689999999999,High Value
C10983,5,9,1967.346,High Value
C10984,6,7,326.4835,Medium Value
C10985,4,4,312.9475,Medium Value
C10986,4,4,651.3505,Medium Value
C10987,10,15,2871.775,High Value
C10988,6,10,1603.444,High Value
C10989,4,7,1239.423,High Value
C10990,9,11,1367.709,High Value
C10991,6,7,1378.1965,High Value
C10992,9,14,1085.4485,High Value
C10994,4,5,176.135,Low Value
C10995,3,4,509.08000000000004,Medium Value
C10996,1,2,87.318,Low Value
C10997,3,5,133.135,Low Value
C10998,7,12,857.2875,High Value
C10999,6,8,353.87600000000003,Medium Value
C11000,2,5,192.678,Low Value
C11001,3,3,149.6925,Low Value
C11002,3,6,527.21,Medium Value
C11003,4,4,406.47,Medium Value
C11004,8,13,735.2860000000001,Medium Value
C11005,3,3,374.35,Medium Value
C11006,3,4,106.51950000000001,Low Value
C11007,4,12,589.5795,Medium Value
C11008,5,6,461.663,Medium Value
C11009,3,3,487.835,Medium Value
C11010,2,2,81.5325,Low Value
C11011,5,9,898.418,High Value
C11012,5,8,104.796,Low Value
C11013,4,4,289.203,Low Value
C11014,6,9,1466.2475,High Value
C11015,6,9,545.578,Medium Value
C11016,9,17,1290.667,High Value
C11017,5,9,504.1645,Medium Value
C11018,4,4,1337.105,High Value
C11019,6,8,554.2090000000001,Medium Value
C11020,2,6,689.616,Medium Value
C11021,3,7,537.401,Medium Value
C11022,1,2,1170.773,High Value
C11023,4,4,1260.626,High Value
C11024,5,6,641.88,Medium Value
C11025,6,7,852.069,High Value
C11026,4,4,2233.5965,High Value
C11027,2,2,24.91,Low Value
C11028,5,10,579.402,Medium Value
C11029,5,6,660.5335,Medium Value
C11030,3,3,64.9885,Low Value
C11031,7,11,523.2055,Medium Value
C11032,4,4,1201.991,High Value
C11033,3,8,623.8415,Medium Value
C11034,1,1,13.94,Low Value
C11035,2,2,247.688,Low Value
C11036,8,16,1049.38,High Value
C11037,10,16,1611.44,High Value
C11038,5,8,679.7410000000001,Medium Value
C11039,3,4,195.29,Low Value
C11040,6,12,366.7905,Medium Value
C11041,4,4,492.399,Medium Value
C11042,3,5,203.2645,Low Value
C11043,3,4,127.59450000000001,Low Value
C11044,2,2,263.45,Low Value
C11045,2,3,602.406,Medium Value
C11046,5,7,499.2935,Medium Value
C11047,3,3,616.38,Medium Value
C11048,2,2,94.1915,Low Value
C11049,4,10,1449.8365000000001,High Value
C11050,4,8,811.322,High Value
C11051,4,6,114.44,Low Value
C11052,3,3,178.61,Low Value
C11053,2,8,780.0900000000001,High Value
C11054,5,8,559.766,Medium Value
C11055,4,6,457.64300000000003,Medium Value
C11057,3,3,205.55149999999998,Low Value
C11058,6,9,3982.2219999999998,High Value
C11059,4,7,363.38899999999995,Medium Value
C11060,1,2,264.98,Low Value
C11061,1,1,49.779,Low Value
C11062,2,4,168.654,Low Value
C11063,2,3,238.368,Low Value
C11064,5,7,1423.624,High Value
C11065,5,8,775.2460000000001,High Value
C11066,4,5,471.926,Medium Value
C11067,7,11,1264.3200000000002,High Value
C11068,3,4,61.527,Low Value
C11069,7,10,2585.1525,High Value
C11070,10,13,2102.0555,High Value
C11071,2,2,211.235,Low Value
C11072,3,3,778.7204999999999,High Value
C11073,6,12,1687.124,High Value
C11074,9,13,2489.5344999999998,High Value
C11075,8,9,1095.378,High Value
C11076,6,6,400.284,Medium Value
C11077,6,8,513.119,Medium Value
C11078,2,3,135.9565,Low Value
C11079,6,8,507.669,Medium Value
C11080,5,9,440.1875,Medium Value
C11081,6,14,3554.226,High Value
C11082,6,6,574.032,Medium Value
C11083,8,12,869.254,High Value
C11084,3,5,452.629,Medium Value
C11085,5,7,295.884,Medium Value
C11086,2,2,27.287,Low Value
C11088,8,16,1628.479,High Value
C11089,6,11,1191.8609999999999,High Value
C11090,3,3,334.06600000000003,Medium Value
C11091,6,9,188.51600000000002,Low Value
C11092,1,2,113.58,Low Value
C11093,6,12,2075.27,High Value
C11094,4,4,1190.372,High Value
C11095,3,5,2182.4485,High Value
C11096,6,12,742.9175,Medium Value
C11097,1,2,27.591,Low Value
C11098,11,20,3185.6199999999994,High Value
C11099,4,5,72.08800000000001,Low Value
C11100,9,14,1152.113,High Value
C11101,4,7,332.596,Medium Value
C11102,5,7,168.81599999999997,Low Value
C11103,1,1,157.29,Low Value
C11104,7,12,2597.3914999999997,High Value
C11105,7,12,1098.134,High Value
C11106,2,4,225.1595,Low Value
C11107,2,3,1653.07,High Value
C11108,1,1,272.9,Low Value
C11109,5,6,123.272,Low Value
C11110,4,6,664.162,Medium Value
C11111,2,3,132.85,Low Value
C11112,6,9,654.747,Medium Value
C11113,2,2,106.3955,Low Value
C11114,1,2,43.6,Low Value
C11115,3,3,236.85000000000002,Low Value
C11116,6,9,1137.0119999999997,High Value
C11117,4,5,242.65,Low Value
C11118,4,4,142.4315,Low Value
C11119,3,6,846.17,High Value
C11120,5,8,3084.406,High Value
C11121,1,4,1176.36,High Value
C11122,3,11,4028.3325,High Value
C11123,3,3,90.39699999999999,Low Value
C11124,6,7,635.155,Medium Value
C11125,5,6,712.8975,Medium Value
C11126,6,12,1517.926,High Value
C11127,4,7,652.2900000000001,Medium Value
C11128,3,5,603.46,Medium Value
C11129,10,12,1625.937,High Value
C11130,4,8,236.0935,Low Value
C11131,4,8,1326.0295,High Value
C11132,6,12,1381.3465,High Value
C11133,3,4,232.273,Low Value
C11134,7,11,2188.729,High Value
C11135,10,15,1835.9315000000001,High Value
C11136,4,4,276.865,Low Value
C11137,4,10,1016.9569999999999,High Value
C11138,6,12,237.8765,Low Value
C11139,2,2,154.25,Low Value
C11140,4,5,530.61,Medium Value
C11141,7,11,596.6385,Medium Value
C11142,1,1,100.58,Low Value
C11143,5,5,594.299,Medium Value
C11144,3,4,1240.5069999999998,High Value
C11145,4,4,661.08,Medium Value
C11146,3,6,148.076,Low Value
C11147,1,1,46.1225,Low Value
C11148,3,3,727.27,Medium Value
C11149,4,4,989.3050000000001,High Value
C11150,4,5,1140.913,High Value
C11151,7,11,2540.692,High Value
C11152,4,5,307.8085,Medium Value
C11153,2,2,301.6725,Medium Value
C11154,6,10,2805.96,High Value
C11155,4,4,1764.444,High Value
C11156,6,7,580.7470000000001,Medium Value
C11157,2,2,44.590500000000006,Low Value
C11158,4,4,404.7735,Medium Value
C11159,6,9,760.113,Medium Value
C11160,5,7,393.341,Medium Value
C11161,8,11,691.5565,Medium Value
C11162,3,3,46.019999999999996,Low Value
C11163,2,2,326.882,Medium Value
C11164,7,14,1011.858,High Value
C11165,6,6,221.475,Low Value
C11166,2,3,115.374,Low Value
C11167,5,6,1318.7859999999998,High Value
C11168,5,5,233.075,Low Value
C11169,8,14,1292.0430000000001,High Value
C11170,2,2,84.14999999999999,Low Value
C11171,2,3,52.885999999999996,Low Value
C11172,4,5,46.464,Low Value
C11173,3,7,1592.536,High Value
C11174,3,3,222.351,Low Value
C11175,1,1,11.08,Low Value
C11176,8,14,735.0364999999999,Medium Value
C11177,6,11,1083.9859999999999,High Value
C11178,4,8,1113.2055,High Value
C11179,5,7,398.643,Medium Value
C11180,4,5,679.4165,Medium Value
C11181,7,8,601.172,Medium Value
C11182,2,4,58.14,Low Value
C11183,1,1,7.15,Low Value
C11184,10,13,514.831,Medium Value
C11185,5,13,821.5450000000001,High Value
C11186,6,8,551.558,Medium Value
C11187,5,7,1598.3004999999998,High Value
C11188,2,2,38.673,Low Value
C11189,5,10,4681.161,High Value
C11190,2,5,50.137,Low Value
C11191,6,14,571.706,Medium Value
C11192,2,3,69.13,Low Value
C11193,3,3,460.0850000000001,Medium Value
C11194,5,11,502.16499999999996,Medium Value
C11195,5,5,560.026,Medium Value
C11196,7,11,907.3125,High Value
C11197,3,3,294.52599999999995,Medium Value
C11198,5,5,441.56649999999996,Medium Value
C11199,2,3,288.552,Low Value
C11200,3,4,144.53,Low Value
C11201,2,4,2008.12,High Value
C11202,2,2,63.313,Low Value
C11203,6,6,180.8665,Low Value
C11204,2,5,37.988,Low Value
C11205,5,11,526.039,Medium Value
C11206,3,3,81.9945,Low Value
C11207,6,6,282.706,Low Value
C11208,5,11,726.2605,Medium Value
C11209,4,5,559.4345,Medium Value
C11210,5,6,911.43,High Value
C11211,3,8,1360.6695,High Value
C11212,6,7,530.4945,Medium Value
C11213,3,4,253.58350000000002,Low Value
C11214,3,8,467.92,Medium Value
C11215,2,7,74.768,Low Value
C11216,9,10,843.4465,High Value
C11217,7,9,413.65200000000004,Medium Value
C11218,6,10,451.805,Medium Value
C11219,2,2,693.2,Medium Value
C11220,6,11,149.529,Low Value
C11221,3,5,645.83,Medium Value
C11222,5,6,528.4735000000001,Medium Value
C11223,3,3,40.6235,Low Value
C11224,4,4,828.71,High Value
C11225,7,16,2998.3855,High Value
C11226,2,2,597.1899999999999,Medium Value
C11227,1,2,58.26,Low Value
C11228,3,3,289.179,Low Value
C11229,5,5,654.8720000000001,Medium Value
C11230,6,7,246.70399999999998,Low Value
C11231,4,8,137.0145,Low Value
C11232,5,6,249.83900000000003,Low Value
C11233,3,5,157.102,Low Value
C11234,3,6,209.582,Low Value
C11235,4,8,159.28,Low Value
C11236,6,11,1288.1505,High Value
C11237,5,7,1356.87,High Value
C11238,6,11,1174.895,High Value
C11239,4,4,1086.892,High Value
C11240,6,8,879.9825,High Value
C11241,7,10,751.838,Medium Value
C11242,6,13,1243.4375,High Value
C11243,7,14,1640.5185,High Value
C11244,8,16,2380.6865,High Value
C11245,6,7,2177.8360000000002,High Value
C11246,3,7,290.42199999999997,Low Value
C11247,3,3,50.1125,Low Value
C11248,4,7,521.8275,Medium Value
C11249,5,5,831.4495,High Value
C11250,7,9,254.7695,Low Value
C11251,5,5,727.389,Medium Value
C11252,7,16,600.8059999999999,Medium Value
C11253,4,5,522.609,Medium Value
C11254,3,5,1507.954,High Value
C11255,4,4,55.927,Low Value
C11256,7,11,1893.27,High Value
C11257,6,6,247.849,Low Value
C11258,4,4,558.0899999999999,Medium Value
C11259,4,4,153.9,Low Value
C11260,3,4,30.990000000000002,Low Value
C11261,1,2,167.18,Low Value
C11262,5,9,978.723,High Value
C11263,4,7,371.77750000000003,Medium Value
C11264,4,6,360.58,Medium Value
C11265,6,8,2061.9700000000003,High Value
C11266,3,3,879.8015,High Value
C11267,3,4,32.217999999999996,Low Value
C11268,6,11,203.464,Low Value
C11269,7,8,215.18200000000002,Low Value
C11270,3,7,403.4685,Medium Value
C11271,3,3,54.936499999999995,Low Value
C11272,3,7,249.22,Low Value
C11273,6,9,520.2535,Medium Value
C11274,5,9,1049.91,High Value
C11275,5,6,1965.2810000000002,High Value
C11276,4,4,321.6545,Medium Value
C11277,1,1,123.79200000000002,Low Value
C11278,6,6,695.173,Medium Value
C11279,4,9,132.802,Low Value
C11280,6,7,305.9875,Medium Value
C11281,3,4,294.182,Medium Value
C11282,2,2,172.41500000000002,Low Value
C11283,9,9,742.721,Medium Value
C11284,6,10,1223.3235,High Value
C11285,4,5,486.1895,Medium Value
C11286,5,6,744.7945,Medium Value
C11287,4,5,253.378,Low Value
C11288,2,2,506.73,Medium Value
C11289,5,6,2215.7799999999997,High Value
C11290,2,4,1850.421,High Value
C11291,5,8,342.572,Medium Value
C11292,6,13,630.9455,Medium Value
C11293,6,10,630.346,Medium Value
C11294,4,5,290.305,Low Value
C11295,6,8,2345.5460000000003,High Value
C11296,5,6,155.7,Low Value
C11297,1,1,21.4035,Low Value
C11298,4,8,1467.5655,High Value
C11299,7,8,871.94,High Value
C11300,6,9,1349.424,High Value
C11301,9,14,2102.142,High Value
C11302,3,7,1486.5819999999999,High Value
C11303,3,3,913.658,High Value
C11304,8,13,1009.3159999999999,High Value
C11305,6,7,571.862,Medium Value
C11306,5,7,331.1365,Medium Value
C11307,5,12,522.14,Medium Value
C11308,7,10,1197.472,High Value
C11309,4,7,1315.661,High Value
C11310,3,3,980.9035,High Value
C11311,5,5,153.66,Low Value
C11312,7,9,456.77049999999997,Medium Value
C11313,2,2,255.3435,Low Value
C11314,5,7,787.9975,High Value
C11315,2,3,758.0295000000001,Medium Value
C11316,8,17,1567.8194999999998,High Value
C11317,3,6,416.742,Medium Value
C11318,4,6,182.598,Low Value
C11319,2,3,685.1400000000001,Medium Value
C11320,3,11,860.222,High Value
C11321,2,2,57.858000000000004,Low Value
C11322,3,3,82.065,Low Value
C11323,1,1,119.8245,Low Value
C11324,2,3,234.023,Low Value
C11325,5,8,1035.955,High Value
C11326,5,7,193.6255,Low Value
C11327,5,5,397.041,Medium Value
C11328,1,1,15.156,Low Value
C11329,5,7,287.637,Low Value
C11330,5,5,658.7045,Medium Value
C11331,5,5,1240.0035,High Value
C11332,7,12,739.759,Medium Value
C11333,4,6,659.5935,Medium Value
C11334,4,9,878.9254999999998,High Value
C11335,2,3,971.6199999999999,High Value
C11336,3,7,575.3820000000001,Medium Value
C11337,2,4,228.44799999999998,Low Value
C11338,3,3,46.879,Low Value
C11339,1,1,165.57549999999998,Low Value
C11340,3,4,266.9105,Low Value
C11341,6,11,807.9105,High Value
C11342,2,2,479.72,Medium Value
C11343,2,2,31.240000000000002,Low Value
C11344,3,3,1229.9675,High Value
C11345,8,8,930.3165,High Value
C11347,1,4,57.2,Low Value
C11348,5,5,854.248,High Value
C11349,3,7,37.444,Low Value
C11350,2,3,186.2515,Low Value
C11351,4,5,537.9399999999999,Medium Value
C11352,3,5,271.8675,Low Value
C11353,6,12,1227.728,High Value
C11354,6,8,971.7779999999999,High Value
C11355,4,5,648.504,Medium Value
C11356,5,8,568.709,Medium Value
C11357,8,12,891.5885000000001,High Value
C11358,4,9,1056.117,High Value
C11359,9,19,1392.056,High Value
C11360,8,12,614.5705,Medium Value
C11361,7,13,1682.8600000000001,High Value
C11362,5,8,146.621,Low Value
C11363,7,12,629.4895,Medium Value
C11364,4,4,874.42,High Value
C11365,7,10,5036.309,High Value
C11366,1,1,137.49,Low Value
C11367,2,2,37.883,Low Value
C11368,5,7,1119.546,High Value
C11369,5,9,851.9085,High Value
C11370,4,12,3494.1820000000002,High Value
C11371,3,5,751.3359999999999,Medium Value
C11372,1,1,46.85,Low Value
C11373,1,1,109.53,Low Value
C11374,4,7,1997.64,High Value
C11375,3,3,923.324,High Value
C11376,4,9,578.3860000000001,Medium Value
C11377,6,9,774.395,High Value
C11378,6,9,1477.015,High Value
C11379,4,4,106.0865,Low Value
C11380,3,5,216.145,Low Value
C11381,7,16,1429.754,High Value
C11382,5,13,2412.4764999999998,High Value
C11383,2,3,2645.434,High Value
C11384,5,7,777.6205,High Value
C11385,2,2,540.9735,Medium Value
C11386,4,5,542.321,Medium Value
C11387,5,6,418.34000000000003,Medium Value
C11388,7,12,1621.3475,High Value
C11389,8,8,1510.2535,High Value
C11390,7,10,397.33299999999997,Medium Value
C11391,6,6,234.421,Low Value
C11392,5,6,1927.2205,High Value
C11393,1,1,98.28,Low Value
C11394,8,10,2381.9995,High Value
C11395,4,5,589.807,Medium Value
C11396,2,2,939.0429999999999,High Value
C11397,6,11,244.74300000000002,Low Value
C11398,2,2,718.95,Medium Value
C11399,4,6,1780.7755,High Value
C11400,4,4,448.216,Medium Value
C11401,5,6,595.8349999999999,Medium Value
C11402,2,2,1046.1135,High Value
C11403,7,9,2343.506,High Value
C11404,8,11,1398.94,High Value
C11405,5,7,684.756,Medium Value
C11406,2,6,2356.475,High Value
C11407,4,5,226.131,Low Value
C11408,5,7,381.346,Medium Value
C11409,6,9,397.1355,Medium Value
C11410,5,7,2080.319,High Value
C11411,3,7,2582.8755,High Value
C11412,3,8,440.125,Medium Value
C11413,5,8,929.8385000000001,High Value
C11414,1,2,162.06,Low Value
C11415,3,6,2078.992,High Value
C11416,7,9,1118.454,High Value
C11417,7,13,1079.553,High Value
C11418,4,9,536.703,Medium Value
C11419,5,10,708.0029999999999,Medium Value
C11420,5,10,911.2719999999999,High Value
C11421,8,12,1516.46,High Value
C11422,3,3,177.7055,Low Value
C11423,4,5,884.9935,High Value
C11424,4,4,299.411,Medium Value
C11425,7,13,549.32,Medium Value
C11426,3,3,32.394999999999996,Low Value
C11428,3,8,369.44,Medium Value
C11429,2,2,670.3199999999999,Medium Value
C11430,2,3,79.613,Low Value
C11431,4,7,295.9,Medium Value
C11432,4,4,797.3985,High Value
C11434,1,1,15.27,Low Value
C11435,2,2,91.46000000000001,Low Value
C11436,8,10,758.793,Medium Value
C11437,6,7,397.276,Medium Value
C11438,8,11,1326.735,High Value
C11439,8,12,817.35,High Value
C11440,9,21,2217.344,High Value
C11441,2,2,68.51,Low Value
C11442,5,7,399.991,Medium Value
C11443,3,7,288.74,Low Value
C11444,2,2,27.42,Low Value
C11445,6,8,902.735,High Value
C11446,9,17,1117.8065000000001,High Value
C11447,7,8,1425.1474999999998,High Value
C11448,2,3,338.029,Medium Value
C11449,7,8,483.063,Medium Value
C11450,1,3,1861.68,High Value
C11451,6,7,840.4435,High Value
C11452,4,5,121.00099999999999,Low Value
C11453,1,1,49.88,Low Value
C11454,3,5,179.082,Low Value
C11455,3,5,1012.2539999999999,High Value
C11456,1,1,5.78,Low Value
C11457,2,3,32.112,Low Value
C11458,6,8,1689.4995,High Value
C11459,5,10,651.642,Medium Value
C11460,6,6,434.138,Medium Value
C11461,5,5,544.251,Medium Value
C11462,7,14,901.221,High Value
C11463,3,3,335.984,Medium Value
C11464,5,6,252.551,Low Value
C11465,6,7,1124.33,High Value
C11466,6,6,562.423,Medium Value
C11467,2,3,89.93800000000002,Low Value
C11468,5,5,177.1495,Low Value
C11469,6,6,315.743,Medium Value
C11470,2,4,214.736,Low Value
C11471,4,9,190.03,Low Value
C11472,4,5,474.836,Medium Value
C11473,9,13,1534.308,High Value
C11474,4,5,728.772,Medium Value
C11475,2,2,671.88,Medium Value
C11476,3,5,98.50999999999999,Low Value
C11477,7,9,1795.8505,High Value
C11478,6,6,1130.5945000000002,High Value
C11479,4,6,114.89,Low Value
C11480,5,7,293.524,Medium Value
C11481,4,11,667.211,Medium Value
C11482,2,5,333.591,Medium Value
C11483,2,2,13.303999999999998,Low Value
C11484,3,3,88.771,Low Value
C11485,5,6,137.883,Low Value
C11486,6,10,653.268,Medium Value
C11487,3,8,184.48600000000002,Low Value
C11488,5,6,386.1445,Medium Value
C11490,2,3,74.79650000000001,Low Value
C11491,2,3,222.83,Low Value
C11492,3,3,775.0215,High Value
C11493,3,3,51.283500000000004,Low Value
C11494,6,7,428.803,Medium Value
C11495,5,5,304.497,Medium Value
C11496,2,2,932.0355,High Value
C11497,6,8,1382.8025,High Value
C11498,3,3,114.38300000000001,Low Value
C11499,6,8,238.12699999999998,Low Value
C11500,7,8,1366.0535,High Value
C11501,4,8,271.52,Low Value
C11502,8,17,746.297,Medium Value
C11503,3,3,163.2165,Low Value
C11504,6,6,1632.64,High Value
C11505,8,11,1045.2559999999999,High Value
C11506,4,6,236.76,Low Value
C11507,4,8,261.772,Low Value
C11508,3,3,723.4955,Medium Value
C11509,1,2,107.68,Low Value
C11510,2,5,248.901,Low Value
C11511,3,4,721.9665,Medium Value
C11513,4,5,323.583,Medium Value
C11514,4,8,970.675,High Value
C11515,5,6,125.0835,Low Value
C11516,4,8,541.2719999999999,Medium Value
C11517,7,8,1890.4555,High Value
C11518,4,4,701.176,Medium Value
C11519,3,6,141.1635,Low Value
C11520,2,2,72.27000000000001,Low Value
C11521,8,9,827.707,High Value
C11522,6,11,875.9825,High Value
C11523,7,8,789.2470000000001,High Value
C11524,4,7,129.339,Low Value
C11525,6,13,584.386,Medium Value
C11526,7,10,3343.5085,High Value
C11527,4,4,155.55,Low Value
C11528,5,11,938.7215,High Value
C11529,8,9,373.154,Medium Value
C11531,5,7,189.6815,Low Value
C11532,6,11,396.1995,Medium Value
C11533,3,5,844.5965,High Value
C11534,3,5,206.9545,Low Value
C11535,4,5,229.365,Low Value
C11536,2,2,17.64,Low Value
C11537,7,9,1805.139,High Value
C11538,5,6,645.3475,Medium Value
C11539,4,7,809.168,High Value
C11540,6,8,1127.334,High Value
C11541,2,2,118.72999999999999,Low Value
C11542,7,10,238.988,Low Value
C11543,8,11,223.0035,Low Value
C11544,2,6,125.53,Low Value
C11545,6,10,1625.6609999999998,High Value
C11546,4,5,1431.1614999999997,High Value
C11547,3,7,366.79900000000004,Medium Value
C11548,7,11,396.5485,Medium Value
C11549,4,5,215.91949999999997,Low Value
C11550,5,12,183.0145,Low Value
C11551,5,12,602.607,Medium Value
C11552,4,9,506.8495,Medium Value
C11553,7,10,1459.14,High Value
C11554,3,3,158.653,Low Value
C11555,3,4,231.75250000000003,Low Value
C11556,6,7,245.247,Low Value
C11557,4,6,141.72,Low Value
C11558,4,8,360.68249999999995,Medium Value
C11559,4,6,378.395,Medium Value
C11560,7,16,2048.7935,High Value
C11561,7,9,1464.4015,High Value
C11562,4,4,640.0865,Medium Value
C11563,4,6,998.521,High Value
C11564,7,14,962.9454999999999,High Value
C11565,4,5,536.884,Medium Value
C11566,3,3,982.18,High Value
C11567,8,8,678.9014999999999,Medium Value
C11568,5,8,415.558,Medium Value
C11569,2,2,216.22299999999998,Low Value
C11570,6,7,380.416,Medium Value
C11571,7,7,659.77,Medium Value
C11572,4,4,537.544,Medium Value
C11573,13,20,576.6885,Medium Value
C11574,5,8,703.4285,Medium Value
C11575,1,1,146.92,Low Value
C11576,3,3,164.56,Low Value
C11577,5,6,1961.2995,High Value
C11578,4,9,1027.503,High Value
C11579,3,3,303.22,Medium Value
C11580,1,3,289.446,Low Value
C11581,3,3,286.9255,Low Value
C11582,3,4,107.23,Low Value
C11583,2,2,55.54,Low Value
C11584,4,8,865.029,High Value
C11585,7,8,2179.8935,High Value
C11586,3,3,444.7915,Medium Value
C11587,4,6,221.449,Low Value
C11588,4,5,214.7345,Low Value
C11589,5,6,418.808,Medium Value
C11590,3,4,67.9115,Low Value
C11591,4,4,373.373,Medium Value
C11592,4,4,539.84,Medium Value
C11593,3,4,493.118,Medium Value
C11594,4,9,603.662,Medium Value
C11595,2,4,145.39600000000002,Low Value
C11596,7,9,289.6215,Low Value
C11597,5,7,1297.8795,High Value
C11598,2,3,190.33999999999997,Low Value
C11600,3,4,78.7,Low Value
C11601,10,12,580.7545,Medium Value
C11602,5,6,1699.448,High Value
C11603,4,5,321.795,Medium Value
C11604,3,3,65.92699999999999,Low Value
C11605,6,9,712.87,Medium Value
C11606,1,1,39.13,Low Value
C11607,11,19,1107.71,High Value
C11608,3,3,484.482,Medium Value
C11609,2,6,64.92,Low Value
C11610,3,4,1230.5720000000001,High Value
C11611,2,3,338.333,Medium Value
C11612,4,5,356.173,Medium Value
C11613,5,5,358.96349999999995,Medium Value
C11614,4,4,302.878,Medium Value
C11615,3,4,1054.4560000000001,High Value
C11616,4,4,538.265,Medium Value
C11617,4,4,240.02800000000002,Low Value
C11618,2,4,153.862,Low Value
C11619,2,2,166.98000000000002,Low Value
C11620,9,15,660.0025,Medium Value
C11621,5,5,81.211,Low Value
C11622,6,7,201.002,Low Value
C11623,6,11,680.0715,Medium Value
C11624,4,7,530.223,Medium Value
C11625,6,8,403.42949999999996,Medium Value
C11626,3,3,76.838,Low Value
C11627,6,8,422.92199999999997,Medium Value
C11628,3,5,71.88,Low Value
C11629,10,17,1857.5339999999999,High Value
C11630,5,7,827.2180000000001,High Value
C11631,5,10,1835.6689999999999,High Value
C11632,3,3,925.4135,High Value
C11633,6,8,913.241,High Value
C11634,4,4,117.7125,Low Value
C11635,4,6,412.4225,Medium Value
C11636,7,13,541.618,Medium Value
C11637,7,9,3765.8465,High Value
C11638,3,4,498.89000000000004,Medium Value
C11639,4,4,796.9864999999999,High Value
C11640,3,5,96.0645,Low Value
C11641,4,9,1379.675,High Value
C11642,2,2,61.287,Low Value
C11643,4,11,1136.845,High Value
C11644,3,5,147.151,Low Value
C11645,6,8,569.741,Medium Value
C11646,5,7,219.798,Low Value
C11647,5,8,605.971,Medium Value
C11648,8,16,1260.9095000000002,High Value
C11649,3,3,110.323,Low Value
C11650,1,1,131.46099999999998,Low Value
C11651,4,4,189.832,Low Value
C11652,3,5,516.049,Medium Value
C11653,3,5,307.94000000000005,Medium Value
C11654,5,8,239.72899999999998,Low Value
C11655,3,3,67.949,Low Value
C11656,6,9,195.7835,Low Value
C11657,4,4,264.67449999999997,Low Value
C11658,7,9,2097.4535,High Value
C11659,2,3,22.6525,Low Value
C11660,7,10,1143.5515,High Value
C11661,2,3,163.22,Low Value
C11662,1,1,28.1295,Low Value
C11663,8,11,3112.388,High Value
C11664,4,5,1155.662,High Value
C11665,4,8,708.4325,Medium Value
C11666,4,4,1055.094,High Value
C11667,6,11,1091.3300000000002,High Value
C11668,4,7,1222.256,High Value
C11669,3,3,306.8195,Medium Value
C11670,4,9,219.93599999999998,Low Value
C11671,4,8,3194.44,High Value
C11672,6,8,925.9770000000001,High Value
C11673,6,8,536.673,Medium Value
C11674,7,10,1320.0255,High Value
C11675,6,7,461.448,Medium Value
C11676,5,7,647.992,Medium Value
C11677,7,11,684.6495,Medium Value
C11678,4,4,320.111,Medium Value
C11679,4,6,615.185,Medium Value
C11680,4,4,393.963,Medium Value
C11681,7,12,2392.942,High Value
C11682,6,11,2083.435,High Value
C11683,2,3,270.839,Low Value
C11684,1,1,768.65,High Value
C11685,5,10,3138.812,High Value
C11686,7,8,919.1555,High Value
C11687,6,11,441.67,Medium Value
C11688,4,4,402.79549999999995,Medium Value
C11689,8,12,1367.0665,High Value
C11690,4,6,556.46,Medium Value
C11691,4,6,872.799,High Value
C11692,3,3,1107.6100000000001,High Value
C11693,7,10,758.8555,Medium Value
C11694,4,4,238.477,Low Value
C11695,3,3,138.32500000000002,Low Value
C11696,4,5,115.15,Low Value
C11697,3,8,1116.712,High Value
C11698,3,3,58.797000000000004,Low Value
C11699,4,4,118.90350000000001,Low Value
C11700,2,2,27.68,Low Value
C11701,4,5,173.266,Low Value
C11702,7,9,1372.731,High Value
C11703,4,7,252.4415,Low Value
C11704,3,5,661.314,Medium Value
C11705,2,7,880.7660000000001,High Value
C11706,4,5,186.08799999999997,Low Value
C11707,4,4,410.56,Medium Value
C11708,6,10,321.996,Medium Value
C11709,4,8,156.7465,Low Value
C11711,6,7,284.866,Low Value
C11712,3,4,1354.31,High Value
C11713,4,6,544.9,Medium Value
C11714,5,9,533.401,Medium Value
C11715,5,8,644.1000000000001,Medium Value
C11716,8,12,1857.8484999999998,High Value
C11717,7,11,721.2785,Medium Value
C11718,5,5,1309.0065000000002,High Value
C11719,5,7,4093.639,High Value
C11720,4,4,339.021,Medium Value
C11721,7,10,1197.295,High Value
C11722,3,4,696.7545000000001,Medium Value
C11723,4,5,952.4470000000001,High Value
C11724,11,22,1240.6265,High Value
C11725,8,15,3983.134,High Value
C11726,2,2,87.06400000000001,Low Value
C11727,2,3,394.86,Medium Value
C11728,2,2,43.160000000000004,Low Value
C11729,1,1,126.44100000000002,Low Value
C11730,1,1,3.496,Low Value
C11731,2,3,109.377,Low Value
C11732,3,3,619.4449999999999,Medium Value
C11733,7,9,1840.2215,High Value
C11734,4,7,531.99,Medium Value
C11735,3,3,138.97,Low Value
C11736,4,7,498.6965,Medium Value
C11737,3,4,167.23000000000002,Low Value
C11738,2,6,258.8555,Low Value
C11739,3,5,1257.7875,High Value
C11740,1,1,113.07,Low Value
C11741,3,3,67.58,Low Value
C11742,4,6,254.826,Low Value
C11743,2,2,43.43,Low Value
C11744,5,6,312.702,Medium Value
C11745,4,9,645.74,Medium Value
C11746,6,13,174.979,Low Value
C11748,5,10,1351.62,High Value
C11749,9,16,2223.754,High Value
C11750,4,4,192.4645,Low Value
C11751,6,8,148.594,Low Value
C11752,2,5,119.411,Low Value
C11753,9,14,3301.54,High Value
C11754,3,3,561.8645,Medium Value
C11755,6,10,555.7539999999999,Medium Value
C11756,4,4,1197.783,High Value
C11757,7,9,857.117,High Value
C11758,4,4,274.825,Low Value
C11759,6,9,896.4720000000001,High Value
C11760,4,7,74.269,Low Value
C11761,4,6,412.657,Medium Value
C11762,4,8,219.802,Low Value
C11763,5,7,738.4725,Medium Value
C11764,5,9,661.7774999999999,Medium Value
C11765,2,3,89.625,Low Value
C11766,4,4,223.7555,Low Value
C11767,6,7,1897.327,High Value
C11768,1,1,36.03,Low Value
C11769,2,2,24.375,Low Value
C11770,3,3,192.6515,Low Value
C11771,5,5,196.839,Low Value
C11772,7,13,619.1759999999999,Medium Value
C11773,7,11,645.3315,Medium Value
C11774,5,7,4260.73,High Value
C11775,6,7,1208.783,High Value
C11776,6,8,874.111,High Value
C11777,5,6,205.76,Low Value
C11778,4,8,262.499,Low Value
C11779,5,5,844.816,High Value
C11780,5,5,801.143,High Value
C11781,7,12,5635.553,High Value
C11782,5,6,670.6790000000001,Medium Value
C11783,2,3,81.45,Low Value
C11784,2,5,102.246,Low Value
C11785,5,5,1115.4475,High Value
C11786,3,3,62.534499999999994,Low Value
C11787,8,15,635.631,Medium Value
C11788,3,4,112.8345,Low Value
C11789,5,5,536.185,Medium Value
C11790,4,5,185.15,Low Value
C11791,3,3,134.22199999999998,Low Value
C11792,6,11,512.6835000000001,Medium Value
C11793,4,7,477.94,Medium Value
C11794,4,10,531.142,Medium Value
C11795,2,4,88.788,Low Value
C11796,4,5,318.87100000000004,Medium Value
C11797,6,12,1340.734,High Value
C11798,5,7,573.309,Medium Value
C11799,5,5,440.52299999999997,Medium Value
C11800,2,4,569.785,Medium Value
C11801,4,8,277.68449999999996,Low Value
C11802,3,3,835.515,High Value
C11803,4,4,569.1455,Medium Value
C11804,4,9,2101.9055000000003,High Value
C11806,6,12,3502.58,High Value
C11807,2,6,1236.686,High Value
C11808,3,3,176.943,Low Value
C11809,5,7,1870.2264999999998,High Value
C11810,7,7,565.785,Medium Value
C11811,5,15,2544.7119999999995,High Value
C11812,4,5,877.23,High Value
C11813,4,6,658.322,Medium Value
C11814,6,10,3025.0489999999995,High Value
C11815,1,1,7.460999999999999,Low Value
C11816,3,3,206.999,Low Value
C11817,5,8,365.211,Medium Value
C11818,2,2,615.27,Medium Value
C11819,4,6,120.417,Low Value
C11820,3,5,280.142,Low Value
C11821,3,3,225.07999999999998,Low Value
C11822,3,8,3210.1145,High Value
C11823,9,12,1125.6565,High Value
C11824,5,8,1130.069,High Value
C11825,6,7,584.2565,Medium Value
C11826,2,3,1125.524,High Value
C11827,4,5,176.11950000000002,Low Value
C11828,7,11,1584.1754999999998,High Value
C11829,3,3,343.80999999999995,Medium Value
C11830,5,10,966.2025000000001,High Value
C11831,3,3,125.4705,Low Value
C11832,4,9,1876.2379999999998,High Value
C11833,5,9,669.3925,Medium Value
C11834,3,9,2345.81,High Value
C11835,4,10,1537.088,High Value
C11836,6,11,2840.2235,High Value
C11837,3,5,648.318,Medium Value
C11838,3,5,503.568,Medium Value
C11839,6,7,399.885,Medium Value
C11840,6,9,557.8265,Medium Value
C11841,8,8,545.055,Medium Value
C11842,7,12,881.7825,High Value
C11843,3,3,236.76149999999998,Low Value
C11844,4,4,675.538,Medium Value
C11845,7,10,1421.4805,High Value
C11846,5,10,252.37800000000001,Low Value
C11847,4,6,2898.2239999999997,High Value
C11848,8,9,463.769,Medium Value
C11849,6,10,911.11,High Value
C11850,2,2,268.98,Low Value
C11851,3,3,119.80000000000001,Low Value
C11852,3,4,415.1,Medium Value
C11853,4,6,314.927,Medium Value
C11854,7,13,3211.8875000000003,High Value
C11855,8,13,850.1804999999999,High Value
C11856,5,6,408.96450000000004,Medium Value
C11857,7,9,214.598,Low Value
C11858,5,12,664.4625,Medium Value
C11859,5,6,467.65599999999995,Medium Value
C11860,6,10,321.2955,Medium Value
C11861,6,14,2171.38,High Value
C11862,1,3,47.7,Low Value
C11863,6,6,441.5595,Medium Value
C11864,3,3,197.843,Low Value
C11865,8,11,1788.9155,High Value
C11866,5,7,176.194,Low Value
C11867,3,3,1727.95,High Value
C11868,6,9,697.946,Medium Value
C11869,5,10,384.9365,Medium Value
C11870,3,3,269.24300000000005,Low Value
C11871,3,5,229.248,Low Value
C11872,6,11,1276.796,High Value
C11873,4,7,575.985,Medium Value
C11874,3,4,2103.306,High Value
C11875,7,8,483.42749999999995,Medium Value
C11876,8,15,798.868,High Value
C11877,5,7,2192.7385,High Value
C11878,5,7,1310.356,High Value
C11879,4,5,792.8515,High Value
C11880,3,4,207.574,Low Value
C11881,7,8,992.3795,High Value
C11882,2,4,441.548,Medium Value
C11883,2,3,148.578,Low Value
C11884,9,17,1599.058,High Value
C11885,6,11,1433.8,High Value
C11886,4,12,346.17150000000004,Medium Value
C11887,6,9,393.15099999999995,Medium Value
C11888,3,5,103.652,Low Value
C11889,2,3,81.13300000000001,Low Value
C11890,4,7,3283.7464999999997,High Value
C11891,3,6,568.7750000000001,Medium Value
C11892,6,9,2195.21,High Value
C11893,8,12,3145.2574999999997,High Value
C11894,6,12,1902.376,High Value
C11895,4,7,160.33,Low Value
C11896,9,10,1060.412,High Value
C11897,5,6,2751.1195000000002,High Value
C11898,1,4,26.486,Low Value
C11899,3,5,1835.7,High Value
C11900,4,4,94.947,Low Value
C11901,2,2,27.921,Low Value
C11902,4,10,751.9739999999999,Medium Value
C11903,6,8,2987.13,High Value
C11904,5,10,363.03150000000005,Medium Value
C11905,3,3,606.141,Medium Value
C11906,6,9,369.041,Medium Value
C11907,7,8,1127.548,High Value
C11908,6,10,652.085,Medium Value
C11909,6,6,370.584,Medium Value
C11910,7,12,1566.457,High Value
C11911,1,1,61.02,Low Value
C11912,4,6,1245.4585,High Value
C11913,5,9,769.0459999999999,High Value
C11914,7,10,2088.4449999999997,High Value
C11915,3,4,105.84299999999999,Low Value
C11916,5,9,2590.98,High Value
C11917,6,9,757.1740000000001,Medium Value
C11918,6,10,1462.0565,High Value
C11919,4,6,982.544,High Value
C11920,4,4,237.15949999999998,Low Value
C11921,1,1,16.6,Low Value
C11922,4,4,137.92499999999998,Low Value
C11923,2,2,182.5485,Low Value
C11924,3,3,359.746,Medium Value
C11925,7,16,2548.648,High Value
C11926,4,5,342.3535,Medium Value
C11927,4,5,791.974,High Value
C11928,6,6,1486.873,High Value
C11929,7,12,695.944,Medium Value
C11930,2,5,190.108,Low Value
C11931,5,5,1063.487,High Value
C11932,6,7,264.519,Low Value
C11933,4,6,410.6655,Medium Value
C11934,3,4,173.53,Low Value
C11935,3,3,460.697,Medium Value
C11936,5,8,436.46899999999994,Medium Value
C11937,3,9,440.28999999999996,Medium Value
C11938,5,6,938.624,High Value
C11939,7,9,466.9295,Medium Value
C11940,2,2,187.41,Low Value
C11941,3,4,75.6435,Low Value
C11942,5,7,291.971,Low Value
C11943,6,13,1911.3270000000002,High Value
C11944,4,4,252.073,Low Value
C11945,3,3,97.90050000000001,Low Value
C11946,7,9,932.49,High Value
C11947,5,5,434.6465,Medium Value
C11948,5,6,128.9435,Low Value
C11949,4,7,205.15,Low Value
C11950,4,11,735.7639999999999,Medium Value
C11951,3,4,423.8,Medium Value
C11952,3,7,5248.67,High Value
C11953,4,4,296.29650000000004,Medium Value
C11954,1,1,188.66,Low Value
C11955,6,10,151.0155,Low Value
C11956,6,9,204.12,Low Value
C11957,3,5,1097.193,High Value
C11958,5,12,1295.25,High Value
C11959,4,5,422.8229999999999,Medium Value
C11960,6,7,783.793,High Value
C11961,2,2,35.992999999999995,Low Value
C11963,6,11,1002.59,High Value
C11964,2,5,452.546,Medium Value
C11965,2,3,365.94,Medium Value
C11966,3,3,102.9925,Low Value
C11967,6,7,499.719,Medium Value
C11968,3,4,44.74,Low Value
C11969,6,11,2938.0145,High Value
C11970,6,9,586.4860000000001,Medium Value
C11971,4,9,195.80749999999998,Low Value
C11972,5,9,1403.616,High Value
C11973,7,9,1282.266,High Value
C11974,1,2,105.944,Low Value
C11975,5,11,796.9745,High Value
C11976,6,6,452.6185,Medium Value
C11977,8,16,833.0015,High Value
C11978,2,2,46.324,Low Value
C11979,5,7,624.3,Medium Value
C11980,3,4,1692.718,High Value
C11981,2,4,102.08000000000001,Low Value
C11982,9,11,968.5765,High Value
C11983,1,1,43.78,Low Value
C11984,4,4,857.4680000000001,High Value
C11985,5,13,672.495,Medium Value
C11986,11,17,1149.265,High Value
C11987,7,10,853.884,High Value
C11988,4,4,560.22,Medium Value
C11989,3,8,479.53800000000007,Medium Value
C11990,4,10,1417.696,High Value
C11991,5,5,420.6115,Medium Value
C11992,4,4,92.4795,Low Value
C11993,4,6,438.78999999999996,Medium Value
C11994,4,8,867.9000000000001,High Value
C11995,5,7,656.1954999999999,Medium Value
C11996,9,9,596.294,Medium Value
C11997,3,6,273.40999999999997,Low Value
C11998,5,5,347.659,Medium Value
C11999,4,6,139.137,Low Value
C12000,4,5,957.808,High Value
C12001,4,4,168.025,Low Value
C12002,4,5,153.2,Low Value
C12003,5,8,1035.4595,High Value
C12004,4,4,118.089,Low Value
C12005,3,3,137.45000000000002,Low Value
C12006,3,3,110.655,Low Value
C12007,6,15,1533.1175,High Value
C12008,2,2,368.449,Medium Value
C12009,2,2,183.46849999999998,Low Value
C12010,4,9,943.845,High Value
C12011,5,11,381.97700000000003,Medium Value
C12012,3,5,124.78999999999999,Low Value
C12013,2,2,189.44,Low Value
C12014,5,13,1639.045,High Value
C12015,6,8,258.428,Low Value
C12016,4,5,368.139,Medium Value
C12017,3,6,444.41999999999996,Medium Value
C12018,2,2,375.1605,Medium Value
C12019,3,5,762.3165,Medium Value
C12020,2,2,40.014,Low Value
C12021,5,14,1828.433,High Value
C12022,4,7,375.99,Medium Value
C12023,2,2,486.032,Medium Value
C12024,6,6,417.26599999999996,Medium Value
C12025,4,6,3451.169,High Value
C12026,6,14,4781.6365000000005,High Value
C12027,5,11,340.6595,Medium Value
C12028,7,9,696.755,Medium Value
C12029,2,2,46.201,Low Value
C12030,5,6,159.48450000000003,Low Value
C12031,4,6,1467.207,High Value
C12032,6,7,1788.8609999999999,High Value
C12033,5,5,382.71999999999997,Medium Value
C12035,6,8,1059.0769999999998,High Value
C12036,2,2,153.834,Low Value
C12037,4,5,400.965,Medium Value
C12038,6,13,645.0085,Medium Value
C12039,4,6,1840.0055000000002,High Value
C12040,8,8,621.6859999999999,Medium Value
C12041,5,8,709.745,Medium Value
C12042,7,13,993.938,High Value
C12043,2,4,1033.334,High Value
C12044,6,10,805.412,High Value
C12045,5,6,195.8985,Low Value
C12046,5,6,258.378,Low Value
C12047,6,11,958.0084999999999,High Value
C12048,5,8,1825.4975,High Value
C12049,4,4,228.182,Low Value
C12050,4,9,256.2,Low Value
C12051,5,5,604.961,Medium Value
C12052,4,8,433.395,Medium Value
C12053,5,6,370.613,Medium Value
C12054,4,5,165.3625,Low Value
C12055,4,6,420.1475,Medium Value
C12056,10,15,1274.5125,High Value
C12057,2,3,60.8,Low Value
C12058,3,7,1481.61,High Value
C12059,5,9,1259.06,High Value
C12060,6,8,1003.2785,High Value
C12061,4,4,55.138,Low Value
C12062,5,11,292.14,Low Value
C12063,10,15,2010.7759999999998,High Value
C12064,9,12,2012.8094999999998,High Value
C12065,7,7,1137.433,High Value
C12066,3,3,565.601,Medium Value
C12067,2,4,1830.5800000000002,High Value
C12068,6,11,2214.072,High Value
C12069,1,2,29.336,Low Value
C12070,6,6,1312.0515,High Value
C12071,1,1,191.94,Low Value
C12072,6,9,709.096,Medium Value
C12073,6,7,323.7385,Medium Value
C12074,6,6,796.8505,High Value
C12075,3,3,593.127,Medium Value
C12076,7,9,630.0525,Medium Value
C12077,3,5,464.16,Medium Value
C12078,6,10,220.329,Low Value
C12079,7,8,972.991,High Value
C12080,3,6,291.69599999999997,Low Value
C12081,5,5,153.06550000000001,Low Value
C12082,3,3,1778.293,High Value
C12083,3,7,907.2084999999998,High Value
C12084,2,2,104.67149999999998,Low Value
C12085,2,3,761.468,Medium Value
C12086,5,6,196.518,Low Value
C12087,2,6,168.52,Low Value
C12088,2,5,930.846,High Value
C12089,4,4,689.2635,Medium Value
C12090,4,5,427.528,Medium Value
C12091,4,5,2051.738,High Value
C12092,3,5,77.90799999999999,Low Value
C12093,4,4,815.31,High Value
C12094,2,3,225.43200000000002,Low Value
C12095,3,7,1062.8569999999997,High Value
C12096,6,7,105.3315,Low Value
C12097,2,4,57.69200000000001,Low Value
C12098,3,4,56.668,Low Value
C12099,3,5,1163.136,High Value
C12100,6,9,430.08549999999997,Medium Value
C12101,6,9,691.5385,Medium Value
C12102,5,7,633.963,Medium Value
C12103,6,6,291.0195,Low Value
C12104,3,4,124.6995,Low Value
C12105,7,11,1317.8455,High Value
C12106,4,5,285.841,Low Value
C12107,3,3,499.26699999999994,Medium Value
C12108,3,3,398.6905,Medium Value
C12109,6,12,2121.0699999999997,High Value
C12110,3,6,48.874,Low Value
C12111,1,5,490.25,Medium Value
C12112,3,3,320.571,Medium Value
C12113,4,7,1825.5144999999998,High Value
C12114,6,12,1512.532,High Value
C12115,5,10,1351.0915,High Value
C12116,3,4,350.38,Medium Value
C12117,2,2,126.8915,Low Value
C12118,5,12,623.7125000000001,Medium Value
C12120,5,9,3002.3349999999996,High Value
C12121,7,10,890.8,High Value
C12122,6,6,646.5400000000001,Medium Value
C12123,4,4,173.30599999999998,Low Value
C12124,3,5,261.298,Low Value
C12125,6,7,1370.856,High Value
C12126,6,9,1606.4425,High Value
C12127,2,6,318.94,Medium Value
C12128,4,6,3554.9120000000003,High Value
C12129,3,4,797.9965000000001,High Value
C12130,3,3,129.14999999999998,Low Value
C12131,3,5,114.31949999999999,Low Value
C12132,4,10,102.97200000000001,Low Value
C12133,1,2,572.66,Medium Value
C12134,8,11,546.8425,Medium Value
C12135,6,8,907.883,High Value
C12136,1,1,89.17,Low Value
C12137,2,4,103.97,Low Value
C12138,4,8,522.788,Medium Value
C12139,3,3,154.83,Low Value
C12140,1,1,57.361,Low Value
C12141,1,1,5.39,Low Value
C12142,5,12,1605.6815,High Value
C12143,6,7,361.465,Medium Value
C12144,5,9,2949.0350000000003,High Value
C12146,4,8,658.715,Medium Value
C12147,5,6,724.0174999999999,Medium Value
C12148,6,7,710.677,Medium Value
C12149,2,2,73.539,Low Value
C12150,2,6,176.118,Low Value
C12151,5,7,934.188,High Value
C12152,3,4,217.99600000000004,Low Value
C12153,4,6,578.8045000000001,Medium Value
C12154,5,6,373.11,Medium Value
C12155,5,12,574.3934999999999,Medium Value
C12156,10,17,2866.31,High Value
C12157,2,4,168.24,Low Value
C12158,10,20,3223.8125,High Value
C12159,5,8,2560.0364999999997,High Value
C12160,6,8,1538.09,High Value
C12161,7,7,323.79200000000003,Medium Value
C12162,4,6,394.695,Medium Value
C12163,6,7,2878.1634999999997,High Value
C12164,3,3,201.1,Low Value
C12165,4,4,198.199,Low Value
C12166,3,3,267.9175,Low Value
C12167,3,5,212.85399999999998,Low Value
C12168,1,1,7.846999999999999,Low Value
C12169,6,10,584.4255,Medium Value
C12170,6,10,279.2685,Low Value
C12171,2,3,76.238,Low Value
C12172,6,9,1394.4115,High Value
C12173,2,2,50.0175,Low Value
C12174,2,2,24.9645,Low Value
C12175,5,7,522.648,Medium Value
C12176,4,4,170.17700000000002,Low Value
C12177,2,2,54.69,Low Value
C12178,4,4,724.9979999999999,Medium Value
C12179,6,7,2593.181,High Value
C12180,4,4,725.03,Medium Value
C12181,5,6,237.64749999999998,Low Value
C12182,3,3,47.861,Low Value
C12183,2,2,218.417,Low Value
C12184,1,1,17.71,Low Value
C12185,5,8,252.172,Low Value
C12186,4,8,561.938,Medium Value
C12187,3,5,511.64,Medium Value
C12188,6,8,1417.14,High Value
C12189,1,1,61.514500000000005,Low Value
C12190,8,22,3401.642,High Value
C12191,3,3,812.65,High Value
C12192,3,3,707.408,Medium Value
C12193,2,4,1093.189,High Value
C12194,9,16,1757.044,High Value
C12195,3,3,465.2255,Medium Value
C12196,8,11,2927.7375,High Value
C12197,3,4,176.82999999999998,Low Value
C12198,4,5,292.182,Low Value
C12199,2,4,411.02,Medium Value
C12200,4,5,1186.41,High Value
C12201,2,2,55.650000000000006,Low Value
C12202,4,5,644.6205,Medium Value
C12203,5,8,2543.7380000000003,High Value
C12204,5,8,374.094,Medium Value
C12205,4,4,308.94849999999997,Medium Value
C12206,3,4,635.031,Medium Value
C12207,4,6,534.181,Medium Value
C12208,5,9,1136.4089999999999,High Value
C12209,4,4,946.2700000000001,High Value
C12210,3,4,397.469,Medium Value
C12211,6,11,443.334,Medium Value
C12212,7,12,726.2305,Medium Value
C12213,2,3,103.786,Low Value
C12214,1,1,13.356,Low Value
C12215,4,5,831.9555,High Value
C12216,3,3,590.724,Medium Value
C12217,5,6,731.4820000000001,Medium Value
C12218,3,3,692.4259999999999,Medium Value
C12219,3,4,650.3399999999999,Medium Value
C12220,6,6,467.8075,Medium Value
C12221,1,2,338.24,Medium Value
C12222,2,4,61.269000000000005,Low Value
C12223,6,9,680.822,Medium Value
C12224,6,6,925.3874999999999,High Value
C12225,4,7,178.85100000000003,Low Value
C12226,6,10,598.3125,Medium Value
C12227,2,5,186.51799999999997,Low Value
C12228,6,7,304.631,Medium Value
C12229,1,1,136.449,Low Value
C12230,3,3,315.597,Medium Value
C12231,3,4,177.8755,Low Value
C12232,1,2,197.964,Low Value
C12233,8,11,655.796,Medium Value
C12234,5,5,482.48999999999995,Medium Value
C12235,4,8,108.909,Low Value
C12236,1,5,335.55,Medium Value
C12237,3,3,292.7175,Medium Value
C12238,2,2,101.864,Low Value
C12239,3,3,299.4445,Medium Value
C12240,3,5,1046.874,High Value
C12241,6,11,332.47,Medium Value
C12242,4,5,1268.1005,High Value
C12243,8,13,512.0075,Medium Value
C12244,3,3,292.5,Medium Value
C12245,3,3,549.961,Medium Value
C12246,5,6,310.50300000000004,Medium Value
C12247,2,3,103.548,Low Value
C12248,7,14,389.4605,Medium Value
C12249,4,5,340.29200000000003,Medium Value
C12250,1,1,23.256,Low Value
C12251,4,6,550.6285,Medium Value
C12252,2,6,1394.832,High Value
C12253,4,4,432.863,Medium Value
C12254,2,2,90.187,Low Value
C12255,4,7,587.279,Medium Value
C12256,8,15,574.312,Medium Value
C12257,3,5,979.5485,High Value
C12258,7,12,2906.0805,High Value
C12259,5,7,283.48,Low Value
C12260,3,4,4176.94,High Value
C12261,8,11,914.21,High Value
C12262,4,5,635.218,Medium Value
C12263,6,8,3259.665,High Value
C12264,5,6,345.242,Medium Value
C12265,6,11,2205.2954999999997,High Value
C12266,1,3,898.212,High Value
C12267,6,7,687.9380000000001,Medium Value
C12268,5,5,736.8045,Medium Value
C12269,5,8,392.996,Medium Value
C12270,2,3,165.05900000000003,Low Value
C12271,3,4,266.747,Low Value
C12272,4,4,659.4549999999999,Medium Value
C12273,4,10,683.2339999999999,Medium Value
C12274,6,10,237.008,Low Value
C12275,2,4,206.9,Low Value
C12276,4,6,123.557,Low Value
C12277,3,3,215.19299999999998,Low Value
C12278,4,4,2447.4120000000003,High Value
C12279,5,7,426.41799999999995,Medium Value
C12280,6,10,622.2289999999999,Medium Value
C12281,3,3,98.0725,Low Value
C12282,5,9,1574.276,High Value
C12283,3,5,1491.299,High Value
C12284,3,7,1109.064,High Value
C12285,5,5,349.6415,Medium Value
C12286,4,8,1153.9575,High Value
C12287,2,2,279.702,Low Value
C12288,3,3,111.01100000000001,Low Value
C12289,4,6,246.291,Low Value
C12290,6,7,931.565,High Value
C12291,7,9,1862.44,High Value
C12292,6,8,538.2665,Medium Value
C12293,4,11,386.73,Medium Value
C12294,6,7,2302.725,High Value
C12295,5,7,745.2645,Medium Value
C12296,9,11,1444.417,High Value
C12297,6,7,623.0895,Medium Value
C12298,2,2,61.39349999999999,Low Value
C12299,4,6,276.13849999999996,Low Value
C12300,3,3,270.56,Low Value
C12301,1,1,25.48,Low Value
C12302,5,10,1495.48,High Value
C12303,4,4,647.809,Medium Value
C12304,4,6,497.71200000000005,Medium Value
C12305,3,6,2038.162,High Value
C12306,4,6,91.559,Low Value
C12307,3,3,83.54100000000001,Low Value
C12308,1,1,27.0,Low Value
C12309,2,3,488.79,Medium Value
C12310,3,3,565.0605,Medium Value
C12311,9,11,1997.2134999999998,High Value
C12312,1,1,42.28,Low Value
C12313,4,4,281.734,Low Value
C12314,3,6,189.844,Low Value
C12315,2,2,247.62400000000002,Low Value
C12316,2,2,194.93,Low Value
C12317,2,3,392.35200000000003,Medium Value
C12318,2,3,125.59,Low Value
C12319,2,3,90.99000000000001,Low Value
C12320,4,7,189.41649999999998,Low Value
C12321,5,6,192.2685,Low Value
C12322,7,9,718.039,Medium Value
C12323,3,3,251.103,Low Value
C12324,9,16,1508.99,High Value
C12325,1,5,370.65,Medium Value
C12326,6,7,204.869,Low Value
C12327,6,10,1093.1815000000001,High Value
C12328,1,1,52.68299999999999,Low Value
C12329,6,6,609.868,Medium Value
C12330,6,7,1031.8235,High Value
C12331,4,6,827.6264999999999,High Value
C12332,5,7,573.0285,Medium Value
C12333,2,2,154.64999999999998,Low Value
C12334,4,9,420.1575,Medium Value
C12335,4,6,397.6740000000001,Medium Value
C12336,4,5,1401.2005,High Value
C12337,7,11,1443.555,High Value
C12338,5,8,649.588,Medium Value
C12339,6,7,157.85299999999998,Low Value
C12340,6,10,385.98249999999996,Medium Value
C12341,3,3,1076.117,High Value
C12342,3,4,1070.579,High Value
C12343,6,9,792.5174999999999,High Value
C12344,2,4,217.9435,Low Value
C12345,3,4,132.009,Low Value
C12346,2,5,85.503,Low Value
C12347,5,8,812.3235,High Value
C12348,6,11,1787.25,High Value
C12349,9,12,1325.8025,High Value
C12350,4,4,1676.41,High Value
C12351,2,6,558.75,Medium Value
C12352,7,9,1324.625,High Value
C12353,1,1,331.48,Medium Value
C12354,6,8,521.4345000000001,Medium Value
C12355,9,9,801.375,High Value
C12356,3,3,624.3499999999999,Medium Value
C12357,4,7,626.327,Medium Value
C12358,2,2,439.142,Medium Value
C12359,3,3,274.0095,Low Value
C12360,2,5,449.49600000000004,Medium Value
C12361,3,7,372.7975,Medium Value
C12362,2,3,1177.942,High Value
C12363,4,9,797.1315000000001,High Value
C12364,7,9,1322.3665,High Value
C12365,5,7,558.595,Medium Value
C12366,5,13,2324.04,High Value
C12367,9,16,1494.9424999999999,High Value
C12368,6,8,906.62,High Value
C12369,6,8,150.2695,Low Value
C12370,2,4,514.456,Medium Value
C12371,7,11,2611.4475,High Value
C12372,5,7,1027.162,High Value
C12373,3,4,110.07,Low Value
C12374,4,4,661.4939999999999,Medium Value
C12375,3,4,242.6,Low Value
C12376,6,7,587.1800000000001,Medium Value
C12377,6,11,830.609,High Value
C12378,4,7,439.284,Medium Value
C12379,6,6,1336.3705,High Value
C12380,3,6,1813.8000000000002,High Value
C12381,9,20,2882.221,High Value
C12382,5,7,378.1655,Medium Value
C12383,2,4,296.75800000000004,Medium Value
C12384,4,8,699.2505,Medium Value
C12385,2,2,49.91,Low Value
C12386,5,9,383.72249999999997,Medium Value
C12387,3,4,192.15,Low Value
C12389,3,6,1286.7849999999999,High Value
C12390,4,6,486.21250000000003,Medium Value
C12391,4,6,710.6355,Medium Value
C12392,4,7,131.0265,Low Value
C12393,2,2,27.321,Low Value
C12394,4,4,1152.007,High Value
C12395,6,14,1510.436,High Value
C12396,5,7,887.1715,High Value
C12397,8,12,1279.0159999999998,High Value
C12398,5,7,890.3644999999999,High Value
C12399,3,5,734.155,Medium Value
C12400,3,5,426.58000000000004,Medium Value
C12401,5,11,710.1564999999999,Medium Value
C12402,3,5,120.21799999999999,Low Value
C12403,4,5,597.658,Medium Value
C12404,2,3,128.906,Low Value
C12405,1,1,21.539,Low Value
C12406,1,1,23.56,Low Value
C12407,5,6,540.819,Medium Value
C12408,2,5,832.652,High Value
C12409,3,4,727.71,Medium Value
C12410,5,7,270.9955,Low Value
C12411,4,7,1028.9645,High Value
C12412,3,3,659.06,Medium Value
C12413,7,7,847.7255,High Value
C12414,3,4,594.17,Medium Value
C12415,12,19,1299.125,High Value
C12416,5,6,1302.399,High Value
C12417,3,3,545.88,Medium Value
C12418,4,7,359.737,Medium Value
C12419,6,9,2032.463,High Value
C12420,1,1,583.89,Medium Value
C12421,6,7,779.879,High Value
C12422,8,14,1250.9620000000002,High Value
C12423,6,9,780.653,High Value
C12424,3,3,284.327,Low Value
C12425,2,2,14.37,Low Value
C12426,6,9,457.0085,Medium Value
C12427,5,14,6480.159000000001,High Value
C12428,8,15,743.732,Medium Value
C12429,6,6,571.9075,Medium Value
C12430,5,10,1343.1439999999998,High Value
C12431,6,9,1083.86,High Value
C12432,5,8,704.183,Medium Value
C12433,6,7,277.297,Low Value
C12434,4,7,1944.343,High Value
C12435,4,4,654.554,Medium Value
C12436,3,5,662.0039999999999,Medium Value
C12437,3,3,980.014,High Value
C12438,6,7,842.8135,High Value
C12439,3,3,82.6345,Low Value
C12440,5,7,4368.684,High Value
C12441,4,5,174.35399999999998,Low Value
C12442,4,5,313.8045,Medium Value
C12443,5,8,1342.2795,High Value
C12444,3,4,260.356,Low Value
C12445,4,6,845.5405000000001,High Value
C12446,9,12,1005.16,High Value
C12447,3,6,230.673,Low Value
C12448,5,5,616.326,Medium Value
C12449,5,11,1681.6125,High Value
C12450,2,3,958.73,High Value
C12451,5,5,162.63,Low Value
C12452,6,7,631.995,Medium Value
C12453,1,1,42.13,Low Value
C12454,3,4,149.53,Low Value
C12455,3,4,322.28000000000003,Medium Value
C12456,3,3,145.906,Low Value
C12457,2,5,65.8045,Low Value
C12458,1,3,1115.9640000000002,High Value
C12459,3,3,411.34700000000004,Medium Value
C12460,6,6,293.62850000000003,Medium Value
C12461,6,10,1136.9065,High Value
C12462,5,6,634.0,Medium Value
C12463,4,8,284.40200000000004,Low Value
C12464,1,1,1.634,Low Value
C12465,3,4,41.841499999999996,Low Value
C12466,9,13,843.3000000000001,High Value
C12467,4,11,1247.266,High Value
C12468,5,5,463.4495,Medium Value
C12469,4,5,605.14,Medium Value
C12470,3,3,409.904,Medium Value
C12471,3,4,1572.4954999999998,High Value
C12472,6,11,3373.9900000000002,High Value
C12473,4,5,1051.365,High Value
C12474,6,9,518.6220000000001,Medium Value
C12475,6,10,267.221,Low Value
C12476,4,4,54.156499999999994,Low Value
C12477,3,3,612.496,Medium Value
C12478,2,5,217.78299999999996,Low Value
C12479,3,3,936.7795,High Value
C12480,4,5,309.49199999999996,Medium Value
C12481,3,3,234.03400000000002,Low Value
C12482,5,7,574.098,Medium Value
C12483,3,6,134.518,Low Value
C12484,2,4,727.69,Medium Value
C12485,3,6,973.343,High Value
C12486,5,6,184.7985,Low Value
C12487,2,3,29.6015,Low Value
C12488,5,7,621.1695,Medium Value
C12489,4,4,348.916,Medium Value
C12490,5,6,70.945,Low Value
C12491,5,5,239.865,Low Value
C12492,4,8,575.1700000000001,Medium Value
C12493,5,6,406.421,Medium Value
C12494,7,8,1263.7615,High Value
C12495,2,2,45.917500000000004,Low Value
C12496,3,5,80.114,Low Value
C12497,3,4,500.594,Medium Value
C12498,2,4,756.585,Medium Value
C12499,4,7,403.232,Medium Value
C12500,6,7,731.9604999999999,Medium Value
C12501,4,5,1894.5420000000001,High Value
C12502,6,7,96.3285,Low Value
C12503,5,6,583.3355,Medium Value
C12504,7,9,385.474,Medium Value
C12505,3,5,569.5875000000001,Medium Value
C12506,7,11,317.32,Medium Value
C12507,3,3,58.571,Low Value
C12508,2,2,384.05,Medium Value
C12509,2,3,59.692,Low Value
C12510,3,3,200.11499999999998,Low Value
C12511,10,20,2737.6825,High Value
C12512,4,4,1341.1664999999998,High Value
C12513,5,6,286.26800000000003,Low Value
C12514,4,4,1277.74,High Value
C12515,5,9,632.489,Medium Value
C12516,1,1,4.38,Low Value
C12517,2,3,1119.5155,High Value
C12518,1,5,1087.18,High Value
C12519,1,1,6.524,Low Value
C12520,4,4,309.28950000000003,Medium Value
C12521,8,8,781.3185,High Value
C12522,1,1,20.385,Low Value
C12523,6,9,3840.0845,High Value
C12524,5,12,380.93100000000004,Medium Value
C12525,5,10,1601.0565000000001,High Value
C12526,4,6,542.5225,Medium Value
C12527,6,11,2872.3819999999996,High Value
C12528,5,5,1023.372,High Value
C12529,7,15,1573.653,High Value
C12530,5,15,700.1925000000001,Medium Value
C12531,5,5,134.683,Low Value
C12532,3,3,319.2865,Medium Value
C12533,2,5,1605.37,High Value
C12534,1,1,2.718,Low Value
C12535,2,5,152.41,Low Value
C12536,5,7,484.1255,Medium Value
C12537,3,3,275.27,Low Value
C12538,7,7,1443.155,High Value
C12539,5,5,622.371,Medium Value
C12540,2,4,510.3595,Medium Value
C12541,4,6,162.252,Low Value
C12542,4,10,518.0185,Medium Value
C12543,2,6,437.01,Medium Value
C12544,5,9,256.8515,Low Value
C12545,3,5,996.0,High Value
C12546,5,5,391.3835,Medium Value
C12547,3,7,619.115,Medium Value
C12548,4,7,740.0975000000001,Medium Value
C12549,3,3,23.677,Low Value
C12550,7,12,3466.4685,High Value
C12551,6,15,776.343,High Value
C12552,6,6,539.993,Medium Value
C12553,6,7,1620.5385,High Value
C12554,1,1,97.19,Low Value
C12555,6,11,730.6619999999999,Medium Value
C12556,8,12,2576.5495,High Value
C12557,5,9,712.5105000000001,Medium Value
C12558,8,14,889.8575,High Value
C12559,2,2,147.97,Low Value
C12560,5,10,840.6099999999999,High Value
C12561,2,2,299.79400000000004,Medium Value
C12562,9,15,2612.908,High Value
C12563,5,10,537.7814999999999,Medium Value
C12564,3,3,191.517,Low Value
C12565,5,8,361.92600000000004,Medium Value
C12566,5,8,1147.08,High Value
C12567,7,11,3616.0845,High Value
C12568,9,18,1979.8664999999999,High Value
C12569,4,4,1129.8745,High Value
C12570,5,5,263.891,Low Value
C12571,2,2,81.177,Low Value
C12572,2,3,63.6055,Low Value
C12573,2,2,498.65999999999997,Medium Value
C12574,3,3,307.8775,Medium Value
C12575,6,8,3157.0220000000004,High Value
C12576,4,4,113.25999999999999,Low Value
C12577,5,10,1553.835,High Value
C12578,2,2,70.48500000000001,Low Value
C12579,2,2,104.56,Low Value
C12580,3,3,83.5145,Low Value
C12581,8,11,1299.5705,High Value
C12582,4,4,415.8435,Medium Value
C12583,4,5,461.784,Medium Value
C12584,5,5,1009.6225,High Value
C12585,1,1,8.160499999999999,Low Value
C12586,3,12,140.07999999999998,Low Value
C12587,5,6,1098.4055,High Value
C12588,2,4,134.03,Low Value
C12589,3,9,314.81,Medium Value
C12590,6,7,1074.9635,High Value
C12591,5,7,814.874,High Value
C12592,1,5,30.0675,Low Value
C12593,7,7,217.7135,Low Value
C12594,5,11,869.6845000000001,High Value
C12595,2,5,170.54000000000002,Low Value
C12596,4,5,212.18599999999998,Low Value
C12597,9,15,471.369,Medium Value
C12598,6,11,370.1295,Medium Value
C12599,4,5,127.997,Low Value
C12600,5,9,4283.4585,High Value
C12601,5,7,462.968,Medium Value
C12602,2,2,34.318,Low Value
C12603,4,8,427.421,Medium Value
C12604,5,10,573.066,Medium Value
C12605,5,8,834.6909999999999,High Value
C12606,5,5,175.89749999999998,Low Value
C12607,4,6,1029.777,High Value
C12608,3,5,1077.848,High Value
C12609,2,2,81.67500000000001,Low Value
C12610,4,4,934.1389999999999,High Value
C12611,2,5,49.8,Low Value
C12612,6,9,189.196,Low Value
C12613,3,6,235.82,Low Value
C12614,4,8,240.496,Low Value
C12615,3,4,84.09,Low Value
C12616,4,9,422.5595,Medium Value
C12617,2,2,557.8795,Medium Value
C12618,3,3,474.7145,Medium Value
C12619,2,3,633.1,Medium Value
C12620,3,4,203.829,Low Value
C12621,8,12,2407.498,High Value
C12622,1,1,69.67,Low Value
C12623,5,7,3030.279,High Value
C12624,4,10,2962.8845,High Value
C12625,6,13,848.1539999999999,High Value
C12626,3,5,1169.0385,High Value
C12627,2,3,769.239,High Value
C12628,2,2,270.94,Low Value
C12629,1,1,47.2435,Low Value
C12630,6,9,700.021,Medium Value
C12631,5,12,1655.0404999999998,High Value
C12632,4,9,285.546,Low Value
C12633,4,6,379.514,Medium Value
C12634,5,9,1244.893,High Value
C12635,3,4,74.696,Low Value
C12636,4,6,578.355,Medium Value
C12637,4,5,541.621,Medium Value
C12638,1,1,87.72,Low Value
C12639,5,10,519.1085,Medium Value
C12640,7,11,1102.4675,High Value
C12641,2,2,527.1705,Medium Value
C12642,5,10,1514.113,High Value
C12643,2,2,1547.3500000000001,High Value
C12644,3,3,767.48,High Value
C12645,5,6,929.239,High Value
C12646,6,9,396.93600000000004,Medium Value
C12647,2,2,315.96,Medium Value
C12648,2,2,21.09,Low Value
C12649,4,6,778.7044999999999,High Value
C12650,2,2,13.735999999999999,Low Value
C12651,2,3,131.66500000000002,Low Value
C12652,5,7,2688.0274999999997,High Value
C12653,5,10,242.8005,Low Value
C12654,9,12,906.2925,High Value
C12655,5,9,1159.98,High Value
C12656,3,4,1820.135,High Value
C12657,8,10,894.652,High Value
C12658,4,6,564.771,Medium Value
C12659,6,7,935.4110000000001,High Value
C12660,7,8,1238.8915,High Value
C12661,6,10,3997.613,High Value
C12662,3,5,176.052,Low Value
C12663,2,2,129.78,Low Value
C12664,3,3,453.009,Medium Value
C12665,8,10,1269.3490000000002,High Value
C12666,7,14,3275.3845,High Value
C12667,5,6,100.167,Low Value
C12668,9,12,1369.9795,High Value
C12669,5,6,327.863,Medium Value
C12670,7,10,1691.1905000000002,High Value
C12671,4,7,697.508,Medium Value
C12672,6,10,1214.7945,High Value
C12673,2,3,48.19,Low Value
C12674,5,6,2178.59,High Value
C12675,9,11,1238.4305,High Value
C12677,3,3,771.2139999999999,High Value
C12678,2,2,177.8305,Low Value
C12679,5,7,685.826,Medium Value
C12680,3,4,354.5955,Medium Value
C12681,6,6,753.612,Medium Value
C12682,5,8,2678.2985000000003,High Value
C12683,2,6,468.36,Medium Value
C12684,2,2,311.68600000000004,Medium Value
C12685,4,6,432.87249999999995,Medium Value
C12686,10,14,592.8274999999999,Medium Value
C12687,2,2,96.90300000000002,Low Value
C12688,3,4,634.402,Medium Value
C12689,4,8,1657.2085,High Value
C12690,4,6,1754.835,High Value
C12691,2,6,297.67,Medium Value
C12692,5,5,287.85200000000003,Low Value
C12693,6,8,993.5265,High Value
C12694,5,6,835.38,High Value
C12695,1,2,177.346,Low Value
C12696,7,16,773.6274999999999,High Value
C12697,3,3,421.77799999999996,Medium Value
C12698,1,3,400.92,Medium Value
C12699,3,3,768.508,High Value
C12700,6,14,1217.649,High Value
C12701,2,3,108.8,Low Value
C12702,5,7,346.708,Medium Value
C12703,4,7,481.844,Medium Value
C12704,3,3,424.24,Medium Value
C12705,9,13,880.0445,High Value
C12706,1,2,95.6,Low Value
C12707,3,4,188.917,Low Value
C12708,9,14,2034.0114999999998,High Value
C12709,3,4,905.354,High Value
C12710,3,4,221.264,Low Value
C12711,8,11,399.1645,Medium Value
C12712,3,3,351.9945,Medium Value
C12713,7,9,438.3205,Medium Value
C12714,1,1,505.43,Medium Value
C12715,1,4,22.212,Low Value
C12716,3,7,534.624,Medium Value
C12717,5,7,430.6655,Medium Value
C12718,3,9,107.392,Low Value
C12719,2,2,368.69,Medium Value
C12720,6,11,579.64,Medium Value
C12721,5,7,616.0400000000001,Medium Value
C12722,5,7,4442.843,High Value
C12723,5,6,495.821,Medium Value
C12724,3,4,280.33,Low Value
C12725,5,8,231.998,Low Value
C12726,3,7,234.41049999999998,Low Value
C12727,4,6,315.8815,Medium Value
C12728,7,15,2505.98,High Value
C12729,3,8,464.313,Medium Value
C12730,4,7,284.41900000000004,Low Value
C12731,7,8,572.9115,Medium Value
C12732,6,8,983.789,High Value
C12733,4,6,131.134,Low Value
C12734,4,5,346.58000000000004,Medium Value
C12735,5,5,581.704,Medium Value
C12736,5,5,223.234,Low Value
C12737,7,12,1742.4285,High Value
C12738,6,6,1393.9044999999999,High Value
C12739,9,11,751.438,Medium Value
C12740,2,3,81.69800000000001,Low Value
C12741,3,5,619.6084999999999,Medium Value
C12742,3,6,859.5469999999999,High Value
C12743,5,7,994.102,High Value
C12744,2,4,549.1300000000001,Medium Value
C12745,10,11,1506.8919999999998,High Value
C12746,4,5,997.935,High Value
C12747,9,13,1022.6865,High Value
C12748,2,5,410.115,Medium Value
C12749,4,4,283.25699999999995,Low Value
C12750,7,10,488.401,Medium Value
C12751,1,1,142.59599999999998,Low Value
C12752,4,5,172.489,Low Value
C12753,2,2,42.192,Low Value
C12754,2,2,98.07400000000001,Low Value
C12755,4,7,675.543,Medium Value
C12756,5,8,985.6345,High Value
C12757,4,5,283.882,Low Value
C12758,3,3,180.12,Low Value
C12759,3,6,2310.49,High Value
C12760,1,1,7.486,Low Value
C12761,4,5,194.345,Low Value
C12762,3,3,60.64,Low Value
C12763,7,12,4848.259,High Value
C12764,4,4,334.088,Medium Value
C12765,9,10,1246.3419999999999,High Value
C12766,4,4,108.668,Low Value
C12767,1,1,37.213,Low Value
C12768,7,13,1774.2165,High Value
C12769,4,4,213.211,Low Value
C12770,3,7,2657.3770000000004,High Value
C12771,2,2,832.0264999999999,High Value
C12772,4,4,637.6759999999999,Medium Value
C12773,8,14,1122.1105,High Value
C12774,11,14,1006.491,High Value
C12775,7,8,1521.0234999999998,High Value
C12776,2,2,264.79699999999997,Low Value
C12777,4,5,318.91249999999997,Medium Value
C12778,5,9,2508.172,High Value
C12779,10,16,4481.4995,High Value
C12780,8,11,1101.162,High Value
C12781,4,12,1098.3000000000002,High Value
C12782,7,9,1269.068,High Value
C12783,3,4,1029.181,High Value
C12784,6,14,2400.492,High Value
C12785,4,8,363.898,Medium Value
C12786,6,7,1086.267,High Value
C12787,6,11,1796.092,High Value
C12788,3,4,318.4205,Medium Value
C12789,2,2,134.071,Low Value
C12790,3,3,453.78999999999996,Medium Value
C12791,7,7,554.019,Medium Value
C12792,3,3,377.5985,Medium Value
C12793,9,13,4403.6195,High Value
C12794,4,6,1970.1205000000002,High Value
C12795,5,8,227.2175,Low Value
C12796,3,5,953.78,High Value
C12797,1,1,205.656,Low Value
C12798,3,3,140.73,Low Value
C12799,5,5,324.24399999999997,Medium Value
C12800,7,8,876.112,High Value
C12801,2,4,709.4399999999999,Medium Value
C12802,4,7,520.1685,Medium Value
C12803,5,11,1051.4299999999998,High Value
C12804,6,7,382.359,Medium Value
C12805,2,3,133.084,Low Value
C12806,7,11,268.491,Low Value
C12807,3,3,39.307,Low Value
C12808,9,10,824.26,High Value
C12809,7,7,432.7445,Medium Value
C12810,9,15,875.8085,High Value
C12811,6,12,1067.289,High Value
C12812,4,5,158.572,Low Value
C12813,2,5,80.88000000000001,Low Value
C12814,4,6,100.149,Low Value
C12815,3,7,375.421,Medium Value
C12816,4,8,289.52000000000004,Low Value
C12817,6,13,2845.245,High Value
C12818,4,4,572.1814999999999,Medium Value
C12819,2,2,224.16,Low Value
C12820,2,2,526.21,Medium Value
C12821,4,5,745.36,Medium Value
C12822,5,11,1450.5415,High Value
C12823,6,12,462.406,Medium Value
C12824,5,6,288.348,Low Value
C12825,4,6,1291.95,High Value
C12826,2,3,131.8795,Low Value
C12827,5,7,1351.651,High Value
C12828,3,3,122.75999999999999,Low Value
C12829,5,6,441.356,Medium Value
C12830,2,4,715.513,Medium Value
C12831,7,10,607.2025,Medium Value
C12832,5,10,2904.57,High Value
C12833,3,7,153.28,Low Value
C12834,7,11,232.91600000000003,Low Value
C12835,4,7,1009.396,High Value
C12836,3,4,202.91,Low Value
C12837,5,8,3054.562,High Value
C12838,7,7,558.2505,Medium Value
C12839,3,4,33.253,Low Value
C12840,4,8,1398.8020000000001,High Value
C12841,9,15,2367.3379999999997,High Value
C12842,2,8,1367.752,High Value
C12843,2,2,53.4325,Low Value
C12844,6,7,840.22,High Value
C12845,4,6,2856.4555,High Value
C12846,7,10,620.2715,Medium Value
C12847,4,4,1154.4799999999998,High Value
C12848,2,2,168.28,Low Value
C12849,10,12,1108.9234999999999,High Value
C12850,7,11,1248.4615000000001,High Value
C12851,2,2,53.69,Low Value
C12852,3,4,98.4,Low Value
C12853,9,15,990.792,High Value
C12854,4,4,242.6895,Low Value
C12855,5,15,417.2575,Medium Value
C12856,2,2,77.14,Low Value
C12857,7,7,732.788,Medium Value
C12858,1,1,10.165,Low Value
C12859,2,5,278.978,Low Value
C12860,4,11,252.0275,Low Value
C12861,4,4,152.993,Low Value
C12862,2,2,210.218,Low Value
C12863,5,9,1212.676,High Value
C12865,2,5,118.191,Low Value
C12866,9,11,1244.576,High Value
C12867,3,8,110.33,Low Value
C12868,3,4,808.912,High Value
C12869,7,15,1272.9875,High Value
C12870,4,7,270.252,Low Value
C12871,5,7,801.09,High Value
C12872,4,8,1670.8524999999997,High Value
C12873,5,6,1319.9525,High Value
C12874,1,1,9.14,Low Value
C12875,5,5,189.142,Low Value
C12876,2,2,405.56,Medium Value
C12877,4,10,284.528,Low Value
C12878,4,6,242.265,Low Value
C12879,2,2,464.798,Medium Value
C12880,2,5,847.1925,High Value
C12881,5,7,534.721,Medium Value
C12882,4,7,800.0205000000001,High Value
C12883,5,5,311.3795,Medium Value
C12884,1,1,2.363,Low Value
C12885,1,1,7.657,Low Value
C12886,8,13,638.7755,Medium Value
C12887,5,5,636.7919999999999,Medium Value
C12888,5,5,358.807,Medium Value
C12889,3,4,630.5165,Medium Value
C12890,2,4,231.16899999999998,Low Value
C12891,4,5,850.49,High Value
C12892,10,24,3907.7889999999998,High Value
C12893,5,9,1152.2985,High Value
C12894,4,7,339.79949999999997,Medium Value
C12895,5,8,820.7355,High Value
C12896,10,18,934.3699999999999,High Value
C12897,5,7,353.808,Medium Value
C12898,2,3,57.989000000000004,Low Value
C12899,4,5,864.98,High Value
C12900,3,7,907.902,High Value
C12901,5,9,298.914,Medium Value
C12902,7,11,1274.9590000000003,High Value
C12903,3,3,115.757,Low Value
C12904,2,2,53.63,Low Value
C12905,2,3,406.42,Medium Value
C12906,6,14,1637.4160000000002,High Value
C12907,1,1,6.98,Low Value
C12908,4,5,327.503,Medium Value
C12909,5,8,225.1875,Low Value
C12910,4,5,553.2835,Medium Value
C12911,6,9,1656.866,High Value
C12912,5,7,674.6190000000001,Medium Value
C12913,1,2,1007.06,High Value
C12914,6,9,3787.701,High Value
C12915,4,5,1710.68,High Value
C12916,5,5,1159.836,High Value
C12917,4,5,52.5535,Low Value
C12918,6,9,365.705,Medium Value
C12919,6,11,1245.855,High Value
C12920,4,4,384.8735,Medium Value
C12921,5,6,462.774,Medium Value
C12922,7,12,1474.035,High Value
C12923,6,10,783.0145,High Value
C12924,7,10,679.572,Medium Value
C12925,6,10,159.6405,Low Value
C12926,4,7,518.352,Medium Value
C12927,3,3,667.24,Medium Value
C12928,7,11,1876.1770000000001,High Value
C12930,5,6,321.0305,Medium Value
C12931,3,6,602.1,Medium Value
C12932,1,2,218.92,Low Value
C12933,5,12,1933.1644999999999,High Value
C12934,5,10,1602.501,High Value
C12935,3,7,542.784,Medium Value
C12936,3,4,667.4885,Medium Value
C12937,2,2,21.744499999999995,Low Value
C12938,9,13,2871.725,High Value
C12939,7,9,886.374,High Value
C12940,6,7,387.9845,Medium Value
C12941,6,14,1006.518,High Value
C12942,4,6,530.6205,Medium Value
C12943,2,3,426.5,Medium Value
C12944,6,12,1366.397,High Value
C12945,7,7,332.656,Medium Value
C12946,7,11,583.2375,Medium Value
C12947,5,7,1193.194,High Value
C12948,4,8,207.309,Low Value
C12949,6,9,1250.856,High Value
C12950,5,6,483.60600000000005,Medium Value
C12951,6,7,230.536,Low Value
C12952,4,4,284.2335,Low Value
C12953,7,15,550.8695,Medium Value
C12954,1,1,17.663,Low Value
C12955,1,1,9.927,Low Value
C12956,6,12,609.35,Medium Value
C12957,2,3,31.12,Low Value
C12958,4,7,278.513,Low Value
C12959,7,10,912.743,High Value
C12960,3,3,438.2745,Medium Value
C12961,2,3,1346.78,High Value
C12962,6,7,662.5375,Medium Value
C12963,6,9,508.057,Medium Value
C12964,11,16,5784.8369999999995,High Value
C12965,7,10,2106.141,High Value
C12966,5,5,408.0335,Medium Value
C12967,3,4,1007.5219999999999,High Value
C12968,2,3,12.6175,Low Value
C12969,4,4,804.9675,High Value
C12970,5,12,1395.244,High Value
C12971,9,14,798.837,High Value
C12972,8,13,2468.611,High Value
C12973,1,1,255.58,Low Value
C12974,2,4,86.09,Low Value
C12975,6,6,564.7805,Medium Value
C12976,4,5,1668.3125000000002,High Value
C12977,7,10,336.796,Medium Value
C12978,6,6,676.3455,Medium Value
C12979,6,8,521.421,Medium Value
C12980,3,3,177.9195,Low Value
C12981,3,4,149.23,Low Value
C12982,2,2,365.975,Medium Value
C12983,5,7,242.50099999999998,Low Value
C12984,2,3,849.6635,High Value
C12985,5,6,494.8095,Medium Value
C12986,3,8,1748.3489999999997,High Value
C12987,5,6,287.30400000000003,Low Value
C12988,2,2,89.562,Low Value
C12989,6,9,612.644,Medium Value
C12990,10,11,362.3625,Medium Value
C12991,3,3,192.32750000000001,Low Value
C12992,2,3,110.56800000000001,Low Value
C12993,6,6,464.014,Medium Value
C12994,6,7,523.4865,Medium Value
C12995,4,4,210.441,Low Value
C12996,2,3,48.7465,Low Value
C12997,3,3,92.912,Low Value
C12998,3,5,68.38,Low Value
C12999,4,5,716.494,Medium Value
C13001,2,5,421.46,Medium Value
C13002,1,1,31.5685,Low Value
C13003,3,3,408.42,Medium Value
C13004,4,6,614.3265,Medium Value
C13005,8,15,1824.6555,High Value
C13006,4,6,108.269,Low Value
C13007,3,3,142.984,Low Value
C13008,7,9,1151.309,High Value
C13009,6,8,1058.8020000000001,High Value
C13010,9,10,1189.318,High Value
C13011,2,2,615.9599999999999,Medium Value
C13012,4,4,152.406,Low Value
C13013,2,2,22.131999999999998,Low Value
C13015,2,2,134.36149999999998,Low Value
C13016,2,2,34.78,Low Value
C13017,3,3,28.07,Low Value
C13018,3,4,389.04099999999994,Medium Value
C13019,5,9,790.2315,High Value
C13020,6,7,145.233,Low Value
C13021,5,6,448.3140000000001,Medium Value
C13022,6,14,1294.671,High Value
C13023,1,2,8.8,Low Value
C13024,1,1,109.45,Low Value
C13025,4,8,1262.03,High Value
C13026,5,8,181.8995,Low Value
C13027,2,4,64.02,Low Value
C13028,4,9,414.2595,Medium Value
C13029,7,10,464.05499999999995,Medium Value
C13030,6,8,941.957,High Value
C13031,3,4,804.5699999999999,High Value
C13032,6,9,1995.27,High Value
C13033,3,4,214.404,Low Value
C13034,8,12,1034.5894999999998,High Value
C13036,6,7,335.636,Medium Value
C13037,5,7,216.1065,Low Value
C13038,5,16,470.6015,Medium Value
C13039,6,13,597.1045,Medium Value
C13040,3,3,82.911,Low Value
C13041,6,6,282.96000000000004,Low Value
C13042,5,8,310.28200000000004,Medium Value
C13043,1,1,6.431499999999999,Low Value
C13044,7,9,203.898,Low Value
C13045,1,1,121.21999999999998,Low Value
C13046,8,11,781.816,High Value
C13047,1,4,31.276,Low Value
C13048,5,8,275.44,Low Value
C13049,3,5,985.4,High Value
C13050,1,2,12.308,Low Value
C13051,4,4,290.6155,Low Value
C13052,9,18,1015.5870000000001,High Value
C13053,2,3,267.03000000000003,Low Value
C13054,6,10,715.6765,Medium Value
C13055,6,9,1529.8155,High Value
C13056,6,10,542.4825000000001,Medium Value
C13057,5,9,493.96600000000007,Medium Value
C13058,1,1,29.68,Low Value
C13059,4,7,1834.8485,High Value
C13060,4,4,201.817,Low Value
C13061,5,8,523.7135000000001,Medium Value
C13062,5,10,133.658,Low Value
C13063,4,5,809.166,High Value
C13064,3,4,103.61000000000001,Low Value
C13065,6,6,299.15,Medium Value
C13066,5,10,314.872,Medium Value
C13067,4,9,1220.4035,High Value
C13068,2,2,24.9,Low Value
C13069,3,4,250.28,Low Value
C13070,1,2,912.627,High Value
C13071,4,5,355.61,Medium Value
C13072,8,9,795.708,High Value
C13073,4,8,2764.455,High Value
C13074,2,2,177.06,Low Value
C13075,5,13,3484.6675,High Value
C13076,5,5,200.566,Low Value
C13078,4,9,876.805,High Value
C13079,3,3,683.176,Medium Value
C13080,3,5,220.19549999999998,Low Value
C13081,10,14,695.807,Medium Value
C13082,3,7,1171.1455,High Value
C13083,10,12,808.043,High Value
C13084,4,4,173.09750000000003,Low Value
C13085,3,5,240.189,Low Value
C13086,7,10,1112.9660000000001,High Value
C13087,7,11,512.1215,Medium Value
C13088,6,7,248.611,Low Value
C13089,3,5,1356.09,High Value
C13090,2,5,201.5095,Low Value
C13091,3,3,175.67499999999998,Low Value
C13092,8,9,521.0129999999999,Medium Value
C13093,7,13,820.99,High Value
C13094,4,5,279.0745,Low Value
C13095,3,4,145.636,Low Value
C13096,3,3,257.78499999999997,Low Value
C13097,6,12,2404.11,High Value
C13098,2,7,265.0,Low Value
C13099,4,9,1352.3015,High Value
C13100,2,3,203.50300000000001,Low Value
C13101,1,1,28.86,Low Value
C13102,4,5,677.29,Medium Value
C13103,3,6,882.1229999999999,High Value
C13104,6,12,1816.7005,High Value
C13105,2,6,648.393,Medium Value
C13106,2,2,39.144,Low Value
C13107,3,7,1659.2,High Value
C13108,3,5,408.212,Medium Value
C13109,7,9,1897.4885,High Value
C13110,5,8,459.31449999999995,Medium Value
C13111,3,6,2115.582,High Value
C13112,2,2,87.06700000000001,Low Value
C13113,3,3,243.3735,Low Value
C13114,3,3,392.90500000000003,Medium Value
C13115,3,3,341.6685,Medium Value
C13116,5,6,909.588,High Value
C13117,5,6,321.8845,Medium Value
C13118,6,14,557.9225,Medium Value
C13119,2,2,91.945,Low Value
C13120,6,12,953.9075,High Value
C13121,1,1,1240.35,High Value
C13122,4,8,916.24,High Value
C13123,7,8,379.212,Medium Value
C13124,5,9,1015.42,High Value
C13125,4,6,553.4929999999999,Medium Value
C13126,4,5,376.82000000000005,Medium Value
C13127,4,5,264.0815,Low Value
C13128,1,1,35.289,Low Value
C13129,5,5,185.91,Low Value
C13130,4,7,896.01,High Value
C13131,3,4,574.653,Medium Value
C13132,3,5,135.442,Low Value
C13133,4,9,352.946,Medium Value
C13134,5,9,579.774,Medium Value
C13135,1,1,753.7320000000001,Medium Value
C13136,6,8,491.046,Medium Value
C13137,9,13,2260.2255,High Value
C13138,7,9,2370.14,High Value
C13139,6,10,634.505,Medium Value
C13140,10,21,1529.1385,High Value
C13141,4,5,450.51,Medium Value
C13142,4,4,428.9995,Medium Value
C13143,1,1,27.19,Low Value
C13144,7,7,684.954,Medium Value
C13145,4,7,158.63750000000002,Low Value
C13146,4,6,770.732,High Value
C13147,5,5,1050.8975,High Value
C13148,7,7,678.538,Medium Value
C13149,4,7,1566.214,High Value
C13150,1,2,12.04,Low Value
C13151,5,5,287.844,Low Value
C13152,7,12,899.8180000000001,High Value
C13153,6,9,452.51300000000003,Medium Value
C13154,2,2,35.27,Low Value
C13155,6,6,178.57049999999998,Low Value
C13156,4,6,359.346,Medium Value
C13157,6,9,1284.537,High Value
C13158,5,6,324.3255,Medium Value
C13159,5,6,341.0455,Medium Value
C13160,3,5,474.89750000000004,Medium Value
C13161,5,7,122.60350000000001,Low Value
C13162,6,12,1871.4535,High Value
C13163,2,2,26.812,Low Value
C13164,6,7,621.42,Medium Value
C13165,3,7,791.325,High Value
C13166,3,4,115.076,Low Value
C13167,3,4,1996.2024999999999,High Value
C13168,5,6,168.073,Low Value
C13170,7,10,451.872,Medium Value
C13171,5,5,546.623,Medium Value
C13172,2,3,300.22,Medium Value
C13173,4,8,230.19,Low Value
C13174,9,11,1751.4905,High Value
C13175,8,10,1357.2005,High Value
C13176,5,10,588.851,Medium Value
C13177,6,10,854.2665,High Value
C13178,7,14,755.9784999999999,Medium Value
C13179,8,14,717.904,Medium Value
C13180,4,6,458.07000000000005,Medium Value
C13181,4,8,807.363,High Value
C13182,6,11,1475.2975,High Value
C13183,9,13,1369.3845,High Value
C13185,10,12,1103.6235,High Value
C13186,3,3,373.0705,Medium Value
C13187,2,2,124.82,Low Value
C13188,4,5,476.46450000000004,Medium Value
C13189,3,3,499.592,Medium Value
C13190,9,10,1363.6405,High Value
C13191,8,12,374.01099999999997,Medium Value
C13192,8,12,1828.516,High Value
C13193,3,4,677.796,Medium Value
C13194,3,3,243.589,Low Value
C13195,3,3,330.4475,Medium Value
C13196,3,4,86.983,Low Value
C13197,4,10,1161.8325,High Value
C13198,6,8,769.3865000000001,High Value
C13199,6,11,1038.6705,High Value
C13200,3,3,74.4575,Low Value
C13201,10,13,750.7265,Medium Value
C13202,5,14,1713.893,High Value
C13203,5,5,559.89,Medium Value
C13204,4,6,115.21600000000001,Low Value
C13205,9,19,706.0945,Medium Value
C13206,3,5,398.724,Medium Value
C13207,3,6,63.6785,Low Value
C13208,1,4,81.776,Low Value
C13209,6,10,3217.6440000000002,High Value
C13211,2,4,115.95,Low Value
C13212,6,8,961.5269999999999,High Value
C13213,2,4,44.561,Low Value
C13214,4,5,268.603,Low Value
C13215,4,8,652.8584999999999,Medium Value
C13216,6,7,2554.44,High Value
C13217,6,9,625.5205,Medium Value
C13218,7,13,1334.597,High Value
C13219,7,10,425.7685,Medium Value
C13220,5,7,629.8534999999999,Medium Value
C13221,4,5,226.56349999999998,Low Value
C13222,2,2,579.13,Medium Value
C13223,5,8,462.98900000000003,Medium Value
C13224,1,1,18.69,Low Value
C13225,4,4,662.7775,Medium Value
C13226,2,2,1329.6,High Value
C13227,7,9,1426.594,High Value
C13228,4,4,475.7045,Medium Value
C13229,3,3,698.7004999999999,Medium Value
C13230,2,2,704.84,Medium Value
C13231,6,8,2340.261,High Value
C13232,6,14,186.089,Low Value
C13233,3,4,200.844,Low Value
C13234,4,5,227.7755,Low Value
C13235,3,3,165.5355,Low Value
C13236,6,7,509.85,Medium Value
C13237,7,10,456.0005,Medium Value
C13238,6,9,860.27,High Value
C13239,9,11,864.0825,High Value
C13240,8,11,847.919,High Value
C13241,3,4,913.664,High Value
C13242,6,6,993.892,High Value
C13243,7,7,693.912,Medium Value
C13244,2,4,410.7715,Medium Value
C13245,3,3,276.781,Low Value
C13246,1,1,5.6695,Low Value
C13247,8,10,768.193,High Value
C13248,3,3,284.055,Low Value
C13249,5,6,425.6765,Medium Value
C13250,2,2,59.087999999999994,Low Value
C13251,4,7,399.74399999999997,Medium Value
C13252,2,3,51.406000000000006,Low Value
C13253,6,10,1567.508,High Value
C13254,5,6,655.325,Medium Value
C13255,6,8,1613.2615,High Value
C13256,1,1,2.15,Low Value
C13257,4,5,1362.3004999999998,High Value
C13258,5,8,327.667,Medium Value
C13259,6,8,2528.1445,High Value
C13260,7,13,542.4345000000001,Medium Value
C13261,4,7,509.432,Medium Value
C13262,6,10,1497.6164999999999,High Value
C13263,2,2,383.98999999999995,Medium Value
C13264,4,5,275.23749999999995,Low Value
C13265,1,1,112.788,Low Value
C13266,7,8,858.9119999999999,High Value
C13267,7,19,668.836,Medium Value
C13268,1,1,606.95,Medium Value
C13269,3,3,104.451,Low Value
C13270,5,9,237.3365,Low Value
C13271,5,9,844.0894999999999,High Value
C13272,5,6,461.478,Medium Value
C13273,7,12,1062.5935,High Value
C13274,2,2,64.21,Low Value
C13275,6,11,704.4855,Medium Value
C13276,5,8,861.1215000000001,High Value
C13277,3,8,595.524,Medium Value
C13278,4,4,710.6374999999999,Medium Value
C13279,6,7,328.48900000000003,Medium Value
C13280,6,10,642.3009999999999,Medium Value
C13281,6,7,968.653,High Value
C13283,6,11,556.923,Medium Value
C13284,3,3,829.0875,High Value
C13285,6,10,684.562,Medium Value
C13286,2,2,59.5935,Low Value
C13287,6,11,557.2245,Medium Value
C13288,2,5,1751.884,High Value
C13289,3,3,206.20899999999997,Low Value
C13290,6,9,699.496,Medium Value
C13291,10,14,2598.761,High Value
C13292,4,5,361.9425,Medium Value
C13293,4,4,329.778,Medium Value
C13294,6,9,545.192,Medium Value
C13295,2,5,307.9205,Medium Value
C13296,2,2,82.33250000000001,Low Value
C13297,4,6,412.3275,Medium Value
C13298,2,2,182.57049999999998,Low Value
C13299,4,4,901.912,High Value
C13300,5,5,751.273,Medium Value
C13301,6,9,644.51,Medium Value
C13302,4,4,290.5165,Low Value
C13303,1,1,11.985,Low Value
C13304,3,7,296.53,Medium Value
C13305,4,9,1541.79,High Value
C13306,5,6,107.7765,Low Value
C13307,6,6,493.471,Medium Value
C13308,3,3,233.1415,Low Value
C13309,7,8,1407.728,High Value
C13310,6,10,400.42150000000004,Medium Value
C13311,4,6,1122.59,High Value
C13312,4,5,300.036,Medium Value
C13313,2,4,112.55900000000001,Low Value
C13314,3,3,570.7565000000001,Medium Value
C13315,1,1,154.19,Low Value
C13316,1,2,336.02,Medium Value
C13317,5,5,1657.722,High Value
C13318,4,6,217.1465,Low Value
C13319,3,4,855.7849999999999,High Value
C13320,4,4,605.7735,Medium Value
C13321,2,2,254.0705,Low Value
C13322,6,8,611.135,Medium Value
C13323,4,5,490.515,Medium Value
C13324,8,11,546.34,Medium Value
C13325,5,11,1207.2199999999998,High Value
C13326,5,6,362.33700000000005,Medium Value
C13327,3,5,867.3050000000001,High Value
C13328,3,5,134.079,Low Value
C13329,3,3,516.112,Medium Value
C13330,6,7,2797.2375,High Value
C13331,7,9,405.2625,Medium Value
C13332,2,8,2648.76,High Value
C13333,6,7,667.5894999999999,Medium Value
C13334,2,3,196.4315,Low Value
C13335,2,2,84.339,Low Value
C13336,10,15,1415.6554999999998,High Value
C13337,5,5,580.6945,Medium Value
C13338,7,12,272.195,Low Value
C13339,6,8,239.29649999999998,Low Value
C13340,6,7,169.2245,Low Value
C13341,2,2,141.19799999999998,Low Value
C13342,9,15,2468.5635,High Value
C13343,5,5,508.716,Medium Value
C13344,3,3,707.6600000000001,Medium Value
C13345,4,4,428.78000000000003,Medium Value
C13346,7,13,4426.1175,High Value
C13347,4,4,310.0985,Medium Value
C13348,11,14,933.581,High Value
C13349,3,7,1446.491,High Value
C13350,2,3,1209.3,High Value
C13351,3,5,1689.873,High Value
C13352,2,4,32.92,Low Value
C13353,3,5,841.7914999999999,High Value
C13354,5,9,996.453,High Value
C13355,2,3,864.959,High Value
C13356,5,6,131.2775,Low Value
C13357,5,7,727.8344999999999,Medium Value
C13358,6,8,487.101,Medium Value
C13359,6,9,265.1405,Low Value
C13360,5,9,1345.678,High Value
C13361,5,5,319.0305,Medium Value
C13362,4,8,1269.1040000000003,High Value
C13363,4,9,2216.8179999999998,High Value
C13364,10,18,3890.8015,High Value
C13365,2,5,215.85,Low Value
C13366,2,2,14.100000000000001,Low Value
C13367,6,8,622.925,Medium Value
C13368,9,13,1018.846,High Value
C13369,6,11,1642.221,High Value
C13370,6,9,1151.838,High Value
C13371,5,9,531.328,Medium Value
C13372,4,8,524.514,Medium Value
C13373,8,10,1586.5990000000002,High Value
C13374,6,11,1388.784,High Value
C13375,2,2,22.69,Low Value
C13376,4,6,1076.6934999999999,High Value
C13377,5,6,83.1245,Low Value
C13378,1,1,50.29,Low Value
C13379,4,4,248.5505,Low Value
C13380,5,5,171.087,Low Value
C13381,4,6,612.113,Medium Value
C13382,2,3,258.824,Low Value
C13383,3,3,29.669500000000003,Low Value
C13384,5,8,188.951,Low Value
C13385,7,9,760.717,Medium Value
C13386,2,2,65.846,Low Value
C13387,3,3,172.49,Low Value
C13388,6,6,253.06900000000002,Low Value
C13389,6,8,378.55499999999995,Medium Value
C13390,7,9,1279.714,High Value
C13391,5,5,408.35,Medium Value
C13392,6,12,437.8575,Medium Value
C13393,1,1,55.51,Low Value
C13394,3,6,96.278,Low Value
C13395,6,7,1883.75,High Value
C13396,2,4,104.058,Low Value
C13397,5,5,278.159,Low Value
C13398,6,9,823.6545,High Value
C13399,3,3,349.28950000000003,Medium Value
C13400,2,2,71.49600000000001,Low Value
C13401,6,7,280.004,Low Value
C13402,3,3,433.004,Medium Value
C13403,6,11,730.559,Medium Value
C13404,2,3,310.454,Medium Value
C13405,3,4,84.463,Low Value
C13406,6,11,172.29000000000002,Low Value
C13407,6,15,2230.6319999999996,High Value
C13408,6,10,1097.0215,High Value
C13409,2,2,40.609,Low Value
C13410,2,6,255.73999999999998,Low Value
C13411,7,9,1070.2885,High Value
C13412,5,7,354.8945,Medium Value
C13413,3,4,205.91,Low Value
C13414,9,18,4947.89,High Value
C13415,4,5,279.36,Low Value
C13416,6,9,426.147,Medium Value
C13417,3,4,79.67,Low Value
C13418,2,3,368.78,Medium Value
C13419,5,6,230.67900000000003,Low Value
C13420,6,8,1069.0240000000001,High Value
C13421,2,2,101.37,Low Value
C13422,3,4,272.39300000000003,Low Value
C13423,4,7,130.57399999999998,Low Value
C13424,5,7,290.92,Low Value
C13425,2,4,507.16200000000003,Medium Value
C13426,7,10,1460.7675,High Value
C13427,5,6,1632.4725,High Value
C13428,4,6,157.469,Low Value
C13429,2,6,185.29,Low Value
C13430,7,11,1192.5344999999998,High Value
C13431,2,2,178.842,Low Value
C13432,5,6,2063.618,High Value
C13433,2,2,60.809,Low Value
C13434,1,1,90.573,Low Value
C13435,5,9,780.97,High Value
C13436,6,11,1108.2359999999999,High Value
C13437,4,9,222.606,Low Value
C13438,7,9,359.6745,Medium Value
C13439,5,10,570.9884999999999,Medium Value
C13440,8,11,872.5715,High Value
C13441,1,2,2.58,Low Value
C13442,4,7,483.59450000000004,Medium Value
C13443,1,1,5.76,Low Value
C13444,5,9,414.66599999999994,Medium Value
C13445,5,5,239.52800000000002,Low Value
C13446,8,9,568.712,Medium Value
C13447,3,3,542.5790000000001,Medium Value
C13448,4,4,353.65099999999995,Medium Value
C13449,3,5,29.401,Low Value
C13450,3,3,236.05849999999998,Low Value
C13451,4,4,213.083,Low Value
C13452,3,3,1041.8474999999999,High Value
C13453,5,9,429.418,Medium Value
C13454,7,14,5018.35,High Value
C13455,1,1,1.84,Low Value
C13456,4,9,214.128,Low Value
C13457,5,5,363.3895,Medium Value
C13458,3,3,604.346,Medium Value
C13459,3,4,186.73499999999999,Low Value
C13460,8,9,1125.5065,High Value
C13461,4,6,439.051,Medium Value
C13462,7,10,1523.7385,High Value
C13463,2,2,736.2244999999999,Medium Value
C13464,6,9,306.358,Medium Value
C13465,5,8,583.139,Medium Value
C13466,4,4,148.052,Low Value
C13467,5,9,592.472,Medium Value
C13468,2,3,643.701,Medium Value
C13469,1,1,16.317,Low Value
C13470,2,3,100.39750000000001,Low Value
C13471,7,13,726.6895000000001,Medium Value
C13472,6,7,1037.9460000000001,High Value
C13473,2,2,72.7465,Low Value
C13474,3,4,210.27550000000002,Low Value
C13475,4,4,274.9295,Low Value
C13476,6,8,606.756,Medium Value
C13477,5,6,467.4005,Medium Value
C13478,4,9,1025.5755,High Value
C13479,3,6,513.0120000000001,Medium Value
C13480,6,13,1914.645,High Value
C13481,3,8,1929.988,High Value
C13483,7,11,854.9525,High Value
C13484,4,6,179.06249999999997,Low Value
C13485,2,2,256.7575,Low Value
C13486,5,7,401.825,Medium Value
C13487,2,2,354.85,Medium Value
C13488,2,2,225.20399999999998,Low Value
C13489,3,4,328.036,Medium Value
C13490,8,9,2192.428,High Value
C13491,11,19,2103.0265,High Value
C13492,2,3,127.822,Low Value
C13493,3,4,475.63,Medium Value
C13494,3,8,46.4165,Low Value
C13495,7,9,752.526,Medium Value
C13496,7,7,1206.452,High Value
C13497,3,5,131.772,Low Value
C13498,4,7,794.0905,High Value
C13499,3,3,205.19549999999998,Low Value
C13500,6,13,2474.1785,High Value
C13501,3,6,227.296,Low Value
C13502,3,3,195.3005,Low Value
C13503,4,8,306.3485,Medium Value
C13504,8,16,4756.182,High Value
C13505,4,6,622.9875000000001,Medium Value
C13506,7,9,1838.2005,High Value
C13507,2,3,356.18,Medium Value
C13508,3,4,65.2995,Low Value
C13509,3,3,247.49,Low Value
C13510,5,5,267.4085,Low Value
C13511,6,8,366.869,Medium Value
C13512,7,14,1554.9965,High Value
C13513,6,6,561.254,Medium Value
C13514,7,8,303.0385,Medium Value
C13515,7,16,2683.896,High Value
C13516,5,5,255.3585,Low Value
C13517,4,6,154.12900000000002,Low Value
C13518,2,2,614.2645,Medium Value
C13519,3,3,78.798,Low Value
C13520,6,7,381.5855,Medium Value
C13521,4,4,1298.8629999999998,High Value
C13522,2,2,206.2315,Low Value
C13523,3,5,1055.01,High Value
C13524,5,10,1257.004,High Value
C13525,1,1,63.154,Low Value
C13526,4,5,548.361,Medium Value
C13527,6,7,613.9615,Medium Value
C13528,3,7,303.53000000000003,Medium Value
C13529,5,6,616.4885,Medium Value
C13530,5,16,2594.482,High Value
C13531,5,13,462.84849999999994,Medium Value
C13532,1,1,88.0,Low Value
C13533,5,8,375.44100000000003,Medium Value
C13534,8,12,1336.3365,High Value
C13535,6,7,263.799,Low Value
C13536,7,10,2138.9935,High Value
C13537,3,3,57.44,Low Value
C13538,5,5,124.003,Low Value
C13539,6,9,2429.0529999999994,High Value
C13540,3,3,26.2245,Low Value
C13541,3,5,250.09599999999995,Low Value
C13542,2,2,87.201,Low Value
C13543,3,3,652.199,Medium Value
C13544,3,3,147.7875,Low Value
C13545,5,7,339.398,Medium Value
C13546,4,5,330.814,Medium Value
C13547,2,2,735.616,Medium Value
C13548,2,3,40.244,Low Value
C13549,6,7,212.638,Low Value
C13550,2,2,150.14600000000002,Low Value
C13551,5,11,1992.348,High Value
C13552,4,9,711.2090000000001,Medium Value
C13553,9,17,2062.0,High Value
C13554,5,13,1062.508,High Value
C13555,2,4,41.227999999999994,Low Value
C13556,7,10,941.61,High Value
C13557,5,5,262.824,Low Value
C13558,8,19,1801.1235000000001,High Value
C13559,2,3,36.24,Low Value
C13560,6,8,494.66150000000005,Medium Value
C13561,4,5,925.3985,High Value
C13562,3,4,442.10699999999997,Medium Value
C13563,6,8,837.446,High Value
C13564,4,5,257.12,Low Value
C13565,5,10,11984.277999999998,High Value
C13566,3,4,120.41399999999999,Low Value
C13567,3,4,792.56,High Value
C13568,6,11,732.4235,Medium Value
C13569,5,7,804.588,High Value
C13570,2,2,189.15,Low Value
C13571,3,6,464.948,Medium Value
C13572,2,2,91.697,Low Value
C13573,3,4,82.4665,Low Value
C13574,7,11,1107.9325,High Value
C13575,7,12,1501.2459999999999,High Value
C13576,4,5,165.622,Low Value
C13577,6,6,2073.9494999999997,High Value
C13579,3,3,386.29,Medium Value
C13580,5,5,154.37,Low Value
C13581,3,3,165.528,Low Value
C13582,7,9,653.2295,Medium Value
C13583,1,5,227.5025,Low Value
C13584,5,12,5434.435,High Value
C13585,2,2,65.75999999999999,Low Value
C13586,1,1,9.7,Low Value
C13587,7,8,256.66200000000003,Low Value
C13588,5,11,313.286,Medium Value
C13589,1,1,65.76,Low Value
C13590,5,10,364.89649999999995,Medium Value
C13591,4,5,528.8395,Medium Value
C13592,1,1,5.82,Low Value
C13593,4,6,317.7125,Medium Value
C13594,2,3,590.7360000000001,Medium Value
C13595,2,3,220.92399999999998,Low Value
C13596,7,11,1546.7555,High Value
C13597,9,10,799.302,High Value
C13598,9,14,1439.1415,High Value
C13599,2,4,69.08,Low Value
C13600,5,7,1137.5155,High Value
C13601,1,3,285.72,Low Value
C13602,4,10,915.78,High Value
C13603,8,12,1472.455,High Value
C13604,9,13,1265.1765,High Value
C13605,3,3,89.323,Low Value
C13606,4,4,265.71,Low Value
C13607,4,8,710.233,Medium Value
C13608,2,2,236.59,Low Value
C13609,4,5,725.883,Medium Value
C13610,4,6,334.8275,Medium Value
C13611,6,11,547.3765000000001,Medium Value
C13612,3,3,235.10850000000002,Low Value
C13613,6,9,520.0645,Medium Value
C13614,2,2,708.9200000000001,Medium Value
C13615,1,1,101.35,Low Value
C13616,1,4,26.08,Low Value
C13617,3,5,663.007,Medium Value
C13618,5,6,676.9955,Medium Value
C13619,5,9,178.02300000000002,Low Value
C13620,3,5,648.4699999999999,Medium Value
C13621,5,5,279.747,Low Value
C13622,4,9,2133.958,High Value
C13623,4,4,544.76,Medium Value
C13624,4,6,530.092,Medium Value
C13625,7,8,337.5945,Medium Value
C13626,5,7,394.93100000000004,Medium Value
C13627,5,7,773.1875,High Value
C13628,7,9,756.2049999999999,Medium Value
C13629,11,17,1614.8595,High Value
C13630,5,6,1586.502,High Value
C13631,4,6,401.6205,Medium Value
C13632,5,7,301.3225,Medium Value
C13633,5,9,525.5559999999999,Medium Value
C13634,6,8,1900.7305000000001,High Value
C13635,1,1,15.316,Low Value
C13636,4,5,580.957,Medium Value
C13637,4,6,969.833,High Value
C13638,4,6,386.16450000000003,Medium Value
C13639,4,5,374.49949999999995,Medium Value
C13640,1,1,138.0485,Low Value
C13641,4,5,901.8354999999999,High Value
C13642,7,8,705.5274999999999,Medium Value
C13643,2,2,109.788,Low Value
C13644,7,13,709.0719999999999,Medium Value
C13645,7,14,193.62199999999999,Low Value
C13646,5,8,1244.15,High Value
C13647,5,10,477.456,Medium Value
C13648,5,10,1455.0725,High Value
C13649,3,3,552.943,Medium Value
C13650,5,5,774.2925,High Value
C13651,3,6,254.077,Low Value
C13652,3,7,1611.5520000000001,High Value
C13653,4,7,842.29,High Value
C13654,5,8,1186.504,High Value
C13655,6,7,1952.6455,High Value
C13656,2,2,83.9565,Low Value
C13657,5,6,992.983,High Value
C13658,2,2,443.09600000000006,Medium Value
C13659,7,9,1503.4995000000001,High Value
C13660,1,1,118.86,Low Value
C13661,5,7,1271.055,High Value
C13662,1,1,112.01,Low Value
C13663,8,10,1297.683,High Value
C13664,4,7,603.9925000000001,Medium Value
C13665,6,7,1389.5805,High Value
C13666,4,4,1209.3255,High Value
C13667,8,14,3941.9365,High Value
C13668,1,1,59.87,Low Value
C13669,3,4,140.51,Low Value
C13670,6,9,743.68,Medium Value
C13671,4,4,119.232,Low Value
C13672,9,20,4333.6945,High Value
C13673,2,2,33.403999999999996,Low Value
C13674,5,10,437.166,Medium Value
C13675,8,11,2237.49,High Value
C13676,5,10,1035.286,High Value
C13677,5,6,3224.474,High Value
C13678,3,4,398.918,Medium Value
C13679,3,3,397.63,Medium Value
C13680,6,10,676.969,Medium Value
C13681,6,12,1013.1289999999999,High Value
C13682,3,3,555.1635,Medium Value
C13683,6,7,597.2009999999999,Medium Value
C13684,3,3,443.49150000000003,Medium Value
C13685,6,7,988.4725000000001,High Value
C13686,3,4,322.89,Medium Value
C13687,2,2,125.59800000000001,Low Value
C13688,9,10,1185.7119999999998,High Value
C13689,3,6,262.13,Low Value
C13690,4,6,64.452,Low Value
C13691,4,4,90.49799999999999,Low Value
C13692,2,6,67.8065,Low Value
C13693,6,7,279.21,Low Value
C13694,3,3,163.118,Low Value
C13695,4,5,362.33099999999996,Medium Value
C13696,8,13,423.3875,Medium Value
C13697,5,6,235.529,Low Value
C13698,1,2,44.846,Low Value
C13699,4,5,601.968,Medium Value
C13700,5,6,196.52200000000002,Low Value
C13701,4,4,280.573,Low Value
C13702,4,8,518.125,Medium Value
C13704,1,1,550.1625,Medium Value
C13705,4,4,285.34000000000003,Low Value
C13706,1,1,14.2595,Low Value
C13708,4,8,1681.5565,High Value
C13709,6,7,372.0875,Medium Value
C13711,5,9,1111.5900000000001,High Value
C13712,4,5,94.6985,Low Value
C13713,4,4,174.5335,Low Value
C13714,6,15,4566.4015,High Value
C13715,4,8,1701.1335,High Value
C13716,5,7,408.03249999999997,Medium Value
C13717,4,4,354.781,Medium Value
C13718,9,14,3061.9995,High Value
C13719,11,14,1880.4370000000001,High Value
C13720,3,3,297.772,Medium Value
C13721,3,4,104.1365,Low Value
C13722,8,12,1641.3319999999999,High Value
C13723,4,5,124.0545,Low Value
C13724,4,6,576.3620000000001,Medium Value
C13725,1,1,73.83,Low Value
C13726,6,8,1119.904,High Value
C13727,4,4,456.102,Medium Value
C13728,3,3,85.49700000000001,Low Value
C13729,6,12,288.685,Low Value
C13730,6,6,205.712,Low Value
C13731,6,9,337.6965,Medium Value
C13732,4,4,82.8125,Low Value
C13733,2,3,184.83,Low Value
C13734,6,10,857.0705,High Value
C13735,8,10,1192.3065,High Value
C13736,5,5,761.7954999999998,Medium Value
C13737,5,5,948.3145,High Value
C13738,6,7,577.133,Medium Value
C13739,3,4,221.108,Low Value
C13740,4,7,1056.734,High Value
C13741,5,11,647.8499999999999,Medium Value
C13742,7,9,2619.5955,High Value
C13743,4,5,123.253,Low Value
C13744,6,10,1008.1115,High Value
C13745,1,1,47.05,Low Value
C13746,4,8,79.46799999999999,Low Value
C13747,9,12,932.745,High Value
C13748,7,12,2527.5415,High Value
C13749,6,7,516.823,Medium Value
C13750,2,2,82.72,Low Value
C13751,4,5,333.225,Medium Value
C13752,2,3,53.07,Low Value
C13753,3,3,51.6405,Low Value
C13754,6,12,1263.625,High Value
C13755,1,1,11.44,Low Value
C13756,6,7,626.6179999999999,Medium Value
C13757,5,5,212.873,Low Value
C13758,5,8,887.11,High Value
C13759,6,11,747.356,Medium Value
C13760,5,11,1220.936,High Value
C13761,3,5,385.909,Medium Value
C13762,3,5,741.6690000000001,Medium Value
C13763,5,8,778.3629999999999,High Value
C13764,9,13,421.33000000000004,Medium Value
C13765,7,13,2611.837,High Value
C13766,7,9,679.991,Medium Value
C13767,6,16,6546.603,High Value
C13768,3,3,439.264,Medium Value
C13769,3,8,291.588,Low Value
C13770,8,9,1425.313,High Value
C13771,1,1,3.93,Low Value
C13772,5,6,1286.8645000000001,High Value
C13773,4,6,585.985,Medium Value
C13774,4,8,1000.9105000000001,High Value
C13775,8,10,322.423,Medium Value
C13776,1,1,58.93,Low Value
C13777,4,7,949.638,High Value
C13778,3,3,66.076,Low Value
C13779,5,5,768.8005,High Value
C13780,1,1,11.95,Low Value
C13781,3,5,1533.83,High Value
C13782,1,1,185.212,Low Value
C13783,4,4,191.99099999999999,Low Value
C13784,1,2,440.249,Medium Value
C13785,3,4,186.535,Low Value
C13786,5,12,1142.835,High Value
C13787,7,10,2710.028,High Value
C13788,4,4,457.41299999999995,Medium Value
C13789,5,8,539.107,Medium Value
C13790,4,6,94.96199999999999,Low Value
C13791,5,5,357.7025,Medium Value
C13792,4,5,188.77999999999997,Low Value
C13793,6,7,1945.2559999999999,High Value
C13794,3,6,2813.68,High Value
C13795,4,7,1013.4675,High Value
C13796,3,3,310.824,Medium Value
C13797,7,7,1114.9295,High Value
C13798,3,5,194.71200000000002,Low Value
C13799,3,3,29.330000000000002,Low Value
C13800,5,5,468.1055,Medium Value
C13801,4,6,107.85049999999998,Low Value
C13802,4,4,214.5255,Low Value
C13803,6,15,571.6585,Medium Value
C13804,6,10,882.2615,High Value
C13805,2,2,443.66,Medium Value
C13806,3,4,601.3399999999999,Medium Value
C13807,6,8,600.4425,Medium Value
C13808,5,8,576.508,Medium Value
C13809,4,4,180.4195,Low Value
C13810,7,14,1010.51,High Value
C13811,8,10,1298.8445,High Value
C13812,2,3,589.13,Medium Value
C13813,1,1,438.12,Medium Value
C13814,9,16,889.2529999999999,High Value
C13815,7,14,2475.604,High Value
C13816,5,7,794.5274999999999,High Value
C13817,3,3,269.61699999999996,Low Value
C13818,3,3,285.65549999999996,Low Value
C13819,4,5,1503.0610000000001,High Value
C13820,2,2,128.21,Low Value
C13821,2,2,28.7565,Low Value
C13822,3,8,190.17249999999999,Low Value
C13823,6,12,1927.962,High Value
C13824,5,10,533.3465,Medium Value
C13825,9,13,854.085,High Value
C13826,4,6,240.96050000000002,Low Value
C13827,2,4,53.588,Low Value
C13828,5,12,537.6355,Medium Value
C13829,4,5,1434.4470000000001,High Value
C13830,4,9,285.7855,Low Value
C13831,3,4,876.0799999999999,High Value
C13832,4,4,334.51,Medium Value
C13833,3,4,1133.35,High Value
C13834,2,2,884.66,High Value
C13835,3,3,283.081,Low Value
C13836,5,5,350.848,Medium Value
C13837,6,9,914.0955,High Value
C13838,3,4,333.761,Medium Value
C13839,6,9,3027.0455,High Value
C13840,2,2,198.69,Low Value
C13841,5,15,2567.6915,High Value
C13842,1,1,71.23500000000001,Low Value
C13843,2,7,193.618,Low Value
C13845,7,11,908.0585,High Value
C13846,2,7,381.83,Medium Value
C13847,3,7,145.07500000000002,Low Value
C13848,4,6,236.0555,Low Value
C13849,5,7,249.58849999999998,Low Value
C13850,4,5,209.6935,Low Value
C13851,5,7,1515.801,High Value
C13852,4,11,2308.087,High Value
C13853,6,13,819.8915,High Value
C13854,11,14,2093.3349999999996,High Value
C13855,3,3,1431.2359999999999,High Value
C13856,6,10,1346.3855,High Value
C13857,5,7,160.024,Low Value
C13858,2,4,442.52,Medium Value
C13859,3,5,485.2735,Medium Value
C13860,2,2,151.9145,Low Value
C13861,4,4,859.3015,High Value
C13862,4,5,853.3140000000001,High Value
C13863,6,11,2030.1470000000002,High Value
C13864,3,3,536.4409999999999,Medium Value
C13865,7,9,481.33450000000005,Medium Value
C13866,3,5,138.243,Low Value
C13867,6,11,1287.1855,High Value
C13868,4,5,791.4685,High Value
C13869,2,3,10.8,Low Value
C13870,4,5,407.6,Medium Value
C13871,4,5,1091.009,High Value
C13872,3,6,569.636,Medium Value
C13873,5,8,168.202,Low Value
C13874,2,6,57.45,Low Value
C13875,7,11,1750.0845,High Value
C13876,2,2,40.7565,Low Value
C13877,4,5,456.5815,Medium Value
C13878,5,6,319.158,Medium Value
C13879,5,5,617.9,Medium Value
C13880,4,4,377.9505,Medium Value
C13881,4,5,608.1455,Medium Value
C13882,3,5,612.918,Medium Value
C13883,5,9,195.10750000000002,Low Value
C13884,7,11,299.2345,Medium Value
C13885,3,5,634.248,Medium Value
C13886,5,7,181.7715,Low Value
C13887,3,3,525.7825,Medium Value
C13888,5,9,290.8615,Low Value
C13889,3,5,2752.0445,High Value
C13890,3,3,181.982,Low Value
C13891,3,12,1560.292,High Value
C13892,7,8,1234.7235,High Value
C13893,3,5,189.54250000000002,Low Value
C13894,5,8,86.16900000000001,Low Value
C13895,2,6,2537.7239999999997,High Value
C13896,4,5,496.19,Medium Value
C13897,7,12,2096.312,High Value
C13898,3,3,101.848,Low Value
C13899,7,11,1015.3645,High Value
C13900,3,4,406.06399999999996,Medium Value
C13901,3,4,196.092,Low Value
C13902,6,8,1460.209,High Value
C13903,4,4,271.615,Low Value
C13904,8,10,2425.768,High Value
C13905,3,5,323.74,Medium Value
C13906,8,11,1055.797,High Value
C13907,4,4,616.237,Medium Value
C13908,5,7,2093.612,High Value
C13909,3,4,367.602,Medium Value
C13910,3,7,488.14799999999997,Medium Value
C13911,4,11,1311.612,High Value
C13912,3,4,455.51800000000003,Medium Value
C13913,3,3,108.358,Low Value
C13914,6,10,1476.0520000000001,High Value
C13915,3,4,125.0815,Low Value
C13916,4,7,597.5450000000001,Medium Value
C13917,4,6,114.318,Low Value
C13918,2,3,69.92099999999999,Low Value
C13919,2,2,522.72,Medium Value
C13920,7,10,851.567,High Value
C13921,2,7,1165.261,High Value
C13922,1,1,99.12,Low Value
C13923,4,6,592.9554999999999,Medium Value
C13924,5,5,902.3639999999999,High Value
C13925,5,10,3247.8325,High Value
C13926,5,5,1061.1805,High Value
C13927,4,9,1392.002,High Value
C13928,6,10,1643.1275,High Value
C13929,3,4,275.28,Low Value
C13930,6,8,144.813,Low Value
C13931,1,1,351.628,Medium Value
C13932,7,10,452.4595,Medium Value
C13933,5,7,1321.74,High Value
C13934,2,3,130.764,Low Value
C13935,5,9,772.7415,High Value
C13936,8,15,866.8770000000001,High Value
C13937,3,4,252.011,Low Value
C13938,4,4,205.6495,Low Value
C13939,2,2,416.05950000000007,Medium Value
C13940,5,6,583.13,Medium Value
C13941,3,9,451.83500000000004,Medium Value
C13942,3,6,945.85,High Value
C13943,3,6,935.95,High Value
C13944,6,6,664.8475000000001,Medium Value
C13945,4,7,294.43,Medium Value
C13946,1,1,1137.23,High Value
C13947,3,6,309.79499999999996,Medium Value
C13948,5,7,370.684,Medium Value
C13949,4,5,435.99850000000004,Medium Value
C13950,3,3,460.14200000000005,Medium Value
C13951,5,6,492.6,Medium Value
C13952,5,7,309.237,Medium Value
C13953,8,15,1737.903,High Value
C13954,3,4,274.84000000000003,Low Value
C13955,3,3,39.567,Low Value
C13956,3,6,1239.97,High Value
C13957,8,11,1069.4164999999998,High Value
C13958,4,4,222.22999999999996,Low Value
C13959,10,13,576.413,Medium Value
C13960,5,10,1590.382,High Value
C13961,3,6,52.269999999999996,Low Value
C13962,3,4,541.81,Medium Value
C13963,4,5,928.383,High Value
C13964,1,5,1799.4499999999998,High Value
C13965,3,8,75.288,Low Value
C13966,3,7,262.639,Low Value
C13967,5,6,223.292,Low Value
C13968,3,4,1477.3504999999998,High Value
C13969,8,16,1456.9599999999998,High Value
C13970,9,19,1485.064,High Value
C13972,4,8,1699.6699999999998,High Value
C13973,4,4,178.15200000000002,Low Value
C13974,2,2,50.8515,Low Value
C13975,4,4,111.0445,Low Value
C13976,8,11,435.709,Medium Value
C13977,3,5,227.022,Low Value
C13978,3,6,304.096,Medium Value
C13979,2,2,40.83,Low Value
C13980,3,9,450.968,Medium Value
C13981,7,10,1233.0425,High Value
C13982,5,8,472.0005,Medium Value
C13983,7,8,398.4475,Medium Value
C13984,2,2,459.33,Medium Value
C13985,8,11,632.6825,Medium Value
C13986,9,17,4088.2855,High Value
C13987,2,2,766.946,High Value
C13988,5,6,249.00300000000001,Low Value
C13989,2,2,115.606,Low Value
C13990,3,4,189.42049999999998,Low Value
C13991,3,6,141.02,Low Value
C13992,4,5,295.76,Medium Value
C13993,3,4,283.9975,Low Value
C13994,7,11,1095.759,High Value
C13995,2,3,143.633,Low Value
C13996,6,11,1010.563,High Value
C13997,4,6,968.5895,High Value
C13998,5,6,677.4485,Medium Value
C13999,3,7,988.7560000000001,High Value
C14000,7,12,1292.2250000000001,High Value
C14001,5,8,2470.614,High Value
C14002,2,2,419.74,Medium Value
C14003,1,1,3.609,Low Value
C14004,4,6,899.0115000000001,High Value
C14005,7,7,971.0985,High Value
C14006,7,7,303.64549999999997,Medium Value
C14007,4,4,702.9250000000001,Medium Value
C14008,8,9,752.981,Medium Value
C14009,4,4,288.132,Low Value
C14010,3,5,274.49,Low Value
C14011,2,2,106.2405,Low Value
C14012,4,6,370.446,Medium Value
C14013,3,4,95.972,Low Value
C14014,5,5,905.8499999999999,High Value
C14015,4,4,195.22,Low Value
C14016,7,8,534.8340000000001,Medium Value
C14017,1,1,7.08,Low Value
C14018,6,11,554.094,Medium Value
C14019,7,8,1027.882,High Value
C14020,3,3,46.87,Low Value
C14021,7,7,826.792,High Value
C14022,3,3,359.236,Medium Value
C14023,6,7,1431.9025,High Value
C14024,1,1,24.0125,Low Value
C14025,5,6,685.871,Medium Value
C14026,5,5,1120.5415,High Value
C14027,5,11,442.115,Medium Value
C14028,1,1,12.92,Low Value
C14029,4,4,86.18549999999999,Low Value
C14030,4,8,258.5695,Low Value
C14031,2,2,289.74,Low Value
C14032,2,4,277.1835,Low Value
C14033,11,14,1052.708,High Value
C14034,3,9,312.33,Medium Value
C14035,4,4,299.937,Medium Value
C14036,2,2,107.85350000000001,Low Value
C14037,3,4,123.6515,Low Value
C14038,3,3,246.1915,Low Value
C14039,6,7,3348.6730000000002,High Value
C14040,2,2,191.87349999999998,Low Value
C14041,3,3,611.1465000000001,Medium Value
C14042,8,13,921.406,High Value
C14043,1,3,648.78,Medium Value
C14044,7,12,2013.7485000000001,High Value
C14045,4,7,698.687,Medium Value
C14046,1,1,147.93300000000002,Low Value
C14047,2,2,149.68,Low Value
C14049,6,13,1388.7604999999999,High Value
C14050,6,11,2503.64,High Value
C14051,4,5,320.024,Medium Value
C14052,4,6,310.66600000000005,Medium Value
C14053,7,13,3427.2774999999997,High Value
C14054,2,4,684.0329999999999,Medium Value
C14055,5,5,258.137,Low Value
C14056,1,1,8.492999999999999,Low Value
C14057,4,5,135.16,Low Value
C14058,1,1,46.845,Low Value
C14059,4,5,170.6945,Low Value
C14060,4,7,1381.8929999999998,High Value
C14061,3,4,105.94749999999999,Low Value
C14062,7,10,712.85,Medium Value
C14063,5,5,306.5305,Medium Value
C14064,5,9,1574.515,High Value
C14065,3,6,1226.599,High Value
C14066,5,7,1984.199,High Value
C14067,5,9,1192.455,High Value
C14068,4,4,711.9190000000001,Medium Value
C14069,4,6,876.125,High Value
C14070,4,7,264.575,Low Value
C14071,6,8,1048.4715,High Value
C14072,4,6,1038.7559999999999,High Value
C14073,4,7,1017.442,High Value
C14074,1,1,39.05,Low Value
C14075,2,2,162.65,Low Value
C14076,5,6,254.0395,Low Value
C14077,4,6,77.007,Low Value
C14078,6,7,500.01300000000003,Medium Value
C14079,5,6,694.1289999999999,Medium Value
C14080,2,4,174.22199999999998,Low Value
C14081,2,5,225.8565,Low Value
C14082,4,4,147.4365,Low Value
C14083,3,3,86.3845,Low Value
C14085,2,2,63.557,Low Value
C14086,8,12,3382.527,High Value
C14087,7,9,1356.928,High Value
C14088,5,6,679.4159999999999,Medium Value
C14089,4,4,223.72299999999998,Low Value
C14090,10,17,1951.2469999999998,High Value
C14091,3,10,1721.9395,High Value
C14092,2,4,79.23,Low Value
C14093,2,2,32.6145,Low Value
C14094,4,7,336.677,Medium Value
C14095,2,3,1583.74,High Value
C14096,5,6,680.926,Medium Value
C14097,2,3,14.41,Low Value
C14098,1,1,21.66,Low Value
C14099,3,4,407.9665,Medium Value
C14100,3,5,2213.88,High Value
C14101,2,2,11.59,Low Value
C14102,5,10,1055.338,High Value
C14103,3,3,726.1465,Medium Value
C14105,3,3,122.988,Low Value
C14106,4,11,572.0105,Medium Value
C14107,6,8,330.5505,Medium Value
C14108,4,8,612.1999999999999,Medium Value
C14109,3,3,245.82399999999998,Low Value
C14110,1,1,13.96,Low Value
C14111,7,7,512.104,Medium Value
C14112,4,5,248.639,Low Value
C14113,5,9,422.792,Medium Value
C14114,8,13,1066.977,High Value
C14115,1,1,25.974,Low Value
C14116,5,5,647.831,Medium Value
C14117,5,6,382.522,Medium Value
C14118,5,6,620.4304999999999,Medium Value
C14119,2,3,74.19600000000001,Low Value
C14120,6,8,288.8405,Low Value
C14121,3,6,354.40999999999997,Medium Value
C14122,4,5,198.784,Low Value
C14123,2,3,516.9399999999999,Medium Value
C14124,7,12,760.3180000000001,Medium Value
C14125,2,4,3397.154000000001,High Value
C14126,7,10,595.5345,Medium Value
C14127,5,7,812.939,High Value
C14128,2,2,301.406,Medium Value
C14129,5,10,2921.186,High Value
C14130,5,5,1024.357,High Value
C14131,7,8,1434.5405,High Value
C14132,3,5,113.52099999999999,Low Value
C14133,7,8,371.1255,Medium Value
C14134,5,6,158.9375,Low Value
C14135,9,13,1495.5520000000001,High Value
C14136,7,8,728.813,Medium Value
C14137,6,11,2304.8905,High Value
C14138,6,7,275.4065,Low Value
C14139,5,5,143.0795,Low Value
C14140,1,2,11.76,Low Value
C14141,5,6,405.46,Medium Value
C14142,8,11,732.0975000000001,Medium Value
C14143,2,2,582.3645,Medium Value
C14144,6,11,974.2760000000001,High Value
C14145,7,10,1051.3075,High Value
C14146,5,10,669.9095,Medium Value
C14147,2,2,495.28,Medium Value
C14149,1,1,15.58,Low Value
C14150,9,12,3592.3464999999997,High Value
C14151,4,4,512.7955,Medium Value
C14152,3,6,112.34649999999999,Low Value
C14153,4,4,237.3345,Low Value
C14154,3,3,233.39249999999998,Low Value
C14155,4,12,1328.6795000000002,High Value
C14156,1,1,459.03,Medium Value
C14157,6,10,2053.632,High Value
C14158,7,13,1633.9065,High Value
C14159,3,3,368.46999999999997,Medium Value
C14160,2,2,35.379999999999995,Low Value
C14161,3,3,535.3294999999999,Medium Value
C14162,1,1,162.37,Low Value
C14163,5,8,311.81600000000003,Medium Value
C14164,6,10,1421.3595,High Value
C14165,1,1,92.67,Low Value
C14166,4,6,252.90550000000002,Low Value
C14167,5,8,559.729,Medium Value
C14168,2,2,399.49150000000003,Medium Value
C14169,4,6,653.602,Medium Value
C14170,1,1,103.45,Low Value
C14171,5,7,925.846,High Value
C14172,5,7,381.585,Medium Value
C14173,3,3,251.88199999999998,Low Value
C14174,8,9,1217.634,High Value
C14175,4,5,253.70999999999998,Low Value
C14176,2,3,451.588,Medium Value
C14177,6,7,574.5265,Medium Value
C14178,4,4,534.7755,Medium Value
C14179,5,6,1032.714,High Value
C14180,5,8,683.2775000000001,Medium Value
C14181,4,6,122.006,Low Value
C14182,6,9,2339.996,High Value
C14183,5,10,539.9315,Medium Value
C14184,3,3,665.192,Medium Value
C14185,5,7,687.09,Medium Value
C14186,1,3,22.281,Low Value
C14187,5,7,569.7814999999999,Medium Value
C14188,6,7,250.04200000000003,Low Value
C14189,1,1,33.96,Low Value
C14190,4,7,283.6764999999999,Low Value
C14191,4,4,224.5375,Low Value
C14192,3,3,644.7525,Medium Value
C14193,4,5,884.8100000000001,High Value
C14194,2,2,86.3305,Low Value
C14195,2,2,410.94,Medium Value
C14196,5,8,992.5725000000001,High Value
C14197,5,9,291.75100000000003,Low Value
C14198,4,6,111.6935,Low Value
C14199,8,9,1259.192,High Value
C14200,8,12,1850.247,High Value
C14201,3,3,150.912,Low Value
C14202,3,3,462.54999999999995,Medium Value
C14203,2,2,120.99,Low Value
C14204,3,4,632.673,Medium Value
C14205,2,2,46.1655,Low Value
C14206,4,5,374.4145,Medium Value
C14207,8,10,599.5185,Medium Value
C14208,5,10,951.9194999999999,High Value
C14209,2,2,44.3605,Low Value
C14210,6,8,1203.6109999999999,High Value
C14211,3,7,294.4595,Medium Value
C14212,6,11,1314.6885,High Value
C14213,7,9,1201.3764999999999,High Value
C14214,4,4,858.73,High Value
C14215,3,3,111.4435,Low Value
C14216,2,4,236.086,Low Value
C14217,5,8,856.221,High Value
C14218,8,10,3624.549,High Value
C14219,5,5,765.036,Medium Value
C14220,1,3,1180.14,High Value
C14221,7,10,955.0709999999999,High Value
C14222,3,6,1300.808,High Value
C14223,6,11,5460.665999999999,High Value
C14224,5,10,492.16,Medium Value
C14225,7,10,661.494,Medium Value
C14226,2,2,394.79249999999996,Medium Value
C14227,5,5,1218.126,High Value
C14228,12,18,3627.3035,High Value
C14229,2,2,117.6845,Low Value
C14230,2,3,582.02,Medium Value
C14231,8,10,1068.3355,High Value
C14232,7,13,851.5160000000001,High Value
C14233,2,2,41.03999999999999,Low Value
C14234,7,8,664.607,Medium Value
C14235,3,4,98.178,Low Value
C14236,3,5,335.388,Medium Value
C14237,3,6,140.25,Low Value
C14238,3,3,515.657,Medium Value
C14239,4,8,799.5625,High Value
C14240,4,9,768.564,High Value
C14241,5,7,476.2955,Medium Value
C14242,3,3,41.0565,Low Value
C14243,5,6,276.5665,Low Value
C14244,7,13,670.753,Medium Value
C14245,3,3,151.553,Low Value
C14246,1,1,124.4485,Low Value
C14247,2,2,167.18699999999998,Low Value
C14248,2,2,297.0,Medium Value
C14249,3,4,628.94,Medium Value
C14250,4,4,671.172,Medium Value
C14251,4,6,461.5585,Medium Value
C14252,2,4,116.22900000000001,Low Value
C14253,4,7,186.27599999999998,Low Value
C14254,3,3,176.017,Low Value
C14255,7,7,629.6865,Medium Value
C14256,4,4,638.5485,Medium Value
C14257,6,11,1692.0705000000003,High Value
C14258,6,6,1705.203,High Value
C14259,3,3,58.452999999999996,Low Value
C14260,6,10,846.213,High Value
C14261,8,10,2553.536,High Value
C14262,7,12,946.813,High Value
C14263,5,6,1141.4955,High Value
C14264,7,8,815.171,High Value
C14265,2,2,510.7535,Medium Value
C14266,6,11,1501.4524999999999,High Value
C14267,3,6,486.1245,Medium Value
C14268,8,13,1749.9434999999999,High Value
C14269,1,1,966.97,High Value
C14270,7,10,438.53499999999997,Medium Value
C14271,2,5,795.848,High Value
C14272,6,6,314.17650000000003,Medium Value
C14273,2,2,282.32000000000005,Low Value
C14274,6,6,327.336,Medium Value
C14275,6,9,284.6975,Low Value
C14276,6,10,1249.604,High Value
C14277,6,7,776.7225000000001,High Value
C14278,7,11,654.9725,Medium Value
C14279,2,3,177.5855,Low Value
C14280,2,2,72.7735,Low Value
C14281,5,6,1607.626,High Value
C14282,3,6,287.4055,Low Value
C14283,4,4,349.2425,Medium Value
C14284,6,10,738.3725000000001,Medium Value
C14285,3,4,292.086,Low Value
C14286,5,6,511.211,Medium Value
C14287,5,11,628.28,Medium Value
C14288,4,11,785.496,High Value
C14289,6,6,321.94,Medium Value
C14290,4,4,54.57,Low Value
C14291,1,2,33.624,Low Value
C14292,2,3,66.102,Low Value
C14293,6,6,205.581,Low Value
C14294,3,3,86.8015,Low Value
C14295,1,2,503.06,Medium Value
C14296,1,1,754.1455,Medium Value
C14297,7,7,518.4285,Medium Value
C14298,6,6,295.426,Medium Value
C14299,4,5,219.4155,Low Value
C14300,5,7,150.253,Low Value
C14301,2,5,114.57,Low Value
C14302,7,12,4163.1945000000005,High Value
C14303,2,5,3924.2889999999998,High Value
C14304,2,5,552.492,Medium Value
C14305,4,6,2729.464,High Value
C14306,3,4,118.69400000000002,Low Value
C14307,4,4,613.918,Medium Value
C14308,5,7,2377.692,High Value
C14309,6,11,905.5189999999999,High Value
C14310,7,10,687.8215,Medium Value
C14311,6,8,927.9670000000001,High Value
C14312,9,11,2932.024,High Value
C14313,3,6,167.528,Low Value
C14314,5,5,316.1535,Medium Value
C14315,2,2,240.297,Low Value
C14316,5,5,1402.1775,High Value
C14317,4,6,303.57,Medium Value
C14318,9,10,1613.558,High Value
C14319,3,6,1149.536,High Value
C14320,4,7,1960.1100000000001,High Value
C14321,6,8,395.066,Medium Value
C14322,1,1,299.4805,Medium Value
C14323,5,8,1363.5715,High Value
C14324,5,6,496.649,Medium Value
C14325,5,9,606.763,Medium Value
C14326,6,6,309.94,Medium Value
C14327,4,10,880.42,High Value
C14328,2,2,30.481,Low Value
C14329,6,6,1173.7715,High Value
C14330,5,5,284.9885,Low Value
C14331,4,9,276.336,Low Value
C14332,2,2,248.6175,Low Value
C14333,1,1,10.8205,Low Value
C14334,4,4,291.463,Low Value
C14335,3,6,837.6700000000001,High Value
C14337,4,4,562.4995,Medium Value
C14338,2,2,277.19,Low Value
C14339,3,3,111.02799999999999,Low Value
C14340,7,14,934.563,High Value
C14341,3,4,732.1,Medium Value
C14342,3,6,600.0269999999999,Medium Value
C14343,2,2,54.95,Low Value
C14344,1,1,41.61,Low Value
C14345,3,4,162.785,Low Value
C14346,2,2,145.726,Low Value
C14348,5,6,1327.876,High Value
C14349,8,16,2341.392,High Value
C14350,5,9,143.4855,Low Value
C14351,4,7,672.596,Medium Value
C14352,3,5,400.952,Medium Value
C14353,3,3,173.61,Low Value
C14354,10,15,614.6825,Medium Value
C14355,6,14,1231.83,High Value
C14356,4,5,1407.8400000000001,High Value
C14357,5,10,1071.596,High Value
C14358,3,7,338.8235,Medium Value
C14359,1,4,2037.4,High Value
C14360,6,9,746.372,Medium Value
C14361,2,4,87.799,Low Value
C14362,3,3,215.3285,Low Value
C14363,4,7,105.0025,Low Value
C14364,5,9,2081.8355,High Value
C14365,4,4,250.98999999999998,Low Value
C14366,8,13,1006.69,High Value
C14367,4,4,251.49349999999998,Low Value
C14368,4,7,167.103,Low Value
C14369,5,8,887.5625,High Value
C14370,8,10,1231.806,High Value
C14371,6,8,844.245,High Value
C14372,3,3,677.3699999999999,Medium Value
C14373,5,9,295.588,Medium Value
C14374,6,13,1850.68,High Value
C14376,4,11,717.84,Medium Value
C14377,4,5,718.6025,Medium Value
C14378,6,7,4028.6735,High Value
C14379,3,3,153.90099999999998,Low Value
C14380,5,7,639.1445,Medium Value
C14381,3,4,814.4879999999999,High Value
C14382,4,7,239.685,Low Value
C14383,4,5,184.55700000000002,Low Value
C14384,4,6,314.386,Medium Value
C14385,3,4,115.63999999999999,Low Value
C14386,2,4,203.0005,Low Value
C14387,3,3,323.0335,Medium Value
C14388,4,6,265.658,Low Value
C14389,4,4,146.2,Low Value
C14390,5,6,1517.4235,High Value
C14391,2,4,525.4800000000001,Medium Value
C14392,3,3,31.1155,Low Value
C14394,3,4,95.178,Low Value
C14395,3,3,1417.12,High Value
C14396,3,4,176.31,Low Value
C14397,3,5,144.102,Low Value
C14398,2,2,124.12049999999999,Low Value
C14399,4,6,1130.4460000000001,High Value
C14400,3,3,521.235,Medium Value
C14401,2,4,229.428,Low Value
C14402,6,16,1407.5559999999998,High Value
C14403,6,9,820.0609999999999,High Value
C14404,1,1,26.16,Low Value
C14405,3,3,172.08399999999997,Low Value
C14406,6,10,488.8605,Medium Value
C14407,3,3,187.63400000000001,Low Value
C14408,5,5,1507.71,High Value
C14409,6,11,2737.182,High Value
C14410,2,3,513.6985,Medium Value
C14411,3,6,619.5765,Medium Value
C14412,6,8,888.3774999999999,High Value
C14413,3,6,1060.04,High Value
C14414,2,3,1066.8410000000001,High Value
C14415,4,6,212.808,Low Value
C14416,3,8,434.546,Medium Value
C14417,1,2,613.84,Medium Value
C14418,5,6,1389.2985,High Value
C14419,3,3,182.26299999999998,Low Value
C14420,4,4,370.444,Medium Value
C14421,2,3,781.106,High Value
C14422,5,8,2668.6180000000004,High Value
C14423,3,4,146.3395,Low Value
C14424,4,6,749.3430000000001,Medium Value
C14425,4,6,294.44399999999996,Medium Value
C14426,5,7,559.36,Medium Value
C14427,2,4,1439.7,High Value
C14428,7,10,281.463,Low Value
C14429,5,8,4764.88,High Value
C14430,3,4,191.064,Low Value
C14431,7,10,1620.301,High Value
C14432,2,3,1176.8935000000001,High Value
C14433,6,8,694.9100000000001,Medium Value
C14434,3,5,548.344,Medium Value
C14435,9,20,758.822,Medium Value
C14436,1,2,62.643,Low Value
C14437,2,2,72.8055,Low Value
C14439,5,11,676.3415,Medium Value
C14440,4,4,1048.9470000000001,High Value
C14441,2,2,100.17750000000001,Low Value
C14442,2,5,754.57,Medium Value
C14443,6,6,237.118,Low Value
C14444,5,7,826.967,High Value
C14445,2,2,637.249,Medium Value
C14446,7,9,2091.395,High Value
C14447,3,4,220.829,Low Value
C14448,2,3,6.584,Low Value
C14449,2,3,269.99,Low Value
C14450,2,2,271.868,Low Value
C14451,5,12,685.2455,Medium Value
C14452,4,8,169.533,Low Value
C14453,4,4,305.01949999999994,Medium Value
C14454,5,9,485.0545,Medium Value
C14455,6,9,1932.3020000000004,High Value
C14456,5,7,238.7375,Low Value
C14457,3,6,256.5,Low Value
C14458,4,4,494.54999999999995,Medium Value
C14459,4,4,208.835,Low Value
C14460,5,14,3669.5364999999997,High Value
C14461,1,3,26.31,Low Value
C14462,4,7,715.0875,Medium Value
C14463,4,6,346.9085,Medium Value
C14464,4,6,887.742,High Value
C14465,2,2,22.831500000000002,Low Value
C14466,4,5,1037.6345,High Value
C14467,2,2,156.663,Low Value
C14468,3,5,1117.45,High Value
C14469,3,4,99.532,Low Value
C14470,5,5,435.6165000000001,Medium Value
C14471,5,7,1866.08,High Value
C14472,6,13,259.4255,Low Value
C14473,5,6,1116.2675,High Value
C14474,6,11,2454.1745,High Value
C14475,1,3,378.9,Medium Value
C14476,5,5,530.1715,Medium Value
C14477,5,7,972.5609999999999,High Value
C14478,7,14,479.75300000000004,Medium Value
C14479,4,6,786.9495000000001,High Value
C14480,4,5,149.78699999999998,Low Value
C14481,5,6,1233.0,High Value
C14482,10,11,3090.815,High Value
C14483,3,3,347.6,Medium Value
C14484,2,3,228.584,Low Value
C14485,7,8,1128.8455,High Value
C14486,3,7,341.63649999999996,Medium Value
C14487,8,13,974.9730000000001,High Value
C14488,4,5,121.897,Low Value
C14489,2,3,227.81,Low Value
C14490,4,7,2386.972,High Value
C14491,8,14,3404.24,High Value
C14492,8,9,1783.2645,High Value
C14493,8,9,615.1815,Medium Value
C14494,9,15,1987.337,High Value
C14495,1,1,2.95,Low Value
C14496,4,6,551.003,Medium Value
C14497,3,3,133.9675,Low Value
C14498,4,5,78.426,Low Value
C14499,6,10,1989.2865000000002,High Value
C14500,6,7,876.8675000000001,High Value
C14501,5,7,230.91649999999998,Low Value
C14502,1,1,47.861,Low Value
C14503,4,8,298.095,Medium Value
C14504,3,5,940.595,High Value
C14505,5,6,351.7485,Medium Value
C14506,5,8,635.26,Medium Value
C14507,9,15,1520.4655,High Value
C14508,5,6,120.078,Low Value
C14509,1,1,37.525,Low Value
C14510,5,5,705.176,Medium Value
C14511,6,7,296.45500000000004,Medium Value
C14512,5,8,415.13300000000004,Medium Value
C14513,1,1,15.705,Low Value
C14514,6,12,2832.466,High Value
C14515,4,4,376.078,Medium Value
C14516,8,10,1420.445,High Value
C14517,5,7,723.679,Medium Value
C14518,2,3,79.474,Low Value
C14520,2,2,345.278,Medium Value
C14521,7,8,1879.259,High Value
C14522,8,13,787.19,High Value
C14523,4,5,1133.65,High Value
C14524,8,12,486.867,Medium Value
C14525,2,2,87.65,Low Value
C14526,6,8,561.7455,Medium Value
C14527,6,12,1361.3715000000002,High Value
C14528,3,6,382.334,Medium Value
C14529,7,12,1287.6965,High Value
C14530,6,9,1117.8490000000002,High Value
C14531,1,2,1020.78,High Value
C14532,1,1,8.87,Low Value
C14533,6,9,1090.808,High Value
C14534,4,5,1584.5400000000002,High Value
C14535,2,2,310.16099999999994,Medium Value
C14536,4,4,284.42449999999997,Low Value
C14537,5,5,224.6075,Low Value
C14538,6,6,228.804,Low Value
C14539,4,4,143.7815,Low Value
C14540,2,6,2035.004,High Value
C14541,4,6,1492.59,High Value
C14542,8,13,672.8215,Medium Value
C14543,6,11,1249.392,High Value
C14544,4,4,88.6455,Low Value
C14545,5,5,707.576,Medium Value
C14546,2,2,47.723,Low Value
C14547,2,8,419.131,Medium Value
C14548,5,7,560.674,Medium Value
C14549,7,8,460.11300000000006,Medium Value
C14550,6,6,148.8215,Low Value
C14551,5,9,875.4919999999998,High Value
C14552,5,9,671.9490000000001,Medium Value
C14553,3,5,3112.27,High Value
C14554,2,4,450.83,Medium Value
C14555,8,8,168.475,Low Value
C14556,3,4,282.29,Low Value
C14557,4,4,625.8625,Medium Value
C14558,6,7,421.14,Medium Value
C14559,8,13,911.9065,High Value
C14560,3,4,232.59550000000002,Low Value
C14561,4,8,2167.482,High Value
C14562,3,6,569.783,Medium Value
C14563,5,7,986.64,High Value
C14564,2,3,652.11,Medium Value
C14565,3,3,355.611,Medium Value
C14566,5,13,1310.7515,High Value
C14567,5,8,1953.687,High Value
C14568,4,4,108.5535,Low Value
C14569,3,6,991.65,High Value
C14570,7,17,868.187,High Value
C14571,6,6,330.8415,Medium Value
C14572,4,5,211.50699999999998,Low Value
C14573,3,3,160.073,Low Value
C14574,4,5,252.31699999999998,Low Value
C14575,2,3,211.95,Low Value
C14576,11,13,1512.7375,High Value
C14577,3,4,591.278,Medium Value
C14578,9,14,1921.2894999999999,High Value
C14579,4,4,1469.0065,High Value
C14580,1,1,103.8825,Low Value
C14581,4,5,447.767,Medium Value
C14582,3,3,54.28,Low Value
C14583,6,10,1791.2314999999999,High Value
C14584,3,3,498.5475,Medium Value
C14585,6,9,4019.075,High Value
C14586,2,2,53.983,Low Value
C14587,5,8,783.8609999999999,High Value
C14588,4,9,518.134,Medium Value
C14589,4,6,766.104,High Value
C14590,6,7,431.09799999999996,Medium Value
C14591,3,5,329.853,Medium Value
C14592,4,6,573.085,Medium Value
C14593,3,3,187.8565,Low Value
C14594,3,7,623.02,Medium Value
C14595,4,7,485.7145,Medium Value
C14596,1,1,17.952,Low Value
C14597,3,3,134.877,Low Value
C14598,4,5,393.6765,Medium Value
C14599,6,9,417.58799999999997,Medium Value
C14600,3,3,175.287,Low Value
C14601,2,4,31.077,Low Value
C14602,2,6,643.3000000000001,Medium Value
C14603,5,7,398.83,Medium Value
C14604,4,4,202.0625,Low Value
C14605,3,3,146.6,Low Value
C14606,4,4,151.655,Low Value
C14607,3,3,133.188,Low Value
C14608,1,1,27.95,Low Value
C14609,2,2,106.2525,Low Value
C14610,2,2,89.37049999999999,Low Value
C14611,8,13,730.73,Medium Value
C14612,2,3,559.9499999999999,Medium Value
C14613,4,9,2917.8825,High Value
C14614,2,2,77.372,Low Value
C14615,5,8,250.386,Low Value
C14616,5,9,720.389,Medium Value
C14617,4,5,118.422,Low Value
C14618,2,2,558.13,Medium Value
C14619,4,4,154.046,Low Value
C14620,6,8,3312.859,High Value
C14621,6,13,922.3879999999999,High Value
C14622,2,2,144.434,Low Value
C14623,4,8,530.562,Medium Value
C14624,5,9,383.08,Medium Value
C14625,2,2,79.29599999999999,Low Value
C14626,7,10,637.5205,Medium Value
C14627,4,8,4523.832,High Value
C14628,6,8,758.9,Medium Value
C14629,1,1,34.08,Low Value
C14630,3,3,481.765,Medium Value
C14631,4,5,323.042,Medium Value
C14632,2,2,144.26999999999998,Low Value
C14633,3,4,312.6325,Medium Value
C14634,2,6,456.97999999999996,Medium Value
C14635,4,8,259.5605,Low Value
C14636,4,6,510.342,Medium Value
C14637,7,18,1409.6660000000002,High Value
C14638,1,1,144.343,Low Value
C14640,1,3,46.77,Low Value
C14641,3,7,2680.839,High Value
C14642,6,7,600.73,Medium Value
C14643,3,4,335.524,Medium Value
C14644,4,5,253.8,Low Value
C14645,1,1,470.478,Medium Value
C14646,4,4,225.657,Low Value
C14647,5,6,1178.6680000000001,High Value
C14648,6,11,691.382,Medium Value
C14649,6,10,1418.877,High Value
C14650,4,12,2084.6940000000004,High Value
C14651,4,8,186.612,Low Value
C14652,6,10,1976.203,High Value
C14653,2,2,36.092,Low Value
C14654,9,14,789.719,High Value
C14655,7,7,648.9385,Medium Value
C14656,4,4,586.955,Medium Value
C14657,5,11,2248.83,High Value
C14658,5,6,789.9000000000001,High Value
C14659,3,3,1928.7885,High Value
C14660,4,7,419.07399999999996,Medium Value
C14661,7,12,3634.2419999999997,High Value
C14662,3,4,276.867,Low Value
C14663,4,5,497.952,Medium Value
C14664,6,7,1840.109,High Value
C14665,5,8,826.025,High Value
C14666,3,3,98.07000000000001,Low Value
C14668,2,2,335.82,Medium Value
C14669,6,8,1495.6835,High Value
C14670,8,12,1699.0835,High Value
C14671,3,7,283.727,Low Value
C14672,1,3,118.68,Low Value
C14673,3,3,209.63,Low Value
C14674,7,12,1415.453,High Value
C14675,12,19,2802.7415,High Value
C14676,3,6,225.96,Low Value
C14677,6,10,2488.2690000000002,High Value
C14678,4,5,165.352,Low Value
C14679,2,4,1135.566,High Value
C14680,7,10,1340.104,High Value
C14681,8,9,1214.7265,High Value
C14682,6,11,1437.955,High Value
C14683,8,13,1226.3035,High Value
C14684,4,6,172.456,Low Value
C14685,3,4,81.2935,Low Value
C14686,3,3,323.7315,Medium Value
C14687,7,12,400.282,Medium Value
C14688,3,8,1832.95,High Value
C14689,4,7,683.764,Medium Value
C14690,5,6,1199.267,High Value
C14691,5,10,227.789,Low Value
C14692,5,8,792.07,High Value
C14693,2,4,359.37600000000003,Medium Value
C14694,6,11,2021.9990000000003,High Value
C14695,3,5,1041.4440000000002,High Value
C14696,6,7,245.325,Low Value
C14697,4,7,564.616,Medium Value
C14698,2,2,111.531,Low Value
C14699,2,7,41.559999999999995,Low Value
C14700,3,7,1236.666,High Value
C14701,4,6,781.782,High Value
C14702,2,2,44.890499999999996,Low Value
C14703,7,8,380.8775,Medium Value
C14704,2,6,133.24699999999999,Low Value
C14705,4,5,310.385,Medium Value
C14707,3,3,32.31,Low Value
C14708,3,7,3406.0899999999997,High Value
C14709,4,4,631.5749999999999,Medium Value
C14710,5,9,1745.1765,High Value
C14711,5,8,2965.7055,High Value
C14712,2,3,179.24,Low Value
C14713,6,13,1494.86,High Value
C14714,6,13,715.287,Medium Value
C14715,5,6,980.315,High Value
C14716,2,2,149.91,Low Value
C14717,5,8,388.047,Medium Value
C14718,5,11,374.876,Medium Value
C14719,9,9,904.8905,High Value
C14720,2,4,245.0,Low Value
C14721,5,11,1435.234,High Value
C14722,6,7,302.863,Medium Value
C14723,11,19,1687.6015,High Value
C14724,5,7,1669.465,High Value
C14725,5,6,199.89499999999998,Low Value
C14726,2,5,88.75399999999999,Low Value
C14727,6,7,647.064,Medium Value
C14728,4,5,853.0989999999999,High Value
C14729,8,11,337.959,Medium Value
C14730,1,1,34.409,Low Value
C14731,2,2,593.28,Medium Value
C14732,5,11,721.5375,Medium Value
C14733,7,8,407.208,Medium Value
C14734,5,8,241.92,Low Value
C14735,6,8,1132.528,High Value
C14736,5,7,1040.4805,High Value
C14737,3,3,266.843,Low Value
C14738,1,1,169.82,Low Value
C14739,3,4,98.947,Low Value
C14741,5,5,985.0699999999999,High Value
C14742,3,5,93.6345,Low Value
C14743,4,4,96.713,Low Value
C14744,6,8,470.19700000000006,Medium Value
C14745,3,4,975.3834999999999,High Value
C14746,6,6,487.5825,Medium Value
C14747,5,8,1280.705,High Value
C14748,5,9,537.4019999999999,Medium Value
C14749,5,6,162.6805,Low Value
C14750,4,7,1058.76,High Value
C14751,3,3,222.724,Low Value
C14752,9,12,563.911,Medium Value
C14753,4,8,491.8135,Medium Value
C14754,4,4,632.784,Medium Value
C14755,1,1,1857.48,High Value
C14756,4,6,397.8315,Medium Value
C14757,7,10,947.79,High Value
C14758,6,7,1670.6200000000001,High Value
C14759,5,5,1134.2145,High Value
C14760,9,11,1949.072,High Value
C14761,4,6,96.044,Low Value
C14762,2,3,228.25,Low Value
C14763,6,6,2443.7225,High Value
C14764,4,4,505.4455,Medium Value
C14765,3,6,99.098,Low Value
C14766,4,4,993.468,High Value
C14767,3,5,553.837,Medium Value
C14768,5,8,2087.6845,High Value
C14769,5,9,770.6750000000001,High Value
C14770,4,6,474.884,Medium Value
C14771,1,3,108.813,Low Value
C14772,2,5,1608.5839999999998,High Value
C14773,4,4,280.4275,Low Value
C14774,3,3,290.176,Low Value
C14775,4,5,204.743,Low Value
C14776,3,5,395.7765,Medium Value
C14777,3,6,169.294,Low Value
C14778,5,7,480.392,Medium Value
C14779,3,6,552.173,Medium Value
C14780,11,23,2764.8624999999997,High Value
C14781,3,9,217.8555,Low Value
C14782,7,8,856.891,High Value
C14783,2,3,183.75,Low Value
C14784,8,9,990.4499999999999,High Value
C14785,5,8,254.688,Low Value
C14786,4,5,1050.8870000000002,High Value
C14787,5,6,570.817,Medium Value
C14788,1,1,13.46,Low Value
C14789,3,3,72.417,Low Value
C14790,6,12,770.2475000000001,High Value
C14791,3,4,280.1525,Low Value
C14792,3,3,260.15,Low Value
C14793,6,13,972.668,High Value
C14795,7,8,637.6390000000001,Medium Value
C14796,4,7,327.826,Medium Value
C14797,6,7,1113.704,High Value
C14798,9,9,351.737,Medium Value
C14799,6,7,510.977,Medium Value
C14800,5,6,386.2855,Medium Value
C14801,6,8,634.4929999999999,Medium Value
C14802,3,9,592.032,Medium Value
C14803,5,6,463.15749999999997,Medium Value
C14804,6,10,1836.6399999999999,High Value
C14805,8,8,913.1445,High Value
C14806,7,13,1422.0615,High Value
C14807,3,3,68.604,Low Value
C14808,2,2,233.5665,Low Value
C14809,3,3,310.7364999999999,Medium Value
C14810,3,3,279.778,Low Value
C14811,4,4,590.5989999999999,Medium Value
C14812,4,7,263.003,Low Value
C14813,3,3,104.049,Low Value
C14814,4,5,2106.749,High Value
C14815,6,10,969.493,High Value
C14816,4,5,1683.6855000000003,High Value
C14817,3,6,552.7195,Medium Value
C14818,4,6,896.5819999999999,High Value
C14819,2,2,13.1505,Low Value
C14820,5,10,586.506,Medium Value
C14821,3,4,105.73,Low Value
C14822,2,4,163.404,Low Value
C14823,6,6,246.337,Low Value
C14824,4,7,170.57,Low Value
C14825,7,9,608.7725,Medium Value
C14826,6,6,1534.432,High Value
C14827,2,2,249.5335,Low Value
C14828,3,4,186.923,Low Value
C14829,4,6,284.196,Low Value
C14830,3,6,515.95,Medium Value
C14831,4,6,1393.021,High Value
C14833,6,12,1535.386,High Value
C14834,6,9,686.5345000000001,Medium Value
C14835,7,10,324.19,Medium Value
C14836,4,7,1400.616,High Value
C14837,6,15,269.5455,Low Value
C14838,7,9,1416.8945,High Value
C14839,6,8,752.9590000000001,Medium Value
C14840,4,4,586.9599999999999,Medium Value
C14841,6,7,643.489,Medium Value
C14842,3,3,260.585,Low Value
C14843,2,3,132.2045,Low Value
C14844,3,5,458.17,Medium Value
C14845,2,3,117.21000000000001,Low Value
C14846,7,10,433.827,Medium Value
C14847,3,9,614.0465,Medium Value
C14848,4,7,514.401,Medium Value
C14849,7,11,229.0585,Low Value
C14850,3,5,107.03,Low Value
C14851,2,4,106.96000000000001,Low Value
C14852,4,5,588.462,Medium Value
C14853,6,11,1825.9229999999998,High Value
C14854,8,13,1176.2630000000001,High Value
C14855,1,1,6.09,Low Value
C14856,4,6,183.63,Low Value
C14857,5,6,273.1425,Low Value
C14858,7,7,807.4250000000001,High Value
C14859,5,5,95.0675,Low Value
C14860,3,6,558.45,Medium Value
C14861,4,5,195.422,Low Value
C14862,6,6,827.0640000000001,High Value
C14863,6,7,768.131,High Value
C14864,6,6,556.326,Medium Value
C14865,8,11,2558.3965,High Value
C14866,5,5,475.20000000000005,Medium Value
C14867,3,6,239.036,Low Value
C14868,4,6,354.64250000000004,Medium Value
C14869,5,6,283.16999999999996,Low Value
C14870,3,3,25.0485,Low Value
C14872,3,3,601.78,Medium Value
C14873,9,11,1926.9395,High Value
C14874,3,3,223.7295,Low Value
C14875,6,8,965.0509999999999,High Value
C14876,8,18,2415.556,High Value
C14878,7,10,1629.203,High Value
C14879,6,7,549.4675,Medium Value
C14880,3,4,130.10899999999998,Low Value
C14881,5,10,622.4605,Medium Value
C14882,4,5,459.4895,Medium Value
C14883,3,3,70.2,Low Value
C14884,1,1,40.05,Low Value
C14885,3,6,261.079,Low Value
C14886,4,4,118.555,Low Value
C14887,8,18,1347.5245,High Value
C14888,3,3,191.827,Low Value
C14889,9,13,675.701,Medium Value
C14890,3,6,72.83099999999999,Low Value
C14891,5,6,618.986,Medium Value
C14892,2,2,404.3085,Medium Value
C14893,6,7,918.23,High Value
C14895,6,9,1712.2515,High Value
C14896,2,5,289.74,Low Value
C14897,8,11,992.5245,High Value
C14898,4,5,156.4645,Low Value
C14899,7,8,1148.5935,High Value
C14900,4,6,899.955,High Value
C14901,5,6,1258.73,High Value
C14902,1,1,106.932,Low Value
C14903,1,1,18.153,Low Value
C14904,6,10,239.6205,Low Value
C14905,5,7,148.732,Low Value
C14906,6,6,1374.1185,High Value
C14907,3,5,1323.9475,High Value
C14908,5,8,260.285,Low Value
C14909,5,8,1381.355,High Value
C14910,5,6,723.96,Medium Value
C14911,6,7,692.4905,Medium Value
C14912,3,3,91.788,Low Value
C14913,6,11,1787.7640000000001,High Value
C14914,2,5,358.817,Medium Value
C14915,7,7,398.9565,Medium Value
C14916,8,16,901.4784999999999,High Value
C14917,8,10,2124.682,High Value
C14918,3,4,49.8265,Low Value
C14919,5,7,1320.7575,High Value
C14920,8,10,1589.918,High Value
C14921,2,6,401.47,Medium Value
C14922,4,6,915.2195,High Value
C14923,3,4,88.316,Low Value
C14924,2,3,208.82000000000002,Low Value
C14925,9,13,1808.7,High Value
C14926,3,5,409.903,Medium Value
C14927,5,7,1090.114,High Value
C14928,7,10,495.08799999999997,Medium Value
C14929,5,12,2824.2450000000003,High Value
C14930,7,10,2038.6720000000003,High Value
C14931,6,11,520.4395,Medium Value
C14932,3,3,264.07,Low Value
C14933,5,9,790.0899999999999,High Value
C14934,5,6,1284.166,High Value
C14935,5,6,201.2215,Low Value
C14936,2,6,484.9495,Medium Value
C14937,5,5,481.79999999999995,Medium Value
C14938,5,8,1394.178,High Value
C14939,9,11,1068.1399999999999,High Value
C14940,3,3,307.92999999999995,Medium Value
C14941,2,3,31.6,Low Value
C14942,9,12,1040.135,High Value
C14943,5,10,688.218,Medium Value
C14944,10,15,825.457,High Value
C14945,7,7,364.7585,Medium Value
C14946,5,8,1060.813,High Value
C14947,4,7,637.0055,Medium Value
C14948,6,6,140.4715,Low Value
C14949,3,4,276.46999999999997,Low Value
C14950,3,8,437.0795,Medium Value
C14951,4,4,83.23,Low Value
C14952,2,2,557.49,Medium Value
C14953,7,8,766.2025,High Value
C14954,7,8,289.306,Low Value
C14955,3,4,737.7955000000001,Medium Value
C14956,1,1,38.1995,Low Value
C14957,5,7,237.14600000000002,Low Value
C14958,6,11,1263.5725,High Value
C14959,6,10,2508.902,High Value
C14960,4,9,628.99,Medium Value
C14961,1,1,1478.4219999999998,High Value
C14962,3,7,1566.326,High Value
C14963,3,5,226.64499999999998,Low Value
C14964,8,20,548.1255,Medium Value
C14965,4,4,1612.7404999999999,High Value
C14966,3,7,128.1945,Low Value
C14967,3,4,142.76600000000002,Low Value
C14968,4,5,155.3315,Low Value
C14969,7,7,172.1675,Low Value
C14970,6,10,2184.45,High Value
C14971,7,13,598.2205,Medium Value
C14972,1,1,13.52,Low Value
C14973,3,3,848.0445,High Value
C14974,3,4,1160.339,High Value
C14975,3,4,159.31300000000002,Low Value
C14976,8,12,207.27100000000002,Low Value
C14977,1,1,128.81,Low Value
C14978,2,2,387.738,Medium Value
C14979,6,9,954.642,High Value
C14980,4,4,605.1899999999999,Medium Value
C14981,1,4,403.92,Medium Value
C14983,5,5,372.08500000000004,Medium Value
C14984,1,1,40.203,Low Value
C14986,2,4,177.558,Low Value
C14987,5,9,1229.4285,High Value
C14988,6,6,752.01,Medium Value
C14989,2,4,51.93,Low Value
C14990,5,9,621.93,Medium Value
C14991,2,3,120.05000000000001,Low Value
C14992,8,10,619.1625,Medium Value
C14993,2,3,149.481,Low Value
C14994,8,10,543.769,Medium Value
C14995,5,7,791.731,High Value
C14996,4,5,1354.62,High Value
C14997,5,7,1187.1175,High Value
C14998,3,5,818.9205000000001,High Value
C14999,4,5,1225.6100000000001,High Value
C15000,5,10,2059.5845,High Value
C15001,4,5,492.0865,Medium Value
C15002,4,6,425.132,Medium Value
C15003,5,8,919.9679999999998,High Value
C15004,4,4,76.07999999999998,Low Value
C15005,3,3,339.6765,Medium Value
C15006,2,3,34.02,Low Value
C15007,3,5,533.755,Medium Value
C15008,7,11,2980.194,High Value
C15009,4,6,1110.48,High Value
C15010,1,1,13.14,Low Value
C15011,5,8,184.35,Low Value
C15012,3,7,801.5790000000001,High Value
C15013,2,2,348.01500000000004,Medium Value
C15014,3,5,176.07750000000001,Low Value
C15015,3,3,174.1605,Low Value
C15016,7,13,1771.477,High Value
C15017,5,5,146.173,Low Value
C15018,2,2,68.6015,Low Value
C15019,4,7,305.001,Medium Value
C15020,3,6,526.1899999999999,Medium Value
C15021,3,6,1425.8500000000001,High Value
C15022,2,5,38.544,Low Value
C15023,1,1,105.96,Low Value
C15024,10,18,2488.2825000000003,High Value
C15025,3,3,31.663999999999998,Low Value
C15026,3,4,55.489999999999995,Low Value
C15027,5,5,212.8125,Low Value
C15028,3,3,1509.632,High Value
C15029,5,10,1364.438,High Value
C15030,3,4,172.939,Low Value
C15031,5,9,436.709,Medium Value
C15032,4,8,464.577,Medium Value
C15033,1,1,22.696,Low Value
C15034,2,2,81.8065,Low Value
C15035,1,1,12.56,Low Value
C15036,4,4,308.622,Medium Value
C15037,7,14,973.402,High Value
C15038,2,2,161.985,Low Value
C15039,4,4,615.06,Medium Value
C15040,2,2,148.2625,Low Value
C15041,4,5,471.7905,Medium Value
C15042,4,5,727.0045,Medium Value
C15043,8,14,2549.7400000000002,High Value
C15044,1,1,847.35,High Value
C15045,5,7,63.472,Low Value
C15046,1,1,117.62,Low Value
C15047,5,7,2657.388,High Value
C15048,4,5,1041.846,High Value
C15049,5,9,1265.0,High Value
C15050,2,3,139.76999999999998,Low Value
C15051,8,11,952.6535,High Value
C15052,3,5,630.751,Medium Value
C15053,4,5,373.852,Medium Value
C15054,7,10,585.8095,Medium Value
C15055,7,17,1819.534,High Value
C15056,3,5,326.731,Medium Value
C15057,5,8,670.8475,Medium Value
C15058,5,8,1061.7995,High Value
C15059,4,7,1427.9089999999999,High Value
C15060,2,6,227.02299999999997,Low Value
C15061,4,11,1597.306,High Value
C15062,6,9,323.3795,Medium Value
C15063,8,12,2868.044,High Value
C15064,5,9,1172.2445,High Value
C15065,5,8,1148.5529999999999,High Value
C15066,4,6,127.6625,Low Value
C15067,3,5,1327.1585,High Value
C15068,4,7,2823.0219999999995,High Value
C15069,5,5,252.49,Low Value
C15070,3,5,236.69199999999998,Low Value
C15071,1,1,590.54,Medium Value
C15072,5,7,314.845,Medium Value
C15073,5,7,348.13750000000005,Medium Value
C15074,4,9,1414.23,High Value
C15075,2,2,35.192,Low Value
C15076,3,5,364.14149999999995,Medium Value
C15077,7,7,1033.2965,High Value
C15078,4,6,569.007,Medium Value
C15079,5,7,643.4195000000001,Medium Value
C15080,7,8,1316.6105,High Value
C15081,4,4,523.173,Medium Value
C15082,3,6,68.22,Low Value
C15083,6,9,1434.07,High Value
C15084,4,8,301.31949999999995,Medium Value
C15085,6,10,1931.3619999999999,High Value
C15086,5,6,264.147,Low Value
C15087,6,17,2048.0389999999998,High Value
C15088,9,17,864.8005,High Value
C15089,9,14,1811.4679999999998,High Value
C15090,2,2,204.156,Low Value
C15091,8,14,1971.025,High Value
C15092,4,5,194.37600000000003,Low Value
C15093,5,9,719.9215,Medium Value
C15094,3,3,376.8675,Medium Value
C15095,3,5,268.219,Low Value
C15096,6,10,2934.9165,High Value
C15097,5,5,108.9585,Low Value
C15098,2,2,43.903,Low Value
C15099,4,8,233.483,Low Value
C15100,2,2,45.576499999999996,Low Value
C15101,7,13,874.287,High Value
C15102,3,3,236.2405,Low Value
C15103,2,5,41.78,Low Value
C15104,4,7,354.75,Medium Value
C15105,4,4,816.488,High Value
C15106,1,1,607.65,Medium Value
C15107,2,3,409.96000000000004,Medium Value
C15108,5,6,975.086,High Value
C15109,7,11,3514.4700000000003,High Value
C15110,3,3,396.0905,Medium Value
C15111,3,6,67.189,Low Value
C15112,5,7,944.7574999999998,High Value
C15113,7,13,1713.951,High Value
C15114,2,3,246.25,Low Value
C15115,1,1,82.86,Low Value
C15116,4,7,549.0835,Medium Value
C15117,3,4,124.80250000000001,Low Value
C15118,1,1,91.647,Low Value
C15119,3,3,172.66649999999998,Low Value
C15120,3,3,282.99,Low Value
C15121,4,11,1357.545,High Value
C15122,4,5,209.8825,Low Value
C15123,2,2,529.01,Medium Value
C15124,3,3,654.6325,Medium Value
C15125,5,10,1278.912,High Value
C15126,4,4,1183.2040000000002,High Value
C15127,8,8,291.242,Low Value
C15128,1,1,12.93,Low Value
C15129,3,3,333.9735,Medium Value
C15130,3,8,728.7845,Medium Value
C15131,6,10,517.931,Medium Value
C15132,6,8,2466.5615000000003,High Value
C15133,3,5,463.98199999999997,Medium Value
C15134,4,6,1904.55,High Value
C15135,2,4,264.324,Low Value
C15136,5,8,723.447,Medium Value
C15137,8,15,3458.645,High Value
C15138,4,7,207.086,Low Value
C15139,9,14,1115.849,High Value
C15140,2,2,69.793,Low Value
C15141,7,11,399.06850000000003,Medium Value
C15142,4,7,311.8455,Medium Value
C15143,6,8,414.647,Medium Value
C15144,5,6,944.5645,High Value
C15145,5,5,473.82050000000004,Medium Value
C15146,3,4,390.94,Medium Value
C15147,6,6,609.3205,Medium Value
C15148,1,1,246.55,Low Value
C15149,7,9,438.998,Medium Value
C15150,6,9,731.29,Medium Value
C15151,5,5,476.089,Medium Value
C15152,2,2,45.6715,Low Value
C15153,9,14,1080.582,High Value
C15154,4,9,973.3785,High Value
C15155,3,4,255.5535,Low Value
C15156,4,7,319.6965,Medium Value
C15157,4,7,262.302,Low Value
C15158,11,15,840.7145,High Value
C15159,4,5,599.447,Medium Value
C15160,1,1,142.73749999999998,Low Value
C15161,9,11,1879.7839999999999,High Value
C15162,5,6,236.524,Low Value
C15163,5,5,332.1535,Medium Value
C15164,3,3,82.1395,Low Value
C15165,3,4,269.11,Low Value
C15166,7,10,941.8730000000002,High Value
C15167,8,13,2119.18,High Value
C15168,1,1,91.55,Low Value
C15169,5,7,1211.5925,High Value
C15170,3,3,270.66600000000005,Low Value
C15171,6,7,1250.2165,High Value
C15172,4,8,218.22,Low Value
C15173,4,5,1062.45,High Value
C15174,2,4,114.77000000000001,Low Value
C15175,5,8,587.014,Medium Value
C15176,7,9,1103.564,High Value
C15177,4,6,1302.3300000000002,High Value
C15178,6,7,401.4565,Medium Value
C15179,5,6,611.4604999999999,Medium Value
C15180,6,7,754.861,Medium Value
C15181,4,6,159.774,Low Value
C15182,5,8,581.889,Medium Value
C15183,2,2,196.68,Low Value
C15184,5,8,136.82500000000002,Low Value
C15185,5,6,2047.276,High Value
C15186,3,6,288.5675,Low Value
C15187,3,7,192.16,Low Value
C15188,10,11,1639.517,High Value
C15189,5,5,603.679,Medium Value
C15190,9,21,2376.0505000000003,High Value
C15191,6,11,802.3370000000001,High Value
C15192,5,7,487.33000000000004,Medium Value
C15193,7,7,615.8684999999999,Medium Value
C15194,4,4,2628.167,High Value
C15195,4,6,193.46,Low Value
C15196,3,3,535.184,Medium Value
C15197,3,6,211.906,Low Value
C15198,2,2,143.56,Low Value
C15199,2,2,29.339,Low Value
C15200,5,6,619.28,Medium Value
C15201,6,8,179.19650000000001,Low Value
C15202,10,16,1555.5584999999999,High Value
C15203,9,14,4121.9015,High Value
C15204,1,1,37.9715,Low Value
C15205,6,9,1797.1879999999999,High Value
C15206,3,8,407.273,Medium Value
C15207,7,8,534.21,Medium Value
C15208,7,8,950.2075,High Value
C15209,2,2,213.985,Low Value
C15210,2,2,53.3845,Low Value
C15211,3,4,428.808,Medium Value
C15212,4,4,529.5645,Medium Value
C15213,3,3,52.209999999999994,Low Value
C15214,3,6,154.1805,Low Value
C15215,4,5,336.74499999999995,Medium Value
C15216,2,4,603.49,Medium Value
C15217,6,6,1265.4234999999999,High Value
C15218,3,3,131.853,Low Value
C15219,3,3,1013.433,High Value
C15220,3,8,1713.3165,High Value
C15221,2,2,41.63,Low Value
C15222,6,6,225.3365,Low Value
C15223,4,5,330.5175,Medium Value
C15224,1,4,1500.3,High Value
C15225,2,2,14.2975,Low Value
C15226,4,8,2231.9085,High Value
C15227,1,1,1.24,Low Value
C15228,3,3,87.3245,Low Value
C15229,7,7,239.524,Low Value
C15230,5,5,451.285,Medium Value
C15231,6,10,439.00399999999996,Medium Value
C15232,6,8,263.72749999999996,Low Value
C15233,4,5,277.94050000000004,Low Value
C15234,7,9,462.0685,Medium Value
C15235,3,7,266.54449999999997,Low Value
C15236,6,9,903.3064999999999,High Value
C15237,7,9,552.293,Medium Value
C15238,4,4,337.5365,Medium Value
C15239,6,7,173.0445,Low Value
C15240,5,6,693.934,Medium Value
C15241,3,6,500.26300000000003,Medium Value
C15242,4,6,183.841,Low Value
C15243,5,8,339.763,Medium Value
C15244,4,5,190.751,Low Value
C15245,2,3,262.87100000000004,Low Value
C15246,4,4,983.4350000000001,High Value
C15247,7,9,338.467,Medium Value
C15248,9,11,658.7570000000001,Medium Value
C15249,8,9,1051.974,High Value
C15250,2,2,134.40300000000002,Low Value
C15251,5,7,317.5135,Medium Value
C15252,3,7,310.512,Medium Value
C15253,5,5,757.16,Medium Value
C15254,5,8,6509.9445,High Value
C15255,6,7,542.576,Medium Value
C15256,3,4,308.851,Medium Value
C15257,6,6,248.32150000000001,Low Value
C15258,4,5,81.9085,Low Value
C15259,2,6,171.06050000000002,Low Value
C15260,4,10,2585.182,High Value
C15261,5,8,527.28,Medium Value
C15262,5,7,746.832,Medium Value
C15263,4,4,407.692,Medium Value
C15264,4,4,163.3125,Low Value
C15265,8,9,431.2215,Medium Value
C15266,3,3,280.145,Low Value
C15267,2,6,748.04,Medium Value
C15268,6,9,1305.0545,High Value
C15269,6,8,460.55949999999996,Medium Value
C15270,3,3,953.299,High Value
C15271,4,4,345.4655,Medium Value
C15272,5,5,1631.1415000000002,High Value
C15273,6,12,1301.344,High Value
C15274,3,3,197.89,Low Value
C15275,8,10,831.0025,High Value
C15276,3,3,62.944500000000005,Low Value
C15277,3,3,159.6105,Low Value
C15278,4,6,945.5619999999999,High Value
C15279,7,10,1181.705,High Value
C15280,8,10,300.02799999999996,Medium Value
C15281,3,6,1460.528,High Value
C15282,1,1,22.94,Low Value
C15283,5,10,733.5055,Medium Value
C15284,2,2,340.038,Medium Value
C15285,5,7,993.828,High Value
C15286,2,2,76.7175,Low Value
C15287,7,7,714.9934999999999,Medium Value
C15288,2,3,722.5504999999999,Medium Value
C15289,7,12,2410.888,High Value
C15290,5,5,159.8025,Low Value
C15291,5,6,729.832,Medium Value
C15292,3,3,600.9045,Medium Value
C15293,5,7,189.28400000000002,Low Value
C15294,3,3,226.43550000000002,Low Value
C15295,5,9,789.5949999999999,High Value
C15296,2,2,65.70150000000001,Low Value
C15297,5,9,120.22999999999999,Low Value
C15298,5,9,286.125,Low Value
C15299,6,9,162.797,Low Value
C15300,6,15,802.745,High Value
C15301,8,10,379.15,Medium Value
C15302,7,12,655.3485,Medium Value
C15303,4,7,1145.388,High Value
C15304,2,6,230.367,Low Value
C15305,5,5,388.5145,Medium Value
C15306,3,3,396.3905,Medium Value
C15307,5,14,1431.29,High Value
C15308,7,15,2096.1155000000003,High Value
C15309,3,3,32.218999999999994,Low Value
C15310,8,9,960.1145,High Value
C15311,9,18,2099.6135,High Value
C15312,2,3,282.961,Low Value
C15313,1,1,404.703,Medium Value
C15314,4,5,186.518,Low Value
C15315,7,7,382.725,Medium Value
C15316,6,9,2680.322,High Value
C15317,4,6,1109.481,High Value
C15318,5,5,835.3275,High Value
C15319,8,11,1216.244,High Value
C15320,3,3,554.584,Medium Value
C15321,4,4,210.373,Low Value
C15322,5,7,421.988,Medium Value
C15323,4,7,699.2969999999999,Medium Value
C15324,5,5,868.9790000000002,High Value
C15325,1,2,28.956,Low Value
C15326,7,9,2103.089,High Value
C15327,6,8,336.117,Medium Value
C15328,4,6,606.8259999999999,Medium Value
C15329,4,4,331.68399999999997,Medium Value
C15330,4,6,854.7965,High Value
C15331,2,2,307.4745,Medium Value
C15332,1,1,666.8505,Medium Value
C15333,3,6,474.554,Medium Value
C15334,5,5,680.123,Medium Value
C15335,6,8,1354.7939999999999,High Value
C15336,4,7,704.1514999999999,Medium Value
C15337,1,1,147.25,Low Value
C15338,3,7,825.05,High Value
C15339,3,5,1840.413,High Value
C15340,3,3,1105.774,High Value
C15341,2,2,58.849999999999994,Low Value
C15342,2,2,115.7045,Low Value
C15343,4,8,625.232,Medium Value
C15344,3,3,65.368,Low Value
C15345,4,4,255.712,Low Value
C15346,2,2,112.162,Low Value
C15347,6,6,552.115,Medium Value
C15348,2,2,162.184,Low Value
C15349,4,7,387.3185,Medium Value
C15350,6,11,1012.269,High Value
C15351,5,7,455.3635,Medium Value
C15352,4,7,1707.768,High Value
C15353,7,11,1743.045,High Value
C15354,2,3,1281.854,High Value
C15355,4,8,516.2475000000001,Medium Value
C15356,7,12,466.7215,Medium Value
C15357,1,2,472.34,Medium Value
C15358,4,9,3964.446,High Value
C15359,3,3,712.6060000000001,Medium Value
C15360,4,4,151.64100000000002,Low Value
C15361,2,2,5.720000000000001,Low Value
C15362,4,6,244.5405,Low Value
C15363,4,6,287.3555,Low Value
C15364,3,3,246.90699999999998,Low Value
C15365,3,4,1957.8200000000002,High Value
C15366,5,8,292.9665,Medium Value
C15367,6,10,1903.0144999999998,High Value
C15368,4,4,1009.66,High Value
C15369,3,3,828.96,High Value
C15370,8,15,799.8104999999999,High Value
C15371,2,2,611.88,Medium Value
C15372,3,7,313.274,Medium Value
C15373,7,10,349.2915,Medium Value
C15374,5,5,309.2645,Medium Value
C15375,4,5,987.992,High Value
C15376,6,9,651.8855,Medium Value
C15377,1,1,529.73,Medium Value
C15378,8,12,775.6685,High Value
C15379,3,7,11375.578,High Value
C15380,5,10,1487.926,High Value
C15381,1,3,54.03,Low Value
C15382,2,3,174.32,Low Value
C15383,4,7,523.29,Medium Value
C15384,2,2,26.671,Low Value
C15385,4,7,382.95,Medium Value
C15386,2,3,120.041,Low Value
C15387,8,14,2936.977,High Value
C15388,4,6,450.31600000000003,Medium Value
C15389,3,4,485.89000000000004,Medium Value
C15390,7,7,533.294,Medium Value
C15391,1,1,41.07,Low Value
C15392,10,11,1608.7055,High Value
C15393,6,10,463.11449999999996,Medium Value
C15394,1,2,821.736,High Value
C15395,2,5,22.113,Low Value
C15396,3,3,61.89,Low Value
C15397,3,4,428.844,Medium Value
C15398,3,4,345.3635,Medium Value
C15399,6,10,1048.8469999999998,High Value
C15400,5,12,1023.896,High Value
C15401,2,2,348.46400000000006,Medium Value
C15402,4,7,544.692,Medium Value
C15403,3,6,343.896,Medium Value
C15404,7,10,4316.6895,High Value
C15405,1,1,246.075,Low Value
C15406,5,9,999.8459999999999,High Value
C15407,2,3,200.16,Low Value
C15408,9,16,1066.5394999999999,High Value
C15409,7,7,219.72699999999998,Low Value
C15410,2,2,196.95000000000002,Low Value
C15411,5,9,737.168,Medium Value
C15412,2,2,477.14000000000004,Medium Value
C15413,8,20,2726.0609999999997,High Value
C15414,3,6,395.58,Medium Value
C15415,8,9,916.8349999999999,High Value
C15416,5,7,383.0,Medium Value
C15417,2,2,43.399,Low Value
C15418,1,1,1349.02,High Value
C15419,4,9,1291.07,High Value
C15420,5,6,758.99,Medium Value
C15421,6,12,394.476,Medium Value
C15422,2,4,626.79,Medium Value
C15423,11,17,1198.1185,High Value
C15424,4,4,773.38,High Value
C15425,3,7,708.685,Medium Value
C15426,1,1,4.25,Low Value
C15427,6,7,1055.9645,High Value
C15428,3,3,363.27,Medium Value
C15429,7,10,268.347,Low Value
C15430,6,11,2540.7464999999997,High Value
C15431,4,5,1316.828,High Value
C15432,5,14,1963.6585000000005,High Value
C15433,4,5,1371.4180000000001,High Value
C15434,4,7,135.5095,Low Value
C15435,8,9,1150.8185,High Value
C15436,2,2,341.90999999999997,Medium Value
C15437,6,10,1926.04,High Value
C15438,1,4,168.4,Low Value
C15439,6,9,1417.68,High Value
C15440,2,3,54.082,Low Value
C15441,4,6,1422.5475000000001,High Value
C15442,5,12,1699.456,High Value
C15443,7,8,274.422,Low Value
C15444,6,9,1261.3635000000002,High Value
C15445,4,4,196.8875,Low Value
C15446,5,6,1334.1000000000001,High Value
C15447,7,10,1210.665,High Value
C15448,6,9,878.5995,High Value
C15449,2,2,443.68,Medium Value
C15450,4,9,720.828,Medium Value
C15451,3,8,547.933,Medium Value
C15452,9,14,1264.922,High Value
C15453,4,6,1329.291,High Value
C15454,8,15,1048.3935000000001,High Value
C15455,7,8,1451.4070000000002,High Value
C15456,1,1,22.38,Low Value
C15457,1,1,157.9,Low Value
C15458,4,6,3115.9149999999995,High Value
C15459,2,3,30.95,Low Value
C15460,2,4,98.553,Low Value
C15461,3,4,204.922,Low Value
C15462,7,13,1646.0515,High Value
C15463,5,6,757.208,Medium Value
C15464,1,1,53.17,Low Value
C15465,7,11,1403.702,High Value
C15466,1,1,85.73400000000001,Low Value
C15467,4,6,384.613,Medium Value
C15468,6,10,3100.2445,High Value
C15469,4,12,766.0419999999999,High Value
C15470,3,3,524.4085,Medium Value
C15471,5,7,1509.768,High Value
C15472,2,2,57.067,Low Value
C15473,7,15,1561.9015,High Value
C15474,3,8,347.01099999999997,Medium Value
C15475,5,7,2156.9225,High Value
C15476,6,11,1282.047,High Value
C15477,4,4,384.1465,Medium Value
C15478,1,1,110.4565,Low Value
C15479,7,9,1740.4379999999999,High Value
C15480,6,9,697.3019999999999,Medium Value
C15481,3,3,139.91,Low Value
C15482,3,6,2593.0075000000006,High Value
C15483,4,6,725.124,Medium Value
C15484,3,5,89.03699999999999,Low Value
C15485,2,3,258.052,Low Value
C15486,6,10,633.868,Medium Value
C15487,7,13,715.8475,Medium Value
C15488,4,5,1256.6255,High Value
C15489,4,9,325.14,Medium Value
C15490,5,10,1195.5725,High Value
C15491,5,6,375.318,Medium Value
C15492,6,10,1400.0220000000002,High Value
C15493,2,2,267.43600000000004,Low Value
C15494,6,6,896.8340000000001,High Value
C15495,3,4,715.163,Medium Value
C15496,2,5,49.8,Low Value
C15497,7,13,1805.0605,High Value
C15498,3,3,256.6,Low Value
C15499,8,11,939.563,High Value
C15501,3,7,3648.71,High Value
C15502,3,3,137.792,Low Value
C15503,1,1,5.8425,Low Value
C15504,4,6,307.1185,Medium Value
C15505,3,5,565.2719999999999,Medium Value
C15506,5,8,372.485,Medium Value
C15507,8,13,1922.46,High Value
C15508,2,2,69.952,Low Value
C15509,3,3,217.8725,Low Value
C15510,5,6,1016.2465,High Value
C15511,7,11,465.3625,Medium Value
C15512,4,5,284.11650000000003,Low Value
C15513,1,1,21.28,Low Value
C15514,2,2,52.622499999999995,Low Value
C15515,4,5,398.902,Medium Value
C15516,4,4,737.8855000000001,Medium Value
C15517,3,3,498.87100000000004,Medium Value
C15518,3,3,741.686,Medium Value
C15519,5,6,685.861,Medium Value
C15520,6,9,1458.0285000000001,High Value
C15521,2,2,107.089,Low Value
C15522,4,8,3423.312,High Value
C15523,4,5,318.507,Medium Value
C15524,7,9,2919.2884999999997,High Value
C15525,3,7,3279.7695,High Value
C15526,6,10,1604.391,High Value
C15527,3,7,184.35000000000002,Low Value
C15528,4,4,782.15,High Value
C15529,11,17,1687.329,High Value
C15530,5,7,183.219,Low Value
C15531,5,11,457.01500000000004,Medium Value
C15533,2,5,1242.28,High Value
C15534,3,5,573.1015,Medium Value
C15535,4,6,339.61,Medium Value
C15536,3,3,113.75799999999998,Low Value
C15537,4,5,521.754,Medium Value
C15538,2,5,507.046,Medium Value
C15539,11,15,2656.3845,High Value
C15540,4,7,1095.296,High Value
C15541,5,9,358.19900000000007,Medium Value
C15542,4,5,140.00150000000002,Low Value
C15543,7,15,271.707,Low Value
C15544,3,4,435.934,Medium Value
C15545,3,3,335.78799999999995,Medium Value
C15546,8,16,1228.4595000000002,High Value
C15547,3,5,189.7355,Low Value
C15548,2,2,150.04999999999998,Low Value
C15549,2,2,694.6965,Medium Value
C15550,3,3,56.529,Low Value
C15551,3,8,385.649,Medium Value
C15552,2,7,3709.3635000000004,High Value
C15553,2,2,219.19,Low Value
C15554,6,9,1932.1255,High Value
C15555,7,11,828.739,High Value
C15556,2,2,51.83,Low Value
C15557,6,9,569.294,Medium Value
C15558,7,12,928.3665,High Value
C15559,4,5,437.37800000000004,Medium Value
C15560,10,23,2700.1600000000003,High Value
C15561,2,2,202.33999999999997,Low Value
C15562,6,6,591.786,Medium Value
C15563,5,9,389.51,Medium Value
C15564,2,6,162.691,Low Value
C15565,11,16,696.4085,Medium Value
C15566,4,7,3344.8615,High Value
C15567,5,8,711.67,Medium Value
C15568,5,6,1358.32,High Value
C15569,4,7,486.6965,Medium Value
C15570,1,1,94.077,Low Value
C15571,4,11,1391.0729999999999,High Value
C15573,5,9,491.989,Medium Value
C15574,2,2,163.42000000000002,Low Value
C15575,9,12,276.24,Low Value
C15576,1,1,20.7,Low Value
C15577,8,12,481.45050000000003,Medium Value
C15578,7,7,989.34,High Value
C15579,2,2,40.29,Low Value
C15580,5,9,1186.316,High Value
C15581,4,5,1542.027,High Value
C15582,5,6,529.481,Medium Value
C15583,3,9,3021.0835,High Value
C15584,2,2,63.22,Low Value
C15585,9,20,2989.8855,High Value
C15586,7,9,385.2835,Medium Value
C15587,8,9,795.134,High Value
C15588,10,20,4853.245,High Value
C15589,1,1,106.438,Low Value
C15590,5,9,462.0455,Medium Value
C15591,5,11,2073.8689999999997,High Value
C15592,6,10,1554.2129999999997,High Value
C15593,6,8,593.3395,Medium Value
C15594,7,8,323.97350000000006,Medium Value
C15595,2,2,147.0,Low Value
C15596,5,8,278.03049999999996,Low Value
C15597,2,9,3129.0820000000003,High Value
C15598,1,1,2.853,Low Value
C15599,9,18,552.011,Medium Value
C15600,4,5,408.11199999999997,Medium Value
C15601,1,3,315.09000000000003,Medium Value
C15602,8,14,1092.2459999999999,High Value
C15603,3,6,864.9639999999999,High Value
C15604,6,13,1735.36,High Value
C15605,1,1,118.4745,Low Value
C15606,5,7,570.716,Medium Value
C15607,7,14,605.3969999999999,Medium Value
C15608,2,3,177.28,Low Value
C15609,4,5,688.19,Medium Value
C15611,7,12,985.5314999999999,High Value
C15612,3,6,305.44,Medium Value
C15613,4,4,279.291,Low Value
C15614,4,4,75.348,Low Value
C15615,5,6,554.938,Medium Value
C15616,7,8,1611.3980000000001,High Value
C15617,5,9,1060.742,High Value
C15618,6,9,2150.0440000000003,High Value
C15619,7,13,1732.193,High Value
C15620,3,4,180.065,Low Value
C15621,4,8,1691.793,High Value
C15622,6,8,1087.7814999999998,High Value
C15623,1,4,491.104,Medium Value
C15624,4,5,91.0545,Low Value
C15625,6,7,601.831,Medium Value
C15626,5,11,1229.839,High Value
C15627,1,3,49.977,Low Value
C15628,3,5,711.03,Medium Value
C15629,5,11,650.283,Medium Value
C15630,5,7,901.9585000000001,High Value
C15631,3,6,180.454,Low Value
C15632,3,3,274.83,Low Value
C15633,6,10,2857.229,High Value
C15634,3,3,50.2595,Low Value
C15635,5,11,2576.2055,High Value
C15636,3,5,366.962,Medium Value
C15637,6,6,742.508,Medium Value
C15638,4,6,429.254,Medium Value
C15639,4,9,1437.347,High Value
C15640,3,4,441.70050000000003,Medium Value
C15641,5,10,1048.79,High Value
C15642,3,3,692.362,Medium Value
C15643,5,12,1296.597,High Value
C15644,7,20,7244.072499999999,High Value
C15645,4,5,902.3895000000001,High Value
C15646,5,5,270.2405,Low Value
C15647,4,4,633.63,Medium Value
C15648,4,5,732.1980000000001,Medium Value
C15649,7,8,1328.8045,High Value
C15650,3,5,296.718,Medium Value
C15651,5,7,2212.983,High Value
C15652,6,8,589.9985,Medium Value
C15653,1,1,3.96,Low Value
C15654,2,4,339.33,Medium Value
C15655,2,2,308.90999999999997,Medium Value
C15656,8,13,3546.7445,High Value
C15657,3,3,713.4745,Medium Value
C15658,2,5,183.56,Low Value
C15659,5,8,185.334,Low Value
C15660,7,9,1696.0394999999999,High Value
C15661,6,8,1715.8654999999999,High Value
C15662,4,5,246.405,Low Value
C15663,3,3,457.959,Medium Value
C15664,7,9,538.017,Medium Value
C15665,1,2,64.28,Low Value
C15666,3,3,51.328,Low Value
C15667,4,4,745.769,Medium Value
C15668,10,14,1870.548,High Value
C15669,5,10,2298.4925000000003,High Value
C15670,3,4,37.246,Low Value
C15671,2,3,243.392,Low Value
C15672,8,10,527.5865,Medium Value
C15673,5,7,781.278,High Value
C15674,5,8,201.74349999999998,Low Value
C15675,4,5,261.8315,Low Value
C15676,2,5,165.63,Low Value
C15677,7,10,2351.092,High Value
C15678,3,4,359.73400000000004,Medium Value
C15679,8,17,693.8035,Medium Value
C15680,3,5,528.4165,Medium Value
C15681,5,7,2458.8179999999998,High Value
C15682,3,5,380.382,Medium Value
C15683,3,3,185.76999999999998,Low Value
C15684,6,9,791.398,High Value
C15685,4,4,140.92000000000002,Low Value
C15686,6,12,482.9305,Medium Value
C15687,3,5,149.22,Low Value
C15688,6,11,1418.895,High Value
C15689,2,3,143.9645,Low Value
C15690,9,10,1969.991,High Value
C15691,6,8,778.0965,High Value
C15692,9,14,663.473,Medium Value
C15693,6,7,677.1460000000001,Medium Value
C15694,7,8,849.342,High Value
C15695,5,10,1693.032,High Value
C15696,8,12,1115.1615,High Value
C15697,2,2,17.997999999999998,Low Value
C15698,7,13,1432.34,High Value
C15699,7,11,570.146,Medium Value
C15700,10,10,1409.806,High Value
C15701,3,5,288.986,Low Value
C15702,4,4,49.005,Low Value
C15703,5,8,838.79,High Value
C15704,7,7,1057.848,High Value
C15705,4,6,1379.06,High Value
C15706,3,6,989.1500000000001,High Value
C15707,2,6,109.996,Low Value
C15708,8,13,1252.188,High Value
C15709,5,6,108.1095,Low Value
C15710,8,8,597.4795,Medium Value
C15711,1,1,245.99,Low Value
C15712,2,3,157.28,Low Value
C15713,4,7,307.7105,Medium Value
C15714,4,7,464.0775,Medium Value
C15715,7,10,1015.7000000000002,High Value
C15716,2,5,181.81,Low Value
C15717,5,10,302.792,Medium Value
C15718,7,15,741.389,Medium Value
C15719,2,2,33.7015,Low Value
C15720,4,7,297.138,Medium Value
C15721,8,12,1521.337,High Value
C15722,2,5,60.519999999999996,Low Value
C15723,4,7,178.559,Low Value
C15724,4,6,1722.049,High Value
C15725,6,8,558.553,Medium Value
C15726,5,5,664.0975,Medium Value
C15727,5,9,617.0165,Medium Value
C15728,3,3,77.382,Low Value
C15729,4,5,1662.4705,High Value
C15730,4,4,572.323,Medium Value
C15731,6,6,766.096,High Value
C15732,3,5,159.05700000000002,Low Value
C15733,2,3,611.818,Medium Value
C15734,6,7,338.606,Medium Value
C15735,4,4,1372.1,High Value
C15736,6,8,1385.665,High Value
C15737,6,8,1260.1065,High Value
C15738,9,17,3395.092,High Value
C15739,5,5,474.9995,Medium Value
C15740,5,7,1166.179,High Value
C15741,2,3,380.42999999999995,Medium Value
C15742,2,2,375.571,Medium Value
C15743,6,8,545.394,Medium Value
C15744,5,9,306.62,Medium Value
C15745,5,10,2691.5325000000003,High Value
C15746,1,1,8.216,Low Value
C15747,4,7,2644.411,High Value
C15748,1,1,77.43,Low Value
C15750,5,6,881.8900000000001,High Value
C15751,2,2,67.2565,Low Value
C15752,8,13,5011.0525,High Value
C15753,4,5,222.674,Low Value
C15754,3,4,126.4725,Low Value
C15755,8,13,688.9145,Medium Value
C15756,5,6,996.8575,High Value
C15757,4,6,1236.7849999999999,High Value
C15758,3,5,379.89500000000004,Medium Value
C15759,7,10,472.0595,Medium Value
C15760,4,5,469.0045,Medium Value
C15761,4,6,792.1765,High Value
C15763,3,3,378.178,Medium Value
C15764,5,11,729.754,Medium Value
C15765,8,9,630.932,Medium Value
C15766,4,8,1055.3895,High Value
C15767,6,6,1380.3415,High Value
C15768,7,13,483.79999999999995,Medium Value
C15769,6,13,1289.8635,High Value
C15770,2,3,414.74,Medium Value
C15771,3,3,565.874,Medium Value
C15772,8,11,413.6885,Medium Value
C15773,7,8,1046.48,High Value
C15774,4,4,150.9095,Low Value
C15775,6,7,298.988,Medium Value
C15776,5,10,413.4905,Medium Value
C15777,7,10,1463.0445,High Value
C15778,5,10,2855.4130000000005,High Value
C15779,7,11,948.5095,High Value
C15780,2,3,102.30000000000001,Low Value
C15781,6,9,613.0395,Medium Value
C15782,5,11,217.98049999999998,Low Value
C15783,6,12,783.8779999999999,High Value
C15784,3,3,758.4165,Medium Value
C15785,4,5,569.9695,Medium Value
C15786,4,4,1972.538,High Value
C15787,3,3,255.306,Low Value
C15788,5,7,559.798,Medium Value
C15789,6,9,3114.706,High Value
C15790,5,9,1510.907,High Value
C15791,5,10,2044.4284999999998,High Value
C15792,1,1,61.3035,Low Value
C15793,1,1,1596.26,High Value
C15794,8,11,955.393,High Value
C15795,2,2,207.083,Low Value
C15796,5,9,185.389,Low Value
C15797,7,12,1205.0775,High Value
C15798,5,8,1795.1370000000002,High Value
C15799,2,2,89.95,Low Value
C15800,4,10,1981.1730000000002,High Value
C15801,5,6,460.49050000000005,Medium Value
C15802,4,4,313.683,Medium Value
C15803,1,1,28.47,Low Value
C15804,2,2,34.457,Low Value
C15805,3,3,497.444,Medium Value
C15806,8,15,1989.7849999999999,High Value
C15807,4,4,681.693,Medium Value
C15808,3,6,225.79950000000002,Low Value
C15809,1,1,2.21,Low Value
C15810,6,15,1604.831,High Value
C15811,6,15,437.5265,Medium Value
C15812,3,3,612.7574999999999,Medium Value
C15813,3,6,280.019,Low Value
C15815,2,2,651.29,Medium Value
C15816,4,4,434.581,Medium Value
C15817,3,8,163.512,Low Value
C15818,10,13,1510.63,High Value
C15819,6,7,781.983,High Value
C15820,4,7,4818.148,High Value
C15821,6,10,470.3335,Medium Value
C15822,1,1,197.353,Low Value
C15823,4,6,753.7265,Medium Value
C15824,3,4,493.54200000000003,Medium Value
C15825,6,9,323.81550000000004,Medium Value
C15826,1,1,27.54,Low Value
C15827,7,15,1384.5694999999998,High Value
C15828,5,5,389.2215,Medium Value
C15829,4,6,112.09,Low Value
C15830,6,17,5455.067999999999,High Value
C15831,5,8,278.429,Low Value
C15832,5,11,2047.972,High Value
C15833,4,5,1329.3004999999998,High Value
C15834,8,11,654.152,Medium Value
C15835,7,9,638.5425,Medium Value
C15836,2,2,1260.998,High Value
C15837,5,7,442.242,Medium Value
C15838,3,7,85.409,Low Value
C15839,5,6,1251.3494999999998,High Value
C15840,4,7,218.44099999999997,Low Value
C15841,3,4,108.91000000000001,Low Value
C15842,4,10,1170.2275,High Value
C15843,1,1,5.111,Low Value
C15844,3,4,152.93599999999998,Low Value
C15845,5,10,1903.5539999999999,High Value
C15846,5,7,487.98,Medium Value
C15847,5,8,162.563,Low Value
C15848,3,3,119.98800000000001,Low Value
C15849,3,5,78.47,Low Value
C15850,3,4,184.77800000000002,Low Value
C15851,3,4,365.59299999999996,Medium Value
C15852,2,3,25.93,Low Value
C15853,3,5,447.3365,Medium Value
C15854,5,6,380.77,Medium Value
C15855,8,13,411.157,Medium Value
C15856,5,5,649.1265,Medium Value
C15857,2,2,541.842,Medium Value
C15858,3,3,156.92000000000002,Low Value
C15859,4,5,696.2985,Medium Value
C15860,3,8,783.7775,High Value
C15861,3,3,82.023,Low Value
C15862,1,1,408.2,Medium Value
C15863,1,1,7.81,Low Value
C15864,4,6,290.25,Low Value
C15865,3,4,39.9,Low Value
C15866,3,4,111.988,Low Value
C15867,6,7,877.9155000000001,High Value
C15868,11,17,621.645,Medium Value
C15869,4,5,187.32999999999998,Low Value
C15870,5,7,678.4970000000001,Medium Value
C15871,3,5,82.4475,Low Value
C15872,3,3,176.4375,Low Value
C15873,6,9,3846.9535,High Value
C15874,6,10,2149.172,High Value
C15875,3,4,276.7785,Low Value
C15876,3,5,258.20849999999996,Low Value
C15877,7,10,746.1405,Medium Value
C15878,5,6,494.46400000000006,Medium Value
C15879,3,6,724.2900000000001,Medium Value
C15880,3,5,314.438,Medium Value
C15881,1,1,8.840000000000002,Low Value
C15882,5,11,4918.7405,High Value
C15883,2,2,29.9345,Low Value
C15884,3,3,754.2365,Medium Value
C15885,4,4,342.379,Medium Value
C15886,6,9,459.58599999999996,Medium Value
C15887,4,5,1611.2359999999999,High Value
C15888,4,8,454.76,Medium Value
C15889,4,6,527.822,Medium Value
C15890,4,4,350.1185,Medium Value
C15891,7,8,736.473,Medium Value
C15892,6,10,285.0045,Low Value
C15893,3,9,1226.45,High Value
C15894,5,8,124.05649999999999,Low Value
C15895,6,9,1012.6300000000001,High Value
C15896,4,13,198.81,Low Value
C15897,6,8,1067.6635,High Value
C15898,5,5,131.178,Low Value
C15899,2,6,144.89999999999998,Low Value
C15900,1,2,6.688,Low Value
C15901,8,13,777.8389999999999,High Value
C15902,7,13,665.8435,Medium Value
C15903,2,2,398.56350000000003,Medium Value
C15904,7,8,1486.0659999999998,High Value
C15905,6,9,1316.5545,High Value
C15906,10,11,1285.5405,High Value
C15907,5,7,226.159,Low Value
C15908,2,2,43.129999999999995,Low Value
C15909,7,8,501.911,Medium Value
C15910,4,11,204.55399999999997,Low Value
C15911,4,5,197.87849999999997,Low Value
C15912,6,9,773.4745,High Value
C15913,4,5,93.6,Low Value
C15914,5,6,235.326,Low Value
C15915,1,1,35.665,Low Value
C15916,2,2,19.46,Low Value
C15917,7,11,1029.9489999999998,High Value
C15918,5,7,869.139,High Value
C15919,3,5,334.98,Medium Value
C15920,3,6,242.05349999999999,Low Value
C15921,6,11,3036.554,High Value
C15922,6,7,818.54,High Value
C15923,5,6,454.752,Medium Value
C15924,4,5,1001.8815,High Value
C15925,2,5,725.3795,Medium Value
C15926,4,10,359.94849999999997,Medium Value
C15927,3,5,1856.3830000000003,High Value
C15928,2,2,260.4615,Low Value
C15929,4,6,823.5525,High Value
C15930,4,8,127.078,Low Value
C15931,3,5,535.1655000000001,Medium Value
C15932,5,5,174.6825,Low Value
C15933,3,6,427.32,Medium Value
C15934,4,7,250.986,Low Value
C15935,4,4,830.0985000000001,High Value
C15936,2,6,80.5875,Low Value
C15937,1,1,275.49,Low Value
C15938,9,14,1134.7459999999999,High Value
C15939,2,2,64.725,Low Value
C15940,1,1,6.87,Low Value
C15941,4,5,1142.935,High Value
C15942,3,5,197.20000000000002,Low Value
C15943,8,11,994.343,High Value
C15944,8,18,1632.9585,High Value
C15945,2,2,84.37,Low Value
C15946,4,4,1084.795,High Value
C15947,10,13,836.143,High Value
C15948,2,2,159.07,Low Value
C15949,4,7,1717.8,High Value
C15950,6,7,777.307,High Value
C15951,9,12,1061.8725,High Value
C15952,3,4,1011.205,High Value
C15953,4,9,654.9459999999999,Medium Value
C15954,1,2,68.368,Low Value
C15955,4,8,552.6809999999999,Medium Value
C15956,5,5,251.065,Low Value
C15957,2,2,272.0,Low Value
C15958,3,6,189.7825,Low Value
C15959,7,9,1008.7105,High Value
C15960,2,2,110.92099999999999,Low Value
C15961,5,8,859.425,High Value
C15962,6,11,1134.755,High Value
C15963,3,8,308.77700000000004,Medium Value
C15964,5,7,517.1705000000001,Medium Value
C15965,4,7,733.2085,Medium Value
C15966,5,12,1786.5110000000002,High Value
C15967,3,5,387.9355,Medium Value
C15968,5,7,1476.575,High Value
C15969,7,9,1474.4605,High Value
C15970,6,12,2398.0225,High Value
C15971,3,5,203.05100000000002,Low Value
C15972,4,5,632.642,Medium Value
C15973,6,7,660.9615,Medium Value
C15974,5,8,132.256,Low Value
C15975,2,2,79.22399999999999,Low Value
C15976,4,4,171.34199999999998,Low Value
C15977,6,6,1181.4915,High Value
C15978,3,5,164.29,Low Value
C15979,2,3,177.84,Low Value
C15980,2,2,53.498,Low Value
C15981,2,5,3387.933,High Value
C15982,3,4,39.5505,Low Value
C15983,8,10,437.011,Medium Value
C15984,5,6,556.7805,Medium Value
C15985,6,6,1522.9785000000002,High Value
C15986,7,7,298.215,Medium Value
C15987,6,8,556.9435,Medium Value
C15988,9,18,2516.025,High Value
C15989,5,6,269.9905,Low Value
C15990,5,7,388.624,Medium Value
C15991,3,3,98.74199999999999,Low Value
C15992,4,8,539.384,Medium Value
C15993,3,3,177.39600000000002,Low Value
C15994,2,5,117.088,Low Value
C15995,3,7,77.59100000000001,Low Value
C15996,4,8,1449.3890000000001,High Value
C15997,6,11,681.2445,Medium Value
C15998,1,1,43.29,Low Value
C15999,7,10,1247.911,High Value
C16000,3,3,515.2115,Medium Value
C16001,3,3,137.15050000000002,Low Value
C16002,2,4,593.3665,Medium Value
C16003,3,3,121.0,Low Value
C16004,6,8,943.701,High Value
C16005,4,5,468.49300000000005,Medium Value
C16006,4,9,333.222,Medium Value
C16007,6,10,315.2365,Medium Value
C16008,3,4,698.9159999999999,Medium Value
C16009,7,15,4282.931500000001,High Value
C16010,5,5,1135.7125,High Value
C16011,3,5,239.6195,Low Value
C16012,3,3,150.63,Low Value
C16013,2,6,130.26749999999998,Low Value
C16014,2,2,73.82000000000001,Low Value
C16015,4,6,212.06550000000001,Low Value
C16016,4,6,473.364,Medium Value
C16017,4,9,395.18550000000005,Medium Value
C16018,6,6,2543.13,High Value
C16019,7,7,595.5060000000001,Medium Value
C16020,3,3,98.048,Low Value
C16021,4,4,523.8345,Medium Value
C16022,4,9,1983.972,High Value
C16023,4,8,994.504,High Value
C16024,2,2,86.156,Low Value
C16025,2,2,311.6855,Medium Value
C16026,7,14,1205.817,High Value
C16027,2,2,374.52,Medium Value
C16028,9,23,1506.3705,High Value
C16029,2,2,102.28,Low Value
C16030,7,12,590.934,Medium Value
C16031,6,9,1573.375,High Value
C16032,4,4,107.2465,Low Value
C16033,8,9,1537.1605,High Value
C16034,8,15,4040.623,High Value
C16035,7,9,1133.326,High Value
C16036,4,5,670.213,Medium Value
C16037,3,6,1132.015,High Value
C16038,9,11,1256.478,High Value
C16039,5,5,897.9545,High Value
C16040,5,7,977.061,High Value
C16041,3,5,449.624,Medium Value
C16042,5,8,857.631,High Value
C16043,3,5,619.4425,Medium Value
C16044,5,7,2257.267,High Value
C16045,2,2,76.5595,Low Value
C16046,3,3,631.53,Medium Value
C16047,5,5,786.859,High Value
C16048,7,12,955.235,High Value
C16049,4,5,1078.2645,High Value
C16050,5,10,733.2395,Medium Value
C16051,3,3,67.003,Low Value
C16052,4,4,321.373,Medium Value
C16053,6,8,285.9915,Low Value
C16054,4,7,921.339,High Value
C16055,5,11,819.655,High Value
C16056,6,8,1213.63,High Value
C16057,4,6,179.311,Low Value
C16058,5,7,351.674,Medium Value
C16059,9,11,1649.1165,High Value
C16060,7,11,2524.591,High Value
C16061,3,7,1288.306,High Value
C16062,2,2,172.6955,Low Value
C16063,4,4,478.697,Medium Value
C16064,4,6,129.054,Low Value
C16065,7,7,824.9145000000001,High Value
C16066,6,12,1582.9869999999999,High Value
C16067,3,6,67.397,Low Value
C16068,5,6,1540.4455,High Value
C16069,1,1,17.58,Low Value
C16070,1,1,14.84,Low Value
C16071,5,6,816.2405,High Value
C16072,1,1,5.95,Low Value
C16073,8,16,1194.276,High Value
C16074,3,3,615.226,Medium Value
C16075,4,4,852.206,High Value
C16076,2,2,21.59,Low Value
C16077,5,5,69.384,Low Value
C16078,6,13,1387.1615000000002,High Value
C16079,6,6,980.884,High Value
C16080,2,4,2289.17,High Value
C16081,3,5,788.436,High Value
C16082,6,8,903.5360000000001,High Value
C16083,5,7,468.5115,Medium Value
C16084,1,1,256.06,Low Value
C16085,4,7,3404.77,High Value
C16086,4,8,433.89,Medium Value
C16087,1,1,180.21,Low Value
C16088,2,2,419.121,Medium Value
C16089,7,10,499.79650000000004,Medium Value
C16090,6,9,2178.5995,High Value
C16091,3,4,279.17,Low Value
C16092,5,16,1337.417,High Value
C16093,4,4,749.6435,Medium Value
C16094,4,9,444.45,Medium Value
C16095,4,5,353.45,Medium Value
C16096,6,6,342.7225,Medium Value
C16097,5,7,863.013,High Value
C16098,3,4,426.9020000000001,Medium Value
C16099,7,9,1227.064,High Value
C16100,5,10,1007.4,High Value
C16101,3,4,199.56900000000002,Low Value
C16102,6,9,723.638,Medium Value
C16103,7,7,1133.546,High Value
C16104,5,5,339.0085,Medium Value
C16105,4,6,892.903,High Value
C16106,6,8,764.008,Medium Value
C16107,4,6,1403.1615,High Value
C16108,2,2,12.663,Low Value
C16109,3,3,478.962,Medium Value
C16110,2,4,851.3295,High Value
C16111,2,2,75.341,Low Value
C16112,3,8,612.084,Medium Value
C16113,4,4,77.15700000000001,Low Value
C16114,6,6,939.3389999999999,High Value
C16115,4,4,231.88099999999997,Low Value
C16116,6,8,988.2304999999999,High Value
C16117,4,4,207.5525,Low Value
C16118,4,4,320.0125,Medium Value
C16120,7,10,1239.167,High Value
C16121,7,10,1149.8509999999999,High Value
C16122,3,3,248.891,Low Value
C16123,5,5,274.062,Low Value
C16124,6,12,504.30899999999997,Medium Value
C16125,5,8,1710.531,High Value
C16126,8,14,2165.526,High Value
C16127,5,5,308.779,Medium Value
C16128,1,1,25.56,Low Value
C16129,2,2,251.13,Low Value
C16130,7,9,1249.7314999999999,High Value
C16131,5,5,1422.8175,High Value
C16132,4,4,50.0415,Low Value
C16133,4,5,326.532,Medium Value
C16134,1,1,16.1405,Low Value
C16135,3,5,1120.2205,High Value
C16136,7,9,487.1585,Medium Value
C16137,3,3,545.948,Medium Value
C16138,2,2,33.269999999999996,Low Value
C16139,6,10,1410.7235,High Value
C16140,4,7,290.515,Low Value
C16141,7,11,645.0505,Medium Value
C16142,5,7,1011.958,High Value
C16143,1,1,11.2575,Low Value
C16144,11,19,1639.206,High Value
C16146,3,6,646.168,Medium Value
C16147,2,3,73.468,Low Value
C16148,3,5,630.8285,Medium Value
C16149,2,2,272.77549999999997,Low Value
C16150,5,5,187.168,Low Value
C16151,3,6,162.82799999999997,Low Value
C16152,5,7,125.182,Low Value
C16153,7,8,786.6995,High Value
C16154,6,12,1734.2514999999999,High Value
C16155,5,5,210.27100000000002,Low Value
C16156,4,5,308.278,Medium Value
C16157,5,10,1179.935,High Value
C16158,6,10,692.5440000000001,Medium Value
C16159,4,4,671.6389999999999,Medium Value
C16160,5,9,588.5235,Medium Value
C16161,2,2,692.26,Medium Value
C16162,2,3,301.92,Medium Value
C16163,4,4,1184.1580000000001,High Value
C16164,6,11,955.9595,High Value
C16165,3,4,140.3735,Low Value
C16166,3,5,129.905,Low Value
C16167,4,4,273.3515,Low Value
C16168,4,6,910.25,High Value
C16169,3,3,44.35,Low Value
C16170,7,19,706.1885000000001,Medium Value
C16171,5,5,233.68,Low Value
C16172,6,12,761.5565,Medium Value
C16173,2,3,146.5905,Low Value
C16174,5,6,2514.015,High Value
C16175,7,14,2002.859,High Value
C16176,4,5,235.907,Low Value
C16177,5,6,1097.061,High Value
C16178,1,1,61.36,Low Value
C16179,4,7,294.021,Medium Value
C16180,3,5,129.966,Low Value
C16181,2,3,691.6269999999998,Medium Value
C16182,3,4,1374.698,High Value
C16183,2,2,9.106499999999999,Low Value
C16184,5,8,617.8355,Medium Value
C16185,6,6,755.6475,Medium Value
C16186,1,1,23.085,Low Value
C16187,4,7,934.5640000000001,High Value
C16188,3,4,655.5450000000001,Medium Value
C16189,4,8,1166.3395,High Value
C16190,8,10,926.1905,High Value
C16191,2,2,65.3225,Low Value
C16192,3,3,267.0205,Low Value
C16193,6,7,1007.0445,High Value
C16194,3,5,472.06500000000005,Medium Value
C16195,5,10,1193.2165,High Value
C16196,7,11,1377.1545,High Value
C16197,5,5,268.95,Low Value
C16198,3,7,103.882,Low Value
C16199,3,4,205.567,Low Value
C16200,9,10,1006.2195,High Value
C16201,4,4,1086.9795,High Value
C16202,2,2,630.7049999999999,Medium Value
C16203,3,5,959.1185,High Value
C16204,4,7,925.8359999999999,High Value
C16205,4,9,830.027,High Value
C16206,3,5,51.457,Low Value
C16207,7,14,932.546,High Value
C16208,5,5,882.3149999999999,High Value
C16209,5,11,389.726,Medium Value
C16210,2,2,157.368,Low Value
C16211,1,1,596.5334999999999,Medium Value
C16212,7,12,2326.0535000000004,High Value
C16213,3,4,1004.0889999999999,High Value
C16214,1,1,30.07,Low Value
C16215,3,3,129.635,Low Value
C16216,3,3,46.9525,Low Value
C16217,7,9,1077.1889999999999,High Value
C16218,4,8,887.8445,High Value
C16219,5,7,371.9285,Medium Value
C16220,3,4,18.424,Low Value
C16221,4,8,764.8439999999999,Medium Value
C16222,6,8,741.6800000000001,Medium Value
C16223,1,2,237.86,Low Value
C16225,2,2,50.11,Low Value
C16226,4,6,195.4305,Low Value
C16227,6,8,254.0615,Low Value
C16228,4,6,1057.568,High Value
C16229,8,11,1060.887,High Value
C16230,7,9,775.7395,High Value
C16231,6,8,1032.873,High Value
C16232,5,7,1027.8220000000001,High Value
C16233,5,10,2052.142,High Value
C16234,3,5,2166.495,High Value
C16235,3,4,351.506,Medium Value
C16236,5,8,105.35,Low Value
C16237,1,2,299.364,Medium Value
C16238,7,17,2291.7999999999997,High Value
C16239,3,3,381.92949999999996,Medium Value
C16240,6,14,460.676,Medium Value
C16241,4,8,171.458,Low Value
C16242,6,8,290.7885,Low Value
C16243,3,3,868.2484999999999,High Value
C16244,3,3,600.8625000000001,Medium Value
C16245,3,8,231.32800000000003,Low Value
C16246,2,2,296.1,Medium Value
C16247,6,15,927.154,High Value
C16248,2,4,286.778,Low Value
C16249,5,6,527.24,Medium Value
C16250,5,7,787.7605000000001,High Value
C16251,5,7,1520.6285,High Value
C16252,4,6,1288.4654999999998,High Value
C16253,1,1,63.136,Low Value
C16254,2,2,408.09450000000004,Medium Value
C16255,6,10,1191.849,High Value
C16256,10,16,745.9235,Medium Value
C16257,6,9,1225.5549999999998,High Value
C16258,2,5,181.906,Low Value
C16259,5,7,531.16,Medium Value
C16260,3,4,369.0125,Medium Value
C16261,6,10,847.9835,High Value
C16262,2,3,281.8685,Low Value
C16263,4,4,758.0075,Medium Value
C16264,4,4,537.0360000000001,Medium Value
C16265,7,13,628.612,Medium Value
C16266,3,4,243.97600000000003,Low Value
C16267,1,1,59.41,Low Value
C16268,6,13,2045.902,High Value
C16269,5,6,534.81,Medium Value
C16270,3,7,524.3495,Medium Value
C16271,1,2,250.458,Low Value
C16272,3,7,334.71599999999995,Medium Value
C16273,2,4,104.052,Low Value
C16274,7,11,931.265,High Value
C16275,2,2,46.30250000000001,Low Value
C16276,11,22,3328.5265,High Value
C16277,4,4,1632.712,High Value
C16278,5,5,86.06,Low Value
C16279,2,3,47.953,Low Value
C16280,3,3,50.586999999999996,Low Value
C16281,4,4,341.1585,Medium Value
C16282,3,3,187.14999999999998,Low Value
C16283,7,15,1515.6895,High Value
C16284,3,3,91.4625,Low Value
C16285,3,9,664.7750000000001,Medium Value
C16286,2,2,254.07349999999997,Low Value
C16287,6,7,719.246,Medium Value
C16288,2,2,103.227,Low Value
C16289,4,4,1396.2205,High Value
C16290,3,3,519.798,Medium Value
C16291,2,2,82.36,Low Value
C16292,5,9,548.1709999999999,Medium Value
C16293,6,13,2191.311,High Value
C16294,4,6,357.2405,Medium Value
C16295,5,5,1178.7755,High Value
C16296,2,6,1297.7760000000003,High Value
C16297,6,9,792.4375,High Value
C16298,4,7,486.588,Medium Value
C16299,6,8,353.0355,Medium Value
C16300,3,3,76.973,Low Value
C16301,3,4,585.226,Medium Value
C16302,4,6,1659.28,High Value
C16303,4,7,878.3035,High Value
C16304,4,5,1424.8425000000002,High Value
C16305,7,9,1165.757,High Value
C16306,4,4,524.388,Medium Value
C16307,1,1,670.929,Medium Value
C16308,4,7,331.52000000000004,Medium Value
C16309,6,10,611.5085,Medium Value
C16310,4,7,292.5595,Medium Value
C16311,3,3,656.8785,Medium Value
C16312,5,7,1278.826,High Value
C16313,4,4,311.915,Medium Value
C16314,3,3,70.839,Low Value
C16315,3,3,624.7800000000001,Medium Value
C16316,4,6,1233.6015,High Value
C16317,4,4,625.53,Medium Value
C16318,4,7,1240.7455,High Value
C16319,2,2,143.87,Low Value
C16320,6,12,1036.9405,High Value
C16321,4,6,117.80099999999999,Low Value
C16322,5,7,780.169,High Value
C16323,3,4,54.0225,Low Value
C16324,5,5,277.0445,Low Value
C16326,1,1,163.19,Low Value
C16327,8,14,1064.554,High Value
C16328,3,4,197.8625,Low Value
C16329,4,7,3991.8005000000003,High Value
C16330,1,1,46.578,Low Value
C16331,7,10,564.469,Medium Value
C16332,3,5,132.12,Low Value
C16333,2,3,459.95799999999997,Medium Value
C16334,1,1,205.648,Low Value
C16335,8,9,470.9225,Medium Value
C16336,3,3,1721.4285000000002,High Value
C16337,6,7,455.0765,Medium Value
C16338,4,8,194.0635,Low Value
C16339,6,8,901.819,High Value
C16340,4,4,126.272,Low Value
C16341,3,4,724.632,Medium Value
C16342,4,9,797.3720000000001,High Value
C16343,2,2,112.256,Low Value
C16344,9,13,3596.075,High Value
C16345,7,12,1249.8905,High Value
C16346,4,6,640.2635,Medium Value
C16347,5,5,850.5450000000001,High Value
C16348,4,6,485.48199999999997,Medium Value
C16349,5,5,383.19050000000004,Medium Value
C16350,5,9,1565.3605,High Value
C16351,3,4,558.961,Medium Value
C16352,2,3,157.8595,Low Value
C16353,7,9,1143.8645,High Value
C16354,6,8,401.7795,Medium Value
C16355,3,5,3311.5,High Value
C16356,8,10,1148.8255,High Value
C16357,5,6,945.1855,High Value
C16358,4,7,230.937,Low Value
C16359,8,17,393.34499999999997,Medium Value
C16360,9,20,1351.999,High Value
C16361,5,7,209.969,Low Value
C16362,5,8,1087.531,High Value
C16363,2,4,291.78000000000003,Low Value
C16364,4,4,526.4300000000001,Medium Value
C16365,4,8,426.17,Medium Value
C16367,4,5,422.9285,Medium Value
C16368,4,5,459.394,Medium Value
C16369,6,6,477.8615,Medium Value
C16370,5,8,294.996,Medium Value
C16371,4,7,1119.9070000000002,High Value
C16372,3,6,117.68,Low Value
C16373,4,5,324.426,Medium Value
C16374,6,6,486.83950000000004,Medium Value
C16375,7,10,5027.9665,High Value
C16376,6,6,310.2075,Medium Value
C16377,4,9,2023.8339999999998,High Value
C16378,5,7,776.957,High Value
C16379,5,9,905.4845,High Value
C16380,3,5,201.251,Low Value
C16381,4,5,229.437,Low Value
C16382,10,15,6973.061,High Value
C16383,3,3,264.7245,Low Value
C16384,2,2,478.71,Medium Value
C16385,4,6,722.9830000000001,Medium Value
C16386,5,6,697.784,Medium Value
C16387,5,8,1336.9545,High Value
C16388,2,4,121.61349999999999,Low Value
C16389,6,11,903.8015,High Value
C16390,3,4,250.659,Low Value
C16391,4,4,1069.2075,High Value
C16393,2,2,158.21949999999998,Low Value
C16394,3,3,106.077,Low Value
C16395,3,4,276.0435,Low Value
C16396,6,7,1010.919,High Value
C16397,2,2,463.36899999999997,Medium Value
C16398,4,5,575.263,Medium Value
C16399,1,1,74.772,Low Value
C16400,2,3,2691.9900000000002,High Value
C16401,9,14,775.444,High Value
C16402,5,11,1026.87,High Value
C16403,5,6,335.5955,Medium Value
C16404,5,8,188.425,Low Value
C16405,7,9,237.89000000000001,Low Value
C16406,6,7,267.25149999999996,Low Value
C16407,5,7,2409.66,High Value
C16408,4,5,191.1435,Low Value
C16409,8,10,1022.2365,High Value
C16410,3,4,379.49800000000005,Medium Value
C16411,6,6,704.436,Medium Value
C16412,6,8,561.8625,Medium Value
C16413,9,12,2969.83,High Value
C16414,4,7,202.336,Low Value
C16415,3,8,369.6940000000001,Medium Value
C16416,8,16,643.05,Medium Value
C16417,5,5,322.4565,Medium Value
C16418,1,1,13.166999999999998,Low Value
C16419,3,3,400.845,Medium Value
C16420,6,13,1131.0155,High Value
C16421,2,6,1569.388,High Value
C16422,2,3,25.369,Low Value
C16423,3,7,351.206,Medium Value
C16424,3,7,208.388,Low Value
C16425,2,2,62.64,Low Value
C16426,4,4,110.16550000000001,Low Value
C16427,3,3,464.57300000000004,Medium Value
C16428,3,3,132.6995,Low Value
C16429,4,5,390.9085,Medium Value
C16430,5,9,1453.128,High Value
C16431,4,7,689.5435,Medium Value
C16432,4,7,4237.7445,High Value
C16433,1,2,58.54,Low Value
C16434,3,6,1334.333,High Value
C16435,2,2,56.434000000000005,Low Value
C16436,6,12,1703.579,High Value
C16437,7,7,1277.3815,High Value
C16438,2,2,226.814,Low Value
C16439,5,6,661.3,Medium Value
C16440,1,2,31.6,Low Value
C16441,8,14,1514.6655,High Value
C16442,1,2,489.12,Medium Value
C16443,7,7,170.14249999999998,Low Value
C16444,6,13,750.741,Medium Value
C16445,5,9,447.598,Medium Value
C16446,6,7,315.64,Medium Value
C16447,7,16,2639.443,High Value
C16448,4,5,1077.28,High Value
C16449,4,8,354.4,Medium Value
C16450,5,6,869.9554999999999,High Value
C16451,5,9,461.70550000000003,Medium Value
C16452,5,6,1128.435,High Value
C16453,4,8,2670.677,High Value
C16454,5,12,170.5205,Low Value
C16455,1,1,3.393,Low Value
C16456,4,6,95.02,Low Value
C16457,5,6,199.4375,Low Value
C16458,4,6,79.649,Low Value
C16459,3,4,267.596,Low Value
C16460,4,6,399.548,Medium Value
C16461,5,6,778.4014999999999,High Value
C16464,5,5,905.1015000000001,High Value
C16465,2,4,65.366,Low Value
C16466,3,5,864.4489999999998,High Value
C16467,6,6,316.5995,Medium Value
C16468,6,7,822.3565000000001,High Value
C16469,3,3,307.86,Medium Value
C16470,8,11,744.698,Medium Value
C16471,7,11,1717.0315,High Value
C16472,2,2,59.713,Low Value
C16473,5,7,403.35049999999995,Medium Value
C16474,7,9,1189.9995,High Value
C16475,2,2,248.2345,Low Value
C16476,6,6,231.23,Low Value
C16477,4,5,206.471,Low Value
C16478,4,6,760.832,Medium Value
C16479,5,10,934.6795,High Value
C16481,3,4,335.1925,Medium Value
C16482,3,4,178.08100000000002,Low Value
C16483,1,1,411.99,Medium Value
C16484,3,3,36.2245,Low Value
C16485,7,11,1230.143,High Value
C16486,5,6,869.969,High Value
C16487,5,6,306.93399999999997,Medium Value
C16488,4,4,668.008,Medium Value
C16489,3,6,820.5949999999999,High Value
C16490,3,4,39.726,Low Value
C16491,4,4,1042.248,High Value
C16492,2,3,201.0,Low Value
C16493,3,3,463.536,Medium Value
C16494,2,3,198.706,Low Value
C16495,4,5,592.9225,Medium Value
C16496,7,14,2436.705,High Value
C16497,5,5,792.7225,High Value
C16498,2,3,71.19,Low Value
C16499,9,13,1166.5695,High Value
C16500,7,13,781.772,High Value
C16501,5,12,808.72,High Value
C16502,3,3,40.499,Low Value
C16503,1,1,268.49,Low Value
C16504,2,2,83.304,Low Value
C16505,1,5,143.8,Low Value
C16506,4,9,3655.55,High Value
C16507,4,5,148.4545,Low Value
C16508,2,5,81.40299999999999,Low Value
C16509,7,10,356.096,Medium Value
C16510,3,8,2203.122,High Value
C16511,4,5,62.555,Low Value
C16512,2,5,229.726,Low Value
C16513,4,7,326.19300000000004,Medium Value
C16514,6,8,1529.4745,High Value
C16515,2,5,2623.6825,High Value
C16516,5,7,89.999,Low Value
C16517,1,1,6.066000000000001,Low Value
C16518,3,3,323.52,Medium Value
C16519,4,5,285.7065,Low Value
C16520,2,2,522.99,Medium Value
C16521,6,7,949.6589999999999,High Value
C16522,4,8,203.11400000000003,Low Value
C16523,6,9,1455.207,High Value
C16524,7,15,2044.581,High Value
C16525,4,4,803.4425000000001,High Value
C16526,2,6,2761.835,High Value
C16527,3,3,117.27000000000001,Low Value
C16528,2,5,987.22,High Value
C16529,2,3,499.5659999999999,Medium Value
C16530,5,9,2287.2365,High Value
C16531,3,3,1123.6100000000001,High Value
C16532,3,3,267.906,Low Value
C16533,4,4,765.556,Medium Value
C16534,6,10,573.4340000000001,Medium Value
C16535,3,3,93.29299999999999,Low Value
C16536,2,4,116.82900000000001,Low Value
C16537,3,3,243.45499999999998,Low Value
C16538,5,6,2348.963,High Value
C16539,7,7,1094.1945,High Value
C16540,7,11,1418.8725000000002,High Value
C16541,4,4,121.59700000000001,Low Value
C16542,3,6,153.0435,Low Value
C16543,4,5,1191.0915,High Value
C16544,7,9,2066.6000000000004,High Value
C16545,2,2,37.852000000000004,Low Value
C16546,5,12,4424.5985,High Value
C16547,2,2,35.1,Low Value
C16548,4,12,468.53799999999995,Medium Value
C16549,3,6,750.16,Medium Value
C16550,2,4,832.87,High Value
C16551,3,6,199.56,Low Value
C16552,3,4,912.192,High Value
C16553,9,10,2117.418,High Value
C16554,6,9,1758.984,High Value
C16555,2,5,1081.01,High Value
C16556,2,2,183.1175,Low Value
C16557,4,4,183.70649999999998,Low Value
C16558,5,6,1186.3419999999999,High Value
C16559,5,5,720.0455,Medium Value
C16560,2,2,62.4905,Low Value
C16561,2,2,66.774,Low Value
C16563,8,10,1708.5135,High Value
C16564,3,6,962.761,High Value
C16565,4,6,107.745,Low Value
C16566,7,10,1559.8375,High Value
C16567,2,2,420.28,Medium Value
C16568,2,2,365.642,Medium Value
C16569,5,5,519.719,Medium Value
C16570,3,6,1084.5700000000002,High Value
C16571,7,7,668.5165,Medium Value
C16572,1,3,79.00200000000001,Low Value
C16573,2,2,250.44,Low Value
C16574,4,5,592.151,Medium Value
C16575,3,4,177.07999999999998,Low Value
C16576,2,5,441.171,Medium Value
C16577,7,8,1596.959,High Value
C16578,4,4,166.2955,Low Value
C16579,4,5,65.315,Low Value
C16580,4,6,139.897,Low Value
C16581,5,6,766.9390000000001,High Value
C16582,5,5,448.029,Medium Value
C16583,5,6,339.161,Medium Value
C16584,5,7,840.62,High Value
C16585,1,1,5.2955000000000005,Low Value
C16586,3,6,362.622,Medium Value
C16587,6,6,358.677,Medium Value
C16588,7,8,263.124,Low Value
C16589,7,9,1325.3825,High Value
C16590,5,6,348.9515,Medium Value
C16591,2,2,30.7515,Low Value
C16592,3,5,424.18399999999997,Medium Value
C16593,11,14,1837.0065,High Value
C16594,3,6,6415.320000000001,High Value
C16595,2,3,265.4265,Low Value
C16596,3,4,636.455,Medium Value
C16597,2,2,75.05,Low Value
C16598,8,12,434.9195,Medium Value
C16599,2,2,209.376,Low Value
C16600,4,9,3025.7245000000003,High Value
C16601,4,5,543.228,Medium Value
C16602,3,3,142.372,Low Value
C16603,5,9,831.9565,High Value
C16604,3,3,276.3965,Low Value
C16605,4,4,183.495,Low Value
C16606,4,10,124.4455,Low Value
C16607,3,4,205.27750000000003,Low Value
C16608,5,11,1688.0024999999998,High Value
C16609,8,14,662.576,Medium Value
C16610,5,9,2135.8065,High Value
C16611,3,4,418.874,Medium Value
C16612,2,2,390.67299999999994,Medium Value
C16613,3,4,422.3505,Medium Value
C16614,9,12,369.68,Medium Value
C16615,3,4,1684.853,High Value
C16616,4,4,164.142,Low Value
C16617,5,9,1359.414,High Value
C16618,6,11,274.15999999999997,Low Value
C16619,5,5,1629.45,High Value
C16620,3,5,683.3845,Medium Value
C16621,5,6,413.319,Medium Value
C16622,5,7,1453.4165,High Value
C16623,4,11,864.5455000000001,High Value
C16624,2,3,253.34000000000003,Low Value
C16625,3,5,123.0735,Low Value
C16626,4,6,543.9845,Medium Value
C16627,4,9,259.68,Low Value
C16628,8,12,3450.3375,High Value
C16629,6,7,884.4010000000001,High Value
C16630,2,3,39.8285,Low Value
C16631,2,2,183.1025,Low Value
C16632,3,5,237.8065,Low Value
C16633,2,3,1299.654,High Value
C16634,3,6,1057.6290000000001,High Value
C16635,4,4,247.599,Low Value
C16636,6,13,1814.3915,High Value
C16637,3,3,569.22,Medium Value
C16638,5,6,1424.173,High Value
C16639,6,8,439.003,Medium Value
C16640,2,5,220.0,Low Value
C16641,4,4,219.859,Low Value
C16642,5,8,203.503,Low Value
C16643,6,10,1010.672,High Value
C16644,4,7,1250.187,High Value
C16645,8,18,1440.802,High Value
C16646,7,11,1125.2865,High Value
C16647,3,3,195.216,Low Value
C16648,1,1,61.578,Low Value
C16649,4,5,111.502,Low Value
C16650,3,4,233.042,Low Value
C16651,6,7,314.7105,Medium Value
C16652,6,10,1211.3535000000002,High Value
C16653,2,5,89.078,Low Value
C16654,8,9,1175.8875,High Value
C16655,10,19,13885.104,High Value
C16656,3,3,195.67499999999998,Low Value
C16657,5,6,963.3260000000001,High Value
C16658,5,5,924.966,High Value
C16659,5,5,867.5620000000001,High Value
C16660,3,9,1021.284,High Value
C16661,5,6,353.77750000000003,Medium Value
C16662,3,6,436.9765,Medium Value
C16663,4,4,403.22700000000003,Medium Value
C16664,2,2,278.51649999999995,Low Value
C16665,6,7,707.3204999999999,Medium Value
C16666,2,2,32.984,Low Value
C16667,6,8,1261.1135,High Value
C16668,9,13,1644.4745,High Value
C16669,3,5,414.041,Medium Value
C16670,5,7,695.2805,Medium Value
C16671,7,7,1488.5014999999999,High Value
C16672,3,3,209.11,Low Value
C16673,4,5,274.3,Low Value
C16674,6,8,1353.627,High Value
C16675,1,1,64.8945,Low Value
C16676,3,4,975.5425,High Value
C16677,4,4,41.1495,Low Value
C16678,7,11,667.1135,Medium Value
C16679,3,3,109.157,Low Value
C16680,3,4,92.781,Low Value
C16681,5,6,575.3125,Medium Value
C16682,3,5,1039.8125,High Value
C16683,9,15,1904.522,High Value
C16684,3,3,758.4415,Medium Value
C16685,7,8,318.8765,Medium Value
C16686,6,6,582.528,Medium Value
C16687,5,11,441.15599999999995,Medium Value
C16688,1,2,410.44,Medium Value
C16689,2,2,33.558,Low Value
C16690,2,3,203.82,Low Value
C16691,3,4,105.01,Low Value
C16692,3,7,1331.5715,High Value
C16693,4,4,1007.7505000000001,High Value
C16694,5,6,777.0189999999999,High Value
C16695,3,6,73.686,Low Value
C16696,4,7,183.207,Low Value
C16697,7,9,1056.4765,High Value
C16698,4,4,607.4269999999999,Medium Value
C16699,3,7,141.888,Low Value
C16700,5,5,153.83100000000002,Low Value
C16701,6,10,2237.5035,High Value
C16702,6,7,117.1115,Low Value
C16703,7,10,925.319,High Value
C16704,13,14,1976.2085,High Value
C16705,2,2,344.801,Medium Value
C16706,2,3,410.99,Medium Value
C16707,8,8,747.068,Medium Value
C16708,4,5,661.8735,Medium Value
C16709,6,9,702.9304999999999,Medium Value
C16710,6,8,732.8119999999999,Medium Value
C16711,5,6,549.2985,Medium Value
C16712,3,3,622.49,Medium Value
C16713,8,13,449.504,Medium Value
C16714,4,5,547.78,Medium Value
C16715,2,3,119.32400000000001,Low Value
C16716,6,7,1214.1125,High Value
C16717,3,5,385.3515,Medium Value
C16718,4,6,941.8775,High Value
C16719,4,7,144.918,Low Value
C16720,4,5,1148.596,High Value
C16721,2,4,549.5400000000001,Medium Value
C16722,3,5,128.995,Low Value
C16723,5,7,655.3485000000001,Medium Value
C16724,7,11,959.037,High Value
C16725,3,4,308.42449999999997,Medium Value
C16726,2,2,425.53000000000003,Medium Value
C16727,2,2,99.9335,Low Value
C16728,3,5,1129.1299999999999,High Value
C16729,1,1,10.94,Low Value
C16730,1,1,35.83,Low Value
C16731,8,14,2833.5105,High Value
C16732,10,11,1330.357,High Value
C16733,7,12,481.848,Medium Value
C16734,3,3,143.3,Low Value
C16735,4,7,45.195,Low Value
C16736,2,2,167.923,Low Value
C16737,2,2,27.343999999999998,Low Value
C16738,2,6,469.315,Medium Value
C16739,4,8,415.45000000000005,Medium Value
C16740,3,6,742.46,Medium Value
C16741,4,7,349.182,Medium Value
C16742,3,3,280.423,Low Value
C16743,2,2,58.108,Low Value
C16744,4,5,237.1625,Low Value
C16745,4,9,1322.205,High Value
C16746,2,2,143.51,Low Value
C16747,6,10,1271.9635,High Value
C16748,7,11,191.8815,Low Value
C16749,6,11,1140.9779999999998,High Value
C16750,2,3,269.976,Low Value
C16751,4,6,426.59999999999997,Medium Value
C16752,6,10,313.596,Medium Value
C16753,1,1,49.21,Low Value
C16754,2,2,18.668,Low Value
C16755,7,17,1748.115,High Value
C16756,2,5,2196.1569999999997,High Value
C16757,3,9,541.376,Medium Value
C16758,4,5,421.341,Medium Value
C16759,2,2,170.46,Low Value
C16760,1,3,46.23,Low Value
C16761,6,13,739.376,Medium Value
C16762,4,9,2097.48,High Value
C16763,8,9,589.87,Medium Value
C16764,6,10,446.245,Medium Value
C16765,1,1,21.69,Low Value
C16766,6,8,1458.0149999999999,High Value
C16767,6,7,378.778,Medium Value
C16768,4,7,186.4325,Low Value
C16769,2,3,1624.69,High Value
C16770,5,6,377.254,Medium Value
C16771,6,8,2260.3099999999995,High Value
C16772,5,8,357.4675,Medium Value
C16773,6,7,334.2355,Medium Value
C16774,3,4,600.4125,Medium Value
C16775,7,12,680.485,Medium Value
C16776,3,3,469.28,Medium Value
C16777,5,9,152.29000000000002,Low Value
C16778,2,5,48.191500000000005,Low Value
C16779,1,3,106.47,Low Value
C16780,3,5,613.81,Medium Value
C16781,4,6,212.14050000000003,Low Value
C16782,7,11,1442.315,High Value
C16783,5,10,524.8375,Medium Value
C16784,3,4,276.0235,Low Value
C16785,5,10,319.451,Medium Value
C16786,4,4,192.1445,Low Value
C16787,4,6,3450.93,High Value
C16788,3,3,117.018,Low Value
C16789,3,5,116.499,Low Value
C16790,3,3,135.84,Low Value
C16791,3,7,305.21999999999997,Medium Value
C16792,9,9,679.15,Medium Value
C16793,7,11,1306.4875,High Value
C16794,6,7,862.3165,High Value
C16795,5,5,418.8965,Medium Value
C16796,4,5,781.0464999999999,High Value
C16797,3,7,1167.543,High Value
C16798,4,7,1057.6355,High Value
C16799,7,11,2878.3464999999997,High Value
C16800,5,5,581.672,Medium Value
C16801,5,6,1105.392,High Value
C16802,2,3,78.592,Low Value
C16803,2,3,348.0,Medium Value
C16804,5,7,419.666,Medium Value
C16805,5,8,3811.7854999999995,High Value
C16806,5,6,148.82999999999998,Low Value
C16807,3,6,130.479,Low Value
C16808,4,5,208.882,Low Value
C16809,5,8,473.3215,Medium Value
C16810,1,2,44.72,Low Value
C16811,6,8,584.6804999999999,Medium Value
C16812,3,5,394.33450000000005,Medium Value
C16813,6,13,3826.299,High Value
C16814,2,2,80.847,Low Value
C16815,5,5,675.116,Medium Value
C16816,5,8,1571.5394999999999,High Value
C16817,3,4,254.584,Low Value
C16818,4,4,388.9395,Medium Value
C16819,4,9,1191.5444999999997,High Value
C16820,5,11,2373.8700000000003,High Value
C16821,3,8,2571.409,High Value
C16822,2,2,133.1775,Low Value
C16823,5,6,944.1170000000001,High Value
C16825,3,5,268.593,Low Value
C16826,1,1,19.019,Low Value
C16827,5,9,1691.907,High Value
C16828,5,12,702.14,Medium Value
C16829,4,5,1191.342,High Value
C16830,3,7,102.502,Low Value
C16831,4,6,678.8305,Medium Value
C16832,4,4,366.44449999999995,Medium Value
C16833,5,11,2150.505,High Value
C16834,8,9,1645.0595,High Value
C16836,3,7,1934.79,High Value
C16837,10,16,1318.093,High Value
C16838,4,4,142.142,Low Value
C16839,5,6,1331.614,High Value
C16840,10,10,1530.3880000000001,High Value
C16841,7,8,1055.8600000000001,High Value
C16842,6,7,351.355,Medium Value
C16843,6,6,1472.53,High Value
C16844,3,6,147.15200000000002,Low Value
C16845,7,8,323.7905,Medium Value
C16846,5,9,659.77,Medium Value
C16847,1,1,67.7635,Low Value
C16848,3,3,246.26850000000002,Low Value
C16849,3,3,1039.0575,High Value
C16850,4,4,956.344,High Value
C16851,4,6,136.418,Low Value
C16852,6,9,529.8385000000001,Medium Value
C16853,3,6,220.76350000000002,Low Value
C16854,7,9,1507.39,High Value
C16855,4,5,588.1685,Medium Value
C16856,8,10,830.076,High Value
C16857,4,5,287.6135,Low Value
C16858,2,2,37.142,Low Value
C16859,5,9,788.9449999999999,High Value
C16860,5,8,614.4005,Medium Value
C16861,5,6,1425.472,High Value
C16862,4,7,2307.787,High Value
C16863,2,5,210.197,Low Value
C16864,5,10,1243.1529999999998,High Value
C16865,2,2,43.7055,Low Value
C16866,3,4,107.32,Low Value
C16867,2,6,1061.24,High Value
C16868,2,2,348.09,Medium Value
C16869,10,16,1220.406,High Value
C16870,3,4,811.7354999999999,High Value
C16871,5,5,574.0135,Medium Value
C16872,3,4,301.4665,Medium Value
C16873,6,12,296.12100000000004,Medium Value
C16874,2,2,189.885,Low Value
C16875,4,6,3671.323,High Value
C16876,2,2,43.664500000000004,Low Value
C16877,2,4,136.05450000000002,Low Value
C16878,5,8,990.8100000000001,High Value
C16879,1,1,13.22,Low Value
C16880,3,3,183.799,Low Value
C16881,8,11,1239.212,High Value
C16882,4,4,304.53700000000003,Medium Value
C16883,4,4,379.721,Medium Value
C16884,4,6,755.989,Medium Value
C16885,2,2,560.6365,Medium Value
C16886,4,5,525.1255,Medium Value
C16887,2,2,83.76850000000002,Low Value
C16889,1,1,202.38,Low Value
C16890,5,7,345.05100000000004,Medium Value
C16891,4,4,148.649,Low Value
C16892,5,11,598.68,Medium Value
C16893,3,4,227.8465,Low Value
C16894,3,3,95.576,Low Value
C16895,7,11,3436.802,High Value
C16896,2,5,904.8800000000001,High Value
C16897,6,10,1464.976,High Value
C16898,4,6,109.00999999999999,Low Value
C16899,3,6,133.84,Low Value
C16900,5,5,2236.4399999999996,High Value
C16901,4,7,121.3895,Low Value
C16902,3,3,84.47399999999999,Low Value
C16903,2,2,93.6155,Low Value
C16904,4,6,483.47099999999995,Medium Value
C16905,6,11,945.8520000000001,High Value
C16906,3,4,187.4145,Low Value
C16907,3,3,159.399,Low Value
C16908,3,3,664.829,Medium Value
C16909,1,2,449.407,Medium Value
C16910,3,6,426.04600000000005,Medium Value
C16911,4,7,318.056,Medium Value
C16912,2,2,1496.5254999999997,High Value
C16913,4,8,1732.5000000000002,High Value
C16914,2,3,94.243,Low Value
C16915,2,2,459.1,Medium Value
C16917,5,8,1218.1835,High Value
C16918,4,6,91.957,Low Value
C16919,7,12,2153.814,High Value
C16920,2,5,1635.36,High Value
C16921,2,2,69.562,Low Value
C16922,6,6,339.1115,Medium Value
C16923,4,10,624.868,Medium Value
C16924,5,5,703.082,Medium Value
C16925,1,1,19.16,Low Value
C16926,2,5,1701.0900000000001,High Value
C16927,2,2,132.002,Low Value
C16928,5,9,413.5555,Medium Value
C16929,3,4,376.158,Medium Value
C16930,3,3,592.0305,Medium Value
C16931,3,3,263.2915,Low Value
C16932,3,3,368.27700000000004,Medium Value
C16933,4,8,1319.83,High Value
C16934,4,7,349.4885,Medium Value
C16935,3,4,123.69099999999999,Low Value
C16936,6,7,269.846,Low Value
C16937,4,5,666.282,Medium Value
C16938,4,11,2464.54,High Value
C16939,3,4,77.01,Low Value
C16940,6,11,1328.696,High Value
C16941,5,10,2124.1325,High Value
C16942,4,4,1221.957,High Value
C16943,3,6,1652.7599999999998,High Value
C16944,7,14,3860.628,High Value
C16945,4,6,120.574,Low Value
C16946,2,2,94.96,Low Value
C16947,5,6,1307.548,High Value
C16948,3,5,1010.951,High Value
C16949,5,6,1778.3665,High Value
C16950,3,4,287.14099999999996,Low Value
C16951,1,2,23.16,Low Value
C16952,7,12,1382.2555,High Value
C16953,6,6,159.203,Low Value
C16954,2,2,14.589500000000001,Low Value
C16955,3,3,630.4295,Medium Value
C16956,1,1,10.45,Low Value
C16957,10,10,666.8154999999999,Medium Value
C16958,4,8,398.321,Medium Value
C16959,6,8,764.7950000000001,Medium Value
C16960,3,3,157.251,Low Value
C16961,5,6,2152.0,High Value
C16962,4,10,548.2460000000001,Medium Value
C16963,8,15,2449.675,High Value
C16964,5,5,466.012,Medium Value
C16965,5,9,210.5435,Low Value
C16966,4,9,428.3215,Medium Value
C16967,3,3,91.7415,Low Value
C16968,5,5,382.4585,Medium Value
C16969,6,8,242.096,Low Value
C16970,5,7,429.6,Medium Value
C16971,8,14,1770.6609999999996,High Value
C16972,2,2,180.529,Low Value
C16973,2,4,481.244,Medium Value
C16974,5,5,236.32799999999997,Low Value
C16975,6,6,1041.033,High Value
C16976,7,13,668.616,Medium Value
C16977,2,2,101.7405,Low Value
C16978,2,4,473.04999999999995,Medium Value
C16979,6,13,576.908,Medium Value
C16980,11,17,522.503,Medium Value
C16981,11,14,1023.8965,High Value
C16982,4,5,628.202,Medium Value
C16983,2,6,1165.376,High Value
C16984,3,3,147.0025,Low Value
C16985,4,4,793.179,High Value
C16986,3,3,365.317,Medium Value
C16987,4,4,198.571,Low Value
C16988,1,1,4.977,Low Value
C16989,4,4,824.616,High Value
C16990,6,11,1302.0635,High Value
C16991,6,13,935.7950000000001,High Value
C16992,7,10,832.1705,High Value
C16993,8,12,396.312,Medium Value
C16994,2,3,297.20000000000005,Medium Value
C16995,6,9,213.441,Low Value
C16996,5,6,1631.106,High Value
C16997,4,5,707.2379999999999,Medium Value
C16998,9,26,3432.914,High Value
C16999,6,6,357.76399999999995,Medium Value
C17000,4,4,568.0809999999999,Medium Value
C17001,6,8,949.919,High Value
C17002,10,11,425.2985,Medium Value
C17003,6,7,413.517,Medium Value
C17004,5,9,452.10699999999997,Medium Value
C17005,3,6,497.457,Medium Value
C17006,6,8,1098.4655,High Value
C17007,3,3,180.336,Low Value
C17008,7,11,211.4995,Low Value
C17009,6,11,954.9720000000001,High Value
C17010,3,3,669.8480000000001,Medium Value
C17011,10,13,1842.3585,High Value
C17012,4,5,147.143,Low Value
C17013,5,9,373.954,Medium Value
C17014,4,7,1546.553,High Value
C17015,5,11,1064.125,High Value
C17016,4,7,174.7755,Low Value
C17017,3,5,194.216,Low Value
C17018,6,9,346.949,Medium Value
C17019,1,1,21.8405,Low Value
C17020,4,4,282.651,Low Value
C17021,4,4,199.49349999999998,Low Value
C17022,4,9,150.5695,Low Value
C17023,4,6,216.81,Low Value
C17024,7,13,763.4280000000001,Medium Value
C17025,6,8,387.249,Medium Value
C17026,4,11,174.844,Low Value
C17027,3,3,132.04399999999998,Low Value
C17028,4,5,544.7755,Medium Value
C17029,5,11,770.9435,High Value
C17030,2,4,756.9665,Medium Value
C17031,5,6,267.14,Low Value
C17032,5,7,169.415,Low Value
C17033,3,3,384.985,Medium Value
C17034,6,8,1508.2345,High Value
C17035,4,5,1020.5275,High Value
C17036,6,7,1125.2155,High Value
C17037,3,5,310.199,Medium Value
C17038,1,1,103.6165,Low Value
C17039,5,6,182.8135,Low Value
C17040,4,6,613.8310000000001,Medium Value
C17041,10,17,1024.814,High Value
C17042,6,11,3790.9885,High Value
C17043,6,7,532.5740000000001,Medium Value
C17044,3,4,1097.5695,High Value
C17045,4,10,607.128,Medium Value
C17046,4,4,274.81,Low Value
C17048,5,7,176.038,Low Value
C17049,1,1,373.16,Medium Value
C17050,3,8,645.494,Medium Value
C17051,1,1,6.792000000000001,Low Value
C17052,2,2,19.8495,Low Value
C17053,6,6,485.95,Medium Value
C17054,4,5,86.7105,Low Value
C17055,6,8,843.0455000000001,High Value
C17056,6,6,265.581,Low Value
C17057,4,4,346.05400000000003,Medium Value
C17058,4,5,2536.31,High Value
C17059,4,5,257.886,Low Value
C17060,3,4,139.8225,Low Value
C17061,3,5,226.775,Low Value
C17062,7,10,1797.9575,High Value
C17063,3,7,119.52600000000001,Low Value
C17064,3,4,987.4075,High Value
C17065,3,4,428.072,Medium Value
C17066,4,9,259.21,Low Value
C17067,3,10,639.642,Medium Value
C17068,6,6,145.944,Low Value
C17069,11,16,2713.878,High Value
C17070,1,2,495.94,Medium Value
C17071,4,4,557.311,Medium Value
C17072,3,7,326.22,Medium Value
C17073,5,11,887.386,High Value
C17074,3,3,164.405,Low Value
C17075,2,2,66.9945,Low Value
C17076,2,2,180.54000000000002,Low Value
C17077,7,12,731.9275,Medium Value
C17078,3,3,103.93700000000001,Low Value
C17079,5,5,332.544,Medium Value
C17080,5,5,404.28,Medium Value
C17081,7,10,955.0120000000001,High Value
C17082,8,12,790.283,High Value
C17083,7,13,1520.0765000000001,High Value
C17084,3,5,68.80000000000001,Low Value
C17085,2,3,252.16899999999998,Low Value
C17086,4,10,1223.5594999999998,High Value
C17087,8,10,516.602,Medium Value
C17088,3,6,326.838,Medium Value
C17089,5,8,1975.8480000000002,High Value
C17090,4,8,299.87850000000003,Medium Value
C17091,4,11,2073.694,High Value
C17092,6,11,216.974,Low Value
C17093,3,3,91.00049999999999,Low Value
C17094,5,8,785.4755,High Value
C17095,3,3,338.14,Medium Value
C17096,4,8,677.3645,Medium Value
C17097,7,7,295.947,Medium Value
C17098,5,8,598.4265,Medium Value
C17099,8,12,660.654,Medium Value
C17100,2,5,842.1200000000001,High Value
C17101,6,6,219.4195,Low Value
C17102,3,5,444.04,Medium Value
C17103,4,5,484.83399999999995,Medium Value
C17104,1,1,403.35,Medium Value
C17105,4,8,570.807,Medium Value
C17106,5,10,1012.638,High Value
C17107,1,1,283.86,Low Value
C17108,5,9,527.5,Medium Value
C17109,1,2,101.696,Low Value
C17110,4,9,865.654,High Value
C17111,4,7,854.164,High Value
C17112,5,11,1605.5335,High Value
C17113,3,6,386.34999999999997,Medium Value
C17114,3,3,156.1625,Low Value
C17115,4,8,432.3765,Medium Value
C17116,5,14,7424.3405,High Value
C17117,6,12,1671.403,High Value
C17118,2,2,434.117,Medium Value
C17119,5,10,803.4884999999999,High Value
C17120,4,5,476.2865,Medium Value
C17121,5,8,487.57550000000003,Medium Value
C17122,3,3,41.354,Low Value
C17123,3,3,77.2,Low Value
C17124,5,8,2685.9235,High Value
C17125,4,4,151.99849999999998,Low Value
C17126,5,12,149.93399999999997,Low Value
C17127,9,17,2344.155,High Value
C17128,3,3,308.56,Medium Value
C17129,9,14,3497.6795,High Value
C17130,2,3,60.57,Low Value
C17131,8,14,6479.246,High Value
C17132,2,5,42.28,Low Value
C17133,3,5,129.765,Low Value
C17134,2,2,146.8815,Low Value
C17135,6,15,713.1155000000001,Medium Value
C17136,4,4,490.699,Medium Value
C17137,7,9,944.332,High Value
C17138,4,10,166.253,Low Value
C17139,1,1,83.771,Low Value
C17140,8,15,1464.7165,High Value
C17141,6,9,260.742,Low Value
C17142,4,11,906.797,High Value
C17143,4,4,165.60999999999999,Low Value
C17144,1,1,138.8,Low Value
C17145,4,5,288.9725,Low Value
C17146,4,6,1131.6495,High Value
C17147,7,9,380.038,Medium Value
C17148,3,4,513.064,Medium Value
C17149,2,3,458.44000000000005,Medium Value
C17150,3,5,1895.1835,High Value
C17151,5,11,360.039,Medium Value
C17152,2,4,269.483,Low Value
C17153,3,3,202.3465,Low Value
C17154,7,9,1487.386,High Value
C17155,5,5,876.5994999999999,High Value
C17156,2,6,604.8,Medium Value
C17157,4,5,495.7955,Medium Value
C17158,2,3,38.302,Low Value
C17159,4,4,1472.07,High Value
C17160,6,6,151.853,Low Value
C17161,3,4,284.233,Low Value
C17162,6,8,351.5075,Medium Value
C17163,6,9,590.8410000000001,Medium Value
C17164,7,8,378.618,Medium Value
C17165,6,8,2297.91,High Value
C17166,8,19,845.1925,High Value
C17167,5,9,955.9495000000001,High Value
C17168,4,6,367.593,Medium Value
C17169,4,4,118.38,Low Value
C17170,8,8,369.455,Medium Value
C17171,2,2,140.7405,Low Value
C17172,3,5,434.69,Medium Value
C17173,6,9,4532.2385,High Value
C17174,3,3,218.601,Low Value
C17175,4,5,53.6355,Low Value
C17176,5,8,383.603,Medium Value
C17177,7,8,810.0215000000001,High Value
C17178,1,4,11.152,Low Value
C17179,5,8,800.5185,High Value
C17180,6,11,2955.593,High Value
C17181,6,8,1057.1115,High Value
C17182,4,6,443.04449999999997,Medium Value
C17183,4,9,672.572,Medium Value
C17184,8,14,1209.2565,High Value
C17185,3,3,386.5195,Medium Value
C17186,7,7,1442.9665,High Value
C17187,5,8,339.08799999999997,Medium Value
C17188,5,11,391.494,Medium Value
C17189,2,5,2112.838,High Value
C17190,6,10,1795.0494999999999,High Value
C17191,3,6,238.7215,Low Value
C17192,7,8,1187.9375,High Value
C17193,5,8,669.138,Medium Value
C17194,5,10,1848.9615000000001,High Value
C17195,3,5,96.634,Low Value
C17196,5,7,1717.6525,High Value
C17197,10,12,2121.7934999999998,High Value
C17198,3,7,345.453,Medium Value
C17199,2,2,159.392,Low Value
C17200,2,4,454.05,Medium Value
C17201,1,1,56.74,Low Value
C17202,3,4,166.855,Low Value
C17203,2,2,559.596,Medium Value
C17204,2,6,828.4599999999999,High Value
C17205,5,10,281.71200000000005,Low Value
C17206,10,17,2974.7695000000003,High Value
C17207,5,8,693.995,Medium Value
C17208,3,5,408.1045,Medium Value
C17209,4,9,921.975,High Value
C17210,7,13,900.0535,High Value
C17211,7,13,2218.6565,High Value
C17212,1,1,23.184,Low Value
C17213,4,4,264.31399999999996,Low Value
C17214,4,5,228.65249999999997,Low Value
C17215,6,7,392.9735,Medium Value
C17216,5,5,274.1805,Low Value
C17217,1,1,42.633,Low Value
C17218,6,9,876.8319999999999,High Value
C17219,3,5,1217.9499999999998,High Value
C17220,2,2,41.457,Low Value
C17221,1,1,17.92,Low Value
C17222,6,11,1182.413,High Value
C17224,7,11,853.5549999999998,High Value
C17225,4,4,616.1279999999999,Medium Value
C17226,7,11,349.6135,Medium Value
C17227,5,5,274.6085,Low Value
C17228,1,4,96.064,Low Value
C17229,2,5,77.392,Low Value
C17230,5,5,510.347,Medium Value
C17231,2,6,498.2,Medium Value
C17232,7,13,1350.17,High Value
C17233,3,3,605.2115,Medium Value
C17234,5,6,994.5339999999999,High Value
C17235,5,10,1807.23,High Value
C17236,7,9,232.4935,Low Value
C17237,5,5,694.5315,Medium Value
C17238,2,2,368.006,Medium Value
C17239,5,6,572.702,Medium Value
C17240,9,13,2637.5665,High Value
C17241,4,9,4206.825,High Value
C17242,4,4,227.8505,Low Value
C17243,4,4,785.3865000000001,High Value
C17244,6,7,251.44400000000002,Low Value
C17245,8,9,516.6605,Medium Value
C17246,7,9,880.921,High Value
C17247,6,8,236.669,Low Value
C17248,5,10,1754.9265,High Value
C17249,3,7,725.7159999999999,Medium Value
C17250,4,7,631.662,Medium Value
C17251,3,5,59.1345,Low Value
C17252,4,7,325.9665,Medium Value
C17253,3,6,660.815,Medium Value
C17254,4,8,656.5985,Medium Value
C17255,5,6,94.32000000000001,Low Value
C17256,9,13,980.9095,High Value
C17257,9,12,580.9535000000001,Medium Value
C17258,4,7,834.1750000000001,High Value
C17259,4,5,1369.54,High Value
C17260,5,10,624.2240000000002,Medium Value
C17261,2,2,647.0614999999999,Medium Value
C17262,4,6,571.5749999999999,Medium Value
C17263,7,10,1775.312,High Value
C17264,6,6,596.765,Medium Value
C17265,7,7,960.6895,High Value
C17266,5,5,2238.985,High Value
C17267,2,3,262.43,Low Value
C17268,3,3,118.94,Low Value
C17269,5,7,351.87399999999997,Medium Value
C17270,4,7,750.676,Medium Value
C17271,5,10,739.028,Medium Value
C17272,4,6,645.4975000000001,Medium Value
C17273,3,6,364.55000000000007,Medium Value
C17274,3,6,673.59,Medium Value
C17275,3,7,226.05200000000002,Low Value
C17276,4,8,314.043,Medium Value
C17278,3,4,646.8884999999999,Medium Value
C17279,6,6,1771.1985000000002,High Value
C17280,9,12,902.783,High Value
C17281,3,3,59.662499999999994,Low Value
C17282,6,10,275.6825,Low Value
C17283,3,5,525.009,Medium Value
C17284,3,3,610.7035,Medium Value
C17285,3,3,210.4325,Low Value
C17286,4,5,148.7385,Low Value
C17287,5,5,470.635,Medium Value
C17288,6,6,585.3985,Medium Value
C17289,1,1,29.976,Low Value
C17290,2,4,19.200000000000003,Low Value
C17291,3,3,39.047,Low Value
C17292,3,6,3332.4,High Value
C17293,1,1,142.45,Low Value
C17294,3,9,5240.043,High Value
C17295,3,5,463.77,Medium Value
C17296,3,3,475.702,Medium Value
C17297,8,11,1002.1745,High Value
C17298,3,5,639.3435,Medium Value
C17299,4,6,775.6515,High Value
C17300,6,7,536.7715000000001,Medium Value
C17301,3,7,893.2579999999999,High Value
C17302,1,1,1038.7040000000002,High Value
C17303,1,1,30.68,Low Value
C17304,6,8,1682.2095,High Value
C17305,3,5,1948.7065000000002,High Value
C17306,1,1,27.43,Low Value
C17307,3,4,927.1800000000001,High Value
C17308,2,4,1211.2615,High Value
C17309,4,12,338.315,Medium Value
C17310,9,11,851.0640000000001,High Value
C17311,6,11,1061.3115,High Value
C17312,7,7,609.983,Medium Value
C17313,8,11,424.78999999999996,Medium Value
C17314,6,7,2033.295,High Value
C17315,4,4,1395.2955,High Value
C17316,2,3,80.951,Low Value
C17318,2,4,161.01999999999998,Low Value
C17319,5,11,2932.972,High Value
C17320,6,12,915.2610000000001,High Value
C17321,6,8,439.659,Medium Value
C17322,6,13,841.6335,High Value
C17323,7,8,2406.459,High Value
C17324,2,2,258.782,Low Value
C17325,6,6,405.3605,Medium Value
C17326,3,9,1245.9119999999998,High Value
C17327,3,3,151.18,Low Value
C17328,3,3,888.402,High Value
C17329,5,7,1193.155,High Value
C17330,4,9,490.8325,Medium Value
C17331,7,7,408.20750000000004,Medium Value
C17332,5,8,1294.912,High Value
C17333,6,8,1004.512,High Value
C17334,4,4,67.9095,Low Value
C17335,1,1,189.29,Low Value
C17336,4,9,728.7,Medium Value
C17337,3,5,3292.4940000000006,High Value
C17338,2,2,52.88,Low Value
C17339,3,3,663.852,Medium Value
C17340,3,4,210.3475,Low Value
C17341,1,1,4.984000000000001,Low Value
C17342,10,12,1361.3659999999998,High Value
C17343,6,11,543.681,Medium Value
C17344,3,3,83.936,Low Value
C17345,8,14,2148.4125,High Value
C17346,2,2,223.7015,Low Value
C17347,9,11,1002.712,High Value
C17348,2,4,53.746,Low Value
C17349,4,6,1962.5664999999997,High Value
C17350,4,7,1412.1155,High Value
C17351,4,7,1008.2905000000001,High Value
C17352,4,7,559.5815,Medium Value
C17353,4,6,121.96,Low Value
C17354,4,8,564.852,Medium Value
C17355,1,1,15.48,Low Value
C17356,3,7,593.35,Medium Value
C17357,4,6,365.416,Medium Value
C17358,3,5,198.47,Low Value
C17359,3,3,75.778,Low Value
C17360,4,9,831.994,High Value
C17361,4,7,243.996,Low Value
C17362,5,9,939.716,High Value
C17363,1,1,101.43,Low Value
C17364,2,4,1482.61,High Value
C17365,3,3,185.60199999999998,Low Value
C17366,4,5,252.186,Low Value
C17367,2,2,148.45749999999998,Low Value
C17368,10,20,2162.8225,High Value
C17369,5,8,477.29799999999994,Medium Value
C17370,8,10,637.725,Medium Value
C17371,8,11,873.1010000000001,High Value
C17372,3,3,223.75,Low Value
C17373,4,8,84.51100000000001,Low Value
C17374,5,6,433.83000000000004,Medium Value
C17375,1,1,34.728,Low Value
C17376,6,11,381.372,Medium Value
C17377,3,7,2290.378,High Value
C17378,8,19,3264.747,High Value
C17379,6,6,1357.1305,High Value
C17380,4,7,731.542,Medium Value
C17381,8,14,4342.79,High Value
C17382,6,8,1032.2959999999998,High Value
C17383,2,3,828.33,High Value
C17384,3,3,28.286,Low Value
C17385,9,14,2175.312,High Value
C17386,2,2,344.909,Medium Value
C17387,3,4,423.567,Medium Value
C17388,6,14,733.587,Medium Value
C17389,5,7,1222.735,High Value
C17390,5,6,1079.9234999999999,High Value
C17391,4,4,642.5915,Medium Value
C17392,10,15,657.7415,Medium Value
C17393,6,12,814.6614999999999,High Value
C17394,8,14,1061.958,High Value
C17395,6,10,742.9225,Medium Value
C17396,6,8,911.158,High Value
C17397,5,9,377.4045,Medium Value
C17398,5,6,148.296,Low Value
C17399,7,13,1335.9384999999997,High Value
C17400,7,9,341.168,Medium Value
C17401,4,11,394.55899999999997,Medium Value
C17402,3,6,342.947,Medium Value
C17403,1,2,461.94,Medium Value
C17404,7,9,1104.2755,High Value
C17405,2,3,246.818,Low Value
C17406,3,3,281.7825,Low Value
C17407,7,8,306.5525,Medium Value
C17408,9,9,1139.8835,High Value
C17409,3,9,1045.8445000000002,High Value
C17410,3,4,1836.33,High Value
C17411,4,4,215.4805,Low Value
C17412,2,2,193.32999999999998,Low Value
C17413,9,15,840.1975,High Value
C17414,1,2,242.14,Low Value
C17415,2,2,136.54149999999998,Low Value
C17416,6,6,231.9715,Low Value
C17418,3,5,498.831,Medium Value
C17419,6,8,555.0554999999999,Medium Value
C17420,6,10,654.9639999999999,Medium Value
C17421,4,4,169.79999999999998,Low Value
C17422,5,12,677.1220000000001,Medium Value
C17423,4,6,390.93,Medium Value
C17424,2,2,278.146,Low Value
C17425,5,6,720.184,Medium Value
C17426,5,5,417.1875,Medium Value
C17427,5,13,2204.846,High Value
C17428,6,11,1153.18,High Value
C17429,4,4,406.1445,Medium Value
C17430,6,9,548.5585,Medium Value
C17431,4,5,428.84799999999996,Medium Value
C17432,7,10,2507.5665,High Value
C17433,6,8,226.767,Low Value
C17434,3,7,404.262,Medium Value
C17435,6,9,550.5975,Medium Value
C17436,6,9,1317.9885,High Value
C17437,7,7,150.89950000000002,Low Value
C17438,2,6,73.6225,Low Value
C17439,2,3,309.4235,Medium Value
C17440,6,15,4137.858,High Value
C17441,2,3,158.88699999999997,Low Value
C17442,5,5,469.81600000000003,Medium Value
C17443,7,13,421.5145,Medium Value
C17444,5,5,301.229,Medium Value
C17445,6,8,1678.712,High Value
C17446,9,13,1031.335,High Value
C17447,4,4,301.144,Medium Value
C17448,3,3,33.544,Low Value
C17449,5,6,637.181,Medium Value
C17450,8,13,2688.437,High Value
C17451,2,7,881.386,High Value
C17452,2,2,337.555,Medium Value
C17453,3,3,156.62,Low Value
C17454,4,5,78.098,Low Value
C17455,5,6,431.72249999999997,Medium Value
C17456,3,5,449.62,Medium Value
C17457,2,2,9.370000000000001,Low Value
C17458,2,2,74.92,Low Value
C17459,4,5,274.3985,Low Value
C17460,2,4,1136.71,High Value
C17461,4,15,1285.2130000000002,High Value
C17462,3,4,1962.9830000000002,High Value
C17463,2,5,180.06799999999998,Low Value
C17464,5,5,263.9105,Low Value
C17465,5,6,1123.2595,High Value
C17466,5,7,1017.996,High Value
C17467,3,4,178.606,Low Value
C17468,4,8,1832.4270000000001,High Value
C17469,3,6,124.019,Low Value
C17470,6,9,2910.8329999999996,High Value
C17471,6,11,423.46,Medium Value
C17472,3,3,469.118,Medium Value
C17473,4,5,244.114,Low Value
C17474,2,3,1654.8169999999998,High Value
C17475,3,3,362.0355,Medium Value
C17476,8,18,1715.032,High Value
C17477,4,5,846.9369999999999,High Value
C17478,5,11,2768.2545,High Value
C17479,3,3,392.232,Medium Value
C17480,4,8,243.53000000000003,Low Value
C17481,1,2,323.323,Medium Value
C17482,5,10,1885.046,High Value
C17483,6,8,684.237,Medium Value
C17484,3,5,113.032,Low Value
C17485,7,7,289.29,Low Value
C17486,3,8,245.3775,Low Value
C17487,6,7,197.47,Low Value
C17488,1,3,56.06999999999999,Low Value
C17489,3,3,62.129999999999995,Low Value
C17490,5,7,697.072,Medium Value
C17491,3,4,349.846,Medium Value
C17492,1,4,468.72,Medium Value
C17493,6,12,1011.2135000000001,High Value
C17494,5,8,1413.897,High Value
C17495,2,3,304.79,Medium Value
C17496,4,4,213.65900000000002,Low Value
C17497,3,3,146.8965,Low Value
C17498,4,5,587.097,Medium Value
C17499,1,1,28.83,Low Value
C17500,4,6,685.4045,Medium Value
C17501,4,5,216.369,Low Value
C17502,1,1,239.508,Low Value
C17503,1,1,56.41,Low Value
C17504,10,13,1478.453,High Value
C17505,2,6,487.30199999999996,Medium Value
C17506,5,9,569.474,Medium Value
C17507,5,7,323.3135,Medium Value
C17508,4,4,852.725,High Value
C17509,9,16,588.278,Medium Value
C17510,5,11,206.838,Low Value
C17511,2,4,193.73399999999998,Low Value
C17512,7,11,5519.5599999999995,High Value
C17513,5,13,853.078,High Value
C17514,2,2,304.175,Medium Value
C17515,2,4,272.8535,Low Value
C17516,6,6,542.3634999999999,Medium Value
C17517,4,7,705.9465,Medium Value
C17518,5,6,116.1175,Low Value
C17519,6,8,441.7675,Medium Value
C17520,2,2,237.857,Low Value
C17521,4,4,129.076,Low Value
C17522,2,5,1065.4660000000001,High Value
C17523,5,9,1157.453,High Value
C17524,3,5,583.025,Medium Value
C17525,3,3,301.615,Medium Value
C17526,4,4,168.867,Low Value
C17527,7,14,684.1065,Medium Value
C17528,2,2,236.05349999999999,Low Value
C17529,7,10,1546.9574999999998,High Value
C17530,3,6,345.054,Medium Value
C17531,7,9,810.658,High Value
C17532,3,4,1308.595,High Value
C17533,3,3,98.00999999999999,Low Value
C17534,1,1,12.3335,Low Value
C17535,1,1,49.26,Low Value
C17536,3,4,670.98,Medium Value
C17537,6,11,4765.483,High Value
C17538,4,6,590.5705,Medium Value
C17539,1,1,112.879,Low Value
C17540,5,8,1131.78,High Value
C17541,7,7,1319.4285,High Value
C17542,2,3,457.79,Medium Value
C17543,10,13,2613.0445,High Value
C17544,5,9,478.46450000000004,Medium Value
C17545,6,7,550.6039999999999,Medium Value
C17546,7,10,867.825,High Value
C17547,4,5,160.901,Low Value
C17548,9,11,1611.3674999999998,High Value
C17549,9,13,452.605,Medium Value
C17550,4,5,162.496,Low Value
C17551,5,17,4360.918,High Value
C17552,1,1,36.6795,Low Value
C17553,2,3,69.425,Low Value
C17554,2,2,445.52,Medium Value
C17555,2,2,289.17999999999995,Low Value
C17556,7,10,1599.9679999999998,High Value
C17557,7,8,390.624,Medium Value
C17559,3,6,395.908,Medium Value
C17560,3,3,317.211,Medium Value
C17561,4,4,129.34,Low Value
C17562,4,4,670.6085,Medium Value
C17563,1,3,192.54,Low Value
C17564,5,6,889.1265,High Value
C17565,2,2,76.753,Low Value
C17566,4,4,541.457,Medium Value
C17567,2,2,169.155,Low Value
C17568,5,8,1047.993,High Value
C17569,5,11,735.292,Medium Value
C17570,5,6,487.424,Medium Value
C17571,2,6,261.12,Low Value
C17572,5,7,852.1205,High Value
C17573,3,3,122.421,Low Value
C17574,6,6,408.086,Medium Value
C17575,4,8,1119.3505,High Value
C17576,7,11,3412.1265000000003,High Value
C17577,1,3,47.79,Low Value
C17578,3,3,716.6465,Medium Value
C17579,3,4,122.64,Low Value
C17580,1,2,151.58,Low Value
C17581,6,15,1063.07,High Value
C17582,5,9,1974.716,High Value
C17583,6,8,316.079,Medium Value
C17584,6,11,1804.8319999999999,High Value
C17585,5,7,597.939,Medium Value
C17586,7,9,500.124,Medium Value
C17587,4,4,192.43800000000002,Low Value
C17588,1,1,18.86,Low Value
C17589,3,6,1407.138,High Value
C17590,4,4,498.1345,Medium Value
C17591,2,2,68.83,Low Value
C17592,3,7,78.99600000000001,Low Value
C17593,3,6,485.59,Medium Value
C17594,3,3,431.4235,Medium Value
C17595,12,17,1592.8475,High Value
C17596,4,4,324.846,Medium Value
C17597,2,4,106.722,Low Value
C17598,5,11,338.89,Medium Value
C17599,5,12,274.345,Low Value
C17600,2,2,261.79999999999995,Low Value
C17601,4,10,511.466,Medium Value
C17602,3,3,158.163,Low Value
C17603,6,7,272.6685,Low Value
C17604,6,15,781.79,High Value
C17605,5,6,518.89,Medium Value
C17606,3,5,1855.365,High Value
C17607,6,11,544.1034999999999,Medium Value
C17608,5,5,421.4445,Medium Value
C17609,1,1,380.133,Medium Value
C17610,4,4,192.0765,Low Value
C17611,3,3,1314.0030000000002,High Value
C17612,6,11,2535.754,High Value
C17613,1,1,153.7,Low Value
C17614,5,7,772.2665,High Value
C17615,3,3,170.9105,Low Value
C17616,5,10,784.012,High Value
C17617,3,3,385.514,Medium Value
C17618,4,5,474.187,Medium Value
C17619,7,14,568.8425,Medium Value
C17620,3,3,464.661,Medium Value
C17621,4,5,229.77800000000002,Low Value
C17622,3,9,1392.3600000000001,High Value
C17623,4,4,185.6895,Low Value
C17624,3,3,39.275,Low Value
C17625,4,7,273.3675,Low Value
C17626,4,5,162.53,Low Value
C17627,3,5,308.94,Medium Value
C17628,1,1,51.114,Low Value
C17629,6,8,1296.221,High Value
C17630,8,11,484.79200000000003,Medium Value
C17631,5,5,370.77099999999996,Medium Value
C17632,4,4,230.68899999999996,Low Value
C17633,4,6,611.7655,Medium Value
C17634,6,15,2256.8345,High Value
C17635,4,6,516.3525,Medium Value
C17636,6,11,1002.8415,High Value
C17637,4,5,72.771,Low Value
C17638,5,5,972.3675000000001,High Value
C17639,3,7,724.299,Medium Value
C17640,1,1,84.83,Low Value
C17641,11,22,921.618,High Value
C17642,3,7,919.8605,High Value
C17643,8,10,1530.499,High Value
C17644,6,7,1115.973,High Value
C17645,3,3,267.3935,Low Value
C17646,3,4,1733.062,High Value
C17647,4,6,515.4200000000001,Medium Value
C17648,3,6,441.873,Medium Value
C17649,4,10,1146.117,High Value
C17650,3,3,335.1915,Medium Value
C17651,3,12,4117.727,High Value
C17652,3,5,56.242000000000004,Low Value
C17653,4,6,652.5155,Medium Value
C17654,4,6,216.06899999999996,Low Value
C17655,4,6,287.736,Low Value
C17656,4,7,479.329,Medium Value
C17657,6,7,137.6415,Low Value
C17658,4,4,291.0055,Low Value
C17659,2,3,73.467,Low Value
C17660,6,9,1145.88,High Value
C17661,4,7,180.2545,Low Value
C17662,3,4,479.90500000000003,Medium Value
C17663,5,5,432.904,Medium Value
C17664,3,4,295.7645,Medium Value
C17665,2,2,224.11800000000002,Low Value
C17666,4,6,381.8585,Medium Value
C17667,4,7,1497.2965,High Value
C17668,4,8,406.56700000000006,Medium Value
C17669,8,11,994.6885,High Value
C17670,5,6,868.704,High Value
C17671,3,4,698.9899999999999,Medium Value
C17672,1,3,95.607,Low Value
C17673,2,5,193.13,Low Value
C17674,7,13,4688.562999999999,High Value
C17675,5,5,284.778,Low Value
C17676,5,8,261.4405,Low Value
C17677,2,2,121.215,Low Value
C17678,6,11,2189.4035,High Value
C17679,5,5,457.299,Medium Value
C17680,7,7,1078.5414999999998,High Value
C17681,2,2,128.727,Low Value
C17682,1,1,248.26,Low Value
C17683,4,4,148.925,Low Value
C17684,2,4,76.07,Low Value
C17685,2,2,155.54,Low Value
C17686,7,7,448.794,Medium Value
C17687,6,10,367.43399999999997,Medium Value
C17688,6,8,1720.1015000000002,High Value
C17689,6,7,920.968,High Value
C17690,7,9,213.6135,Low Value
C17691,8,11,882.6485,High Value
C17692,2,6,342.5135,Medium Value
C17693,6,7,656.741,Medium Value
C17694,5,7,287.49199999999996,Low Value
C17695,4,4,84.952,Low Value
C17696,3,3,90.0085,Low Value
C17697,6,8,416.993,Medium Value
C17698,3,3,398.3265,Medium Value
C17699,7,9,374.103,Medium Value
C17700,3,6,90.6565,Low Value
C17701,6,6,1496.53,High Value
C17702,3,8,598.601,Medium Value
C17703,2,2,297.26099999999997,Medium Value
C17704,8,12,1860.843,High Value
C17705,7,12,2650.711,High Value
C17706,4,4,261.375,Low Value
C17707,5,5,201.4505,Low Value
C17708,3,3,544.5765,Medium Value
C17709,4,6,398.3005,Medium Value
C17710,7,8,695.829,Medium Value
C17711,5,8,460.28249999999997,Medium Value
C17712,2,5,145.58749999999998,Low Value
C17713,3,4,1007.07,High Value
C17714,6,6,925.045,High Value
C17715,6,10,1426.9199999999998,High Value
C17716,3,3,166.39,Low Value
C17717,6,7,507.2325,Medium Value
C17718,4,6,98.63400000000001,Low Value
C17719,4,4,871.7629999999999,High Value
C17720,3,4,254.47199999999998,Low Value
C17721,4,7,559.578,Medium Value
C17722,3,3,777.358,High Value
C17723,6,6,960.689,High Value
C17724,2,2,282.548,Low Value
C17725,2,5,1629.47,High Value
C17726,3,3,723.192,Medium Value
C17727,7,9,579.783,Medium Value
C17728,6,7,328.0055,Medium Value
C17729,6,6,327.5705,Medium Value
C17730,5,7,428.42799999999994,Medium Value
C17731,3,7,258.305,Low Value
C17732,5,6,822.1099999999999,High Value
C17733,7,9,889.143,High Value
C17734,7,9,1549.482,High Value
C17735,7,10,942.602,High Value
C17736,5,8,3830.505,High Value
C17737,6,8,890.0400000000001,High Value
C17738,6,7,176.942,Low Value
C17739,3,3,434.2875,Medium Value
C17740,7,11,1172.141,High Value
C17741,6,13,2375.922,High Value
C17742,5,7,736.3185,Medium Value
C17743,6,10,1725.19,High Value
C17744,4,5,1045.125,High Value
C17746,5,5,595.7415,Medium Value
C17747,2,3,9.47,Low Value
C17748,4,7,445.8125,Medium Value
C17749,8,14,343.762,Medium Value
C17750,9,12,866.9705,High Value
C17751,3,6,715.0,Medium Value
C17752,3,4,314.28999999999996,Medium Value
C17753,3,3,241.65999999999997,Low Value
C17754,5,8,641.1895,Medium Value
C17755,1,1,68.85,Low Value
C17756,6,6,1509.7089999999998,High Value
C17757,3,6,390.114,Medium Value
C17758,6,7,1138.5235,High Value
C17759,3,3,293.767,Medium Value
C17760,3,3,308.4275,Medium Value
C17761,1,3,578.58,Medium Value
C17762,5,6,1897.121,High Value
C17763,4,4,64.047,Low Value
C17764,3,3,176.777,Low Value
C17765,5,6,299.382,Medium Value
C17766,5,9,745.143,Medium Value
C17767,3,4,2231.566,High Value
C17768,5,5,879.77,High Value
C17769,6,8,722.189,Medium Value
C17770,5,5,503.00849999999997,Medium Value
C17771,6,7,653.2565,Medium Value
C17772,3,7,354.2335,Medium Value
C17773,5,5,741.56,Medium Value
C17774,3,4,95.46,Low Value
C17775,1,1,1122.083,High Value
C17776,6,12,658.467,Medium Value
C17777,9,9,1299.393,High Value
C17778,5,10,567.8485,Medium Value
C17779,1,1,47.36,Low Value
C17780,3,4,232.06300000000002,Low Value
C17781,4,13,883.831,High Value
C17782,3,5,129.09,Low Value
C17783,3,4,288.84999999999997,Low Value
C17784,5,8,330.75100000000003,Medium Value
C17785,4,7,644.086,Medium Value
C17786,3,9,169.421,Low Value
C17787,7,9,375.68100000000004,Medium Value
C17788,2,4,131.007,Low Value
C17789,5,6,311.0,Medium Value
C17790,6,12,421.3745,Medium Value
C17791,2,3,1523.872,High Value
C17792,3,4,327.46000000000004,Medium Value
C17793,2,2,117.049,Low Value
C17794,2,4,458.979,Medium Value
C17795,7,11,845.1200000000001,High Value
C17796,5,5,143.4805,Low Value
C17797,4,6,496.1095,Medium Value
C17798,6,9,719.623,Medium Value
C17799,5,10,2159.7549999999997,High Value
C17800,3,3,299.469,Medium Value
C17801,2,2,90.09349999999999,Low Value
C17802,5,8,532.831,Medium Value
C17803,5,7,793.749,High Value
C17804,8,12,624.997,Medium Value
C17805,7,11,1441.973,High Value
C17806,3,4,325.80899999999997,Medium Value
C17807,5,11,5536.365000000001,High Value
C17808,1,1,258.74,Low Value
C17809,2,3,82.443,Low Value
C17810,5,6,974.3915,High Value
C17811,2,2,209.61,Low Value
C17812,3,4,276.462,Low Value
C17813,7,8,1426.2820000000002,High Value
C17814,8,14,810.695,High Value
C17815,4,4,453.184,Medium Value
C17816,4,4,489.7925,Medium Value
C17817,4,5,90.3325,Low Value
C17818,4,7,904.8924999999999,High Value
C17819,3,3,326.566,Medium Value
C17820,6,8,953.31,High Value
C17821,3,5,344.3905,Medium Value
C17822,4,4,297.474,Medium Value
C17823,5,6,584.7855,Medium Value
C17824,12,27,4439.4435,High Value
C17825,8,10,427.868,Medium Value
C17826,6,11,265.206,Low Value
C17827,3,4,516.8805,Medium Value
C17828,1,1,35.63,Low Value
C17829,4,7,355.7665,Medium Value
C17830,9,15,2769.861,High Value
C17831,5,14,3844.0400000000004,High Value
C17832,5,10,665.4945,Medium Value
C17833,8,16,558.5805,Medium Value
C17834,1,1,217.462,Low Value
C17835,5,13,747.4119999999999,Medium Value
C17836,5,9,2030.2095,High Value
C17837,7,8,1183.43,High Value
C17838,3,3,113.64,Low Value
C17840,2,2,341.216,Medium Value
C17841,4,4,258.30949999999996,Low Value
C17842,4,6,826.432,High Value
C17843,10,16,3793.2704999999996,High Value
C17844,1,2,389.453,Medium Value
C17845,5,5,383.9995,Medium Value
C17846,7,11,1416.3345,High Value
C17847,4,8,577.3000000000001,Medium Value
C17848,5,7,349.12300000000005,Medium Value
C17849,5,6,1139.2165,High Value
C17850,2,2,325.921,Medium Value
C17851,6,8,1237.6225,High Value
C17852,6,16,1998.8185,High Value
C17853,3,3,283.3865,Low Value
C17854,4,4,131.22,Low Value
C17855,5,6,936.1765,High Value
C17856,4,12,1464.9544999999998,High Value
C17857,4,6,643.4995,Medium Value
C17858,2,2,35.3365,Low Value
C17859,3,7,3658.8650000000002,High Value
C17860,6,10,436.605,Medium Value
C17861,5,7,288.688,Low Value
C17862,6,8,1199.662,High Value
C17863,3,3,392.5055,Medium Value
C17864,5,5,330.533,Medium Value
C17865,6,7,1502.045,High Value
C17866,5,7,2389.7,High Value
C17867,8,11,1549.817,High Value
C17868,7,10,236.1875,Low Value
C17869,4,6,203.54000000000002,Low Value
C17870,4,6,1229.6109999999999,High Value
C17871,5,7,1183.1134999999997,High Value
C17872,4,5,439.04,Medium Value
C17873,4,4,106.21849999999999,Low Value
C17874,5,15,3247.8585,High Value
C17875,4,5,187.22199999999998,Low Value
C17876,7,7,758.2524999999999,Medium Value
C17877,1,2,139.004,Low Value
C17878,4,6,1222.1565,High Value
C17879,2,4,69.72149999999999,Low Value
C17880,2,2,163.09,Low Value
C17881,3,3,183.35399999999998,Low Value
C17882,4,7,374.672,Medium Value
C17883,3,6,239.0505,Low Value
C17884,4,6,2219.401,High Value
C17885,2,3,114.362,Low Value
C17886,2,4,48.7,Low Value
C17887,6,7,1199.1159999999998,High Value
C17888,4,5,111.9145,Low Value
C17889,2,4,765.7135000000001,High Value
C17890,8,13,1356.6689999999999,High Value
C17891,4,4,144.7715,Low Value
C17892,6,9,535.9209999999999,Medium Value
C17893,1,1,11.03,Low Value
C17894,7,10,454.36400000000003,Medium Value
C17895,7,12,2376.434,High Value
C17896,2,2,23.68,Low Value
C17897,3,4,51.382,Low Value
C17898,2,2,614.0135,Medium Value
C17899,5,8,1697.79,High Value
C17900,3,3,511.97749999999996,Medium Value
C17901,4,7,108.96449999999999,Low Value
C17902,4,5,318.337,Medium Value
C17903,5,12,682.931,Medium Value
C17904,4,4,315.71999999999997,Medium Value
C17905,5,5,617.513,Medium Value
C17906,6,9,1008.5150000000001,High Value
C17907,3,6,182.94,Low Value
C17908,3,7,944.1480000000001,High Value
C17909,4,8,162.66,Low Value
C17910,7,9,926.8505000000001,High Value
C17911,2,5,63.2345,Low Value
C17912,1,1,21.9385,Low Value
C17913,5,6,320.3525,Medium Value
C17914,5,5,738.2175,Medium Value
C17915,3,4,627.826,Medium Value
C17916,3,3,216.816,Low Value
C17917,2,2,151.6,Low Value
C17918,3,3,79.0865,Low Value
C17919,2,3,199.702,Low Value
C17920,4,4,195.06699999999998,Low Value
C17921,1,1,48.79,Low Value
C17922,1,1,13.312,Low Value
C17923,5,7,473.3225,Medium Value
C17924,3,3,305.26000000000005,Medium Value
C17925,6,8,1881.479,High Value
C17926,4,4,448.767,Medium Value
C17927,6,10,1812.1475,High Value
C17928,7,13,1380.264,High Value
C17929,4,4,173.11450000000002,Low Value
C17930,5,5,1058.198,High Value
C17931,3,3,203.832,Low Value
C17933,7,8,812.7495,High Value
C17934,3,4,111.8345,Low Value
C17935,4,10,1004.4844999999999,High Value
C17936,4,5,124.88999999999999,Low Value
C17937,3,6,1598.1979999999999,High Value
C17938,6,8,860.586,High Value
C17939,8,8,433.5165,Medium Value
C17940,1,1,19.95,Low Value
C17941,5,6,452.67499999999995,Medium Value
C17942,2,2,138.9415,Low Value
C17943,3,4,147.562,Low Value
C17944,3,5,228.79999999999998,Low Value
C17945,4,4,292.2025,Low Value
C17946,2,2,22.099999999999998,Low Value
C17947,2,3,69.41,Low Value
C17948,3,6,3460.1150000000002,High Value
C17949,1,1,537.88,Medium Value
C17950,7,10,945.86,High Value
C17951,7,13,1514.173,High Value
C17952,6,11,885.216,High Value
C17953,4,4,1330.48,High Value
C17954,5,11,962.2700000000001,High Value
C17955,1,3,11.1,Low Value
C17956,5,10,500.015,Medium Value
C17957,5,7,665.7969999999999,Medium Value
C17958,5,9,1498.7095000000002,High Value
C17959,9,12,2439.5575,High Value
C17960,7,8,978.821,High Value
C17961,5,9,876.7935,High Value
C17962,7,7,726.673,Medium Value
C17963,4,4,296.5245,Medium Value
C17964,3,5,503.06,Medium Value
C17965,4,6,113.6745,Low Value
C17966,8,13,2981.9905,High Value
C17967,5,7,853.5,High Value
C17968,5,7,150.296,Low Value
C17969,2,3,6.58,Low Value
C17970,6,10,6109.2570000000005,High Value
C17971,7,9,663.2460000000001,Medium Value
C17972,7,11,1700.237,High Value
C17973,8,10,623.2205,Medium Value
C17974,1,1,64.936,Low Value
C17975,9,11,742.12,Medium Value
C17977,3,3,88.77999999999999,Low Value
C17978,3,5,269.1495,Low Value
C17979,5,9,475.89799999999997,Medium Value
C17980,10,20,2398.004,High Value
C17981,3,5,1085.838,High Value
C17982,5,7,596.6415000000001,Medium Value
C17983,7,11,4141.5,High Value
C17984,5,11,264.794,Low Value
C17985,2,2,106.43,Low Value
C17986,3,3,139.48,Low Value
C17987,5,9,198.6555,Low Value
C17988,1,1,182.74,Low Value
C17989,5,8,1886.2804999999998,High Value
C17990,4,5,324.985,Medium Value
C17991,3,4,384.153,Medium Value
C17992,9,12,1590.8235,High Value
C17993,2,3,221.71,Low Value
C17994,4,5,165.12400000000002,Low Value
C17995,2,3,699.48,Medium Value
C17996,3,4,981.9445000000001,High Value
C17997,4,7,787.044,High Value
C17998,4,5,302.47799999999995,Medium Value
C17999,4,5,2131.8734999999997,High Value
