product_id,total_sales,average_profit_margin,orders
P224743,11298.3,1341.91,1
P218759,3633.8,1004.97,1
P235312,2582.12,765.28,1
P208695,6227.16,734.88,1
P200799,2600.52,716.81,1
P224718,2552.55,701.22,1
P242326,11747.3035,699.515,2
P204398,2346.215,643.36,1
P211901,5276.8,618.72,1
P221460,4883.44,574.8,1
P236232,4767.81,559.53,1
P247897,4024.7760000000003,557.95,2
P211841,4608.963,540.92,1
P207260,4431.45,519.09,1
P227757,4409.664,516.44,1
P205957,1869.525,512.05,1
P201552,1688.1764999999998,494.92,1
P234429,4181.558,490.55,1
P241406,1744.7400000000002,477.96,1
P233240,1730.6999999999998,474.37,1
P216077,8035.780000000001,471.03000000000003,2
P234449,1342.0500000000002,460.61,1
P231097,1682.88,460.19,1
P207532,3926.13,458.28,1
P221774,1673.48,458.08,1
P245871,3840.66,447.49,1
P243088,1628.85,446.11,1
P205293,3812.35,444.73,1
P241449,3780.54,441.18,1
P209166,1611.675,440.13,1
P218722,1492.336,436.03,1
P210311,3708.153,432.04,1
P202139,1571.49,428.23,1
P238690,3660.45,427.44,1
P210197,3632.283,424.39,1
P203954,1437.24,420.32,1
P244063,3547.45,413.83,1
P235644,1502.936,409.93,1
P246398,3483.042,405.78,1
P231300,3492.0,405.1,1
P209707,3475.7775,404.91,1
P218741,1379.6774999999998,404.14,1
P240814,1471.74,401.19,1
P225406,6786.5285,396.01,2
P204291,6279.08,392.67,2
P217031,13035.007,391.08750000000003,4
P203616,3354.6420000000003,390.74,1
P204928,1435.05,389.99,1
P217864,1426.878,388.82,1
P202396,3323.942,387.83,1
P229581,3326.784000000001,385.7,1
P227355,2800.4005,383.79,2
P220195,3288.3585,382.36,1
P216586,3295.6,381.97,1
P207620,3248.36,378.15,1
P221694,1364.6,371.66,1
P247491,3329.438,371.1,2
P211648,3178.32,370.38,1
P220647,1353.96,368.97,1
P247181,1352.8175,368.05,1
P205634,3140.96,366.18,1
P200572,1256.375,365.97,1
P234908,3110.946,362.91,1
P241393,3092.52,358.93,1
P235371,3047.32,352.59,1
P210356,3045.7,351.87,1
P205051,1289.07,350.42,1
P203830,1281.384,349.99,1
P245333,1197.5,348.72,1
P236085,1286.388,348.48,1
P246799,2970.98,344.37,1
P238989,2962.5,343.65,1
P202129,1263.93,343.17,1
P232219,2951.4125,342.27,1
P234156,1256.79,340.88,1
P237197,1245.16,337.47,1
P207089,1235.34,335.75,1
P215573,1154.13,335.73,1
P235611,1156.568,335.62,1
P244686,1235.0,335.33,1
P200959,983.52,334.65,1
P202816,1219.644,332.6,1
P219174,2874.33,332.53,1
P246997,1228.44,331.85,1
P249195,1220.2,331.52,1
P207604,1136.84,331.24,1
P238147,1130.1,328.92,1
P215643,2822.76,328.78,1
P238176,1217.68,328.68,1
P239323,1201.76,325.63,1
P223557,2818.05,324.45,1
P235389,4051.6499999999996,323.5833333333333,3
P207154,1103.7759999999998,322.8,1
P217107,2740.02,317.45,1
P206385,2738.58,316.76,1
P226013,2733.435,315.41,1
P200009,2722.6000000000004,313.7,1
P236989,5329.322000000001,311.815,2
P239786,1072.75,311.3,1
P238199,5350.045999999999,311.135,2
P220970,2689.1000000000004,310.99,1
P219199,2674.1340000000005,310.07,1
P246567,1146.9,309.81,1
P214900,2653.17,306.93,1
P210410,1140.0120000000002,306.48,1
P248924,1056.36,305.81,1
P249137,1121.94,305.67,1
P213711,1052.3,305.43,1
P204019,1134.452,304.32,1
P244908,2623.3740000000003,303.62,1
P216831,1122.6375,303.58,1
P223942,1122.083,303.5,1
P205591,2617.695,303.5,1
P205309,1113.96,302.22,1
P226341,2598.54,301.7,1
P239358,5195.192,299.11,2
P222345,1108.44,299.05,1
P232016,2187.04,298.205,2
P238129,1031.24,297.84,1
P221817,1101.456,297.2,1
P246145,2552.25,295.04,1
P238720,1085.35,292.7,1
P212317,1007.25,292.54,1
P246187,2519.9280000000003,291.81,1
P249643,1982.75,291.64,2
P236484,4609.137,291.34,2
P224667,1075.26,291.12,1
P230003,2519.01,291.05,1
P208498,4964.5725,290.83,2
P216881,2526.18,290.15,1
P245530,2497.1,288.36,1
P233843,845.6,287.71,1
P218802,4886.45,286.86,2
P202136,994.04,286.78,1
P219810,993.8805,286.07,1
P245309,845.36,285.0,1
P217737,2457.16,284.02,1
P244651,836.0,283.82,1
P206693,2466.32,283.16,1
P242030,1036.41,280.1,1
P219591,1032.0,279.67,1
P248564,1035.81,279.38,1
P233540,1031.52,279.21,1
P206542,1037.2099999999998,278.94,1
P225848,2422.7000000000003,277.81,1
P243896,1033.02,277.37,1
P247277,1014.228,274.71,1
P245942,952.668,273.64,1
P204738,2344.25,271.14,1
P222672,2347.7445,270.15,1
P249661,2331.4,268.17,1
P222822,994.29,267.82,1
P240487,1904.2209999999998,267.815,2
P213044,991.36,267.67,1
P236490,992.565,266.88,1
P220031,983.763,266.5,1
P229548,2312.3700000000003,266.23,1
P209733,992.14,265.94,1
P211322,4625.277,265.73,2
P239144,2287.4774999999995,264.0,1
P221952,980.48,263.68,1
P221601,914.01,263.47,1
P219689,2298.42,263.38,1
P200062,2301.15,263.15,1
P211169,1907.8770000000002,262.125,2
P237985,4507.607,260.53499999999997,2
P242894,956.67,259.01,1
P247591,2242.3500000000004,256.89,1
P206033,2231.25,256.76,1
P224234,4102.3235,256.505,2
P244410,950.45,255.74,1
P244258,1894.959,255.24500000000003,2
P243455,948.12,254.83,1
P221932,1736.5055000000002,254.685,2
P205286,1508.732,253.335,2
P206104,2204.3880000000004,253.0,1
P214147,942.6375,252.89,1
P227994,2177.037,251.43,1
P243073,2189.46,251.38,1
P221763,2192.01,251.31,1
P223821,2193.0,251.29,1
P232396,2184.99,251.13,1
P223904,2189.0660000000003,250.71,1
P234031,921.58,248.44,1
P216724,2158.881,248.42,1
P227874,2175.1755,248.15,1
P211422,2182.95,247.95,1
P208329,2168.8,247.32,1
P239262,2149.98,247.3,1
P249679,2154.05,246.93,1
P207272,571.356,246.47,1
P244257,2142.99,246.32,1
P247485,2143.4,245.66,1
P243738,2138.2560000000003,244.72,1
P248444,2136.7200000000003,243.97,1
P249416,908.157,243.9,1
P233430,911.696,243.69,1
P204767,846.3000000000001,242.97,1
P206612,2117.873,242.96,1
P224313,727.55,242.27,1
P238293,2120.94,241.58,1
P205726,2106.64,241.28,1
P227955,3871.25,240.39999999999998,2
P224931,835.1640000000001,238.97,1
P249060,2403.3190000000004,237.565,2
P207935,2074.28,237.4,1
P226763,884.8,237.27,1
P200209,3771.6029999999996,237.22,2
P244619,819.8,236.53,1
P220111,2066.792,236.43,1
P219169,3387.997,236.415,2
P247375,5662.934,236.22333333333336,3
P229447,815.2425,235.47,1
P233226,2046.04,235.16,1
P205082,2051.9680000000003,234.71,1
P239342,3910.5,233.86999999999998,2
P244073,2034.12,233.76,1
P219127,2035.26,233.29,1
P227869,871.9005,232.67,1
P208165,868.5849999999999,232.48,1
P229216,804.726,232.31,1
P223013,3996.2515,232.145,2
P205853,2025.24,231.88,1
P235893,4009.82,231.37,2
P240164,861.99,231.16,1
P249704,2010.6,230.82,1
P221215,2020.89,230.62,1
P219167,797.7149999999999,230.47,1
P247442,2004.48,229.73,1
P216982,3451.2799999999997,227.77,2
P244001,1985.6235,227.14,1
P238673,840.6,226.86,1
P214747,787.3599999999999,226.82,1
P200107,1990.089,226.05,1
P229425,1973.15,225.67,1
P226937,848.529,225.45,1
P241359,785.76,224.77,1
P223427,782.553,224.42,1
P234977,838.28,224.02,1
P201274,1959.66,223.86,1
P202775,781.18,223.82,1
P212880,836.33,223.18,1
P210589,1624.614,223.065,2
P229295,827.94,222.24,1
P202553,1624.654,221.915,2
P205096,1945.599,221.25,1
P217551,821.2,221.25,1
P232868,823.08,221.17,1
P227948,831.69,220.13,1
P234441,765.34,219.66,1
P249747,1910.452,218.995,2
P223129,817.71,218.82,1
P239559,761.56,218.07,1
P228907,1881.912,215.9,1
P206007,809.22,215.84,1
P231289,1584.24,215.46,2
P225074,643.0,215.46,1
P237580,1901.68,215.41,1
P206580,803.57,215.12,1
P245410,1898.746,215.1,1
P248193,1574.9165,215.1,2
P208275,1846.9,214.455,2
P245540,1564.8285,213.785,2
P215548,1879.062,213.72,1
P223828,1872.5355,213.32,1
P202169,1873.15,212.82,1
P246486,795.49,212.76,1
P246587,1837.86,212.62,1
P218610,5438.127,212.3466666666667,3
P220449,3415.1000000000004,212.21499999999997,2
P248652,1871.748,212.11,1
P240070,1864.02,211.91,1
P204567,635.531,211.88,1
P224640,1857.48,211.72,1
P216319,1859.65,211.6,1
P208809,3646.2850000000003,210.81,2
P219119,781.6500000000001,210.15,1
P204022,728.72,210.14,1
P235468,730.26,209.72,1
P248437,785.76,209.58,1
P210679,788.13,208.99,1
P213720,3597.4880000000003,208.905,2
P237849,780.0,208.72,1
P247497,780.21,208.7,1
P222904,1837.54,208.59,1
P207374,1828.902,208.43,1
P202342,622.96,208.38,1
P231739,3663.6000000000004,208.135,2
P213184,1826.44,207.58,1
P246536,1812.87,207.26,1
P213957,723.5730000000001,207.25,1
P230657,718.1715,207.18,1
P215529,5291.1125,207.02999999999997,3
P220125,774.28,206.84,1
P200958,1803.834,206.74,1
P239640,1797.419,206.54,1
P201506,1811.56,206.52,1
P201803,775.36,205.95,1
P222218,773.6324999999998,205.93,1
P239668,1810.46,205.78,1
P200897,616.4340000000001,205.74,1
P211489,770.963,205.32,1
P245023,3580.44,204.805,2
P244082,770.52,204.59,1
P216879,1801.68,204.23,1
P244356,1778.37,204.14,1
P214316,1514.5499999999997,203.985,2
P246332,704.34,203.79,1
P239829,3565.8199999999997,203.715,2
P234032,1789.95,203.55,1
P204134,1786.05,203.33,1
P208201,748.68,202.82,1
P247036,763.64,202.78,1
P200556,710.05,202.56,1
P229272,758.78,202.54,1
P207959,754.24,201.4,1
P219466,754.0,201.31,1
P242154,1775.4375,201.2,1
P210895,1773.77,200.97,1
P228527,1762.9,200.19,1
P202234,1763.7,200.18,1
P200600,746.81,200.17,1
P225153,1776.36,200.12,1
P249729,1779.6729999999998,199.86,1
P214373,1756.46,199.75,1
P229810,695.7,199.73,1
P215216,1750.92,199.44,1
P212230,700.04,199.4,1
P224884,690.24,198.65,1
P234966,1763.9550000000002,198.61,1
P247333,693.32,198.2,1
P249993,3399.6714999999995,197.685,2
P206053,689.12,197.67,1
P200235,1751.0700000000002,197.16,1
P219906,4496.87,197.11333333333334,3
P210355,688.71,197.02,1
P226704,1724.022,196.7,1
P247061,742.08,196.19,1
P201107,1725.12,196.13,1
P227331,3243.82,195.965,2
P214116,736.2405,195.92,1
P204674,1725.732,195.73,1
P248873,1722.49,195.67,1
P211164,681.35,195.46,1
P228304,3374.21,195.18499999999997,2
P218341,735.072,195.11,1
P232958,1451.738,194.84,2
P237860,583.2,194.61,1
P209701,1591.88,194.555,2
P230056,677.97,194.16,1
P228749,1704.14,193.73,1
P218119,1707.9900000000002,193.65,1
P236173,680.34,193.63,1
P241463,1698.8375,193.0,1
P201336,1693.88,192.83,1
P214262,3085.1530000000002,191.87,2
P247604,1432.3,191.82,2
P211354,721.63,191.77,1
P221186,723.482,191.76,1
P205290,3361.2780000000002,191.545,2
P247383,1689.69,191.51,1
P223083,3280.1600000000003,191.14,2
P249414,1682.6429999999998,190.58,1
P222530,713.36,190.31,1
P212413,1407.091,189.79,2
P226576,3010.8300000000004,189.785,2
P227384,1340.6525000000001,189.57,2
P249553,713.4300000000001,189.39,1
P209347,666.74,189.14,1
P210732,706.382,188.8,1
P202387,709.175,188.76,1
P248123,662.0999999999999,188.42,1
P210082,1659.707,188.05,1
P249949,4724.99,187.67,3
P244767,3230.0,187.64000000000001,2
P215946,648.3240000000001,187.56,1
P247113,708.7,187.43,1
P245654,705.81,187.4,1
P236900,1657.92,187.35,1
P224392,704.4,187.33,1
P246132,4838.688,187.06333333333336,3
P202627,1401.1799999999998,186.72000000000003,2
P229232,1376.3799999999999,186.67,2
P248104,703.638,186.12,1
P225956,2068.98,185.98666666666668,3
P201821,1390.16,185.975,2
P244003,1625.4,185.65,1
P220598,3116.1440000000002,185.55,2
P236549,2897.765,185.255,2
P244049,434.3875,184.83,1
P223224,2641.9840000000004,184.655,2
P249601,1621.14,184.07,1
P205838,1622.96,183.7,1
P229176,692.48,183.51,1
P245793,1359.2085,183.465,2
P206594,3240.964,183.26,2
P217514,686.68,183.07,1
P228133,1627.0200000000002,182.92,1
P232678,1608.09,182.68,1
P206029,1609.32,182.65,1
P203718,635.24,182.1,1
P238655,640.5089999999999,182.07,1
P247888,1604.24,182.06,1
P204345,1618.1999999999998,182.0,1
P205861,423.24,181.84,1
P213427,548.136,181.83,1
P215549,1595.229,181.13,1
P217275,3205.646,180.675,2
P204444,545.2560000000001,180.64,1
P213798,632.84,180.53,1
P248754,634.4,180.12,1
P208204,1589.6,180.05,1
P205884,1262.9479999999999,180.02,2
P202179,672.48,179.83,1
P216995,1589.94,179.81,1
P206371,1563.26,178.81,1
P222398,1572.64,178.37,1
P246973,630.009,178.34,1
P212822,675.3779999999999,178.11,1
P219230,669.2274999999998,178.04,1
P243407,666.387,177.94,1
P242023,620.886,177.86,1
P204832,673.5360000000001,177.64,1
P206320,671.96,177.51,1
P226366,535.18,177.46,1
P244238,413.12,177.39,1
P248203,1284.716,177.385,2
P248428,624.9499999999999,177.32,1
P207849,665.98,177.22,1
P228860,664.4205,177.04,1
P223392,616.518,177.01,1
P230271,666.444,176.16,1
P237530,1564.43,176.01,1
P234422,4564.76,175.87666666666667,3
P201160,1543.28,175.76,1
P211858,668.99,175.6,1
P232910,2440.244,175.35500000000002,2
P248321,1384.48,175.125,2
P229059,1556.37,175.0,1
P248949,652.88,174.87,1
P200317,660.4,174.87,1
P222571,1554.32,174.78,1
P218767,1275.54,174.66,2
P233314,654.911,174.59,1
P217716,2966.3735,174.39,2
P230641,4523.1835,174.34333333333333,3
P208258,612.7,173.97,1
P246350,654.32,173.66,1
P227700,659.3,173.64,1
P232286,1538.16,173.47,1
P221942,657.87,173.15,1
P227358,610.6800000000001,172.62,1
P215507,3059.7075000000004,172.39999999999998,2
P214462,610.668,172.33,1
P207692,601.335,171.73,1
P246010,1523.62,171.58,1
P219612,6032.8335,171.5525,4
P203492,1525.7095,171.52,1
P203911,4704.168,171.485,4
P203953,605.48,171.48,1
P207831,647.995,171.27,1
P235762,1029.5915,171.25,2
P216585,2224.76,171.16,2
P240702,1272.1995,171.16,2
P205751,648.78,171.04,1
P230252,644.6,171.04,1
P236581,606.8,170.97,1
P207204,2828.9945000000002,170.95499999999998,2
P230545,1969.3249999999998,170.87,3
P223581,3019.95,170.82999999999998,2
P231829,1523.583,170.71,1
P235069,2705.2599999999998,170.51500000000001,2
P213240,2846.3599999999997,170.125,2
P211136,642.5,170.06,1
P234489,640.8915,169.81,1
P213104,591.3,169.66,1
P206980,1506.64,169.64,1
P222885,1509.57,169.56,1
P212198,1491.2814999999998,169.53,1
P216069,641.3505,168.91,1
P232475,506.08,168.54,1
P239555,1501.72,168.3,1
P209068,636.412,168.05,1
P230786,1478.2759999999998,167.99,1
P235509,1499.1360000000002,167.75,1
P233031,593.672,167.67,1
P223634,1485.42,167.52,1
P223575,2963.9955,167.075,2
P248519,629.2135,167.01,1
P237814,590.82,166.92,1
P200867,1476.2969999999998,166.9,1
P247826,502.84,166.86,1
P247930,587.4689999999999,166.76,1
P226440,1467.7405,166.74,1
P202798,1650.902,166.695,2
P210067,2894.75,166.675,2
P225264,582.3974999999999,166.29,1
P201426,1474.58,166.21,1
P236782,1871.1299999999999,166.1233333333333,3
P230898,1152.273,166.075,2
P216146,499.24,166.02,1
P243040,1465.182,165.92,1
P202050,1476.46,165.9,1
P246283,2658.626,165.87,2
P225938,3921.1760000000004,165.79333333333332,3
P241899,2657.844,165.45,2
P230760,1232.6719999999998,165.41,2
P236574,623.0099999999999,165.3,1
P226844,1458.6015,165.12,1
P242585,616.64,164.93,1
P220646,584.58,164.74,1
P230120,1476.48,164.4,1
P234829,1470.38,164.3,1
P249925,1459.2,164.27,1
P204555,1456.96,164.27,1
P229408,1221.7625,164.21,2
P243155,620.22,164.2,1
P212251,1392.59,164.01,2
P207135,2296.78,164.0,2
P218696,497.35,163.99,1
P219594,623.22,163.97,1
P229767,621.7,163.95,1
P209358,1439.73,163.94,1
P210662,1449.8399999999997,163.88,1
P210427,2654.2725,163.54,2
P242319,1219.4099999999999,163.45,2
P221845,620.18,163.34,1
P221747,2075.0119999999997,163.27499999999998,2
P228185,578.58,163.21,1
P246300,3387.937,163.0533333333333,3
P227255,576.82,162.61,1
P242174,985.2769999999999,162.595,2
P208314,491.52,162.41,1
P220955,569.6864999999999,161.93,1
P201774,1428.25,161.92,1
P230733,1435.4,161.91,1
P231899,569.17,161.59,1
P208554,2816.884,161.55,2
P233039,613.14,161.14,1
P215447,1425.342,161.1,1
P200952,608.2,160.96,1
P231724,1281.98,160.73999999999998,2
P234902,1200.4930000000002,160.6,2
P206604,487.15,160.6,1
P214605,375.9,160.55,1
P211532,1432.2675,160.54,1
P239410,569.0405,160.43,1
P207958,1428.92,160.16,1
P210567,1413.24,159.28,1
P246280,562.88,159.1,1
P247229,2653.665,159.09,2
P242809,601.293,159.03,1
P205399,1415.124,158.88,1
P234679,605.112,158.83,1
P204518,556.8,158.57,1
P237595,1159.62,158.375,2
P241493,560.1600000000001,158.33,1
P218211,3575.9880000000003,158.19333333333333,3
P219463,603.9,158.06,1
P205520,1192.856,157.76,2
P205066,596.72,157.58,1
P204484,472.72,157.46,1
P218989,598.52,157.34,1
P211703,556.88,157.13,1
P221345,480.06000000000006,157.04,1
P210626,2502.286,156.99,2
P204234,587.76,156.84,1
P213501,474.55,156.63,1
P216031,1399.833,156.57,1
P200787,1162.9634999999998,156.405,2
P224805,1831.6789999999999,156.10333333333332,3
P226560,1379.86,155.66,1
P242695,1389.4,155.65,1
P200794,1386.28,155.51,1
P209693,1374.02,155.46,1
P229488,1379.744,155.45,1
P218909,583.89,155.25,1
P200480,1381.6,155.17,1
P231652,1126.15,155.14499999999998,2
P211866,1379.42,154.93,1
P243688,592.3499999999999,154.57,1
P235868,2129.9,154.35,2
P206327,1394.44,154.24,1
P231708,1383.99,154.23,1
P233783,581.8675,154.1,1
P218224,1371.02,154.0,1
P238456,588.7529999999999,153.95,1
P212673,466.04,153.77,1
P229378,584.82,153.65,1
P230024,578.26,153.57,1
P213978,1371.72,153.46,1
P228483,401.24,153.34,1
P216322,583.053,153.05,1
P236359,575.756,152.54,1
P242231,1064.152,152.47,2
P245368,576.3,152.33,1
P216916,573.2,152.1,1
P215841,1365.15,151.98,1
P238232,537.98,151.74,1
P208261,1344.117,151.68,1
P239564,536.4459999999999,151.66,1
P233797,2218.953,151.535,2
P242930,568.39,151.52,1
P215396,542.24,151.37,1
P248605,570.98,151.25,1
P228028,2380.5409999999997,151.17000000000002,2
P200722,1349.65,151.17,1
P217928,3749.9824999999996,150.92333333333332,3
P247054,1100.464,150.77499999999998,2
P237606,1357.13,150.73,1
P235501,573.99,150.63,1
P240218,1336.35,150.56,1
P218643,460.085,150.52,1
P241024,533.885,150.47,1
P248258,566.39,150.41,1
P209970,533.2065,150.34,1
P200832,568.689,150.1,1
P207508,1344.92,150.05,1
P209821,1355.86,149.99,1
P223910,1343.68,149.91,1
P206867,2558.8399999999997,149.82500000000002,2
P243005,1333.11,149.7,1
P242977,1113.3600000000001,149.455,2
P218720,450.36,149.37,1
P222883,533.85,149.12,1
P211557,1345.505,149.10000000000002,2
P220945,2567.76,149.1,2
P210231,1326.48,149.06,1
P203287,1339.86,148.96,1
P231629,1331.7,148.73,1
P236021,526.7,148.66,1
P226476,1329.08,148.66,1
P213920,1314.32,148.61,1
P234454,564.43,148.46,1
P220287,1322.14,148.34,1
P205967,1333.32,148.3,1
P233127,524.61,148.2,1
P214098,1332.66,148.15,1
P206197,520.24,148.07,1
P241612,1300.568,147.93,2
P203122,345.4,147.92,1
P224877,1575.7105,147.9,3
P201969,1008.9780000000001,147.625,2
P232817,556.308,147.49,1
P247588,522.99,147.3,1
P215628,453.72,147.06,1
P220166,1312.28,147.06,1
P221229,561.68,147.02,1
P212798,1094.16,147.01000000000002,2
P223119,1301.025,146.91,1
P236853,550.0349999999999,146.72,1
P246595,522.75,146.68,1
P222713,561.01,146.68,1
P219498,557.928,146.62,1
P206044,2252.6435,146.56,2
P224919,1296.97,146.14,1
P237123,1294.13,145.87,1
P233239,553.28,145.77,1
P239654,442.36,145.75,1
P219862,2210.392,145.735,2
P241051,446.538,145.59,1
P217270,2544.5510000000004,145.38,2
P236418,447.525,145.26,1
P221884,1305.94,145.18,1
P202448,514.5,144.95,1
P225050,552.56,144.9,1
P248070,511.86,144.73,1
P226199,518.7,144.67,1
P213833,1296.54,144.64,1
P206041,1300.02,144.52,1
P200485,1093.22,144.37,2
P210261,436.81500000000005,144.23,1
P217560,545.8,144.1,1
P249190,1302.78,144.02,1
P206037,378.88,143.97,1
P203820,2419.38,143.94,2
P240588,1278.624,143.89,1
P219782,1291.2,143.89,1
P234980,442.29,143.86,1
P226822,1282.07,143.62,1
P219500,2359.84,143.495,2
P244895,1229.92,143.39,2
P202316,518.706,143.18,1
P228403,1182.75,143.175,2
P212069,545.13,143.17,1
P249270,1087.556,142.935,2
P248577,988.17,142.76,2
P202445,1273.17,142.64,1
P214675,1288.54,142.63,1
P227007,1062.88,142.625,2
P236180,504.576,142.46,1
P245094,1277.73,142.35,1
P220301,544.05,142.34,1
P238852,1261.29,142.33,1
P240982,1273.512,142.29,1
P204868,501.102,142.16,1
P211023,538.32,142.13,1
P226132,1265.166,142.09,1
P210622,1264.94,141.9,1
P206663,503.06,141.85,1
P208346,1269.05,141.68,1
P246231,537.42,141.63,1
P246448,1264.68,141.62,1
P201820,425.64,141.61,1
P212003,432.9,141.61,1
P240618,1266.7395,141.56,1
P218862,1275.1564999999998,141.52,1
P245463,540.7,141.52,1
P232948,1259.658,141.25,1
P232600,536.4,141.22,1
P216863,1134.923,141.135,2
P246660,499.18,141.08,1
P235299,3562.1800000000003,141.03,3
P228336,535.1825,140.96,1
P213064,502.8,140.95,1
P240193,543.0060000000001,140.68,1
P240062,500.85,140.67,1
P245820,2520.9080000000004,140.625,2
P232692,1253.79,140.45,1
P226595,1264.811,140.28,1
P244690,978.237,140.23000000000002,2
P247094,527.0029999999999,140.18,1
P217882,428.38,140.14,1
P242942,428.7000000000001,140.1,1
P215251,536.769,140.07,1
P236427,1255.8960000000002,140.05,1
P248197,982.0125,139.92999999999998,2
P201794,1589.5590000000002,139.89,3
P208242,1261.13,139.88,1
P209921,327.864,139.71,1
P210475,496.0425000000001,139.57,1
P215856,1051.76,139.285,2
P210015,2465.08,139.20000000000002,2
P231178,486.36,139.19,1
P212159,834.06,139.18,2
P209910,495.25,138.98,1
P246165,1036.49,138.86499999999998,2
P224045,427.44,138.74,1
P205499,489.972,138.62,1
P245593,536.48,138.55,1
P234754,421.794,138.26,1
P236174,2109.477,137.99,2
P239820,1760.4679999999998,137.84,2
P201611,1239.856,137.59,1
P208412,881.312,137.46,2
P208254,1228.3,137.43,1
P236748,1567.4099999999999,137.38,2
P205209,521.0999999999999,137.33,1
P207067,1233.1799999999998,137.33,1
P215653,516.3,137.22,1
P222166,420.04,137.21,1
P217131,1227.5445,137.2,1
P247940,1025.0800000000002,137.14499999999998,2
P237723,1219.92,137.1,1
P228240,2328.331,137.045,2
P245015,3325.9579999999996,137.04333333333332,3
P214638,324.48600000000005,136.76,1
P249299,516.2560000000001,136.72,1
P206384,3363.2619999999997,136.54666666666665,3
P237825,1239.2820000000002,136.33,1
P220558,1230.953,136.3,1
P208872,521.0,136.29,1
P203665,1215.81,136.24,1
P246342,1235.2755,136.22,1
P217152,828.1600000000001,136.04,2
P218517,1233.04,136.02,1
P206219,482.125,136.0,1
P209091,514.26,135.81,1
P207203,1008.5730000000001,135.785,2
P205278,513.648,135.71,1
P224830,1236.546,135.68,1
P217697,1208.01,135.57,1
P216827,518.14,135.52,1
P239734,485.564,135.46,1
P215051,407.44,135.39,1
P232239,515.76,135.27,1
P241893,1215.05,135.17,1
P232425,487.32,135.12,1
P218981,412.749,135.08,1
P216198,515.25,134.98,1
P235945,1212.06,134.8,1
P249437,1219.8435000000002,134.68,1
P248169,513.765,134.63,1
P211220,1216.23,134.6,1
P226055,2325.5899999999997,134.42,2
P247354,508.32,134.22,1
P211187,1479.92,134.21333333333334,3
P224894,481.9500000000001,134.16,1
P234888,1215.55,133.59,1
P208163,406.23,133.51,1
P201324,1000.836,133.51,2
P226589,3152.241,133.37666666666667,3
P224409,503.85,133.26,1
P216513,510.72,133.23,1
P242503,512.38,133.22,1
P247369,3121.316,133.0325,4
P230413,517.92,132.95,1
P202678,513.28,132.87,1
P210509,1187.4400000000005,132.71,1
P201724,1505.5065,132.60666666666665,3
P208655,1192.048,132.6,1
P248567,1189.5615,132.56,1
P223081,2365.7209999999995,132.555,2
P234505,505.5885,132.53,1
P210729,1193.22,132.45,1
P209800,2376.102,132.43,2
P244360,403.9500000000001,132.37,1
P205351,507.0,132.32,1
P240680,1197.038,132.27,1
P247963,475.71,132.26,1
P236458,2383.77,132.16500000000002,2
P227882,1192.32,132.16,1
P212846,397.461,132.0,1
P220165,1193.022,131.98,1
P213772,504.3,131.94,1
P243880,470.57,131.78,1
P207187,468.72,131.74,1
P237442,966.73,131.595,2
P225368,502.84,131.5,1
P230038,1183.301,131.4,1
P221344,469.2425,131.3,1
P235116,1180.14,131.21,1
P239577,1181.458,131.13,1
P221474,1186.58,131.12,1
P240413,1190.862,131.08,1
P234755,1194.4455,131.07,1
P227749,500.956,131.07,1
P246356,470.1,130.94,1
P223548,2024.8999999999999,130.855,2
P242501,504.336,130.85,1
P232721,472.34,130.84,1
P215042,400.068,130.79,1
P232995,3381.1659999999997,130.71,3
P230331,1176.36,130.67,1
P230978,494.712,130.63,1
P227891,394.75,130.61,1
P240797,497.25,130.5,1
P229108,346.052,130.43,1
P210960,1168.119,130.36,1
P236110,1180.14,130.32,1
P249108,2226.408,130.27,2
P247813,1177.524,130.25,1
P211329,499.806,130.2,1
P210302,1179.05,130.15,1
P206051,500.37,130.14,1
P249554,2336.16,130.11999999999998,2
P235302,2352.3250000000003,129.985,2
P232259,1166.0385,129.71,1
P234103,494.9,129.66,1
P237524,1536.189,129.59,3
P242395,1163.7785,129.35,1
P239161,1166.064,129.35,1
P247516,497.259,129.34,1
P208146,2103.04,129.32999999999998,2
P224489,496.59,129.3,1
P226936,491.04,129.27,1
P206842,3407.1965,129.19666666666666,3
P215660,2176.3599999999997,129.095,2
P207487,495.12,129.07,1
P233566,454.88,128.86,1
P217792,461.31049999999993,128.74,1
P238624,490.25,128.72,1
P247726,2903.968,128.57000000000002,3
P249031,392.62,128.54,1
P239718,394.85,128.4,1
P247242,487.866,128.38,1
P231241,485.7000000000001,128.27,1
P243770,498.71,128.23,1
P238567,492.29,128.16,1
P211112,389.36,128.05,1
P228618,956.8330000000001,127.82499999999999,2
P226561,1168.614,127.74,1
P234456,391.86,127.73,1
P247670,486.693,127.68,1
P247471,916.22,127.655,2
P228245,302.88,127.53,1
P231005,1140.42,127.43,1
P219347,393.09,127.33,1
P201124,485.811,127.21,1
P215609,455.56,127.2,1
P229854,389.19,126.94,1
P226622,1138.18,126.9,1
P202489,1147.88,126.88,1
P231061,451.098,126.77,1
P200177,952.8000000000001,126.675,2
P205180,869.3100000000001,126.495,2
P207648,2269.2155,126.35,2
P229619,1694.5279999999998,126.325,2
P219148,1135.584,126.31,1
P230611,482.949,126.3,1
P234626,1893.342,126.25500000000001,4
P214322,486.045,126.19,1
P213891,943.12,126.16,2
P205189,2098.605,126.12,2
P242176,485.91,126.1,1
P213095,1118.74,125.99,1
P244212,1137.024,125.95,1
P208434,1132.565,125.63,1
P248121,2121.3385,125.62,2
P247022,448.76,125.62,1
P210298,385.32,125.57,1
P248819,1115.9640000000002,125.51,1
P224312,481.41,125.45,1
P219876,1123.3,125.44,1
P236868,482.106,125.4,1
P234535,1138.61,125.39,1
P249005,482.16,125.32,1
P217981,479.3,125.28,1
P209251,2847.6755,125.19,3
P210939,1132.605,125.02,1
P200352,1137.23,124.92,1
P237179,383.85,124.84,1
P203261,378.64,124.81,1
P245952,1136.32,124.8,1
P232440,1132.94,124.74,1
P217821,474.39,124.74,1
P226056,478.0495,124.72,1
P203677,383.89,124.71,1
P248948,1318.498,124.63666666666666,3
P214667,441.8,124.55,1
P242626,943.57,124.55,2
P218325,1126.9499999999998,124.49,1
P236395,1122.221,124.47,1
P240332,336.28,124.43,1
P217351,472.245,124.36,1
P240564,2232.1000000000004,124.29499999999999,2
P212948,448.85,124.28,1
P241862,1129.15,124.24,1
P234555,481.22,124.18,1
P226806,2215.15,124.16,2
P222065,2577.333,124.1425,4
P210225,471.21,124.06,1
P230028,873.946,123.985,2
P205614,1111.28,123.9,1
P224518,2102.93,123.835,2
P215594,464.69,123.78,1
P200767,1129.303,123.75,1
P215379,1117.94,123.68,1
P211381,1129.14,123.65,1
P232606,1111.595,123.63,1
P214198,1124.04,123.43,1
P227984,469.95200000000006,123.38,1
P203957,1114.0739999999998,123.36,1
P226524,884.597,123.33999999999999,2
P243594,1121.92,123.26,1
P243781,915.935,123.22999999999999,2
P233357,1119.75,123.13,1
P204857,1101.96,123.05,1
P209390,444.486,123.04,1
P232740,467.92,122.96,1
P232780,1102.059,122.91,1
P224302,1111.072,122.89,1
P221440,437.56,122.86,1
P229035,1111.572,122.79,1
P213251,441.3,122.75,1
P218516,1095.388,122.73,1
P218559,916.092,122.69000000000001,2
P224037,441.41,122.67,1
P240668,471.5,122.67,1
P219807,1104.68,122.61,1
P244733,1353.705,122.59000000000002,3
P211614,1115.19,122.52,1
P222058,473.88,122.48,1
P245856,440.1,122.38,1
P235287,2174.142,122.375,2
P202519,470.16,122.24,1
P209240,436.544,122.15,1
P241033,434.72,121.95,1
P223305,1109.61,121.94,1
P208542,437.211,121.92,1
P209535,1105.5,121.9,1
P232224,2096.9249999999997,121.9,2
P218730,437.49,121.86,1
P230371,437.8,121.82,1
P229312,461.55,121.77,1
P210057,986.0334999999999,121.67999999999999,2
P200443,864.25,121.50500000000001,2
P225734,464.88,121.5,1
P247095,853.616,121.46000000000001,2
P222029,1109.358,121.4,1
P230453,1088.38,121.35,1
P244220,3129.799,121.13000000000001,3
P237843,630.67,121.105,2
P238924,464.417,121.07,1
P203247,2883.2090000000003,121.04666666666667,3
P244897,1083.52,121.01,1
P244335,433.77,121.01,1
P209727,913.4479999999999,120.97,2
P247857,911.14,120.885,2
P225550,1318.71,120.655,2
P201914,425.847,120.62,1
P232577,915.0304999999998,120.605,2
P200160,421.3,120.44,1
P226235,369.55,120.4,1
P244016,1074.8,120.37,1
P232179,462.02,120.25,1
P228485,464.094,120.24,1
P216907,2150.5675,120.21,2
P243628,1089.261,119.92,1
P244006,911.78,119.875,2
P214060,907.86,119.73,2
P200797,2489.922,119.71333333333332,3
P204350,853.58,119.7,2
P229774,1091.6449999999998,119.69,1
P244691,458.4225,119.68,1
P249249,462.22,119.67,1
P249242,1071.0,119.64,1
P207807,1072.32,119.41,1
P219324,1068.802,119.31,1
P234349,461.56,119.21,1
P202611,456.11,119.19,1
P236969,455.031,119.17,1
P243661,451.78,119.03,1
P239745,426.12,119.03,1
P244801,362.9,118.98,1
P226532,2155.3599999999997,118.64500000000001,2
P238650,365.522,118.62,1
P216375,1066.35,118.6,1
P200830,1086.53,118.49,1
P236242,881.66,118.385,2
P213528,363.1755,118.36,1
P211990,2063.27,118.345,2
P214885,456.97,118.31,1
P213807,360.48,118.27,1
P203410,1323.82,118.12666666666667,3
P243337,458.13,118.02,1
P223451,1075.04,117.95,1
P201145,2055.38,117.925,2
P229622,1071.3719999999998,117.92,1
P231873,1066.167,117.88,1
P233142,421.6005,117.83,1
P226938,314.73,117.81,1
P212493,1052.121,117.7,1
P203250,427.63,117.67,1
P214436,450.9,117.44,1
P225667,449.18,117.32,1
P217593,455.97,117.3,1
P207139,834.9755,117.08500000000001,2
P240706,1068.8,117.08,1
P218760,2087.154,117.015,2
P243462,1054.665,117.01,1
P241591,1074.96,117.0,1
P240427,453.11,116.87,1
P211865,2114.8444999999997,116.81,2
P205694,449.81,116.78,1
P205524,1054.35,116.72,1
P237980,1064.551,116.67,1
P205208,811.8825,116.66999999999999,2
P220232,1927.131,116.39500000000001,2
P201771,1040.04,116.23,1
P211573,1255.6370000000002,116.19666666666666,3
P222469,1933.587,116.15,2
P201243,1052.3909999999998,116.04,1
P201198,3097.5275,115.99666666666667,3
P238000,1058.022,115.99,1
P204191,2031.38,115.94,2
P242822,1058.93,115.82,1
P232057,448.29,115.72,1
P207530,1044.4499999999998,115.7,1
P247396,874.69,115.64,2
P237939,868.7,115.58,2
P211671,442.86,115.57,1
P222568,423.24,115.56,1
P237602,354.122,115.54,1
P224917,1059.96,115.49,1
P237649,3146.3559999999998,115.45,3
P208319,1034.265,115.42,1
P204952,412.02,115.34,1
P229477,894.8594999999999,115.285,2
P243239,887.1800000000001,115.27000000000001,2
P230744,1038.7040000000002,115.26,1
P219229,447.44,115.22,1
P233138,811.24,115.175,2
P216313,446.24,115.07,1
P225330,445.62,115.06,1
P239787,441.92,115.04,1
P244770,1083.83,114.99333333333334,3
P232215,1030.42,114.93,1
P202973,1046.08,114.93,1
P214291,444.576,114.78,1
P248597,1045.16,114.78,1
P209610,414.927,114.75,1
P212779,1035.265,114.73,1
P237478,412.93,114.65,1
P248222,831.5729999999999,114.63,2
P227189,441.88,114.63,1
P221625,1038.521,114.6,1
P203470,439.908,114.55,1
P248806,442.9755,114.47,1
P201344,348.32,114.26,1
P247025,442.263,114.21,1
P220520,1031.07,114.2,1
P239705,437.72,114.16,1
P225940,1046.64,114.12,1
P210910,408.672,114.06,1
P222674,1037.4854999999998,114.04,1
P223442,3005.375,113.98333333333333,3
P207120,840.8969999999999,113.88499999999999,2
P239781,438.372,113.8,1
P227567,352.47,113.73,1
P243031,1034.02,113.73,1
P230373,2881.8585,113.64333333333333,3
P204073,269.58,113.63,1
P233289,404.91,113.51,1
P230197,302.625,113.51,1
P233312,1025.4775,113.51,1
P223933,1288.2579999999998,113.40333333333332,3
P218261,1019.7949999999998,113.36,1
P243043,985.73,113.295,2
P217774,1042.56,113.25,1
P213366,1955.3500000000004,113.21,2
P247193,1029.72,113.12,1
P229716,407.196,113.08,1
P220757,1020.243,113.07,1
P208032,400.86,113.07,1
P215416,1025.96,113.05,1
P203533,404.8320000000001,113.04,1
P244456,436.12,112.98,1
P245124,400.86,112.92,1
P218839,847.043,112.875,2
P203578,1021.152,112.79,1
P219348,1031.184,112.76,1
P247640,265.98,112.75,1
P216056,858.5790000000001,112.735,2
P215103,435.04,112.73,1
P248133,348.51,112.66,1
P234945,1021.53,112.57,1
P218515,684.6430000000001,112.35499999999999,2
P222455,400.0925,112.21,1
P230563,1015.47,112.2,1
P218537,2688.376,112.13333333333333,3
P220693,1172.564,112.11000000000001,3
P217875,854.122,112.105,2
P236840,406.12,112.1,1
P238466,1023.6,112.08,1
P228620,686.59,112.04,2
P231908,345.857,112.04,1
P233960,678.36,111.925,2
P233355,1439.7375,111.9,2
P223992,434.5,111.9,1
P208362,1019.609,111.88,1
P228788,1028.556,111.84,1
P233435,440.15,111.8,1
P219275,1948.78,111.75,2
P227708,434.94,111.75,1
P215739,787.2965,111.75,2
P215431,399.84,111.73,1
P239408,406.429,111.63,1
P244588,437.54,111.61,1
P247798,829.99,111.56,2
P206208,1016.99,111.52,1
P234483,1012.49,111.51,1
P221340,3585.238,111.49249999999999,4
P229448,667.8599999999999,111.38499999999999,2
P202412,1740.562,111.375,2
P222921,427.66,111.31,1
P241760,2009.7715000000003,111.295,2
P239081,796.494,111.27000000000001,2
P226810,397.3945,111.27,1
P210065,405.3,111.25,1
P236950,847.6219999999998,111.235,2
P235432,431.08,111.19,1
P236396,423.88,111.08,1
P246301,1991.984,111.005,2
P240770,427.6425,110.75,1
P238503,423.6,110.71,1
P207405,2004.75,110.695,2
P203752,428.08,110.69,1
P246885,404.4,110.57,1
P200531,1000.84,110.56,1
P218769,993.38,110.28,1
P225680,343.77,110.28,1
P218195,405.06000000000006,110.28,1
P208190,794.774,110.24,2
P247066,835.938,110.235,2
P241864,1997.5015,110.21000000000001,2
P223321,426.24,110.18,1
P215237,425.52,110.15,1
P211815,1005.6699999999998,110.09,1
P216839,826.4520000000001,110.05,2
P241189,339.03000000000003,110.04,1
P214508,1003.912,110.04,1
P217029,399.4,109.97,1
P248814,264.52,109.9,1
P249649,3452.193,109.8575,4
P209702,775.7605,109.85,2
P245543,429.66,109.79,1
P209810,427.272,109.79,1
P241783,1863.9,109.72,2
P216775,397.2240000000001,109.71,1
P223834,414.52,109.66,1
P212207,1004.496,109.64,1
P227502,402.19,109.63,1
P225766,1917.1575,109.625,2
P229458,394.28,109.6,1
P217086,981.64,109.47,1
P244378,419.634,109.45,1
P247859,1001.71,109.45,1
P208482,335.55,109.35,1
P225905,2359.896,109.24333333333334,3
P240713,425.115,109.17,1
P234855,984.9,109.11,1
P247560,339.03000000000003,109.08,1
P248604,417.51,109.05,1
P204089,826.2529999999999,109.03,2
P237703,386.66,108.96,1
P205139,1228.9515000000001,108.73333333333333,3
P246144,418.44,108.73,1
P225746,397.17,108.69,1
P233447,1774.7150000000001,108.67,2
P233390,333.48,108.56,1
P208918,1796.67,108.56,2
P207348,1922.9759999999999,108.54,2
P215779,427.005,108.53,1
P220392,1908.1935,108.51,2
P223012,977.341,108.47,1
P218047,983.55,108.44,1
P227441,388.8,108.31,1
P249640,1000.45,108.31,1
P235580,420.43,108.26,1
P222408,390.384,108.23,1
P210031,834.3715,108.2,2
P245203,416.38499999999993,108.11,1
P217445,780.408,108.095,2
P249659,983.01,108.07,1
P242018,1169.24,107.85333333333334,3
P242133,418.42,107.84,1
P230788,988.6175,107.82,1
P217726,656.9309999999998,107.79,2
P247385,421.9995,107.74,1
P249394,1665.1495,107.73666666666668,3
P209413,383.9365,107.62,1
P225877,972.417,107.61,1
P215650,992.75,107.56,1
P222528,989.4,107.55,1
P211178,986.796,107.55,1
P207046,814.077,107.52999999999999,2
P207549,1492.2315,107.525,2
P221258,388.43,107.48,1
P236741,415.996,107.42,1
P237208,1942.2020000000002,107.41499999999999,2
P230000,977.04,107.34,1
P203357,420.03,107.34,1
P200025,391.4,107.25,1
P238338,967.76,107.24,1
P228512,415.327,107.2,1
P218464,416.1475,107.2,1
P221707,750.88,107.17,2
P233243,415.752,107.15,1
P241658,1890.464,107.145,2
P211881,2646.222,107.13,3
P229922,758.925,107.13,2
P201232,386.05,107.1,1
P204113,385.64,107.08,1
P236200,979.16,107.06,1
P240874,971.793,107.05,1
P236118,966.625,106.9,1
P244843,389.56,106.82,1
P231901,331.436,106.81,1
P232438,384.642,106.73,1
P235160,388.41,106.73,1
P238457,1213.816,106.55,3
P240675,410.64,106.53,1
P249072,411.97,106.5,1
P246045,384.92,106.47,1
P239062,976.5225,106.41,1
P201609,404.703,106.37,1
P228460,983.52,106.36,1
P236862,402.58,106.35,1
P227619,1127.8825,106.23,3
P213305,966.0,106.19,1
P217839,409.89,106.14,1
P247150,376.52,106.09,1
P213819,382.337,106.0,1
P215402,1537.056,106.0,2
P218136,970.94,105.97,1
P206719,379.04,105.91,1
P212571,802.6,105.73,2
P242786,1923.04,105.72999999999999,2
P226363,403.98,105.72,1
P244186,800.7,105.71499999999999,2
P229704,957.9,105.69,1
P218421,410.499,105.56,1
P211770,383.19,105.54,1
P217980,961.98,105.42,1
P211267,385.75,105.42,1
P242080,387.81000000000006,105.4,1
P205722,963.38,105.38,1
P210059,956.76,105.38,1
P228923,384.42,105.32,1
P238886,960.16,105.31,1
P237702,412.47,105.04,1
P206446,969.28,104.96,1
P222872,406.82,104.89,1
P233362,406.9980000000001,104.88,1
P219661,408.384,104.87,1
P206531,412.49,104.85,1
P223289,252.36,104.83,1
P236845,410.44,104.81,1
P237302,407.58,104.75,1
P204668,379.6675,104.73,1
P231088,1115.462,104.69,2
P234501,408.6,104.67,1
P202922,956.004,104.66,1
P224004,975.27,104.66,1
P216250,375.192,104.66,1
P206504,325.62,104.61,1
P221312,408.72,104.58,1
P221938,1789.1139999999998,104.53999999999999,2
P214089,923.5609999999999,104.49000000000001,2
P212238,941.8,104.39,1
P220348,404.43,104.38,1
P217636,409.581,104.37,1
P236326,795.747,104.31,2
P203696,955.94,104.28,1
P242265,952.09,104.26,1
P241920,761.1145,104.13,2
P239856,399.37,104.06,1
P244222,405.27,104.04,1
P234598,954.55,103.99,1
P234740,372.45,103.92,1
P230995,370.23,103.91,1
P233623,399.3325,103.83,1
P234288,321.15000000000003,103.8,1
P208043,323.24,103.77,1
P248834,949.7815,103.73,1
P235794,397.72,103.71,1
P240214,953.14,103.7,1
P203649,403.63,103.66,1
P217418,408.0155,103.66,1
P244216,377.34,103.49,1
P241284,1604.8035,103.475,2
P215316,1394.67,103.45666666666666,3
P206265,397.72,103.44,1
P227141,784.5699999999999,103.415,2
P219036,405.14,103.37,1
P220894,374.072,103.37,1
P215588,395.64,103.24,1
P214031,668.846,103.155,2
P200391,1799.34,103.14,2
P211510,782.71,103.13499999999999,2
P201586,402.02,102.96,1
P214924,395.618,102.94,1
P214075,397.898,102.86,1
P207505,944.3285,102.79,1
P247611,1995.63,102.785,2
P211503,322.64,102.76,1
P246388,936.756,102.5,1
P215546,927.88,102.49,1
P206530,389.72,102.46,1
P239747,745.181,102.435,2
P226044,705.742,102.43,2
P232298,928.86,102.37,1
P227927,365.066,102.31,1
P234826,393.5565,102.27,1
P214833,773.846,102.27,2
P223638,784.58,102.23500000000001,2
P241672,923.376,102.21,1
P248390,943.884,102.13,1
P237877,313.00600000000003,102.1,1
P218085,317.83,102.05,1
P234922,396.16,102.03,1
P242580,1148.4974999999997,102.02666666666666,3
P246904,1864.4035000000001,101.94,2
P228363,929.48,101.82,1
P243546,246.9,101.8,1
P207582,1739.3055,101.78,2
P212860,957.825,101.77,1
P245600,775.5235,101.735,2
P228882,932.6,101.69,1
P227723,369.227,101.68,1
P235669,393.91,101.67,1
P248473,990.804,101.59666666666665,3
P232973,947.556,101.59,1
P218038,749.557,101.545,2
P249074,2650.794,101.52,3
P242922,314.874,101.5,1
P241450,274.3125,101.46,1
P233576,392.76,101.37,1
P235912,931.6365,101.22,1
P233743,395.85,101.2,1
P238554,1697.71,101.16,2
P215388,361.68,101.09,1
P201729,937.37,101.08,1
P229695,781.7429999999999,100.875,2
P247540,1805.9530000000002,100.86,2
P240194,2594.3539999999994,100.83333333333333,3
P208813,363.48,100.77,1
P218535,361.54800000000006,100.72,1
P239883,624.3199999999999,100.715,2
P240707,2219.35,100.69666666666667,3
P219668,396.4825,100.66,1
P200626,363.96,100.59,1
P209326,918.7,100.53,1
P221152,920.645,100.48,1
P237351,920.79,100.44,1
P213763,768.24,100.38499999999999,2
P230099,392.38,100.38,1
P244423,313.7,100.29,1
P232469,392.16,100.27,1
P220257,655.96,100.19500000000001,2
P236329,392.99,100.19,1
P229147,359.14,100.19,1
P238640,932.31,100.15,1
P225089,1147.1,99.99000000000001,3
P224229,916.54,99.95,1
P211831,361.44,99.91,1
P224282,603.21,99.86500000000001,2
P246541,361.48,99.84,1
P226085,379.032,99.82,1
P201953,385.74,99.8,1
P225344,915.92,99.76,1
P244562,2553.772,99.72333333333334,3
P223550,265.12,99.68,1
P201258,920.38,99.68,1
P231453,384.0725,99.62,1
P231077,397.936,99.6,1
P227744,908.748,99.6,1
P201571,307.38,99.56,1
P203866,694.8480000000001,99.53,2
P215220,395.371,99.5,1
P239027,363.7455,99.48,1
P249278,1329.8485,99.425,2
P211522,360.03000000000003,99.4,1
P232699,2707.9809999999998,99.39,3
P242498,366.87,99.38,1
P232764,351.54299999999995,99.34,1
P240690,911.53,99.32,1
P237977,358.672,99.17,1
P205848,748.2795,99.13000000000001,2
P247457,2522.07,99.11,3
P239848,362.65,99.09,1
P223185,361.566,99.04,1
P225281,905.304,99.02,1
P224152,384.831,99.02,1
P236810,902.24,98.99,1
P233609,311.382,98.98,1
P237458,1242.224,98.89333333333333,3
P212340,380.511,98.85,1
P215543,356.345,98.83,1
P215139,381.438,98.75,1
P235901,657.9780000000001,98.735,2
P203033,1759.3980000000001,98.73,2
P225645,379.17,98.72,1
P215762,2542.65,98.6725,4
P200566,919.53,98.67,1
P249456,900.88,98.57,1
P227819,385.9,98.52,1
P217859,900.828,98.45,1
P211457,911.64,98.43,1
P221388,740.7795,98.41499999999999,2
P230519,908.982,98.39,1
P202717,768.7745,98.375,2
P239484,763.47,98.28999999999999,2
P220191,379.47,98.28,1
P202214,2170.795,98.13,4
P235801,898.212,98.11,1
P220890,385.04,98.04,1
P246978,699.021,97.98,2
P204132,897.93,97.92,1
P205402,675.75,97.855,2
P244372,352.59,97.76,1
P218389,379.126,97.7,1
P228320,369.3,97.6,1
P240248,898.9920000000001,97.46,1
P234873,1287.14,97.395,2
P238301,377.511,97.37,1
P231858,650.1,97.36,2
P246410,351.386,97.32,1
P236311,379.314,97.32,1
P205680,900.4560000000001,97.27,1
P238013,302.72400000000005,97.26,1
P203346,357.42,97.26,1
P221293,377.8,97.23,1
P208216,754.734,97.23,2
P219944,734.6899999999999,97.15,2
P234303,1142.2485000000001,97.145,2
P207675,749.1010000000001,97.09,2
P206967,302.08,97.04,1
P221266,1676.393,97.03,2
P245642,697.662,97.03,2
P249310,1617.159,97.02,2
P237052,353.43,97.02,1
P235828,671.704,96.96000000000001,2
P247950,904.47,96.89,1
P210273,749.6,96.87,2
P223065,2560.228,96.81666666666666,3
P249882,877.14,96.8,1
P205971,351.69000000000005,96.78,1
P241599,897.12,96.67,1
P235830,1373.76,96.625,2
P242507,302.64,96.61,1
P209383,1298.4375,96.57,2
P203560,888.2595,96.52,1
P245510,896.53,96.48,1
P213739,885.0104999999999,96.47,1
P221014,885.62,96.42,1
P242315,886.84,96.42,1
P237285,887.058,96.41,1
P240951,379.117,96.4,1
P226756,299.84,96.39,1
P200312,893.684,96.38,1
P204970,893.54,96.38,1
P228999,591.54,96.31,2
P209365,355.44,96.3,1
P204854,1665.51,96.275,2
P225702,379.82,96.23,1
P231643,378.76,96.2,1
P221401,350.2,96.15,1
P244182,886.32,96.07,1
P235489,925.98,96.05000000000001,2
P218335,1223.404,96.005,2
P243720,299.649,95.96,1
P221539,747.9290000000001,95.94,2
P210479,368.55,95.92,1
P223188,367.7925,95.88,1
P217795,342.8,95.79,1
P213046,350.58,95.7,1
P205422,261.84,95.7,1
P230337,368.7000000000001,95.64,1
P242824,370.52,95.61,1
P221798,375.394,95.58,1
P226671,886.44,95.57,1
P239319,372.913,95.55,1
P224270,293.44,95.53,1
P219095,232.465,95.53,1
P241253,350.37,95.52,1
P247125,2552.6285,95.44333333333333,3
P218977,870.06,95.42,1
P217816,344.96,95.42,1
P211266,370.13,95.36,1
P203148,878.769,95.35,1
P219295,885.7,95.22,1
P209676,894.9300000000001,95.16,1
P236135,371.9,95.14,1
P238844,877.22,95.07,1
P243147,1022.6199999999999,95.06,2
P219839,873.7679999999999,94.97,1
P217014,874.98,94.92,1
P203480,878.693,94.9,1
P206546,1563.5019999999997,94.84,2
P236046,866.2764999999999,94.83,1
P249175,343.39,94.82,1
P201266,881.6379999999999,94.81,1
P225008,370.7185,94.76,1
P212112,1253.0700000000002,94.75,2
P232968,870.03,94.73,1
P242368,2514.187,94.72000000000001,3
P209848,378.9,94.71,1
P235948,344.367,94.66,1
P245513,345.48,94.59,1
P247814,370.59,94.57,1
P249645,365.14,94.48,1
P224443,869.51,94.32,1
P200783,665.061,94.315,2
P244998,297.38,94.25,1
P217073,341.1,94.24,1
P246314,868.1099999999999,94.23,1
P212497,1666.837,94.215,2
P237924,1057.1415000000002,94.20666666666666,3
P219840,1047.512,94.18333333333334,3
P243827,647.106,94.17,2
P212764,892.935,94.16,1
P202419,868.5,94.06,1
P249931,369.835,94.05,1
P249170,227.256,94.02,1
P202567,881.352,93.94,1
P214514,362.06,93.9,1
P226239,856.18,93.9,1
P207264,863.71,93.88,1
P235032,726.1,93.83,2
P200790,861.36,93.81,1
P229042,336.55,93.8,1
P234345,863.36,93.71,1
P222342,369.657,93.67,1
P209522,1053.7365,93.62,3
P210787,731.41,93.6,2
P244776,293.52,93.6,1
P244388,1424.07,93.58500000000001,2
P204574,373.54,93.57,1
P227424,335.189,93.55,1
P211966,225.2925,93.52,1
P225475,860.87,93.51,1
P241843,252.85500000000005,93.47,1
P246713,862.36,93.42,1
P201954,855.53,93.39,1
P202847,883.9300000000001,93.35333333333334,3
P214584,862.25,93.2,1
P216376,664.0640000000001,93.11999999999999,2
P247633,850.52,93.07,1
P232368,1677.334,92.965,2
P227644,333.621,92.91,1
P229753,858.5,92.9,1
P239983,728.83,92.88,2
P248926,849.87,92.73,1
P201446,994.8225,92.66333333333334,3
P209185,338.6825,92.62,1
P219600,845.0535,92.59,1
P226828,219.9,92.54,1
P223985,251.68,92.51,1
P201284,369.43,92.51,1
P217279,712.5190000000001,92.505,2
P222123,1648.8569999999997,92.505,2
P209422,337.46,92.48,1
P243158,336.1385,92.44,1
P204698,330.54,92.38,1
P226314,718.91,92.36,2
P214761,675.2075,92.345,2
P230583,854.26,92.34,1
P231522,362.34,92.28,1
P239535,548.03,92.08000000000001,2
P235074,711.5735,92.065,2
P243373,849.26,92.05,1
P247165,1408.1399999999999,92.03,2
P245227,334.59,92.0,1
P226133,843.85,91.99,1
P236051,841.13,91.93,1
P212512,335.31,91.87,1
P246527,337.554,91.84,1
P226174,364.9815,91.81,1
P223838,569.7814999999999,91.80999999999999,2
P200523,220.95,91.8,1
P221431,359.23,91.78,1
P224231,847.5,91.74,1
P211709,1592.1499999999999,91.735,2
P213067,850.93,91.69,1
P208446,860.8709999999999,91.56,1
P208653,362.28,91.53,1
P202934,847.739,91.51,1
P244586,589.758,91.46000000000001,2
P209387,846.99,91.45,1
P231924,361.304,91.38,1
P220704,1945.58,91.36,3
P209646,354.11,91.35,1
P241104,647.6320000000001,91.35,2
P249508,358.9005,91.35,1
P205635,336.528,91.31,1
P234163,358.59000000000003,91.29,1
P224080,362.61,91.26,1
P215712,1608.85,91.195,2
P227895,363.65,91.16,1
P216045,333.77,91.15,1
P241946,861.318,91.15,1
P213057,1454.4635,91.145,4
P235474,842.07,91.12,1
P203172,840.123,91.1,1
P249517,831.64,91.1,1
P226506,284.34000000000003,91.08,1
P245805,351.76,91.04,1
P233923,1634.354,91.01,2
P224305,329.82,90.96,1
P200290,2303.4425,90.95,3
P206400,221.918,90.89,1
P240505,359.16,90.88,1
P230715,327.88,90.83,1
P223280,735.93,90.83,2
P239819,689.5099999999999,90.815,2
P239630,672.9780000000001,90.725,2
P245158,840.37,90.72,1
P223770,1475.835,90.66,2
P207051,1597.456,90.57,2
P247032,358.34,90.54,1
P225989,817.97,90.54,1
P238117,356.02,90.54,1
P204238,832.12,90.53,1
P210649,285.72,90.51,1
P216210,843.48,90.51,1
P200579,926.02,90.505,2
P245503,352.3,90.5,1
P217085,355.536,90.49,1
P243059,842.2985,90.46,1
P210756,325.84,90.46,1
P244676,336.17,90.44,1
P246774,331.33,90.43,1
P224122,845.163,90.42,1
P219928,334.05,90.34,1
P209003,1699.83,90.33500000000001,4
P225516,1356.65,90.28666666666668,3
P238459,821.32,90.24,1
P229002,826.308,90.23,1
P218645,701.1189999999999,90.22,2
P225741,351.09,90.1,1
P241074,670.885,90.09,2
P227686,351.85,90.03,1
P246809,680.383,90.0,2
P219255,284.1,89.86,1
P210718,1349.278,89.83500000000001,2
P219789,824.2719999999999,89.81,1
P212168,349.59000000000003,89.79,1
P209437,215.68,89.76,1
P217851,1150.3799999999999,89.755,2
P217297,687.2130000000001,89.715,2
P233330,321.66,89.65,1
P223047,331.27,89.47,1
P237159,837.207,89.46,1
P224548,1649.4825,89.45,2
P215451,1036.7435,89.39333333333333,3
P242244,352.43,89.38,1
P223993,831.1895,89.34,1
P209584,566.5995,89.32499999999999,2
P224587,2962.21,89.2825,4
P208696,1604.54,89.185,2
P231262,2197.813,89.17999999999999,3
P243212,341.82,89.13,1
P203910,350.18,89.12,1
P224226,280.56600000000003,89.1,1
P229184,706.2,89.08500000000001,2
P217724,817.8,89.08,1
P238426,239.46,88.97,1
P215427,1509.24,88.89666666666666,3
P233991,810.873,88.86,1
P207631,1497.06,88.83500000000001,2
P207490,816.99,88.76,1
P224351,283.26,88.69,1
P206407,349.76,88.66,1
P209838,324.04,88.63,1
P222623,1377.0675,88.625,2
P213730,1480.62,88.59,2
P210155,1493.74,88.58999999999999,2
P249136,348.16,88.56,1
P247404,2386.331,88.47666666666667,3
P249922,326.052,88.46,1
P244946,347.76,88.43,1
P221220,827.442,88.42,1
P230944,1101.232,88.41,2
P232947,1133.3220000000001,88.4,2
P212096,1002.9599999999999,88.38,2
P247802,1643.936,88.32,2
P247085,324.8335,88.31,1
P206889,807.139,88.26,1
P223594,837.1800000000001,88.26,1
P205383,1627.89,88.25999999999999,2
P219248,630.183,88.235,2
P249257,818.35,88.21,1
P203941,342.6,88.21,1
P223639,319.9505,88.16,1
P247986,1012.3274999999999,88.12,3
P203778,837.083,88.1,1
P226176,330.52,88.06,1
P232697,323.73,88.05,1
P208211,274.92,88.04,1
P206063,1195.5085,88.03999999999999,2
P213533,323.42,88.02,1
P219001,212.4,87.94,1
P229702,1574.4035,87.94,2
P204169,810.82,87.89,1
P214908,821.2679999999999,87.86,1
P249035,800.793,87.8,1
P200885,280.75,87.76,1
P227565,318.32,87.76,1
P240004,805.56,87.72,1
P220178,818.082,87.68,1
P230949,1317.533,87.635,2
P206959,819.9,87.6,1
P239600,819.3,87.58,1
P242493,209.8,87.55,1
P231984,344.07,87.54,1
P241142,815.9834999999999,87.51,1
P236680,802.8,87.51,1
P248112,673.2945,87.5,2
P201516,814.07,87.49,1
P243949,341.3,87.43,1
P234446,319.43,87.42,1
P247459,343.292,87.4,1
P207432,1348.52,87.39500000000001,2
P220580,619.25,87.29,2
P210644,806.32,87.27,1
P214362,1521.702,87.23,2
P211882,676.73,87.19,2
P242521,320.45399999999995,87.17,1
P225278,271.77,87.16,1
P210247,347.9,87.15,1
P230550,1226.31,87.14,3
P204439,905.35,87.10999999999999,2
P212041,319.26,87.1,1
P218724,661.17,87.09,2
P209565,322.46,87.08,1
P240900,320.34000000000003,87.08,1
P235784,796.2375,87.07,1
P229223,242.46,87.05,1
P228273,821.4119999999999,86.98,1
P226007,806.1225000000001,86.97,1
P213707,323.62,86.8,1
P248503,269.325,86.76,1
P219806,1598.076,86.715,2
P217019,808.7840000000001,86.7,1
P220421,810.3405,86.69,1
P220002,665.3975,86.685,2
P223184,1476.78,86.67,2
P240565,340.7175,86.61,1
P229316,804.26,86.58,1
P206077,794.4185,86.58,1
P212744,596.7165,86.57,2
P206500,1556.156,86.565,2
P240762,322.11,86.51,1
P232333,799.1495,86.49,1
P202294,341.68,86.45,1
P234078,342.61,86.38,1
P220813,801.88,86.3,1
P249871,320.49,86.19,1
P249543,210.273,86.19,1
P224367,348.72,86.15,1
P247126,317.0,86.13,1
P216998,796.552,86.09,1
P214550,1606.8545,86.06,2
P227140,1588.3400000000001,86.04499999999999,2
P201425,806.01,85.94,1
P219114,649.5640000000001,85.925,2
P211191,768.328,85.91499999999999,2
P212444,335.369,85.9,1
P217470,790.64,85.87,1
P243711,266.1,85.84,1
P216656,1509.71,85.80499999999999,2
P243499,310.54,85.78,1
P216122,317.99,85.75,1
P244771,336.23,85.74,1
P218913,817.579,85.735,2
P220013,331.04,85.7,1
P224285,341.838,85.7,1
P207210,798.63,85.68,1
P220819,1525.48,85.64,2
P232815,340.7935,85.61,1
P222557,264.328,85.59,1
P210871,344.61,85.55,1
P238011,1349.752,85.505,2
P212502,806.7040000000001,85.47,1
P240286,337.501,85.47,1
P213194,2213.7645,85.45333333333333,3
P205759,779.0,85.37,1
P222636,791.98,85.36,1
P219191,2215.03,85.36,3
P218615,1468.5,85.32000000000001,2
P218452,336.02,85.31,1
P234772,316.16,85.31,1
P233678,1390.702,85.265,2
P240913,312.2475,85.26,1
P237978,332.248,85.21,1
P223475,337.117,85.21,1
P221708,627.452,85.16499999999999,2
P206324,336.0435,85.15,1
P201834,331.96,85.11,1
P213764,539.586,85.105,2
P235646,312.113,85.05,1
P220074,314.41,84.99,1
P206094,336.58,84.99,1
P219404,787.336,84.97,1
P204707,206.04,84.96,1
P231913,337.76,84.93,1
P224287,265.17,84.93,1
P217972,793.85,84.89,1
P218083,4195.8175,84.88166666666667,6
P222388,785.2225,84.85,1
P220032,785.1999999999999,84.79,1
P219772,264.404,84.74,1
P243953,797.97,84.7,1
P238682,803.11,84.66499999999999,2
P211574,332.836,84.6,1
P249240,205.7985,84.57,1
P235953,309.621,84.56,1
P215733,312.32,84.53,1
P244936,775.23,84.51,1
P209929,332.69,84.47,1
P221197,339.762,84.45,1
P222369,787.03,84.43,1
P247584,785.24,84.42,1
P226098,331.65,84.41,1
P231213,787.1,84.36,1
P238790,782.77,84.34,1
P215995,792.936,84.32,1
P249466,333.97,84.32,1
P217757,326.92,84.31,1
P201331,333.62,84.31,1
P228344,782.1635,84.3,1
P233378,760.78,84.3,1
P228859,268.04,84.26,1
P244504,585.826,84.245,2
P214542,974.7239999999999,84.245,2
P219403,307.58149999999995,84.22,1
P240586,794.3589999999999,84.21,1
P227033,877.3199999999999,84.205,2
P221864,232.56,84.2,1
P213587,304.9,84.19,1
P225893,619.212,84.185,2
P230612,325.71,84.17,1
P202756,263.806,84.17,1
P222386,313.12,84.12,1
P203266,591.316,84.1,2
P237187,310.77,84.06,1
P201667,331.1,84.06,1
P212564,1548.75,83.995,2
P241304,306.84,83.99,1
P214434,779.2679999999999,83.99,1
P213338,791.3879999999999,83.95,1
P218377,264.93,83.9,1
P243948,1427.8975,83.885,2
P223167,308.44,83.87,1
P213518,893.3720000000001,83.865,2
P245004,1345.638,83.82333333333334,3
P238245,332.42,83.74,1
P211707,303.084,83.71,1
P223382,332.604,83.66,1
P234392,1109.716,83.64,2
P226067,602.36,83.61,2
P249449,328.6905,83.54,1
P224532,201.16,83.52,1
P222547,313.39,83.51,1
P221079,324.56,83.44,1
P236112,262.04,83.44,1
P201544,302.54650000000004,83.44,1
P216179,325.42,83.43,1
P226932,228.418,83.43,1
P234426,789.76,83.41,1
P236479,1507.83,83.39999999999999,2
P244628,327.48,83.38,1
P217108,329.66,83.35,1
P232654,263.25,83.34,1
P226942,308.718,83.34,1
P228493,771.032,83.32499999999999,2
P211368,1514.0339999999999,83.29,2
P242543,326.61,83.28,1
P209401,321.1,83.22,1
P238560,305.21399999999994,83.21,1
P217272,1436.06,83.19999999999999,2
P229858,331.05600000000004,83.13,1
P206822,322.5835,83.08,1
P230702,630.542,83.07499999999999,2
P209946,514.04,83.03999999999999,2
P205010,1548.726,83.015,2
P216762,776.92,83.01,1
P204649,324.44,82.95,1
P228402,768.7305,82.92,1
P226046,205.238,82.91,1
P201360,1540.91,82.88,2
P242147,336.015,82.88,1
P219916,778.36,82.86,1
P208113,328.34,82.85,1
P219687,328.48,82.84,1
P233331,303.0,82.74,1
P213779,759.3135,82.7,1
P234054,326.54,82.68,1
P224614,201.09,82.66,1
P222031,888.98,82.64500000000001,2
P237803,326.73600000000005,82.61,1
P229602,772.28,82.57,1
P232295,255.442,82.54,1
P236214,320.13,82.52,1
P201251,253.623,82.49,1
P221993,299.5,82.48,1
P217794,623.362,82.4,2
P202749,251.379,82.39,1
P225025,1470.1999999999998,82.38,2
P216856,930.2905000000001,82.355,2
P212292,592.693,82.35000000000001,2
P207868,314.29800000000006,82.33,1
P215706,1512.187,82.29,2
P203012,760.365,82.24,1
P248753,327.505,82.2,1
P215568,760.81,82.19,1
P203943,302.8,82.17,1
P247002,304.68,82.16,1
P226349,327.34,82.12,1
P201492,598.5799999999999,82.095,2
P249412,327.2075,82.07,1
P209145,2140.467,82.05999999999999,3
P228040,1392.795,82.025,2
P234689,331.54,81.96,1
P242164,324.3,81.94,1
P202236,253.726,81.9,1
P236146,313.9,81.86,1
P237912,334.52,81.85,1
P201673,303.22,81.8,1
P241005,298.134,81.78,1
P240654,195.39,81.71,1
P247370,302.9,81.67,1
P218161,1381.1625,81.66499999999999,2
P218614,552.55,81.65,2
P214184,813.06,81.59333333333332,3
P248048,255.34,81.57,1
P247213,630.3870000000001,81.56,2
P209877,303.4585,81.47,1
P220062,316.749,81.45,1
P241184,587.3199999999999,81.405,2
P208862,2153.4865,81.37666666666667,3
P215705,1418.6520000000003,81.355,2
P237426,320.3905,81.35,1
P233487,750.33,81.34,1
P223024,326.76,81.32,1
P237065,298.64,81.31,1
P221185,1428.9845,81.27666666666666,3
P211737,322.812,81.19,1
P238276,755.953,81.19,1
P206508,761.406,81.18,1
P237312,765.0255,81.15,1
P219525,623.9300000000001,81.145,2
P223063,315.0,81.13,1
P222662,299.82,81.12,1
P212132,314.52,81.08,1
P226075,326.46,81.04,1
P232597,314.68800000000005,81.03,1
P244846,770.01,80.99,1
P228198,200.35,80.96,1
P220001,761.056,80.95,1
P214735,297.49,80.95,1
P226269,498.979,80.935,2
P213307,772.82,80.9,1
P227520,752.4,80.89,1
P227091,320.0,80.88,1
P209005,763.0685,80.87,1
P202928,296.419,80.85,1
P240745,754.57,80.85,1
P209097,324.52,80.84,1
P213173,1030.491,80.82666666666667,3
P204283,293.69249999999994,80.82,1
P235075,317.63,80.82,1
P249810,315.95,80.81,1
P215415,747.05,80.81,1
P228647,1144.955,80.785,4
P212660,1263.93,80.75333333333333,3
P208294,258.058,80.74,1
P204560,326.75,80.72,1
P213963,318.762,80.71,1
P226313,767.2484999999999,80.68,1
P216468,316.825,80.58,1
P246664,626.452,80.56,2
P242008,748.374,80.5,1
P246403,249.475,80.49,1
P235607,1456.52,80.46,2
P222209,754.3,80.44,1
P220889,316.188,80.43,1
P218714,635.6379999999999,80.38,2
P205006,753.24,80.37,1
P218246,747.7109999999999,80.35,1
P200171,310.26,80.28,1
P201264,751.45,80.27,1
P232036,298.44,80.25,1
P239208,1025.65,80.22,2
P230333,761.97,80.21,1
P204284,315.82,80.18,1
P222356,748.95,80.17,1
P238816,297.24,80.17,1
P246021,317.775,80.14,1
P221690,617.351,80.14,2
P228235,308.7285,80.13,1
P245379,1395.964,80.13,2
P217255,746.24,80.06,1
P219533,257.112,80.05,1
P239830,745.992,80.05,1
P244793,436.59000000000003,80.03999999999999,2
P227485,293.48,80.03,1
P209995,325.6695,80.02,1
P218283,748.09,79.99,1
P228522,1359.71,79.94,2
P201683,759.5089999999999,79.91,1
P208249,253.32,79.88,1
P239961,750.24,79.85,1
P245868,319.3,79.76,1
P222454,762.755,79.75,1
P207548,310.87,79.74,1
P200081,754.71,79.72,1
P224936,754.62,79.72,1
P203190,312.455,79.72,1
P203324,1227.39,79.71000000000001,2
P233313,254.72,79.68,1
P200837,1464.8645000000001,79.63,2
P215168,1062.2640000000001,79.60499999999999,2
P237564,991.9309999999999,79.6,2
P230748,2184.8174999999997,79.59333333333332,3
P213580,741.82,79.59,1
P206846,192.7,79.56,1
P240435,189.16,79.52,1
P228530,1276.83,79.52,2
P212697,197.41,79.45,1
P245830,218.95,79.44,1
P221755,1115.913,79.395,2
P219546,872.92,79.38666666666667,3
P240221,1215.32,79.375,2
P229827,754.434,79.34,1
P212984,317.3,79.27,1
P203772,290.556,79.26,1
P248829,1432.521,79.25500000000001,2
P221547,1312.3,79.215,2
P231999,730.1795,79.2,1
P201579,320.19,79.19,1
P201616,1160.0765,79.17500000000001,2
P233496,620.9200000000001,79.16499999999999,2
P232716,1404.87,79.14999999999999,2
P238785,925.49,79.14666666666668,3
P206899,756.7225,79.09,1
P241100,317.04,79.08,1
P229264,576.033,79.075,2
P228985,751.4879999999999,79.06,1
P211768,310.1,79.03,1
P224955,1420.0759999999998,79.02499999999999,2
P207907,742.118,78.99,1
P211008,299.04,78.96,1
P237845,314.604,78.95,1
P202137,1376.5349999999999,78.935,2
P213597,749.717,78.92,1
P237443,733.324,78.92,1
P239849,754.1455,78.91,1
P232034,750.636,78.91,1
P245721,940.9635000000001,78.885,2
P223702,290.53000000000003,78.82,1
P217189,614.5,78.8,2
P236698,740.7,78.78,1
P227722,310.1055,78.77,1
P229402,1419.618,78.69500000000001,2
P218693,736.8389999999999,78.66,1
P201560,733.944,78.66,1
P248450,312.797,78.59,1
P213410,899.7,78.56,2
P220486,509.762,78.50999999999999,2
P220211,581.5799999999999,78.495,2
P239175,1576.5729999999999,78.47749999999999,4
P220724,739.9075,78.46,1
P223410,727.7444999999999,78.42,1
P233224,2102.372,78.38,3
P240523,315.09000000000003,78.29,1
P203916,288.252,78.27,1
P211528,743.54,78.27,1
P213118,719.605,78.24499999999999,2
P208001,286.75749999999994,78.19,1
P203140,288.422,78.13,1
P201887,307.306,78.11,1
P236942,727.08,78.07,1
P235866,580.808,78.055,2
P242774,1418.0775,78.025,2
P239365,730.0564999999999,78.02,1
P246651,716.51,78.01,1
P223810,248.881,78.0,1
P216849,745.2960000000002,78.0,1
P216155,1193.2725,77.99000000000001,2
P217104,743.62,77.95,1
P239172,283.32,77.93,1
P226359,583.77,77.89500000000001,2
P241145,289.776,77.88,1
P236316,302.13800000000003,77.88,1
P247550,717.24,77.87,1
P209737,564.8535,77.86500000000001,2
P203277,573.96,77.83,2
P210354,1161.133,77.805,2
P226291,241.5,77.8,1
P210226,898.9415,77.77,3
P210822,287.25,77.74,1
P236003,478.1985,77.685,2
P225972,1325.2125,77.675,2
P243341,311.51,77.64,1
P209477,252.32,77.61,1
P238820,301.35,77.54,1
P217453,308.72800000000007,77.52,1
P245447,726.655,77.52,1
P242425,715.71,77.51,1
P225902,246.402,77.49,1
P213344,311.524,77.42,1
P237034,189.72,77.38,1
P210890,311.652,77.28,1
P215843,725.52,77.24,1
P237103,305.88,77.23,1
P214236,733.21,77.22,1
P226150,302.613,77.19,1
P202318,725.838,77.18,1
P219865,1206.679,77.15333333333332,3
P204915,728.92,77.14,1
P213472,919.5604999999999,77.13000000000001,3
P228123,734.26,77.09,1
P248631,732.7349999999999,77.05,1
P204426,284.85,77.04,1
P241307,288.49,76.99,1
P230982,718.66,76.98,1
P235798,289.52,76.93,1
P240642,844.09,76.87,2
P223318,881.798,76.84666666666668,3
P235638,740.7,76.83,1
P241329,657.6665,76.825,2
P218043,540.3975,76.81,2
P233077,908.904,76.8,2
P205128,864.98,76.77,2
P215365,303.84099999999995,76.77,1
P234215,610.976,76.765,2
P209407,720.28,76.7,1
P244437,717.19,76.68,1
P227095,302.61,76.68,1
P234742,242.14,76.66,1
P228492,1432.121,76.66,2
P204802,239.928,76.65,1
P226679,187.92,76.62,1
P212939,289.26,76.62,1
P200213,1442.78,76.57499999999999,2
P202703,305.71,76.56,1
P213060,855.672,76.55,3
P238514,557.892,76.535,2
P212199,1405.9270000000001,76.53,2
P222839,187.34,76.51,1
P213584,311.8225,76.45,1
P242083,582.4140000000001,76.45,2
P235243,215.616,76.41,1
P221448,711.683,76.41,1
P223245,717.42,76.41,1
P243803,717.8580000000001,76.37,1
P205404,716.73,76.36,1
P205728,728.68,76.35,1
P224531,1426.65,76.345,2
P224565,302.6,76.28,1
P219087,187.4825,76.26,1
P207494,299.78100000000006,76.25,1
P210472,590.34,76.24000000000001,2
P230908,608.865,76.23,2
P246436,599.9240000000001,76.21000000000001,2
P224841,708.947,76.21,1
P226113,715.152,76.2,1
P221067,1437.0320000000002,76.195,2
P204270,188.92,76.17,1
P241206,302.47,76.17,1
P202162,284.392,76.15,1
P220650,729.866,76.13,1
P217500,710.15,76.11,1
P221316,306.46,76.09,1
P229817,276.6,76.09,1
P213431,298.9555,76.05,1
P236546,293.624,76.04,1
P200918,1236.6999999999998,76.025,2
P229859,1367.434,76.015,2
P248887,716.2830000000001,76.0,1
P224875,720.009,75.99,1
P212740,714.55,75.98,1
P211731,720.48,75.97,1
P202301,591.1999999999999,75.96000000000001,2
P203516,705.94,75.94,1
P213944,728.9064999999999,75.92,1
P215987,1262.59,75.88333333333333,3
P201037,705.636,75.88,1
P208534,306.81,75.8,1
P241008,299.98,75.73,1
P232168,297.958,75.72,1
P243660,719.06,75.71,1
P206834,905.5084999999999,75.705,2
P246124,726.615,75.69,1
P208885,277.78,75.68,1
P206577,610.84,75.66499999999999,2
P226511,301.32,75.64,1
P211467,1140.1805,75.625,2
P203372,556.4014999999999,75.605,2
P223036,300.6085,75.6,1
P240691,523.49,75.54,2
P201420,236.64,75.51,1
P224516,664.933,75.48,2
P228924,1364.6475,75.47999999999999,2
P236848,709.7829999999999,75.47,1
P219244,713.24,75.46,1
P247682,303.411,75.44,1
P225881,294.45,75.39,1
P214379,711.28,75.28,1
P204332,707.19,75.23,1
P243145,273.543,75.21,1
P231309,710.6,75.12,2
P222044,239.68,75.11,1
P205340,562.12,75.105,2
P205990,236.48,75.1,1
P229676,558.768,75.095,2
P216890,296.97,75.08,1
P210287,706.45,75.07,1
P205960,292.6475,75.04,1
P241576,240.32,75.04,1
P229906,299.5825,75.03,1
P242095,298.592,75.0,1
P238297,576.38,74.99499999999999,2
P223066,265.176,74.99,1
P215380,1340.464,74.925,2
P202752,699.6009999999999,74.92,1
P246029,689.283,74.92,1
P241810,186.12,74.91,1
P201688,1351.3500000000001,74.86,2
P211353,209.45,74.86,1
P240928,533.08,74.8,2
P213065,1342.058,74.79,3
P226549,300.8,74.78,1
P249670,510.03,74.77,2
P236069,472.24399999999997,74.75,2
P220319,690.19,74.75,1
P247524,295.44,74.74,1
P234558,705.861,74.73,1
P220786,298.99,74.73,1
P249916,701.6495,74.72,1
P215326,292.056,74.69,1
P242180,596.1505,74.68499999999999,2
P202925,1792.8625000000002,74.64999999999999,3
P237210,241.9,74.64,1
P221788,180.819,74.58,1
P225982,712.44,74.57,1
P204575,269.024,74.52,1
P241689,715.53,74.51,1
P210859,298.125,74.51,1
P242001,1352.9814999999999,74.48500000000001,2
P245276,690.97,74.35,1
P223464,550.0260000000001,74.34,2
P241053,293.05,74.32,1
P214399,289.95,74.32,1
P220687,700.62,74.28,1
P224242,692.9,74.25,1
P240633,237.68,74.25,1
P230739,302.86,74.24,1
P206274,702.67,74.23,1
P243093,892.97,74.22500000000001,2
P239771,518.2,74.19,2
P214665,1399.635,74.18,2
P249239,446.09,74.07000000000001,2
P221494,1866.9524999999999,74.03666666666668,3
P248250,273.44,74.03,1
P248882,271.34,74.01,1
P244262,560.2955000000001,74.0,2
P229495,1361.46,74.0,2
P219636,240.88,73.92,1
P222707,592.436,73.91,2
P237313,541.01,73.89,2
P200096,233.2655,73.86,1
P222207,291.16,73.82,1
P228003,702.848,73.78,1
P247308,689.32,73.74,1
P207575,995.757,73.715,2
P210550,280.725,73.68,1
P224559,1233.7579999999998,73.535,2
P220293,296.5425,73.5,1
P204710,706.743,73.5,1
P220243,542.2139999999999,73.46000000000001,2
P243739,274.41,73.45,1
P209657,467.651,73.44999999999999,2
P222424,847.2330000000001,73.41666666666667,3
P235630,290.86,73.36,1
P241321,290.466,73.35,1
P218701,692.9820000000001,73.34,1
P210624,693.25,73.34,1
P205224,1308.384,73.33999999999999,2
P213115,1287.962,73.275,2
P221435,695.556,73.23,1
P222829,699.06,73.21,1
P219973,728.081,73.2,2
P242411,703.239,73.2,1
P249548,181.04,73.17,1
P223002,228.72,73.16,1
P245959,184.68,73.16,1
P249894,557.319,73.045,2
P218320,700.549,73.01,1
P212785,288.576,73.01,1
P218125,289.29,73.0,1
P221168,268.35,73.0,1
P225233,293.5785,72.95,1
P242191,2496.5799999999995,72.9425,4
P209442,289.08,72.94,1
P200841,573.905,72.92999999999999,2
P235391,761.9,72.92999999999999,2
P211905,234.26,72.89,1
P213603,557.6695,72.865,2
P221716,1103.4315,72.83,2
P242005,269.75,72.8,1
P219268,1069.08,72.775,2
P238429,180.69,72.76,1
P223154,579.908,72.725,2
P218243,229.76,72.71,1
P228602,1308.108,72.685,2
P233012,679.707,72.65,3
P247544,856.6949999999999,72.64,3
P236651,226.328,72.64,1
P204069,463.71999999999997,72.565,2
P237757,755.0569999999999,72.55666666666666,3
P214036,675.56,72.55,1
P200805,272.152,72.55,1
P213894,753.9330000000001,72.54333333333334,3
P218025,288.342,72.54,1
P230568,273.23,72.52,1
P220521,558.4599999999999,72.485,2
P201207,288.32,72.47,1
P247092,1284.3305,72.465,2
P204433,454.73000000000013,72.465,2
P234527,516.922,72.46000000000001,2
P228821,1918.519,72.41,3
P207598,294.24,72.4,1
P210411,821.27,72.34,3
P223323,230.24,72.32,1
P237174,227.29,72.32,1
P246009,1342.76,72.275,2
P216492,672.27,72.27,1
P249610,226.499,72.24,1
P229731,230.94,72.23,1
P240322,283.99,72.23,1
P232331,687.42,72.22,1
P232423,670.97,72.22,1
P247783,233.415,72.19,1
P212462,670.396,72.18,1
P214968,675.83,72.17,1
P236642,267.444,72.17,1
P222842,692.6735,72.17,1
P205850,231.2965,72.14,1
P215437,463.01099999999997,72.13499999999999,2
P208882,868.3335,72.095,2
P219225,1065.622,72.09,2
P243899,642.416,72.07,3
P248032,693.89,72.05,1
P203329,230.68,72.04,1
P231158,682.24,72.01,1
P235654,1653.2759999999998,71.99666666666666,3
P237495,225.792,71.99,1
P244890,270.69,71.95,1
P238577,555.2460000000001,71.945,2
P203498,1144.472,71.9425,4
P225084,173.46,71.94,1
P231280,515.44,71.91499999999999,2
P215993,1346.8855,71.895,2
P212806,287.691,71.89,1
P232864,751.82,71.86666666666667,3
P244357,273.32,71.86,1
P248729,668.214,71.86,1
P214903,800.644,71.85666666666667,3
P224946,588.438,71.85,2
P221718,1350.021,71.83500000000001,2
P232661,289.73,71.82,1
P241697,669.8924999999999,71.82,1
P218185,291.33,71.79,1
P247657,1263.118,71.785,2
P247143,285.867,71.75,1
P249135,825.7185,71.73,3
P228159,291.1275,71.72,1
P221058,285.9595,71.71,1
P230766,824.4225,71.69,3
P202482,285.475,71.69,1
P231897,673.24,71.68,1
P207223,683.68,71.65,1
P246630,282.663,71.62,1
P240024,678.94,71.62,1
P223545,261.649,71.61,1
P245980,673.7760000000001,71.59,1
P248554,1206.923,71.58999999999999,2
P223794,547.7035,71.55,2
P234326,286.24,71.54,1
P221380,268.09,71.54,1
P210934,1142.165,71.53,2
P200544,438.20650000000006,71.515,2
P200217,272.27,71.48,1
P225976,952.84,71.465,2
P227551,264.636,71.45,1
P218290,285.58,71.39,1
P246006,1170.736,71.37,2
P213483,268.6424999999999,71.36,1
P225203,685.22,71.36,1
P212813,284.823,71.35,1
P208573,226.116,71.32,1
P226724,222.972,71.32,1
P239136,1182.7160000000001,71.315,2
P244535,681.97,71.29,1
P205274,171.855,71.29,1
P220383,269.892,71.28,1
P235930,690.574,71.28,1
P233475,281.523,71.27,1
P221605,291.81,71.22,1
P203897,261.819,71.21,1
P248805,674.324,71.18,1
P233618,263.94199999999995,71.17,1
P218449,549.497,71.14,2
P237365,284.28,71.12,1
P243028,227.08,71.09,1
P235319,1356.01,71.075,2
P212674,221.32,71.05,1
P230494,269.314,70.97,1
P203345,448.687,70.96,2
P202825,665.37,70.93,1
P248102,651.21,70.92,1
P208594,681.6999999999999,70.9,1
P233791,664.68,70.89,1
P245358,266.44,70.88,1
P225443,674.24,70.88,1
P200868,283.24,70.86,1
P220837,178.866,70.81,1
P224932,1272.2565,70.775,2
P202665,821.5375,70.68333333333332,3
P201838,287.878,70.68,1
P241312,666.432,70.65,1
P245423,280.33,70.58,1
P248998,661.2284999999999,70.58,1
P239166,259.37850000000003,70.57,1
P246775,533.955,70.56,2
P209441,261.91,70.53,1
P227122,516.088,70.52,2
P231823,225.243,70.51,1
P207482,263.2,70.5,1
P201955,268.07,70.5,1
P219092,665.62,70.5,1
P215100,285.04,70.48,1
P248125,666.3,70.48,1
P207936,192.12,70.45,1
P203894,543.539,70.44,2
P222064,289.37,70.43,1
P235518,223.92,70.43,1
P222841,676.17,70.42,1
P216318,220.49,70.36,1
P215212,1102.772,70.32,4
P243266,281.22,70.3,1
P236095,674.918,70.3,1
P209224,280.2215,70.29,1
P237705,905.844,70.25999999999999,2
P212008,260.27,70.25,1
P202534,656.091,70.24,1
P211662,197.3055,70.24,1
P244559,974.6455,70.235,2
P200279,276.75,70.23,1
P245077,529.2,70.22,2
P207714,219.84,70.22,1
P232875,222.444,70.19,1
P222245,195.72,70.18,1
P231132,265.472,70.15,1
P247440,509.38,70.145,2
P247182,1140.4189999999999,70.14,2
P212616,516.842,70.135,2
P216906,263.226,70.12,1
P203204,1194.1575,70.1,2
P227632,277.632,70.09,1
P247970,223.24,70.07,1
P237537,280.25,70.07,1
P217600,278.23,70.06,1
P241256,225.53,70.06,1
P242386,176.79999999999998,70.06,1
P207424,663.75,70.04,1
P241037,275.34,70.01,1
P202748,279.11,69.99,1
P221532,224.02,69.99,1
P235469,1326.2514999999999,69.985,2
P242564,1837.2115,69.96666666666667,3
P233653,171.89999999999998,69.95,1
P219417,171.18,69.94,1
P210493,276.564,69.9,1
P237476,169.85049999999998,69.9,1
P207929,659.319,69.86,1
P224297,275.9,69.81,1
P216135,279.243,69.81,1
P217151,492.17999999999995,69.8,2
P219098,769.31,69.785,2
P214852,744.562,69.76,3
P212881,278.38,69.76,1
P244135,656.88,69.76,1
P220114,1305.246,69.755,2
P212623,672.53,69.74,1
P242228,280.33,69.73,1
P227913,227.885,69.72,1
P228102,193.86,69.7,1
P245782,1316.339,69.69999999999999,2
P218908,278.45149999999995,69.69,1
P209690,259.38800000000003,69.67,1
P247335,226.47,69.66,1
P242484,659.9,69.64,1
P242330,650.598,69.62,1
P218264,258.16,69.59,1
P229236,1042.6175,69.58666666666666,3
P223905,255.17,69.58,1
P226492,664.3919999999999,69.54,1
P204526,651.2629999999999,69.51,1
P246267,658.13,69.5,1
P241753,508.251,69.475,2
P205514,1109.0865,69.45,2
P248171,273.85,69.42,1
P249206,1154.0445,69.38499999999999,2
P204572,657.65,69.38,1
P216825,1528.9499999999998,69.38,3
P221531,868.6100000000001,69.35000000000001,3
P239446,172.95000000000002,69.35,1
P207552,258.8085,69.31,1
P232355,1314.51,69.27,2
P242076,218.21,69.24,1
P226592,216.201,69.22,1
P217442,666.21,69.21,1
P230070,278.86,69.2,1
P204043,256.70700000000005,69.14,1
P213336,1247.6680000000001,69.095,2
P236890,263.32,69.09,1
P245908,666.8505,69.09,1
P227728,649.11,69.06,1
P229020,663.9605,69.05,1
P249042,257.64,69.04,1
P205178,658.74,69.04,1
P226626,276.539,69.03,1
P241073,170.411,69.02,1
P223170,643.76,69.02,1
P249290,281.36,69.0,1
P216627,1534.77,69.0,3
P222229,654.151,68.91,1
P240693,662.63,68.9,1
P217060,274.98,68.89,1
P215928,1266.3025,68.89,2
P241853,491.56,68.88499999999999,2
P239906,255.62,68.87,1
P211555,638.8470000000001,68.86,1
P242674,1176.3335,68.85,2
P210752,530.52,68.83500000000001,2
P212972,661.26,68.81,1
P208208,544.198,68.80499999999999,2
P248603,514.3235,68.8,2
P227391,650.08,68.8,1
P210769,1312.5520000000001,68.795,2
P232281,275.219,68.79,1
P210230,218.68,68.78,1
P223674,539.93,68.74000000000001,2
P230203,646.08,68.74,1
P219192,275.01,68.73,1
P241126,172.92,68.73,1
P235014,222.51,68.73,1
P246282,274.716,68.71,1
P231929,672.11,68.69,1
P249963,254.87,68.68,1
P216707,639.456,68.67,1
P228244,280.647,68.66,1
P237824,1303.244,68.66,2
P201223,530.449,68.66,2
P211613,645.886,68.64,1
P201759,908.3,68.63,2
P245574,260.794,68.61,1
P211107,281.99,68.6,1
P213266,280.47,68.6,1
P228179,256.41,68.56,1
P211430,863.152,68.555,2
P202416,1016.997,68.55499999999999,2
P203111,271.998,68.55,1
P220741,189.3,68.55,1
P244919,1277.926,68.545,2
P200465,259.04,68.53,1
P240983,270.731,68.51,1
P200735,281.27599999999995,68.49,1
P203651,652.05,68.48,1
P201686,658.399,68.47,1
P224982,667.64,68.43,1
P219156,640.794,68.42,1
P237477,169.82,68.4,1
P234686,186.04,68.4,1
P212412,415.75,68.39,2
P218669,549.415,68.385,2
P221554,1223.09,68.34,2
P210420,271.04,68.31,1
P227117,652.75,68.28,1
P225132,256.7,68.27,1
P232430,645.2774999999999,68.26,1
P220968,687.686,68.245,2
P211743,639.44,68.24,1
P217197,279.531,68.21,1
P222933,274.34099999999995,68.19,1
P212729,648.9720000000001,68.19,1
P240260,275.31,68.18,1
P226350,791.091,68.15,2
P245486,644.8,68.1,1
P234847,643.21,68.09,1
P220856,528.09,68.07000000000001,2
P202929,274.92,68.03,1
P204566,650.54,68.03,1
P200976,645.77,67.98,1
P202380,488.06,67.975,2
P231041,531.9580000000001,67.97,2
P246147,566.3620000000001,67.97,2
P224105,532.348,67.94500000000001,2
P216026,274.5,67.94,1
P208406,273.0205,67.93,1
P207269,645.259,67.91,1
P215102,254.2,67.9,1
P213608,256.76,67.88,1
P223088,166.86,67.85,1
P210615,195.491,67.83,1
P229788,646.92,67.82,1
P248538,1259.4899999999998,67.8,2
P228870,1091.692,67.77499999999999,2
P232938,190.48,67.77,1
P228445,272.16,67.75,1
P214429,215.631,67.74,1
P248243,216.27,67.7,1
P209521,254.473,67.69,1
P205988,647.976,67.66,1
P237671,163.64999999999998,67.66,1
P245269,1277.031,67.645,2
P207227,259.84,67.64,1
P232145,272.76,67.62,1
P237003,254.41,67.6,1
P208337,269.553,67.58,1
P234308,1083.35,67.575,2
P204424,636.14,67.57,1
P243560,493.166,67.55000000000001,2
P229511,638.63,67.55,1
P201728,213.04,67.53,1
P232689,267.885,67.52,1
P205443,209.16,67.52,1
P214625,636.28,67.49,1
P249255,260.7205,67.48,1
P239449,1672.9399999999998,67.47666666666667,3
P229277,214.15,67.47,1
P243704,1059.373,67.46333333333332,3
P233445,1212.7610000000002,67.46,2
P206625,528.4,67.42999999999999,2
P249128,253.802,67.39,1
P243223,780.893,67.38,3
P243506,272.9,67.36,1
P209896,522.9300000000001,67.34,2
P214282,691.4000000000001,67.31,2
P230501,269.4,67.29,1
P213767,212.7,67.24,1
P237206,1097.9234999999999,67.23333333333333,3
P249501,274.2,67.23,1
P239731,260.98400000000004,67.21,1
P232136,535.252,67.195,2
P228082,652.72,67.18,1
P206644,1282.49,67.17999999999999,2
P225151,1854.0805,67.17,3
P222748,648.0880000000001,67.14,1
P243975,217.265,67.13,1
P246017,628.8214999999999,67.09,1
P203466,635.994,67.09,1
P205233,637.227,67.08,1
P215020,265.33,67.07,1
P223736,215.64,67.05,1
P249535,414.65,67.045,2
P243281,1216.5819999999999,67.03999999999999,2
P230556,268.42,67.02,1
P227365,266.92,67.0,1
P201002,254.56,66.99,1
P221464,248.32,66.98,1
P223631,271.09,66.94,1
P229253,215.43,66.92,1
P217467,707.1814999999999,66.91,2
P235165,648.1,66.9,1
P230415,621.85,66.88,1
P248074,650.1,66.88,1
P218126,637.3265,66.86,1
P226571,1259.147,66.86,2
P218060,269.18,66.85,1
P238060,267.4185,66.85,1
P220570,267.18,66.84,1
P225533,252.3105,66.8,1
P249102,666.1700000000001,66.78999999999999,2
P219266,626.9490000000001,66.77,1
P231855,704.61,66.74000000000001,2
P201827,641.72,66.74,1
P226616,263.15,66.71,1
P215448,1710.1274999999998,66.7,3
P204174,2455.5314999999996,66.6975,4
P248697,246.2,66.67,1
P223610,634.5525,66.66,1
P204622,260.86499999999995,66.64,1
P219898,271.64,66.63,1
P211367,620.25,66.61,1
P235239,642.1,66.58,1
P209188,253.72,66.57,1
P237928,625.6,66.55,1
P206143,264.18,66.55,1
P203249,629.73,66.5,1
P215920,506.0,66.46000000000001,2
P239482,578.325,66.445,2
P248235,917.5559999999999,66.435,2
P207701,263.31,66.42,1
P200405,509.78749999999997,66.405,2
P210401,492.54999999999995,66.38,2
P223655,215.766,66.37,1
P216854,246.075,66.33,1
P230104,251.8355,66.33,1
P236548,267.584,66.31,1
P232541,168.32000000000002,66.31,1
P217893,624.22,66.3,1
P221762,2270.4605,66.27,4
P232199,877.6400000000001,66.245,2
P214251,1494.678,66.23249999999999,4
P220467,267.88100000000003,66.22,1
P237364,1270.813,66.19,2
P238449,1185.6825000000001,66.17,2
P237423,263.934,66.15,1
P201044,253.137,66.12,1
P242070,262.429,66.07,1
P204454,244.48,66.03,1
P217407,644.51,66.02,1
P249029,649.17,66.02,1
P212383,626.88,66.01,1
P247556,262.82,66.01,1
P228889,620.7660000000001,66.0,1
P218558,603.47,65.98,1
P248298,625.48,65.98,1
P215772,417.5155,65.945,2
P235787,215.61,65.92,1
P226953,506.76,65.905,2
P228197,723.438,65.89666666666666,3
P210446,806.27,65.86999999999999,3
P231391,385.36799999999994,65.86500000000001,2
P231102,1193.8485,65.865,2
P243778,163.75,65.84,1
P235272,622.33,65.83,1
P203045,211.242,65.82,1
P238717,248.16,65.76,1
P232302,633.6,65.75,1
P249843,210.729,65.74,1
P244883,204.72,65.74,1
P242132,645.35,65.7,1
P215593,911.76,65.695,2
P219395,264.404,65.68,1
P243388,481.21000000000004,65.67999999999999,2
P215337,244.89,65.63,1
P235078,925.836,65.615,2
P234323,243.62,65.61,1
P216404,629.35,65.6,1
P226266,637.29,65.59,1
P237344,210.843,65.54,1
P245981,636.766,65.54,1
P246257,243.8,65.53,1
P212597,632.21,65.52,1
P202958,240.64,65.5,1
P240985,1160.746,65.485,2
P202561,246.278,65.48,1
P228780,481.914,65.47500000000001,2
P245562,843.373,65.455,2
P246207,253.37449999999995,65.41,1
P229446,260.02,65.33,1
P246589,634.01,65.31,1
P218524,627.1805,65.31,1
P245485,211.08,65.31,1
P218154,512.696,65.3,2
P211537,620.5935,65.24,1
P222133,247.72,65.23,1
P222856,1230.28,65.22,2
P243251,520.7805,65.22,2
P239903,188.54100000000005,65.21,1
P241221,613.008,65.19,1
P246465,475.57,65.16499999999999,2
P240672,621.612,65.16,1
P244156,261.84,65.15,1
P201049,1035.2655,65.11,2
P204462,1719.9855,65.05666666666666,3
P219866,506.29,65.05,2
P205535,521.4300000000001,65.03,2
P233299,1849.732,65.01333333333334,3
P205273,635.56,65.0,1
P201650,768.5830000000001,65.0,2
P247744,263.04549999999995,64.99,1
P210301,472.37899999999996,64.98,2
P239276,480.05,64.92,2
P239334,611.658,64.89,1
P201553,1246.3110000000001,64.89,2
P240201,183.88,64.86,1
P229288,690.6990000000001,64.855,2
P235689,761.9784999999999,64.85333333333334,3
P239038,614.736,64.84,1
P231074,620.2,64.81,1
P203098,1192.718,64.78,2
P214202,1342.598,64.77799999999999,5
P248231,234.288,64.77,1
P200298,243.105,64.75,1
P212968,259.471,64.73,1
P213133,1421.35,64.68666666666667,3
P237199,237.177,64.66,1
P229501,1111.484,64.655,2
P244802,422.28000000000003,64.655,2
P236008,1252.6779999999999,64.645,2
P241715,592.25,64.63,2
P246264,243.124,64.62,1
P235618,626.6959999999999,64.6,1
P242891,262.89,64.59,1
P242309,621.3000000000001,64.57,1
P207594,244.86,64.55,1
P200677,177.21,64.54,1
P247351,497.42,64.535,2
P209681,265.36,64.52,1
P242640,241.094,64.51,1
P241764,261.36,64.51,1
P249307,1178.714,64.5,2
P237562,619.83,64.5,1
P234235,157.32,64.48,1
P243974,1063.2830000000001,64.475,2
P203238,608.76,64.47,1
P226819,498.18699999999995,64.415,2
P235253,808.215,64.41333333333334,3
P235216,264.159,64.41,1
P238155,259.79650000000004,64.39,1
P206249,242.687,64.37,1
P205307,1109.01,64.345,2
P226533,240.34,64.33,1
P239165,613.035,64.31,1
P225720,264.98,64.31,1
P242678,161.54100000000005,64.31,1
P224190,160.99,64.31,1
P218606,351.18,64.27,2
P246757,242.86,64.25,1
P231002,523.123,64.235,2
P248248,603.2405,64.23,1
P215011,180.68,64.22,1
P212854,1241.828,64.185,2
P210071,260.77,64.18,1
P227050,242.76,64.17,1
P210505,211.11,64.16,1
P202930,262.82,64.16,1
P230437,244.48,64.15,1
P202184,1531.6260000000002,64.13666666666667,3
P207361,207.0,64.13,1
P211031,205.4,64.13,1
P212501,1187.06,64.125,2
P247365,178.45,64.1,1
P229980,413.3775,64.095,2
P231567,1102.1309999999999,64.08500000000001,2
P220937,240.864,64.08,1
P242347,244.4,64.07,1
P201224,255.037,64.06,1
P239661,159.6285,64.06,1
P245822,204.78,64.05,1
P227432,401.0355,64.03,2
P242565,255.1985,64.03,1
P202846,612.227,64.01,1
P216696,489.734,63.99,2
P242241,1201.1200000000001,63.975,2
P231374,157.62,63.96,1
P208057,259.947,63.95,1
P234778,255.204,63.95,1
P240542,1126.9985,63.934999999999995,2
P249343,207.214,63.92,1
P225136,259.64,63.91,1
P241701,252.15,63.9,1
P205298,619.317,63.88,1
P207400,500.543,63.845,2
P248548,606.708,63.81,1
P249742,256.904,63.81,1
P225268,264.72700000000003,63.81,1
P244626,265.59,63.81,1
P243113,206.359,63.8,1
P242668,1131.79,63.78,2
P242582,1269.0635,63.779999999999994,3
P205913,450.93050000000005,63.76,2
P201947,607.11,63.75,1
P210873,622.8,63.74,1
P204459,402.33,63.72,2
P225152,255.731,63.71,1
P228293,1157.4679999999998,63.71,2
P236555,156.42000000000002,63.7,1
P211976,243.29,63.7,1
P210391,715.22,63.69,2
P218794,263.95,63.65,1
P240356,255.26,63.63,1
P240943,614.44,63.59,1
P237988,264.05249999999995,63.59,1
P225777,608.61,63.59,1
P236852,250.81,63.59,1
P241466,742.9200000000001,63.51333333333334,3
P224616,259.42,63.5,1
P233734,601.3800000000001,63.5,1
P214589,608.005,63.47,1
P237808,607.65,63.43,1
P240615,257.12,63.4,1
P206283,1086.9805000000001,63.385000000000005,2
P200131,612.117,63.38,1
P210541,591.17,63.36,1
P226228,704.1949999999999,63.35666666666666,3
P225897,256.9,63.33,1
P227515,401.064,63.32,2
P211173,255.64,63.32,1
P205961,607.5345,63.31,1
P203630,1225.158,63.3,2
P204841,511.431,63.28,2
P200426,200.4,63.27,1
P203421,256.06,63.27,1
P211626,231.25,63.26,1
P224347,400.54200000000003,63.25,2
P213989,1190.29,63.214999999999996,2
P212288,203.0,63.2,1
P210103,250.84,63.19,1
P223488,242.38,63.18,1
P204851,238.017,63.17,1
P248419,204.84,63.15,1
P227167,641.6800000000001,63.14666666666667,3
P207945,736.2935000000001,63.09333333333334,3
P222018,607.3064999999999,63.07,1
P240324,1133.63,63.065,2
P232881,252.605,63.02,1
P213217,452.6,63.02,2
P232391,448.4145,63.019999999999996,2
P200157,204.0,63.01,1
P248316,600.1435,63.0,1
P237055,516.52,62.989999999999995,2
P216176,256.095,62.98,1
P216938,729.031,62.925000000000004,2
P232253,147.8675,62.9,1
P206524,1027.492,62.879999999999995,2
P232454,198.42,62.86,1
P219553,498.59999999999997,62.85,2
P248474,237.37,62.83,1
P243319,203.73,62.81,1
P228800,479.322,62.81,2
P241392,1136.83,62.803333333333335,3
P204136,240.39,62.8,1
P230840,203.6,62.8,1
P231679,601.88,62.8,1
P221299,250.06,62.8,1
P216917,1903.3944999999997,62.79750000000001,4
P233756,1452.713,62.79,3
P247049,461.42,62.785,2
P227436,597.132,62.73,1
P247747,200.2315,62.68,1
P247496,746.145,62.67333333333334,3
P203341,201.12,62.64,1
P245507,1204.6664999999998,62.620000000000005,2
P236795,1629.8929999999998,62.54999999999999,3
P221221,613.2915,62.54,1
P220601,237.69,62.52,1
P241225,586.58,62.48,1
P228017,251.484,62.47,1
P206223,231.43,62.46,1
P200308,308.93,62.459999999999994,2
P213304,171.69,62.45,1
P219670,583.434,62.43,1
P205905,488.632,62.43,2
P202673,895.9775000000001,62.425,2
P216411,333.40999999999997,62.42,2
P224698,254.88,62.42,1
P238677,593.83,62.4,1
P221143,489.73,62.395,2
P215963,1060.7184999999997,62.394999999999996,2
P243403,595.1700000000001,62.39,1
P211059,199.0345,62.36,1
P217103,250.84800000000004,62.35,1
P237788,917.2924999999999,62.35,3
P224860,599.8109999999999,62.32,1
P212507,617.76,62.3,1
P208333,203.64,62.3,1
P231989,428.78,62.290000000000006,2
P246442,456.786,62.285,2
P248282,198.855,62.28,1
P230814,233.58,62.27,1
P221962,492.72,62.254999999999995,2
P231285,1183.2440000000001,62.235,2
P223954,587.51,62.22,1
P205618,589.89,62.21,1
P239389,601.6555000000001,62.21,1
P236692,201.68,62.19,1
P225380,178.71,62.16,1
P227770,250.71,62.14,1
P215405,369.9125,62.135000000000005,2
P223281,228.016,62.12,1
P213369,855.5585,62.11,4
P240591,203.452,62.11,1
P242440,813.798,62.10666666666666,3
P246210,581.7135000000001,62.08,1
P230182,237.8,62.08,1
P223019,193.8,62.06,1
P214890,599.86,62.05,1
P219565,248.5485,62.05,1
P243939,222.96,62.0,1
P229763,713.2,61.980000000000004,2
P218326,249.38,61.98,1
P228187,611.3439999999999,61.98,1
P208124,233.46,61.94,1
P237279,251.838,61.93,1
P214560,204.22,61.91,1
P237946,478.509,61.905,2
P220707,584.944,61.9,1
P233014,803.2055,61.885,4
P223569,604.16,61.87,1
P205792,173.88799999999998,61.87,1
P211936,603.09,61.84,1
P224569,2148.43,61.8375,4
P249503,599.058,61.82,1
P214422,363.64,61.795,2
P205255,593.04,61.78,1
P213699,345.7199999999999,61.775000000000006,2
P207901,250.65,61.77,1
P236188,939.961,61.765,2
P240664,154.62,61.76,1
P225585,589.77,61.76,1
P205796,200.74,61.75,1
P213582,1329.28,61.71666666666667,3
P226568,235.28,61.71,1
P211611,199.68,61.69,1
P207464,589.57,61.69,1
P227633,229.78,61.69,1
P224188,194.58,61.67,1
P235918,606.328,61.67,1
P221339,247.17,61.67,1
P247106,249.89,61.6,1
P218150,634.0899999999999,61.6,2
P203604,581.45,61.58,1
P205220,236.16,61.58,1
P221555,1408.42,61.57,3
P216109,594.434,61.56,1
P229218,403.2,61.55,2
P222343,1166.288,61.53,2
P237079,595.327,61.53,1
P235557,579.0060000000001,61.5,1
P235624,200.49,61.5,1
P215800,242.96,61.49,1
P242736,231.39,61.48,1
P225040,241.2905,61.47,1
P223078,597.93,61.47,1
P214271,1173.78,61.45,2
P247397,584.7915,61.44,1
P209905,578.55,61.43,1
P216296,1555.8675,61.40333333333333,3
P200343,602.361,61.38,1
P238277,200.974,61.37,1
P216503,592.98,61.34,1
P212736,442.08,61.324999999999996,2
P239682,248.848,61.28,1
P216626,442.657,61.275,2
P200835,154.47,61.27,1
P239238,329.6745,61.26,2
P222667,242.934,61.26,1
P236763,1238.8605,61.25333333333333,3
P211196,405.831,61.25,2
P211961,586.28,61.25,1
P234818,577.332,61.24,1
P242606,589.7,61.22,1
P233575,471.58950000000004,61.214999999999996,2
P223460,196.76,61.2,1
P235237,229.84,61.19,1
P219992,458.06,61.16,2
P232790,597.681,61.14,1
P209895,231.89,61.14,1
P214705,384.604,61.14,2
P240547,590.5120000000001,61.14,1
P223407,1190.8049999999998,61.129999999999995,2
P204516,904.148,61.11,2
P233755,1113.6499999999999,61.06,2
P207611,1049.1,61.055,2
P217229,236.08,61.02,1
P231512,195.72,61.02,1
P225335,248.794,60.96,1
P206882,246.0405,60.95,1
P243870,226.45,60.94,1
P248138,246.18,60.93,1
P211289,243.694,60.93,1
P246728,594.33,60.92,1
P226950,199.89,60.89,1
P223725,251.8,60.89,1
P206520,1453.482,60.886666666666656,3
P219089,590.54,60.88,1
P218394,824.938,60.875,2
P245156,245.35,60.87,1
P219901,247.57,60.87,1
P235736,590.9569999999999,60.87,1
P209527,242.94,60.87,1
P240636,1943.4119999999998,60.864999999999995,4
P201999,168.96,60.86,1
P228038,588.78,60.84,1
P211462,590.44,60.84,1
P236598,579.08,60.83,1
P229118,193.893,60.83,1
P212534,571.52,60.760000000000005,2
P211706,246.35,60.76,1
P206575,944.3275,60.745000000000005,4
P214860,1172.616,60.725,2
P220989,584.58,60.71,1
P236178,604.8459999999999,60.69,1
P226952,153.1685,60.66,1
P211864,593.2049999999999,60.644999999999996,2
P202619,194.97,60.63,1
P239414,604.1880000000001,60.62,1
P213207,1007.77,60.61666666666667,3
P219022,241.03,60.6,1
P217269,225.74,60.59,1
P205686,227.2475,60.56,1
P224335,232.25,60.56,1
P235894,577.41,60.54,1
P207093,202.38,60.53,1
P244543,449.7685,60.53,2
P204708,585.257,60.52,1
P203814,586.9,60.52,1
P203088,1744.9685,60.51,3
P216781,347.738,60.47,2
P223955,584.511,60.47,1
P226104,194.49,60.46,1
P222939,1179.193,60.455,2
P223836,227.924,60.44,1
P207190,961.944,60.44,3
P201634,1164.262,60.42,2
P210184,226.27200000000005,60.41,1
P234712,194.55,60.4,1
P235356,491.50800000000004,60.39,2
P232592,249.426,60.38,1
P202646,243.9415,60.38,1
P208888,248.37,60.38,1
P202962,1314.6499999999999,60.370000000000005,3
P233637,435.34499999999997,60.37,2
P200099,224.25,60.37,1
P204671,196.722,60.37,1
P238713,170.72,60.36,1
P204961,251.15,60.36,1
P203343,1313.5430000000001,60.35333333333333,3
P235913,567.054,60.34,1
P219131,242.11,60.32,1
P233806,251.99,60.31,1
P216625,582.92,60.3,1
P202177,1589.6664999999998,60.2975,4
P217475,238.7255,60.29,1
P226306,243.756,60.27,1
P248733,578.27,60.24,1
P247238,243.243,60.22,1
P242627,222.61,60.19,1
P238438,191.84,60.18,1
P246530,246.384,60.17,1
P226118,198.144,60.17,1
P223215,583.254,60.12,1
P200289,453.602,60.115,2
P243788,592.1640000000001,60.11,1
P226036,592.07,60.1,1
P221319,564.5754999999999,60.08,1
P220437,227.183,60.08,1
P227657,194.9685,60.07,1
P246797,873.1419999999999,60.05500000000001,2
P224077,224.27,60.05,1
P214760,1147.4699999999998,60.015,2
P209607,583.47,60.01,1
P223115,1148.88,59.980000000000004,2
P209010,248.05,59.97,1
P237669,583.75,59.96,1
P201065,590.54,59.94,1
P221649,575.225,59.91,1
P203775,1056.954,59.89,2
P205242,575.48,59.86,1
P249381,225.05,59.84,1
P244887,677.6985,59.836666666666666,3
P203089,221.28,59.79,1
P237333,1060.996,59.775,2
P220880,591.8499999999999,59.77333333333333,3
P222477,243.72,59.77,1
P229385,604.581,59.769999999999996,2
P233639,569.91,59.75,1
P232205,1090.4499999999998,59.730000000000004,2
P225355,567.511,59.73,1
P203657,224.751,59.72,1
P210940,171.52,59.72,1
P249033,170.45000000000002,59.72,1
P215360,246.2,59.72,1
P244090,226.4,59.71,1
P221202,242.43,59.7,1
P202902,483.783,59.695,2
P249028,150.46099999999998,59.67,1
P249955,246.24,59.66,1
P208965,911.3454999999999,59.650000000000006,2
P218570,225.03,59.65,1
P202580,196.01,59.65,1
P207597,585.036,59.6,1
P217006,239.93600000000004,59.6,1
P228959,1055.934,59.58,2
P235862,622.9000000000001,59.525,2
P247101,190.35,59.52,1
P247697,593.4269999999999,59.52,1
P221444,677.0600000000001,59.51,3
P221836,643.463,59.49333333333334,3
P202485,235.96,59.49,1
P242430,510.149,59.485,2
P241378,195.2535,59.48,1
P233845,243.018,59.46,1
P227149,577.828,59.43,1
P231004,224.276,59.42,1
P201898,1099.8975,59.415,2
P210448,576.51,59.4,1
P243066,563.9675,59.4,1
P208144,236.55,59.38,1
P224129,226.31,59.36,1
P224245,195.68,59.34,1
P216416,193.23,59.34,1
P242100,578.43,59.3,1
P212077,246.98,59.29,1
P227639,569.13,59.28,1
P223421,149.56,59.28,1
P210664,569.8,59.28,1
P229928,189.36,59.28,1
P244093,190.23,59.27,1
P208838,1036.5,59.27,2
P222502,582.5999999999999,59.24,1
P231748,1125.026,59.225,2
P236043,244.827,59.21,1
P213705,237.08,59.2,1
P213836,223.3545,59.2,1
P236347,222.29,59.19,1
P210252,563.913,59.16,1
P201144,240.86,59.16,1
P248950,149.18,59.15,1
P231603,388.1,59.15,2
P232837,1362.2830000000001,59.133333333333326,3
P212180,479.734,59.120000000000005,2
P247033,575.2819999999999,59.09,1
P248308,1135.5675,59.074999999999996,2
P202677,242.08,59.05,1
P224887,560.0,59.05,1
P244765,224.58,59.04,1
P232557,167.18,59.0,1
P209322,1712.1934999999999,58.99333333333333,3
P222007,192.066,58.98,1
P248531,455.66700000000003,58.97,2
P249827,463.67199999999997,58.96,2
P245625,244.89,58.95,1
P202393,1108.0220000000002,58.945,2
P216059,580.968,58.93,1
P200091,194.599,58.93,1
P235187,239.2005,58.92,1
P235870,459.98,58.919999999999995,2
P203369,242.04,58.91,1
P218189,226.385,58.91,1
P244445,989.34,58.905,2
P207116,564.68,58.85,1
P228675,555.624,58.84,1
P247460,1124.716,58.826666666666675,3
P239028,1039.986,58.82,2
P212040,586.79,58.8,1
P245601,574.37,58.79,1
P246176,444.91999999999996,58.78,2
P236841,570.42,58.77,1
P242949,235.619,58.77,1
P223718,148.554,58.77,1
P247083,1040.54,58.745,2
P225178,223.2025,58.73,1
P202258,230.28000000000003,58.72,1
P211775,191.56,58.72,1
P212213,149.10000000000002,58.72,1
P230060,700.0350000000001,58.71666666666667,3
P220836,989.7279999999998,58.71333333333333,3
P236074,1026.156,58.685,2
P237081,966.5929999999998,58.675,2
P209965,1057.71,58.65,2
P232544,242.5635,58.63,1
P218405,1602.391,58.623333333333335,3
P206863,560.64,58.6,1
P216017,188.91,58.59,1
P234318,459.6885,58.589999999999996,2
P202520,193.266,58.57,1
P245314,574.47,58.55,1
P235477,237.47,58.55,1
P228565,570.375,58.52,1
P219143,576.67,58.52,1
P229606,240.5,58.48,1
P226465,225.948,58.47,1
P231325,241.794,58.46,1
P243760,191.59,58.43,1
P206476,234.9445,58.43,1
P243231,239.472,58.41,1
P224709,234.12,58.41,1
P231785,449.711,58.385,2
P233855,1444.362,58.379999999999995,3
P243261,429.72,58.375,2
P213204,429.544,58.364999999999995,2
P213860,238.04,58.33,1
P209603,189.506,58.32,1
P214338,565.04,58.32,1
P212417,236.96,58.31,1
P220264,243.3045,58.31,1
P208770,454.46250000000003,58.305,2
P217016,231.938,58.29,1
P231101,218.68,58.27,1
P230938,1067.6889999999999,58.255,2
P211602,832.38,58.215,2
P204592,187.812,58.21,1
P247159,711.3625,58.205,2
P230937,571.8,58.2,1
P234650,558.8,58.2,1
P235738,225.04,58.17,1
P243023,236.96,58.16,1
P218888,1453.232,58.150000000000006,3
P244495,570.21,58.14,1
P243557,572.109,58.12,1
P241200,190.6,58.11,1
P231084,183.87,58.09,1
P204996,562.12,58.08,1
P208845,236.22,58.07,1
P247512,570.931,58.06,1
P224255,224.5325,58.06,1
P236576,561.46,58.05,1
P248911,222.86,58.01,1
P208097,903.828,57.94500000000001,2
P243128,238.26,57.91,1
P219774,1060.036,57.89,2
P212299,453.61,57.87,2
P219351,219.34,57.87,1
P243024,566.8,57.87,1
P244471,464.39500000000004,57.865,2
P206999,222.62,57.86,1
P235193,147.636,57.86,1
P244527,225.2415,57.84,1
P230146,565.28,57.84,1
P226726,1351.362,57.82333333333333,3
P207609,558.48,57.82,1
P203505,984.223,57.805,2
P217734,567.3,57.79,1
P202936,427.707,57.745,2
P234857,210.98,57.73,1
P217507,369.4405,57.714999999999996,2
P201631,576.861,57.64,1
P247543,193.92,57.63,1
P244233,1096.2865,57.629999999999995,2
P249426,555.429,57.59,1
P231818,217.48,57.57,1
P206018,219.74,57.57,1
P225154,417.0675,57.545,2
P247624,238.66,57.48,1
P201725,980.8900000000001,57.474999999999994,2
P220207,235.638,57.45,1
P239474,446.649,57.45,2
P215893,551.0095,57.45,1
P244941,226.3,57.42,1
P221274,414.1480000000001,57.415,2
P200318,1110.1565,57.385,2
P206897,911.006,57.376666666666665,3
P201568,214.884,57.37,1
P223853,234.897,57.37,1
P229766,238.6115,57.34,1
P229180,233.3105,57.31,1
P219877,548.62,57.3,1
P210952,901.9585,57.28,2
P235811,425.673,57.26,2
P244291,639.5245000000001,57.25333333333333,3
P243894,565.97,57.25,1
P205385,552.92,57.25,1
P215181,554.5,57.23,1
P229357,1054.606,57.23,2
P231131,164.89999999999998,57.16,1
P233204,234.0,57.16,1
P229516,220.48,57.15,1
P228222,1626.06,57.14000000000001,3
P222371,222.445,57.14,1
P213637,566.69,57.14,1
P217118,219.92,57.13,1
P235781,679.3910000000001,57.120000000000005,3
P205940,237.49,57.12,1
P231114,563.4069999999999,57.11,1
P202811,220.64,57.09,1
P229722,560.0160000000001,57.09,1
P244489,221.59,57.05,1
P241986,214.02,57.04,1
P241758,537.358,57.04,1
P236759,2201.9285,57.04,5
P230393,553.58,57.03,1
P214335,418.405,57.01,2
P216855,428.55699999999996,57.005,2
P214685,399.64,56.99,2
P205287,232.028,56.98,1
P226614,190.0285,56.97,1
P233629,216.2995,56.96,1
P212611,226.9075,56.95,1
P243613,228.51,56.94,1
P201984,223.52,56.92,1
P211137,184.2375,56.91,1
P219078,955.339,56.9,2
P230283,213.824,56.9,1
P222203,1943.5955,56.895,4
P216763,234.855,56.89,1
P247578,866.7674999999999,56.885,2
P246098,1096.3,56.849999999999994,2
P215317,442.598,56.809999999999995,2
P242397,235.81,56.79,1
P211034,141.015,56.78,1
P232588,375.01000000000005,56.775000000000006,2
P248508,237.88,56.77,1
P211932,1221.43,56.76,3
P225410,442.13,56.75,2
P238212,553.97,56.72,1
P208119,182.196,56.72,1
P228949,547.28,56.68,1
P207472,1065.5255,56.68,2
P229443,220.33,56.65,1
P208756,922.902,56.65,2
P201593,454.82899999999995,56.64,2
P248005,184.75,56.63,1
P227118,234.24,56.62,1
P226870,233.7,56.62,1
P219502,551.106,56.61,1
P247782,780.1769999999999,56.61,2
P229455,222.6575,56.57,1
P203196,183.7,56.56,1
P205798,233.541,56.56,1
P248937,562.41,56.5,1
P205363,336.4625,56.495000000000005,2
P240244,401.249,56.49,2
P218834,969.3860000000001,56.485,2
P245278,557.5,56.48,1
P232115,632.4300000000001,56.474999999999994,2
P237006,471.4645,56.455000000000005,2
P245337,540.99,56.41,1
P239916,211.13,56.4,1
P219035,537.88,56.39,1
P244516,227.4015,56.37,1
P215205,454.43899999999996,56.36,2
P220193,461.51,56.339999999999996,2
P244133,656.9535,56.330000000000005,3
P205486,221.26,56.33,1
P204723,573.9709999999999,56.32,1
P238983,713.3900000000001,56.305,2
P212974,550.373,56.29,1
P201012,545.26,56.28,1
P219960,521.386,56.265,2
P223477,211.79,56.26,1
P245821,553.17,56.26,1
P245697,180.89,56.25,1
P205640,663.21,56.21,2
P243453,212.19,56.2,1
P203527,450.21,56.2,2
P234785,233.26,56.19,1
P247401,544.4,56.18,1
P228370,214.96,56.18,1
P220446,526.8415,56.13,1
P247773,997.086,56.11000000000001,3
P221322,206.38,56.1,1
P239076,225.18,56.1,1
P222717,230.51,56.1,1
P233953,189.14,56.09,1
P236115,540.5939999999999,56.08,1
P223831,436.32,56.065,2
P210616,555.9495000000001,56.06,1
P239679,208.72,56.05,1
P243908,423.65999999999997,56.040000000000006,2
P229103,214.4435,56.04,1
P244223,391.251,56.035000000000004,2
P212574,538.46,56.0,1
P202460,228.12,55.98,1
P230108,213.3795,55.98,1
P249432,176.443,55.95,1
P202634,406.058,55.93000000000001,2
P222319,693.2175,55.903333333333336,3
P202142,423.3,55.879999999999995,2
P218678,179.93,55.87,1
P221308,545.96,55.87,1
P204764,179.109,55.86,1
P246213,856.5780000000001,55.86,2
P216830,884.6,55.855,2
P233076,536.96,55.83,1
P246875,551.81,55.82,1
P214803,536.25,55.79,1
P244667,554.97,55.79,1
P238855,213.81,55.78,1
P249594,876.556,55.765,2
P235331,730.832,55.75333333333334,3
P215531,541.836,55.74,1
P241746,227.7,55.74,1
P232326,560.56,55.74,1
P213277,217.08,55.74,1
P235860,214.301,55.73,1
P229549,140.36249999999998,55.72,1
P214103,231.05,55.72,1
P236522,179.19,55.72,1
P237343,221.23,55.71,1
P207364,210.81,55.71,1
P242980,545.4,55.71,1
P205695,225.51,55.7,1
P203121,533.7669999999999,55.69,1
P228875,213.313,55.67,1
P217989,697.74,55.655,2
P204602,178.695,55.65,1
P216590,649.03,55.629999999999995,2
P204017,561.9175,55.620000000000005,3
P243084,226.72,55.61,1
P206737,158.517,55.61,1
P204666,176.2,55.61,1
P240112,549.25,55.6,1
P221462,364.197,55.595000000000006,2
P237585,540.99,55.59,1
P218059,1616.741,55.583333333333336,3
P238920,179.4,55.58,1
P238889,420.5865,55.58,2
P211553,162.06,55.58,1
P225464,230.08,55.58,1
P241787,534.6899999999999,55.56,1
P220736,636.0319999999999,55.54,2
P210882,223.782,55.53,1
P241379,1084.05,55.53,3
P217381,804.8215,55.515,2
P230697,614.8489999999999,55.495,2
P241432,1015.96,55.495,2
P228919,548.2355,55.48,1
P205121,1492.901,55.47333333333333,3
P225230,549.64,55.46,1
P242838,207.42,55.45,1
P219666,213.201,55.43,1
P226640,779.124,55.425,2
P236516,226.92,55.42,1
P219021,228.912,55.42,1
P238916,141.018,55.42,1
P235110,178.92,55.4,1
P204721,211.888,55.38,1
P243550,211.95,55.36,1
P219592,540.36,55.36,1
P204777,872.502,55.35666666666666,3
P220187,538.02,55.35,1
P219070,207.594,55.34,1
P234218,1450.068,55.34,3
P205191,211.83,55.32,1
P245647,881.81,55.32,2
P248175,216.24,55.31,1
P210601,210.2,55.3,1
P248036,223.326,55.28,1
P212245,540.04,55.26,1
P226019,524.6659999999999,55.23,1
P214478,536.37,55.22,1
P202209,435.446,55.214999999999996,2
P247477,533.03,55.21,1
P215979,529.948,55.21,1
P218659,902.3305,55.19,2
P241918,387.63,55.175,2
P235368,226.251,55.16,1
P202755,544.7015,55.14,1
P243677,177.099,55.13,1
P228845,951.2425,55.129999999999995,2
P225388,229.585,55.12,1
P248134,1484.5749999999996,55.116666666666674,3
P225187,1053.2265,55.095,2
P227219,529.092,55.09,1
P214437,176.45,55.09,1
P206250,176.5,55.08,1
P211799,535.92,55.07,1
P239651,440.68000000000006,55.065,2
P211183,813.5925,55.065,4
P204675,225.06,55.06,1
P238181,551.74,55.04,1
P217349,184.89,55.03,1
P218172,160.083,55.03,1
P239080,182.74,55.02,1
P239177,529.73,54.99,1
P202696,671.84,54.980000000000004,2
P244265,542.556,54.98,1
P222415,921.51,54.97,2
P228129,209.51,54.97,1
P246821,427.97450000000003,54.949999999999996,2
P202839,531.45,54.94,1
P206992,413.888,54.910000000000004,2
P243497,532.93,54.9,1
P224148,543.8340000000001,54.88,1
P229269,395.116,54.864999999999995,2
P211955,227.6725,54.86,1
P215295,1336.3865,54.793333333333344,3
P213276,1321.18,54.791999999999994,5
P216957,551.08,54.78,1
P249504,1072.55,54.755,2
P223719,214.24,54.75,1
P238343,999.6,54.735,2
P201844,1020.005,54.735,2
P248011,140.22,54.73,1
P230059,537.23,54.72,1
P212992,531.031,54.71,1
P241078,1351.552,54.696666666666665,3
P216802,534.328,54.69,1
P216655,178.5,54.69,1
P202439,223.53,54.69,1
P204202,221.65,54.68,1
P226923,203.859,54.68,1
P239199,178.78,54.67,1
P211214,535.64,54.65,1
P239347,1037.93,54.65,2
P204806,219.94,54.63,1
P228454,358.09000000000003,54.615,2
P201292,526.09,54.61,1
P225800,1270.296,54.60333333333333,3
P205849,222.36,54.58,1
P200073,437.3,54.55,2
P209781,214.029,54.54,1
P218323,227.817,54.54,1
P216552,1050.466,54.535000000000004,2
P237113,918.0899999999999,54.52,2
P246284,219.59,54.51,1
P212722,540.25,54.51,1
P244269,426.8415,54.504999999999995,2
P249418,544.8629999999999,54.5,1
P229733,1632.7945000000002,54.49,4
P210107,217.36,54.49,1
P211151,880.133,54.474999999999994,4
P206906,172.7765,54.45,1
P215072,220.8,54.45,1
P225471,523.923,54.45,1
P200528,556.93,54.44,1
P225327,227.5025,54.42,1
P223082,558.404,54.410000000000004,3
P223190,528.12,54.39,1
P226474,222.8,54.39,1
P211000,173.672,54.39,1
P202424,176.193,54.36,1
P231710,220.5,54.33,1
P200503,602.55,54.32999999999999,3
P223926,180.234,54.31,1
P204379,1884.8925,54.2975,4
P246905,1022.9635000000001,54.295,4
P245058,221.31,54.28,1
P210437,180.196,54.28,1
P243196,429.328,54.235,2
P241271,175.03,54.23,1
P238318,372.25,54.22,2
P227683,1354.616,54.196666666666665,3
P214951,173.34,54.16,1
P240016,179.05,54.14,1
P233135,534.698,54.13,1
P246077,223.812,54.13,1
P229014,833.3765,54.120000000000005,2
P239588,172.66,54.12,1
P224704,206.748,54.11,1
P236191,536.91,54.11,1
P221661,214.19,54.1,1
P228478,175.52,54.1,1
P213846,508.44,54.09,1
P207904,353.973,54.075,2
P214593,216.738,54.06,1
P225944,418.343,54.035000000000004,2
P221520,176.103,54.02,1
P215751,219.52,54.01,1
P227287,648.932,54.00666666666666,3
P215372,1274.281,54.00333333333333,3
P243228,224.79,53.97,1
P229249,202.04,53.97,1
P235791,529.51,53.94,1
P235436,533.25,53.93,1
P229407,207.55,53.86,1
P227734,403.96000000000004,53.855000000000004,2
P224714,1105.998,53.823333333333345,3
P201417,989.87,53.815000000000005,2
P244751,222.95,53.8,1
P227875,359.147,53.78,2
P235531,525.44,53.77,1
P213531,609.3475,53.77,3
P229899,707.52,53.765,2
P233615,197.964,53.71,1
P232747,512.577,53.7,1
P219504,224.0955,53.7,1
P221029,216.23,53.7,1
P205807,425.4845,53.69,2
P220790,176.59599999999998,53.68,1
P209604,222.26,53.68,1
P227788,537.596,53.68,2
P238617,514.98,53.67,1
P201147,1507.26,53.67,4
P243332,174.30599999999998,53.66,1
P234878,215.04,53.66,1
P229210,175.55049999999997,53.65,1
P233304,203.656,53.63,1
P208104,541.27,53.61,2
P214279,222.28,53.61,1
P243406,1429.8265000000001,53.59666666666667,3
P220732,172.96,53.56,1
P244522,208.242,53.55,1
P239125,525.32,53.55,1
P225774,169.06,53.52,1
P205550,1004.046,53.515,2
P205642,817.991,53.51333333333333,3
P206794,1032.778,53.5,2
P247821,427.113,53.489999999999995,2
P207207,1311.066,53.489999999999995,4
P236144,207.648,53.46,1
P245813,1489.639,53.449999999999996,3
P204158,436.06000000000006,53.435,2
P217196,1021.962,53.410000000000004,2
P204164,223.0,53.41,1
P200912,205.605,53.39,1
P244536,220.21,53.37,1
P206796,819.2535,53.365,2
P227157,405.072,53.349999999999994,2
P210617,524.18,53.34,1
P222960,538.213,53.34,1
P218884,522.12,53.34,1
P226047,966.61,53.335,2
P227530,172.9,53.32,1
P214630,148.41,53.31,1
P217546,215.3365,53.3,1
P243757,149.94,53.29,1
P215158,534.85,53.27,1
P207145,200.04,53.26,1
P218001,205.76,53.26,1
P208182,207.38,53.25,1
P237185,685.48,53.245000000000005,2
P233334,219.042,53.21,1
P200017,218.12,53.2,1
P223319,520.44,53.19,1
P234283,777.1845,53.185,4
P240847,201.384,53.18,1
P204986,795.818,53.165,2
P227814,173.38,53.16,1
P212893,217.04,53.15,1
P217905,412.48,53.144999999999996,2
P243065,176.6,53.14,1
P244412,819.0,53.14,2
P222938,497.853,53.14,1
P245170,198.65,53.08,1
P226631,218.6,53.08,1
P225616,513.864,53.08,1
P200031,202.56,53.07,1
P209435,426.64,53.07,2
P240144,209.67,53.06,1
P208408,387.44000000000005,53.055,2
P204835,512.27,53.04,1
P228843,973.3870000000001,53.019999999999996,2
P229678,212.832,53.01,1
P233431,204.12,53.0,1
P224585,133.63,53.0,1
P247792,225.9,53.0,1
P245197,218.052,53.0,1
P227154,178.45,52.99,1
P218467,955.268,52.980000000000004,2
P226290,220.75,52.98,1
P232839,513.045,52.97,1
P204159,206.87,52.96,1
P214590,198.526,52.95,1
P220403,178.04,52.95,1
P232850,1058.036,52.945,2
P234830,1309.983,52.94,3
P206472,175.32,52.94,1
P244095,218.43,52.94,1
P213497,199.65,52.92,1
P246891,220.46,52.91,1
P235095,518.23,52.91,1
P230600,528.3855,52.9,1
P242711,219.402,52.9,1
P242465,219.73,52.88,1
P218565,833.4905,52.866666666666674,3
P212313,532.0,52.86,1
P232341,174.86,52.84,1
P200785,1012.7655,52.839999999999996,5
P237094,169.4,52.83,1
P234497,518.5,52.82,1
P245500,357.57,52.795,2
P230808,202.977,52.79,1
P220908,215.65,52.78,1
P236036,984.784,52.75,2
P210257,169.68,52.75,1
P236636,623.0434999999999,52.72666666666667,3
P242914,519.37,52.72,1
P217414,510.53,52.71,1
P234684,170.3655,52.7,1
P234819,1432.5,52.696666666666665,3
P248654,220.39,52.69,1
P242335,512.0999999999999,52.69,1
P228904,214.94,52.68,1
P221668,203.53,52.68,1
P236131,524.312,52.67,1
P242344,919.51,52.665,2
P224792,506.77,52.66,1
P217135,728.1,52.644999999999996,2
P223826,356.34999999999997,52.635,2
P216401,719.062,52.620000000000005,2
P202241,213.192,52.61,1
P225660,170.73399999999998,52.61,1
P249534,398.72400000000005,52.595,2
P213521,201.57,52.58,1
P234904,1378.352,52.56999999999999,3
P223254,1165.191,52.56666666666666,3
P203147,215.45,52.56,1
P210456,947.9440000000001,52.555,2
P232669,429.599,52.545,2
P218580,1007.1,52.535000000000004,2
P211012,200.448,52.52,1
P246116,499.20599999999996,52.52,3
P227359,509.067,52.51,1
P204126,989.05,52.49,2
P211135,517.581,52.49,1
P207856,962.148,52.480000000000004,2
P221261,170.97,52.47,1
P223565,411.3,52.464999999999996,2
P231651,423.528,52.455,2
P214407,887.0260000000001,52.435,2
P240312,204.83,52.43,1
P229653,361.0,52.42,2
P219350,135.3465,52.41,1
P223914,214.9905,52.41,1
P239210,428.32,52.39,2
P204310,221.4505,52.38,1
P236474,215.31,52.37,1
P228407,1017.956,52.365,2
P208894,968.903,52.365,2
P214465,135.546,52.36,1
P226287,728.35,52.355000000000004,2
P216205,999.0699999999999,52.35,2
P223802,388.421,52.345,2
P245854,744.51,52.32,3
P241371,408.264,52.32,2
P213164,880.82,52.315000000000005,2
P213982,521.6,52.3,1
P245427,503.9655,52.3,1
P207931,853.25,52.28,2
P202834,214.79,52.25,1
P214220,343.25,52.230000000000004,2
P209122,132.94,52.23,1
P222970,509.66,52.23,1
P201411,130.0,52.21,1
P211175,525.84,52.17,1
P227073,393.64,52.15,2
P222969,133.8,52.12,1
P235362,148.01,52.11,1
P202624,196.418,52.1,1
P232976,129.0,52.1,1
P243654,175.427,52.09,1
P237784,161.748,52.06,1
P246925,397.62,52.055,2
P206576,204.55,52.04,1
P220495,378.923,52.035,2
P224288,217.575,52.02,1
P248302,1006.083,52.015,2
P218358,797.438,51.97666666666667,3
P217391,522.072,51.94,1
P222062,511.16,51.93,1
P211507,143.9,51.91,1
P241014,507.509,51.9,1
P227786,210.103,51.88,1
P238574,424.694,51.870000000000005,2
P218665,910.03,51.86,2
P214072,350.41999999999996,51.86,2
P243587,166.326,51.86,1
P200301,891.497,51.85999999999999,3
P211476,503.74,51.83,1
P202788,518.46,51.8,1
P212300,1002.8375000000001,51.785,2
P211176,202.17,51.78,1
P224411,171.09,51.78,1
P228020,512.53,51.74,1
P225664,513.69,51.73,1
P223377,204.84,51.73,1
P215834,175.014,51.71,1
P240785,387.401,51.709999999999994,2
P221048,393.85,51.684999999999995,2
P212264,556.4815,51.673333333333325,3
P247526,200.23,51.67,1
P219111,492.453,51.66,1
P242256,165.824,51.63,1
P235637,213.62,51.62,1
P229502,506.8,51.62,1
P242323,214.06,51.61,1
P222642,736.2245,51.575,2
P239766,940.168,51.57,2
P233705,171.0,51.54,1
P228878,384.397,51.53,2
P232353,211.89,51.53,1
P213965,210.53,51.52,1
P243629,514.3,51.519999999999996,2
P217140,514.0165000000001,51.5,1
P216874,514.3299999999999,51.49,1
P240081,425.65000000000003,51.49,2
P203271,516.55,51.47,1
P245483,211.63,51.47,1
P210104,1372.949,51.46333333333333,3
P207351,210.46,51.43,1
P242931,509.52,51.43,1
P211319,429.399,51.425,2
P213155,193.986,51.39,1
P235120,513.98,51.37,1
P230523,214.2345,51.36,1
P218272,939.578,51.33,2
P230111,134.08,51.3,1
P201056,385.99199999999996,51.285000000000004,2
P206243,501.6379999999999,51.28,1
P249772,199.376,51.27,1
P249740,501.5765,51.23,1
P232894,196.57,51.23,1
P214819,167.504,51.19,1
P214632,487.984,51.19,1
P245356,253.752,51.184999999999995,2
P216016,492.936,51.18,1
P229870,269.752,51.18,2
P240862,514.845,51.17,1
P227825,201.742,51.15,1
P249439,209.6,51.13,1
P204930,939.372,51.125,2
P246729,167.88,51.12,1
P205364,809.0400000000001,51.095,2
P215310,202.54,51.08,1
P243205,496.13,51.08,1
P202632,337.15,51.075,2
P235422,257.033,51.07,2
P231689,921.4,51.044999999999995,2
P232855,211.35,51.02,1
P208606,130.16,50.99,1
P246908,758.3899999999999,50.989999999999995,2
P207179,886.3,50.985,2
P218878,197.145,50.98,1
P245110,211.95,50.96,1
P210115,502.288,50.95,1
P215981,143.784,50.94,1
P222918,497.7,50.92,1
P214548,195.048,50.9,1
P211394,515.9925,50.9,1
P216956,168.102,50.9,1
P236122,207.23,50.89,1
P212372,498.06,50.89,1
P211970,210.14,50.87,1
P249895,172.48,50.87,1
P217144,922.6534999999999,50.846,5
P200707,417.849,50.845,2
P206449,506.115,50.84,1
P222295,213.5505,50.84,1
P221469,488.6515,50.84,1
P249483,747.307,50.815,2
P217623,491.43,50.81,1
P216183,129.86,50.8,1
P226403,397.04999999999995,50.79,2
P208899,503.712,50.78,1
P240777,495.769,50.76666666666667,3
P229472,360.13,50.74,2
P242768,204.06,50.72,1
P219529,814.49,50.714999999999996,2
P229565,201.645,50.67,1
P202609,196.96,50.67,1
P213260,488.44,50.66,1
P219795,410.69,50.65,2
P202057,397.00300000000004,50.64,2
P224927,349.5,50.635,2
P239539,416.38,50.629999999999995,2
P225970,823.22,50.620000000000005,2
P243420,354.72,50.614999999999995,2
P223964,165.64,50.61,1
P238475,207.0905,50.58,1
P200650,321.68,50.574999999999996,2
P217423,205.62,50.57,1
P245277,191.66,50.56,1
P245219,195.27,50.55,1
P210957,165.96,50.53,1
P249304,589.377,50.53,3
P245480,201.81600000000003,50.52,1
P249014,710.9060000000001,50.519999999999996,2
P202938,162.01,50.51,1
P235097,167.25,50.51,1
P231100,543.9,50.504999999999995,2
P224993,505.9605,50.5,1
P208139,170.5,50.5,1
P226484,162.06,50.48,1
P237435,198.96,50.48,1
P216197,361.89,50.47,2
P204789,380.97850000000005,50.465,2
P233200,925.7845,50.46,2
P216602,501.66,50.45,1
P243548,906.3879999999999,50.435,2
P242584,493.544,50.41,1
P237607,167.4,50.4,1
P213225,347.894,50.395,2
P243763,195.38,50.39,1
P222485,208.0215,50.36,1
P205337,130.0755,50.34,1
P237273,936.8105,50.339999999999996,2
P236496,209.77,50.33,1
P213696,985.6100000000001,50.315,2
P216127,195.534,50.3,1
P236751,865.4,50.295,2
P229255,210.75,50.28,1
P220634,132.72,50.27,1
P212886,900.744,50.255,2
P229554,493.506,50.25,1
P223830,977.24,50.25,2
P214859,649.41,50.245000000000005,2
P236002,350.63,50.24,2
P218870,748.068,50.223333333333336,3
P238719,385.077,50.22,2
P201737,317.2215,50.21,2
P207769,126.82,50.21,1
P247259,192.793,50.2,1
P243923,163.894,50.2,1
P216719,212.454,50.19,1
P231655,195.62,50.18,1
P247488,921.9060000000001,50.160000000000004,2
P203043,191.273,50.16,1
P205724,914.9644999999999,50.14,2
P228853,377.1365,50.129999999999995,2
P237473,486.5795000000001,50.12666666666667,3
P222405,207.37,50.12,1
P220631,813.455,50.085,2
P243631,169.4,50.06,1
P204817,203.46,50.06,1
P211410,330.78999999999996,50.06,2
P203939,498.332,50.05,1
P220587,140.85000000000002,50.05,1
P235855,203.2335,50.05,1
P230158,615.065,50.04,3
P240977,359.01,50.04,2
P220515,205.05,50.03,1
P243994,484.66,50.02,1
P241129,146.2,50.01,1
P247907,987.1010000000001,50.01,2
P242864,189.772,50.0,1
P207488,145.0695,49.96,1
P226497,160.14,49.96,1
P248115,192.96,49.96,1
P238476,404.28400000000005,49.945,2
P218574,503.84,49.93,1
P221999,538.8905,49.913333333333334,3
P205949,487.4,49.91,2
P228826,192.2,49.88,1
P242447,898.9215,49.870000000000005,2
P243893,191.94,49.85,1
P200169,202.58,49.83,1
P230377,163.97,49.82,1
P216582,975.6800000000001,49.8,2
P202845,194.92,49.8,1
P233958,188.2995,49.8,1
P243327,400.187,49.795,2
P201658,1250.24,49.79333333333333,3
P234374,756.9799999999999,49.79,2
P226152,194.26,49.77,1
P243976,502.45,49.77,1
P214684,386.52,49.760000000000005,2
P228690,163.685,49.76,1
P216003,690.06,49.75666666666667,3
P215459,373.40999999999997,49.745000000000005,2
P218798,857.3415000000001,49.745,2
P205492,128.34,49.74,1
P225001,193.496,49.72,1
P200306,487.87,49.72,1
P238928,207.2045,49.69,1
P240783,194.8545,49.68,1
P201111,203.12,49.67,1
P245258,897.5464999999999,49.65,2
P236499,791.55,49.6,4
P200346,463.122,49.6,2
P243773,639.5015000000001,49.585,2
P217027,388.38,49.57,2
P233549,471.87,49.57,1
P205062,127.56,49.57,1
P219144,878.138,49.555,2
P239496,490.86,49.55,1
P209939,978.958,49.526666666666664,3
P242060,161.842,49.51,1
P245606,209.79200000000003,49.5,1
P245433,193.6725,49.5,1
P213887,1506.4575,49.497499999999995,4
P224837,1320.2595000000001,49.49666666666667,3
P219303,141.73999999999998,49.49,1
P232149,211.667,49.47,1
P246072,385.56000000000006,49.465,2
P216255,369.7395,49.455,2
P218474,165.56,49.45,1
P230360,393.952,49.45,2
P249313,190.61,49.44,1
P219412,164.04,49.44,1
P242405,319.92199999999997,49.435,2
P215263,201.49,49.41,1
P224568,400.90999999999997,49.370000000000005,2
P216471,366.8565,49.355000000000004,2
P234894,196.38,49.35,1
P209439,491.492,49.33,1
P215419,496.52,49.31,1
P230987,191.5105,49.3,1
P243413,535.496,49.29666666666666,3
P229550,194.877,49.28,1
P203321,1174.8139999999999,49.27,3
P203290,632.62,49.26,2
P235260,487.71,49.25,1
P249101,484.884,49.24,3
P208512,495.26,49.24,1
P243734,193.04,49.23,1
P215802,477.4985,49.21,1
P219257,158.46,49.2,1
P212348,493.867,49.2,1
P212737,307.485,49.195,2
P215829,364.34000000000003,49.18,2
P203257,203.136,49.14,1
P232044,501.904,49.12,1
P218202,465.158,49.12,1
P243571,161.32899999999998,49.12,1
P236362,203.24,49.11,1
P229813,194.88,49.09,1
P236513,141.26,49.09,1
P236943,189.32,49.09,1
P206704,739.3389999999999,49.06999999999999,2
P219208,919.731,49.065000000000005,2
P215858,168.16,49.06,1
P209253,199.17,49.05,1
P227696,401.181,49.04,2
P216020,193.3915,49.04,1
P224321,491.2720000000001,49.04,1
P212839,586.9985,49.03666666666667,3
P237693,248.82999999999998,49.03,2
P223031,480.3775,49.03,1
P227618,404.33299999999997,49.025,2
P235377,607.9290000000001,49.025,2
P233095,903.2520000000001,49.02,2
P217454,160.68,49.01,1
P222968,188.65,49.0,1
P241613,562.357,49.0,3
P223202,491.1,48.99,1
P232164,496.033,48.97,1
P219703,495.88,48.96,1
P207232,493.514,48.95,1
P218481,196.954,48.95,1
P224594,199.76,48.92,1
P218274,749.715,48.900000000000006,2
P202801,203.19,48.9,1
P227935,206.0,48.9,1
P231276,210.1,48.88,1
P218688,875.3850000000001,48.875,2
P234487,858.3140000000001,48.864999999999995,2
P205024,497.88,48.85,1
P213119,890.873,48.85,2
P245221,581.457,48.84,3
P240013,484.91,48.84,1
P233493,203.3095,48.84,1
P240850,496.008,48.84,1
P232383,190.76,48.84,1
P225977,906.9785,48.82,2
P246682,189.48,48.81,1
P200286,181.8205,48.8,1
P241249,496.59,48.8,1
P218898,375.49,48.795,2
P215121,494.42,48.78,1
P201329,163.04,48.77,1
P228727,192.51,48.77,1
P215700,202.932,48.77,1
P205296,124.41,48.74,1
P236726,387.496,48.74,2
P238862,187.7,48.73,1
P211586,191.8905,48.73,1
P222828,477.408,48.73,1
P234122,202.84,48.72,1
P249465,488.44,48.7,1
P237380,768.3584999999999,48.6975,4
P242747,480.59900000000005,48.695,2
P232351,202.01,48.69,1
P209622,190.02,48.68,1
P202118,356.44,48.665,2
P212485,158.85899999999998,48.65,1
P209241,165.98,48.64,1
P248788,205.1525,48.64,1
P248708,475.84,48.64,1
P237269,209.34,48.62,1
P229871,135.85000000000002,48.62,1
P236449,471.73,48.61,1
P239433,290.568,48.595,2
P233875,601.2439999999999,48.593333333333334,3
P205810,480.18,48.59,1
P228849,485.109,48.59,1
P223231,201.57,48.58,1
P248675,188.15,48.58,1
P209616,158.612,48.55,1
P219752,341.2475,48.54,2
P230475,189.069,48.53,1
P200987,198.81,48.53,1
P227387,1184.558,48.52,3
P230785,473.29,48.52,1
P236602,201.4285,48.52,1
P223084,1220.866,48.50333333333333,3
P217459,203.1955,48.46,1
P210492,485.97,48.44,1
P204910,360.89099999999996,48.39,2
P215760,486.18,48.37,1
P202821,164.34,48.37,1
P217218,939.174,48.36333333333334,3
P221001,485.429,48.34,1
P246360,154.24,48.32,1
P202604,337.196,48.31999999999999,2
P246772,358.52000000000004,48.315,2
P241889,361.09,48.3,2
P202790,1322.231,48.28333333333334,3
P212349,483.56,48.28,1
P226690,390.89,48.265,2
P233533,200.439,48.26,1
P213642,157.56,48.26,1
P242467,363.62,48.254999999999995,2
P237834,1122.05,48.25,3
P205074,578.262,48.25,3
P209361,481.04,48.25,1
P205752,185.64,48.24,1
P204149,688.9,48.239999999999995,2
P240519,350.874,48.235,2
P206002,164.2,48.23,1
P233921,474.21,48.22,1
P241135,199.87,48.17,1
P246690,158.15,48.17,1
P228080,539.686,48.163333333333334,3
P213794,486.36,48.16,1
P245841,491.706,48.15,1
P246096,190.82,48.15,1
P230518,954.401,48.15,3
P247069,179.36,48.12,1
P249620,165.98399999999998,48.11,1
P247674,329.095,48.11,2
P229830,483.609,48.09,1
P225420,559.707,48.080000000000005,3
P210683,158.7,48.08,1
P245412,803.111,48.07,2
P240948,157.11,48.05,1
P233486,121.7995,48.03,1
P220801,157.76,48.02,1
P240677,122.013,48.0,1
P217007,385.613,47.980000000000004,2
P240000,393.686,47.965,2
P201074,808.56,47.964999999999996,2
P214935,157.486,47.96,1
P210891,384.0,47.945,2
P249775,301.308,47.94499999999999,2
P230868,903.348,47.940000000000005,2
P223691,869.008,47.940000000000005,2
P204343,195.2195,47.91,1
P232448,363.26,47.900000000000006,2
P236649,153.7,47.88,1
P242816,193.38,47.88,1
P209751,464.16,47.86,1
P222980,187.24650000000003,47.86,1
P229533,201.2,47.86,1
P222744,160.44,47.85,1
P234139,2191.7980000000007,47.844,5
P229764,178.4,47.84,1
P237124,190.304,47.84,1
P231403,901.07,47.835,2
P225910,468.99,47.82,1
P237485,483.65600000000006,47.82,1
P247771,850.56,47.795,2
P247055,1143.4615,47.79333333333333,3
P227005,804.765,47.7875,4
P233284,200.619,47.78,1
P246319,183.27,47.77,1
P208568,473.37,47.74,1
P203139,489.44,47.73,1
P215646,378.87,47.72,2
P225226,197.99,47.71,1
P210707,156.888,47.69,1
P245462,908.8609999999999,47.685,2
P248544,581.2460000000001,47.68333333333333,3
P228388,196.6475,47.66,1
P249744,185.212,47.66,1
P230443,188.9455,47.66,1
P209198,295.77000000000004,47.655,2
P219967,158.85,47.65,1
P249683,655.367,47.64000000000001,3
P233532,459.045,47.64,1
P235341,450.855,47.64,1
P213310,144.68,47.63,1
P222737,887.37,47.63,2
P224047,183.692,47.62,1
P245609,118.98,47.6,1
P204534,153.12,47.58,1
P225602,954.48,47.58,2
P213432,468.04,47.58,1
P216324,476.86,47.57,1
P230177,182.1435,47.57,1
P239709,185.88,47.56,1
P243694,183.96,47.55,1
P247400,199.12,47.54,1
P222794,183.69,47.54,1
P223304,802.78,47.525,2
P226559,394.307,47.505,2
P223823,349.53999999999996,47.485,2
P214284,235.023,47.464999999999996,2
P231722,188.556,47.46,1
P246292,194.7,47.46,1
P230386,137.8,47.45,1
P207562,181.69,47.44,1
P215636,474.3635,47.44,1
P242346,196.47000000000003,47.43,1
P207199,877.285,47.38,2
P217363,121.5,47.38,1
P229665,159.04,47.38,1
P226741,182.05,47.38,1
P249752,116.98,47.38,1
P232895,472.6935,47.36,1
P236494,467.89,47.35,1
P245478,459.0990000000001,47.34,1
P223560,153.06,47.33,1
P237326,340.41999999999996,47.33,2
P217440,134.786,47.32,1
P203082,468.71,47.32,1
P228837,873.2409999999999,47.305,2
P220422,457.02900000000005,47.28,1
P220995,194.67,47.28,1
P237339,185.18,47.28,1
P245214,464.4810000000001,47.27,1
P236740,160.68,47.27,1
P245009,487.88,47.24,1
P213374,315.73,47.235,2
P208793,135.312,47.23,1
P233051,174.591,47.23,1
P239190,872.2099999999999,47.224999999999994,2
P201514,379.88,47.205,2
P208985,746.23,47.205,2
P246707,183.15,47.2,1
P233208,896.3965,47.199999999999996,2
P236764,152.34799999999998,47.19,1
P200461,464.82,47.18,1
P221867,204.39,47.17,1
P218015,801.65,47.155,2
P220675,469.68,47.13,1
P219579,154.53,47.13,1
P244968,198.22,47.12,1
P225531,138.66,47.12,1
P234114,155.5245,47.1,1
P217978,471.2,47.1,1
P238313,892.838,47.085,4
P223882,469.9,47.08,1
P248723,865.6914999999999,47.03666666666666,3
P225560,465.8,47.03,1
P209673,191.44000000000003,47.02,1
P216387,178.3,47.0,1
P242959,155.63,47.0,1
P222063,461.904,46.99,1
P238188,458.116,46.99,1
P221481,346.37600000000003,46.985,2
P236042,845.194,46.975,2
P222878,404.76,46.97,2
P216922,589.7905000000001,46.95666666666667,3
P237993,880.0219999999999,46.95,2
P216845,197.353,46.95,1
P230375,376.2,46.945,2
P221281,138.35,46.94,1
P202109,381.9665,46.934999999999995,2
P204400,325.46,46.92,2
P235583,454.384,46.91666666666666,3
P249007,1390.354,46.913333333333334,3
P237165,457.0355,46.903333333333336,3
P228337,308.419,46.89,2
P231608,160.52,46.89,1
P225101,344.8125,46.88,2
P220592,155.42,46.88,1
P231701,190.34,46.87,1
P227637,190.93,46.85,1
P205684,754.5505,46.839999999999996,2
P231877,466.2,46.83,1
P237031,435.336,46.82999999999999,3
P226544,154.46,46.82,1
P228673,470.02,46.81,1
P227921,155.16,46.79,1
P222141,152.0,46.78,1
P217885,453.176,46.78,1
P201014,156.4,46.77,1
P215583,356.259,46.755,2
P210709,1371.863,46.75,3
P229628,180.17,46.73,1
P212626,158.935,46.73,1
P202033,121.608,46.73,1
P215468,326.6895,46.709999999999994,2
P241592,554.328,46.705,2
P244281,194.688,46.7,1
P202446,465.7,46.7,1
P238125,462.26,46.699999999999996,3
P242369,377.19699999999995,46.69499999999999,2
P224125,189.826,46.68,1
P240001,465.082,46.66,1
P224211,187.1595,46.65,1
P213698,479.4555,46.65,1
P238921,364.19,46.645,2
P237424,842.279,46.64333333333334,3
P213942,157.29,46.64,1
P215748,351.9965,46.625,2
P213653,154.62,46.62,1
P238646,476.69,46.58,1
P213332,791.098,46.565,2
P237338,178.36,46.56,1
P238885,1203.002,46.550000000000004,3
P213440,366.54,46.550000000000004,2
P213837,154.84,46.55,1
P219785,153.66,46.55,1
P248695,466.929,46.54,1
P243039,700.408,46.53,2
P212085,369.79,46.53,2
P202325,405.39,46.525000000000006,2
P212210,350.856,46.510000000000005,2
P214378,399.9625,46.51,2
P228581,155.762,46.5,1
P245112,472.7485,46.5,1
P213357,845.6044999999999,46.48,2
P209846,346.8425,46.48,2
P233787,361.777,46.474999999999994,2
P211544,1710.404,46.47,4
P246540,457.3,46.47,1
P212835,155.7,46.46,1
P224802,648.77,46.455,2
P241682,180.785,46.45,1
P234116,153.35,46.45,1
P200584,122.07,46.45,1
P225864,191.23,46.43,1
P246182,149.52599999999998,46.42,1
P246888,911.2959999999999,46.419999999999995,2
P216304,435.95000000000005,46.415,2
P214557,182.23,46.41,1
P226505,455.5345,46.41,1
P236881,904.444,46.4,2
P242494,444.666,46.36666666666667,3
P216692,462.468,46.35,1
P240776,149.54,46.34,1
P229968,709.76,46.33,2
P227097,453.8055,46.32,1
P212070,191.675,46.31,1
P202155,509.181,46.26,2
P243935,335.476,46.26,2
P220379,336.44800000000004,46.255,2
P223363,145.83,46.22,1
P217523,457.33,46.22,1
P223893,456.51,46.21,1
P203590,498.01399999999995,46.199999999999996,3
P224019,451.07900000000006,46.173333333333325,3
P246548,195.228,46.13,1
P207711,189.11,46.13,1
P214100,154.98,46.13,1
P229541,384.538,46.120000000000005,2
P238568,151.41600000000005,46.11,1
P206713,304.90999999999997,46.1,2
P224224,470.478,46.1,1
P243164,178.26,46.07,1
P217204,175.49,46.07,1
P224662,918.848,46.05,2
P228429,174.7335,46.04,1
P202149,444.81,46.04,1
P249651,468.2905,46.03,1
P246297,178.18,46.03,1
P243091,178.44,46.02,1
P230638,187.11,46.01,1
P218201,338.313,46.004999999999995,2
P241892,195.51,46.0,1
P221493,182.08,46.0,1
P216118,180.53,46.0,1
P201785,114.722,46.0,1
P241700,152.235,45.97,1
P232122,178.2,45.92,1
P212010,191.102,45.92,1
P242254,820.363,45.915,2
P248617,362.795,45.91,2
P218406,154.15,45.89,1
P206157,304.64,45.885,2
P215994,187.57,45.88,1
P213171,356.22,45.879999999999995,2
P214135,597.92,45.876666666666665,3
P229367,441.567,45.87,1
P217673,1266.975,45.862500000000004,4
P239268,758.972,45.86,2
P237931,314.873,45.849999999999994,2
P209096,366.02700000000004,45.845,2
P208221,905.953,45.845,2
P243766,189.62,45.84,1
P217566,182.96,45.83,1
P242128,449.08,45.83,1
P234556,152.915,45.83,1
P203888,452.45,45.83,1
P248368,193.76,45.82,1
P248898,158.454,45.79,1
P219314,189.27,45.78,1
P241139,190.935,45.77,1
P205338,174.744,45.76,1
P243002,836.43,45.745,2
P214586,451.1455,45.74,1
P236133,152.6,45.73,1
P210932,193.116,45.73,1
P222815,131.86800000000002,45.72,1
P208052,1225.2799999999997,45.71666666666666,3
P222310,840.7800000000001,45.7,2
P218983,446.048,45.69,1
P239069,460.32,45.69,3
P211233,833.6915,45.685,2
P225842,192.84,45.63,1
P224264,186.27,45.63,1
P216901,459.3995,45.62,1
P234161,891.2375,45.61,2
P223671,354.427,45.605000000000004,2
P237710,760.7035,45.605000000000004,2
P206859,370.08,45.595,2
P247153,149.75,45.59,1
P223892,361.30249999999995,45.59,2
P206861,146.224,45.59,1
P220313,193.48,45.59,1
P218345,449.64,45.58,1
P246981,128.01600000000002,45.57,1
P228631,192.65,45.57,1
P224480,819.0015,45.57,2
P220455,195.35,45.55,1
P230239,591.699,45.545,2
P241484,370.56900000000013,45.519999999999996,2
P222864,371.57199999999995,45.510000000000005,2
P216282,440.96,45.5,1
P212470,453.85,45.5,1
P221672,171.62400000000002,45.49,1
P236357,189.432,45.49,1
P218157,843.694,45.49,2
P204595,187.635,45.48,1
P211427,514.6129999999999,45.47333333333333,3
P228000,187.353,45.47,1
P237965,762.6619999999999,45.435,2
P212653,176.68,45.42,1
P221695,149.352,45.4,1
P200183,452.43,45.38,1
P215406,505.3835,45.35999999999999,3
P249989,149.4635,45.35,1
P201283,114.73,45.34,1
P227061,449.14,45.34,1
P213494,550.86,45.336666666666666,3
P225935,571.111,45.335,2
P216588,899.7800000000001,45.32000000000001,2
P236788,151.88,45.3,1
P232315,514.25,45.295,2
P234815,182.81,45.29,1
P217220,192.54,45.29,1
P214581,131.44,45.29,1
P227745,190.098,45.28,1
P218181,337.4525,45.275000000000006,2
P237305,458.1,45.24,1
P227139,189.29,45.23,1
P212663,794.717,45.224999999999994,2
P241971,452.81,45.22,1
P202082,191.18,45.22,1
P246362,182.33,45.21,1
P212254,322.33,45.209999999999994,2
P214515,189.01,45.19,1
P216941,152.78,45.17,1
P247515,901.63,45.17,2
P223900,187.986,45.14,1
P236248,439.9515,45.13,1
P241063,307.074,45.129999999999995,2
P212021,309.695,45.125,2
P208508,450.17,45.12,1
P213197,446.22,45.11,1
P218940,148.66,45.1,1
P246730,306.782,45.095,2
P249140,142.0915,45.08,1
P201299,438.37,45.08,1
P234366,497.592,45.075,2
P213227,351.953,45.075,2
P223218,442.72,45.07,1
P244077,307.95,45.065,2
P212719,351.57,45.025000000000006,2
P234353,451.35,45.02,1
P230123,191.424,45.0,1
P200178,185.136,45.0,1
P237747,148.644,44.99,1
P217590,192.024,44.99,1
P233469,462.4380000000001,44.99,1
P226857,841.112,44.989999999999995,2
P232007,486.2,44.98666666666666,3
P240404,369.22,44.985,2
P224092,152.677,44.96,1
P207498,382.569,44.945,2
P200089,186.2095,44.94,1
P232567,414.00600000000003,44.94,2
P225360,449.16,44.94,1
P230495,333.30750000000006,44.93,2
P238877,369.52000000000004,44.925,2
P226196,153.2125,44.91,1
P243601,174.724,44.91,1
P239509,447.07,44.9,1
P212068,884.316,44.885,2
P209345,354.08,44.879999999999995,2
P228002,337.136,44.875,2
P224401,450.44550000000004,44.86000000000001,3
P222697,454.68,44.86,1
P205135,543.702,44.85,2
P237709,173.298,44.85,1
P249225,466.368,44.85,1
P211304,512.6759999999999,44.81666666666666,3
P238548,517.416,44.81333333333333,3
P233841,379.95000000000005,44.805,2
P230620,151.44,44.8,1
P223876,754.6959999999999,44.79333333333333,3
P204275,454.89,44.79,1
P209386,113.216,44.79,1
P226248,148.74,44.78,1
P228234,374.18199999999996,44.78,2
P209911,457.938,44.77,1
P204544,173.39,44.76,1
P201717,149.6,44.75,1
P203891,176.035,44.74,1
P241136,150.12,44.73,1
P209837,154.24,44.72,1
P227508,443.763,44.7,1
P227671,189.95,44.7,1
P222140,187.18,44.68,1
P212426,177.32,44.66,1
P207755,853.94,44.65,2
P227653,550.6510000000001,44.645,2
P226070,691.2099999999999,44.635,2
P201733,442.82,44.63,1
P200740,187.49,44.63,1
P225618,1337.819,44.620000000000005,3
P215559,115.0,44.61,1
P222695,449.792,44.61,1
P230117,788.3195000000001,44.586666666666666,3
P244544,187.083,44.56,1
P209110,350.026,44.559999999999995,2
P245332,358.802,44.550000000000004,2
P210486,354.66999999999996,44.545,2
P245360,147.305,44.54,1
P217684,176.238,44.54,1
P200903,461.94,44.53,1
P241983,446.98,44.51,1
P212671,884.305,44.505,2
P249725,1014.2355000000001,44.49333333333333,3
P218190,449.73,44.48,1
P221480,328.476,44.475,2
P242379,957.3815,44.47333333333333,3
P200716,436.92,44.47,1
P249370,144.343,44.46,1
P230604,776.6695,44.453333333333326,3
P216720,176.84,44.44,1
P227993,112.194,44.44,1
P226961,353.96,44.43,2
P214330,167.00799999999998,44.41,1
P235823,113.22,44.4,1
P238768,149.44,44.4,1
P202987,180.5855,44.39,1
P234354,1101.49,44.38333333333333,3
P225591,183.1,44.38,1
P202692,442.56,44.38,1
P207601,186.9065,44.38,1
P227580,442.453,44.37,1
P233781,173.23000000000002,44.37,1
P241156,148.01,44.36,1
P224538,443.28,44.35,1
P244874,331.59549999999996,44.35,2
P244845,112.9,44.35,1
P204715,1203.6219999999998,44.343333333333334,3
P230306,193.68,44.33,1
P222432,145.13,44.33,1
P207157,857.5269999999999,44.315,2
P215648,358.988,44.3,2
P238838,165.01,44.28,1
P209236,908.3299999999999,44.28,2
P207125,441.06,44.28,1
P222754,150.98,44.28,1
P244237,362.5065,44.275000000000006,2
P247251,351.77,44.269999999999996,2
P201904,172.84,44.26,1
P209079,171.72000000000003,44.26,1
P204114,355.818,44.26,2
P234574,441.745,44.25,1
P226238,445.86,44.24,1
P229904,296.35,44.24,2
P243316,1047.2615,44.23666666666667,3
P229795,379.61,44.22,2
P218008,187.87,44.22,1
P231607,313.848,44.214999999999996,2
P229708,444.03,44.21,1
P241041,147.072,44.21,1
P240284,348.43,44.205000000000005,2
P244863,185.39,44.2,1
P226155,736.915,44.185,2
P248177,168.48,44.18,1
P236972,148.26,44.18,1
P209376,185.7915,44.18,1
P227490,126.24,44.15,1
P249087,181.62,44.15,1
P207334,151.605,44.14,1
P205161,442.56,44.14,1
P230451,687.819,44.12,2
P210376,146.3,44.11,1
P204170,354.483,44.085,2
P223294,182.72,44.08,1
P238398,359.86,44.075,2
P238365,695.37,44.07,2
P204056,185.06,44.06,1
P200316,169.31,44.05,1
P202733,823.8499999999999,44.04,2
P221700,186.49,44.04,1
P210506,187.46,44.03,1
P246572,460.58,44.02,1
P231194,188.82,44.01,1
P238260,169.86,44.01,1
P216270,173.28,44.01,1
P227968,431.51,43.98,1
P229952,455.26,43.97,1
P228099,146.304,43.96,1
P230372,250.70499999999998,43.955000000000005,2
P213530,147.231,43.95,1
P237729,147.896,43.94,1
P222155,172.40599999999998,43.93,1
P210489,355.41,43.915,2
P235340,936.9454999999999,43.903333333333336,3
P218382,450.14,43.9,1
P222805,671.4200000000001,43.894999999999996,2
P241382,339.882,43.89,2
P242024,453.64,43.88,1
P239594,366.475,43.88,2
P236189,1157.74,43.8425,4
P200656,290.21000000000004,43.835,2
P204556,126.06,43.82,1
P219339,184.977,43.82,1
P223670,169.08,43.82,1
P209127,901.618,43.81666666666666,3
P243275,429.96,43.81,1
P214444,443.5555,43.81,1
P232473,181.67,43.81,1
P247995,442.589,43.8,1
P203608,438.13,43.8,1
P209971,916.9525000000001,43.79666666666666,3
P215089,306.5685,43.795,2
P235415,963.5999999999999,43.79333333333333,3
P223778,1253.881,43.79,3
P242587,338.5075,43.78,2
P236387,173.78,43.78,1
P207083,524.274,43.77333333333334,3
P209190,129.846,43.77,1
P220909,176.84,43.75,1
P206042,144.38,43.73,1
P228390,167.08,43.72,1
P232137,1129.76,43.695,4
P217266,147.25,43.68,1
P238881,184.26,43.67,1
P239255,280.454,43.665,2
P218854,146.22,43.65,1
P208102,435.727,43.64,1
P244940,458.664,43.63,1
P230139,180.387,43.63,1
P248616,361.6675,43.625,2
P244051,433.62,43.62,1
P207650,437.16,43.62,1
P249588,815.6200000000001,43.61333333333334,3
P214012,769.518,43.605,2
P220141,1219.0945000000002,43.599999999999994,3
P222237,422.73,43.59,1
P206442,184.74,43.59,1
P213536,332.28000000000003,43.58,2
P231509,129.599,43.58,1
P233160,181.65,43.57,1
P226277,144.73,43.56,1
P220205,316.062,43.555,2
P229927,111.6,43.55,1
P243945,1228.021,43.54333333333333,3
P224290,710.556,43.53666666666667,3
P207006,184.946,43.53,1
P223163,174.267,43.53,1
P208524,481.379,43.51,3
P238143,172.66,43.5,1
P205921,843.515,43.480000000000004,2
P206564,823.87,43.48,2
P246509,741.51,43.48,2
P222011,166.16449999999998,43.48,1
P216228,171.82,43.47,1
P207974,146.11,43.45,1
P220806,759.2115,43.425,2
P221291,186.096,43.42,1
P237484,452.72,43.42,1
P231896,372.41,43.4,2
P226585,170.21,43.4,1
P216757,182.82,43.39,1
P247155,478.41700000000003,43.38,3
P208741,148.393,43.37,1
P222604,187.07,43.36,1
P201191,799.5025,43.36,2
P228850,325.807,43.36,2
P248910,170.64,43.35,1
P238648,432.25,43.35,1
P227144,141.67,43.35,1
P223094,710.4045,43.345,2
P204152,417.2,43.33,1
P222789,806.059,43.32,2
P221987,143.76,43.32,1
P208281,170.677,43.32,1
P222510,171.59799999999998,43.32,1
P238095,433.944,43.32,1
P238328,171.99900000000002,43.31,1
P227487,434.61,43.3,1
P234465,147.022,43.3,1
P215744,148.8,43.29,1
P223558,433.02,43.29,1
P229845,352.52599999999995,43.28,2
P221984,791.36,43.279999999999994,2
P242814,689.1700000000001,43.275,2
P206470,318.217,43.25,2
P236389,515.646,43.22666666666667,3
P225241,315.35,43.225,2
P201591,638.101,43.21,2
P209768,796.134,43.20333333333334,3
P228201,299.902,43.195,2
P229079,448.61,43.19,1
P212063,630.43,43.18,2
P224641,346.956,43.17,2
P242439,440.249,43.17,1
P219462,280.09,43.165,2
P219079,815.689,43.160000000000004,2
P210920,801.39,43.155,2
P205936,440.49,43.14,1
P245127,431.22,43.14,1
P216804,149.46,43.14,1
P232439,146.7,43.13,1
P244647,325.153,43.13,2
P241207,287.3995,43.13,2
P220051,437.4,43.12,1
P248377,180.13,43.11,1
P223998,434.65,43.11,1
P243311,287.945,43.105000000000004,2
P243619,110.808,43.1,1
P245471,123.76,43.09,1
P247248,505.20000000000005,43.089999999999996,2
P206141,166.928,43.08,1
P222701,427.771,43.07,1
P221971,172.35000000000002,43.06,1
P243173,170.16,43.06,1
P224869,862.135,43.045,2
P246845,168.317,43.04,1
P201932,430.62,43.04,1
P222012,146.8035,43.01,1
P206775,125.262,43.01,1
P235223,142.45,43.01,1
P222236,420.04,43.0,1
P230096,172.431,42.99,1
P220036,140.4,42.99,1
P232192,146.6515,42.99,1
P227524,845.85,42.974999999999994,2
P244983,449.883,42.96,1
P237160,289.7065,42.955,2
P249424,445.702,42.93,1
P240407,354.42,42.92,2
P205217,147.44000000000003,42.91,1
P235809,438.9475,42.9,1
P207902,168.99,42.9,1
P220491,147.55,42.9,1
P205617,180.096,42.89,1
P221650,123.766,42.89,1
P249915,179.87,42.88,1
P213962,419.322,42.87,1
P234612,495.45000000000005,42.86666666666667,3
P203454,238.712,42.86,2
P208470,180.79,42.83,1
P238705,421.28,42.82,1
P229012,175.45,42.8,1
P233305,432.4305,42.79,1
P219231,178.56,42.78,1
P233759,126.844,42.77,1
P247711,170.72000000000003,42.76,1
P201546,243.92000000000002,42.75,2
P215285,110.192,42.74,1
P217793,146.97,42.74,1
P234585,438.93,42.73,1
P213299,176.206,42.73,1
P220553,425.22,42.72,1
P206486,1249.5775,42.714,5
P240955,786.29,42.7,2
P227256,501.22,42.693333333333335,3
P242495,146.216,42.69,1
P243283,170.212,42.68,1
P228894,329.7595,42.67,2
P238532,168.68,42.65,1
P223807,431.34,42.63,1
P227838,650.58,42.629999999999995,2
P229136,146.148,42.62,1
P233748,183.53,42.62,1
P221997,1653.942,42.618,5
P245874,142.728,42.61,1
P228369,172.93249999999998,42.6,1
P220523,173.02,42.6,1
P227497,161.481,42.58,1
P228625,419.6,42.58,1
P237711,180.158,42.58,1
P231027,350.052,42.565,2
P247873,169.25199999999998,42.56,1
P205455,327.78,42.555,2
P237421,141.33599999999998,42.55,1
P208706,324.924,42.535,2
P227732,439.894,42.53,1
P219580,424.82,42.53,1
P234459,977.7479999999999,42.49,3
P207599,329.90999999999997,42.489999999999995,2
P217243,351.88,42.480000000000004,2
P220129,142.245,42.48,1
P221946,857.1,42.475,2
P241510,314.58500000000004,42.46,2
P221241,428.38,42.44,1
P237835,180.57,42.44,1
P223738,613.232,42.44,2
P243335,178.653,42.44,1
P208840,138.915,42.44,1
P243625,168.94,42.43,1
P233827,144.92,42.41,1
P211696,331.23,42.41,2
P224983,149.067,42.41,1
P236599,176.535,42.39,1
P229045,160.1,42.39,1
P207218,428.4595,42.38,1
P243561,396.848,42.370000000000005,2
P222659,478.45000000000005,42.36333333333333,3
P234584,122.144,42.36,1
P232252,287.65,42.355000000000004,2
P202723,308.913,42.32,2
P205511,169.14,42.32,1
P233677,427.48,42.31,1
P203049,183.033,42.31,1
P204268,323.15999999999997,42.285000000000004,2
P221722,869.511,42.285000000000004,2
P207934,140.658,42.28,1
P203749,649.8240000000001,42.275000000000006,2
P245406,325.5414999999999,42.269999999999996,2
P200296,431.224,42.25,1
P219391,780.4480000000001,42.239999999999995,2
P209708,426.456,42.23,1
P208462,339.516,42.23,2
P215749,168.3305,42.23,1
P233473,159.45,42.22,1
P203729,164.51,42.21,1
P207169,179.8515,42.2,1
P245847,182.96,42.2,1
P236898,423.4,42.2,1
P243307,332.87200000000007,42.18,2
P242858,172.692,42.18,1
P247993,1225.87,42.177499999999995,4
P237888,140.76,42.17,1
P243705,571.5295,42.15,2
P220954,815.1940000000001,42.15,3
P221162,409.93600000000004,42.15,2
P217791,172.93,42.14,1
P206263,494.935,42.14,3
P224647,176.616,42.14,1
P217358,522.67,42.135,2
P219442,109.8,42.13,1
P248610,173.86,42.13,1
P248630,495.21549999999996,42.129999999999995,3
P221009,275.81,42.125,2
P209612,423.776,42.12,1
P223055,164.04999999999998,42.12,1
P242771,718.528,42.11,2
P224272,178.46,42.09,1
P209131,352.02049999999997,42.075,2
P232035,666.5675,42.068,5
P227691,435.618,42.06,1
P241767,313.5,42.059999999999995,2
P228831,312.78999999999996,42.019999999999996,2
P224713,141.474,42.01,1
P227160,421.022,41.99,1
P213430,769.405,41.99,2
P200639,427.73,41.98,1
P226011,308.74,41.945,2
P248843,281.97900000000004,41.94,2
P208996,142.196,41.94,1
P222300,180.738,41.92,1
P221717,427.71,41.92,1
P212904,271.9,41.910000000000004,2
P246136,1177.503,41.910000000000004,3
P205009,783.134,41.9,2
P208957,328.663,41.9,2
P229094,142.08,41.89,1
P205652,157.97549999999998,41.88,1
P240890,334.09000000000003,41.88,2
P226838,424.59,41.88,1
P231774,138.12,41.86,1
P223683,332.22999999999996,41.855,2
P201421,169.6,41.85,1
P248514,353.42499999999995,41.834999999999994,2
P243077,357.69,41.815,2
P235662,125.46,41.81,1
P205586,425.78,41.81,1
P208349,108.38,41.81,1
P222825,177.21,41.81,1
P218863,422.009,41.79,1
P206275,356.459,41.79,2
P202711,173.46,41.78,1
P211416,308.97150000000005,41.745,2
P217205,472.706,41.74,2
P225251,137.37,41.74,1
P244198,106.632,41.74,1
P207859,137.8,41.73,1
P202595,456.36400000000003,41.71333333333333,3
P211492,424.99,41.71,1
P228517,177.453,41.71,1
P210160,481.8295,41.71,3
P220407,160.29,41.71,1
P228836,853.465,41.705000000000005,2
P230392,174.33,41.7,1
P248995,426.04,41.7,1
P244349,1198.352,41.696666666666665,3
P231175,135.394,41.69,1
P235278,140.7,41.69,1
P219729,138.45600000000002,41.69,1
P200368,1202.972,41.68333333333333,3
P233796,106.324,41.68,1
P249595,322.54200000000003,41.675,2
P239001,428.8,41.67,1
P227320,423.99,41.67,1
P203113,171.36,41.66,1
P202923,181.23,41.65,1
P212865,138.87,41.64,1
P234225,424.377,41.64,1
P233379,140.72,41.64,1
P241594,844.2595000000001,41.635000000000005,2
P203330,139.644,41.63,1
P224296,419.7555,41.62,1
P238274,328.7475,41.6,3
P219697,422.15,41.6,1
P238159,219.45,41.584999999999994,2
P239897,164.034,41.58,1
P222045,409.9500000000001,41.57,1
P230700,429.33,41.55,1
P225223,497.616,41.54666666666667,3
P220654,665.0844999999999,41.545,4
P229237,423.3,41.54,1
P210911,140.25,41.54,1
P222846,177.2605,41.54,1
P231062,174.971,41.53,1
P209201,135.27,41.52,1
P204375,425.68,41.5,1
P227450,735.5645,41.475,2
P221060,177.14849999999998,41.47,1
P221114,175.112,41.44,1
P206078,325.47499999999997,41.435,2
P234260,136.4675,41.43,1
P214837,890.9079999999999,41.398,5
P224818,165.12,41.39,1
P219179,423.99,41.39,1
P233043,180.9,41.39,1
P235141,172.17,41.38,1
P228353,812.98,41.375,2
P208800,164.76,41.37,1
P239400,522.391,41.364999999999995,2
P201286,139.81,41.34,1
P233754,173.6885,41.33,1
P230072,1524.123,41.3275,4
P208571,159.106,41.3,1
P223656,166.67,41.29,1
P201028,117.99,41.26,1
P237323,409.932,41.25,1
P231468,431.76,41.25,1
P227933,1177.192,41.23,3
P219204,138.89,41.23,1
P246889,743.5525,41.225,2
P244219,430.36,41.22,1
P212174,173.08999999999995,41.21,1
P233386,609.49,41.21,2
P237970,414.295,41.21,1
P209319,493.334,41.199999999999996,3
P226620,137.66,41.17,1
P220594,427.4,41.17,1
P212647,499.342,41.169999999999995,3
P216961,107.4,41.15,1
P236195,178.1685,41.15,1
P231604,121.24,41.14,1
P222955,602.0875,41.125,2
P213754,503.825,41.12,3
P229470,109.84,41.12,1
P232052,156.54,41.11,1
P239872,303.694,41.11,2
P233282,105.963,41.09,1
P207739,572.09,41.055,2
P225657,264.72,41.045,2
P209226,179.96,41.04,1
P222694,102.73,41.04,1
P215620,1056.8,41.03,3
P204963,637.3555,41.02333333333333,3
P231572,304.3785,41.015,2
P203234,162.21,41.01,1
P209324,269.61,41.01,2
P245509,176.9,41.01,1
P238488,414.33,41.01,1
P214414,323.80199999999996,41.0,2
P207900,377.99,41.0,2
P209959,173.88,41.0,1
P232054,103.8255,40.99,1
P244721,166.041,40.99,1
P214350,136.59,40.99,1
P232502,141.34,40.96,1
P241907,408.2,40.96,1
P247207,776.08,40.955,2
P202017,407.232,40.95,1
P216609,424.8,40.93,1
P200889,159.89350000000002,40.91,1
P210413,137.116,40.91,1
P241121,140.811,40.9,1
P227211,394.269,40.894999999999996,2
P238148,427.04,40.89,1
P204720,438.27299999999997,40.875,2
P205334,566.65,40.870000000000005,2
P202566,170.78,40.86,1
P230222,421.272,40.84,1
P220382,168.15,40.84,1
P227058,162.03,40.83,1
P242646,178.056,40.82,1
P228684,181.3835,40.81,1
P216012,407.66,40.8,1
P227983,170.47,40.79,1
P237590,168.112,40.78,1
P229908,162.126,40.78,1
P239398,315.413,40.775,2
P224267,405.48,40.75,1
P229132,429.05,40.75,1
P212812,1201.711,40.7475,4
P200303,330.814,40.735,2
P213733,411.714,40.72,1
P203370,156.4,40.72,1
P241354,341.23800000000006,40.72,2
P249663,155.82,40.71,1
P210558,379.91100000000006,40.71,2
P208170,142.3,40.7,1
P248793,628.009,40.7,4
P248839,264.06,40.690000000000005,2
P232988,273.389,40.68,2
P241863,104.85,40.68,1
P222074,267.788,40.675000000000004,2
P241582,392.855,40.675,2
P222111,176.7285,40.67,1
P229008,165.6565,40.67,1
P202894,140.31499999999997,40.66,1
P211388,784.17,40.650000000000006,2
P242016,335.65999999999997,40.644999999999996,2
P213349,408.43,40.64,1
P202583,135.8,40.64,1
P210111,377.28,40.635000000000005,2
P229658,249.21,40.620000000000005,2
P200568,407.5,40.62,1
P206586,140.36,40.6,1
P237909,559.33,40.59,2
P216614,324.9935,40.565,2
P216958,335.12399999999997,40.56,2
P249285,167.976,40.56,1
P222894,802.912,40.54,3
P231359,787.46,40.52,2
P212237,108.0,40.51,1
P241069,138.339,40.51,1
P201740,294.87,40.480000000000004,2
P210856,816.8355,40.464999999999996,2
P232407,169.47,40.46,1
P219932,417.571,40.45,1
P234328,156.408,40.44,1
P204502,924.7245,40.43,3
P237270,107.08,40.42,1
P201977,161.991,40.42,1
P233742,405.2225,40.42,1
P204570,341.2,40.41,2
P206309,407.78,40.41,1
P229309,606.537,40.392500000000005,4
P243813,403.2995,40.37,1
P237491,306.4795,40.365,2
P216477,157.28199999999998,40.36,1
P205754,135.72,40.35,1
P241904,166.07,40.35,1
P205165,174.31,40.35,1
P232227,411.4,40.34,1
P222912,174.231,40.34,1
P211972,408.114,40.33,1
P246954,815.24,40.33,3
P217564,265.618,40.325,2
P207045,342.866,40.32,2
P231001,822.834,40.305,2
P218923,156.002,40.3,1
P228753,166.43,40.29,1
P205797,137.74,40.29,1
P222329,413.777,40.27,1
P249294,404.8,40.27,1
P242639,178.58,40.26,1
P239245,420.052,40.25,1
P223124,421.11,40.24,1
P237083,460.864,40.235,2
P239646,270.27200000000005,40.230000000000004,2
P221565,699.244,40.23,3
P242707,328.575,40.225,2
P200765,333.6585,40.215,2
P218821,105.984,40.2,1
P212686,406.8,40.19,1
P221902,852.0999999999999,40.16,4
P226471,172.46,40.16,1
P204190,414.945,40.16,1
P212696,160.67,40.15,1
P205559,744.2025,40.15,2
P248216,137.72,40.14,1
P228769,656.9675,40.135,2
P230166,820.147,40.129999999999995,2
P216185,309.479,40.125,2
P233790,704.01,40.105,2
P236265,101.16,40.09,1
P242239,460.36,40.09,2
P233520,308.41999999999996,40.085,2
P234920,405.15,40.08,1
P229873,101.12,40.08,1
P235539,269.89,40.075,2
P233784,967.5894999999999,40.07333333333333,3
P225677,411.903,40.07,1
P217422,418.624,40.07,1
P248670,160.965,40.06,1
P248244,167.51,40.06,1
P215907,849.451,40.04333333333334,3
P222644,161.557,40.03,1
P239837,227.85999999999999,40.025,2
P240094,387.456,40.02,2
P237441,173.964,40.02,1
P240761,402.44000000000005,40.019999999999996,2
P204188,442.776,40.01666666666667,3
P221200,409.9155,39.99,1
P211390,213.22199999999998,39.985,2
P219006,161.34799999999998,39.98,1
P210385,171.88,39.98,1
P223461,411.552,39.97,1
P200893,400.47,39.96,1
P218006,335.007,39.96,2
P244599,105.11,39.96,1
P200878,708.546,39.959999999999994,2
P243693,135.5365,39.95,1
P212782,169.61,39.94,1
P210715,978.8820000000001,39.93333333333333,3
P246519,157.86,39.93,1
P200750,169.34699999999998,39.93,1
P214007,140.76,39.93,1
P211399,428.545,39.93,1
P241731,113.2305,39.93,1
P200241,168.15,39.93,1
P226886,322.404,39.93,2
P232634,396.189,39.92,1
P207688,449.197,39.910000000000004,3
P228538,660.8770000000001,39.895,2
P233320,163.91299999999998,39.89,1
P217650,750.4165,39.89,2
P242013,324.786,39.879999999999995,2
P228671,1018.44,39.873333333333335,3
P200877,744.913,39.870000000000005,2
P234838,226.774,39.864999999999995,2
P205505,174.1065,39.86,1
P244328,134.75,39.86,1
P208066,636.4675,39.85,2
P214327,160.759,39.85,1
P246025,823.8820000000001,39.845,2
P235158,479.6965,39.833333333333336,3
P230210,166.33,39.83,1
P249967,698.9939999999999,39.8225,4
P222791,880.1189999999999,39.82,3
P225115,293.85900000000004,39.82,2
P211726,156.95,39.82,1
P214066,469.46000000000004,39.81666666666667,3
P230326,739.3204999999999,39.8,2
P206428,302.03,39.79666666666667,3
P211277,155.84,39.79,1
P236024,167.28,39.79,1
P206647,329.33,39.775,2
P243611,415.27,39.77,1
P241138,155.2395,39.76,1
P232332,138.68099999999998,39.75,1
P226222,264.18,39.745,2
P243171,206.35999999999999,39.745,2
P242715,407.42,39.74,1
P233870,159.156,39.74,1
P244227,139.04,39.72,1
P201468,563.9979999999999,39.705,2
P208729,402.04,39.7,1
P241577,750.52,39.69,2
P217499,176.247,39.69,1
P227835,154.54,39.69,1
P201839,542.76,39.68333333333334,3
P248109,904.1295,39.68,3
P208900,107.95,39.68,1
P225551,321.40000000000003,39.64,2
P230434,740.5920000000001,39.63666666666666,3
P244469,155.159,39.63,1
P227407,159.62400000000002,39.61,1
P237067,310.03600000000006,39.61,2
P211024,155.7,39.61,1
P214360,719.3845,39.605,2
P216441,273.37,39.605,2
P227574,653.1914999999999,39.595,2
P206949,138.48,39.59,1
P215209,399.72,39.59,1
P226015,317.25,39.58,2
P248409,657.408,39.57,2
P219605,209.728,39.565,2
P200002,197.73100000000002,39.565,2
P230356,134.68,39.55,1
P229588,388.54800000000006,39.54,1
P204231,610.85,39.54,2
P219541,135.15,39.54,1
P245676,703.4465,39.525,2
P231777,133.39,39.52,1
P248921,168.948,39.5,1
P216061,421.553,39.5,1
P218736,131.65200000000002,39.5,1
P203589,308.074,39.495,2
P203819,307.812,39.485,2
P248158,403.35,39.48,1
P225106,353.34000000000003,39.47,2
P243370,131.58,39.47,1
P215839,134.98,39.46,1
P208647,132.37,39.46,1
P212549,946.6655,39.457499999999996,4
P206377,305.38,39.455000000000005,2
P247175,483.1335,39.449999999999996,3
P220635,410.091,39.44,1
P225391,457.35400000000004,39.435,2
P239284,288.59000000000003,39.435,2
P204258,386.62,39.43,1
P200392,164.46,39.43,1
P208050,154.36,39.41,1
P207670,300.87,39.400000000000006,2
P240157,398.898,39.4,1
P230642,164.1,39.4,1
P243358,335.38,39.385,2
P223009,171.02,39.37,1
P238656,397.579,39.37,1
P227500,103.95,39.36,1
P237999,137.23,39.35,1
P242928,802.2199999999999,39.345,2
P233292,167.91,39.33,1
P223449,137.69,39.32,1
P213967,314.35,39.31,2
P224787,219.5,39.305,2
P211079,256.86,39.3,2
P230132,386.6,39.28,1
P247109,613.2555,39.275,2
P220773,474.91,39.27333333333333,3
P209570,395.2585,39.26,1
P236994,262.99,39.22,2
P217195,402.49,39.22,1
P249618,439.46999999999997,39.21,2
P222482,260.18899999999996,39.195,2
P205452,170.97,39.19,1
P229656,168.87,39.19,1
P207241,288.631,39.185,2
P203155,752.0605,39.175000000000004,2
P233453,719.5,39.17333333333334,3
P207860,400.95,39.17,1
P229047,154.802,39.17,1
P202124,204.51000000000002,39.165000000000006,2
P230408,1004.27,39.163333333333334,3
P204747,260.518,39.15,2
P220428,389.25,39.15,1
P247480,393.6,39.14,1
P237064,335.965,39.14,2
P249217,472.383,39.126666666666665,3
P210809,163.92,39.11,1
P236963,741.21,39.1,2
P231281,154.47,39.1,1
P228604,325.15999999999997,39.08,2
P209729,399.68,39.07,1
P204507,495.238,39.06666666666667,3
P222422,399.09,39.06,1
P226525,688.5414999999999,39.05500000000001,2
P231229,697.777,39.050000000000004,2
P240957,392.479,39.05,3
P237782,406.66,39.05,1
P208396,407.417,39.05,1
P226078,170.16000000000005,39.04,1
P218991,406.589,39.04,1
P220965,688.887,39.035,2
P201108,161.53,39.03,1
P244169,165.0245,39.03,1
P234198,402.2775,39.02,1
P216888,786.23,39.01,3
P219769,112.85,39.01,1
P213081,282.52,39.0,2
P249996,132.0645,39.0,1
P236603,411.21,38.99,1
P244120,131.72,38.99,1
P213867,115.71,38.98,1
P201877,393.26,38.97,1
P232493,163.59,38.96,1
P249557,131.976,38.9,1
P232667,727.265,38.894999999999996,2
P246574,158.39200000000002,38.89,1
P208887,132.4,38.89,1
P220420,738.6899999999999,38.885,2
P221628,169.38,38.88,1
P210378,663.5799999999999,38.88,2
P209382,475.53000000000003,38.876666666666665,3
P216583,1000.8765000000001,38.876666666666665,3
P247355,135.8,38.87,1
P240344,311.11,38.865,2
P229893,741.24,38.864999999999995,2
P220717,156.576,38.86,1
P213622,157.58,38.85,1
P222971,392.2665,38.84,1
P243787,529.94,38.84,2
P222235,273.15,38.83,2
P206195,168.27,38.82,1
P207736,411.99,38.82,1
P246435,660.03,38.81,2
P214775,165.92000000000002,38.8,1
P226382,139.12749999999997,38.79,1
P209831,404.1205,38.79,1
P231666,388.14,38.77,1
P219589,135.3085,38.76,1
P224751,156.57,38.76,1
P208869,133.083,38.75,1
P204774,557.742,38.725,2
P242772,593.13,38.725,2
P216760,155.83,38.72,1
P247030,130.72,38.71,1
P212748,315.9,38.709999999999994,2
P242673,384.484,38.7,1
P243484,463.8,38.696666666666665,3
P239170,481.596,38.693333333333335,3
P240882,453.555,38.690000000000005,3
P225496,154.11849999999998,38.68,1
P232232,169.55999999999997,38.67,1
P228544,1336.1324999999997,38.667500000000004,4
P216659,990.321,38.666000000000004,5
P201548,132.88,38.66,1
P249804,169.8,38.65,1
P214708,158.3,38.64,1
P209108,1100.8075,38.63666666666667,3
P218679,772.2359999999999,38.635,2
P231696,169.594,38.63,1
P235383,529.8725,38.63,3
P233973,306.12899999999996,38.6,2
P236755,390.735,38.6,1
P203291,167.1,38.6,1
P211951,148.39,38.6,1
P216915,442.38599999999997,38.595,2
P233328,270.53099999999995,38.59,2
P203079,105.64,38.59,1
P202473,321.36400000000003,38.575,2
P215166,131.44,38.57,1
P246576,115.2,38.57,1
P213079,381.327,38.56666666666666,3
P243463,166.16449999999998,38.56,1
P231313,285.764,38.525,2
P227591,133.1,38.52,1
P245594,391.059,38.52,1
P228606,291.32,38.51,2
P231940,150.66,38.51,1
P220533,405.02,38.51,1
P218091,400.91,38.51,1
P239579,625.82,38.495,2
P243340,150.46,38.48,1
P210786,155.22,38.48,1
P236006,721.3910000000001,38.475,2
P217238,130.53,38.46,1
P207221,112.66,38.46,1
P204904,128.73,38.45,1
P212809,384.363,38.45,1
P226768,582.981,38.445,2
P209336,394.0,38.44,1
P242489,425.13,38.43666666666667,3
P245835,165.568,38.43,1
P231090,711.338,38.43,2
P212804,158.742,38.43,1
P215958,173.21,38.42,1
P249054,299.25,38.419999999999995,2
P237539,151.05,38.39,1
P228114,392.265,38.385000000000005,2
P205653,134.1,38.38,1
P244174,795.5,38.38,2
P205725,326.622,38.370000000000005,2
P206603,166.096,38.36,1
P228375,254.2,38.355000000000004,2
P219309,980.59,38.35333333333333,3
P224791,257.59000000000003,38.339999999999996,2
P244869,132.09,38.33,1
P236104,406.999,38.32,1
P203704,645.137,38.32,2
P238385,160.76,38.32,1
P225498,165.88,38.32,1
P220357,1405.17,38.316,5
P232152,149.57,38.31,1
P246794,316.326,38.295,2
P235085,154.58,38.29,1
P214400,132.981,38.28,1
P227509,162.42,38.28,1
P242058,323.54150000000004,38.27,2
P244047,474.60749999999996,38.27,3
P237554,103.707,38.27,1
P242150,300.522,38.265,2
P201455,732.4599999999999,38.263333333333335,3
P246316,156.332,38.26,1
P227474,400.945,38.26,1
P235803,151.722,38.22,1
P205624,146.78449999999998,38.21,1
P219939,151.46,38.21,1
P203481,702.534,38.205000000000005,2
P204793,125.552,38.2,1
P226442,151.73,38.18,1
P237736,129.75,38.18,1
P203543,161.44,38.17,1
P209714,385.5575,38.17,1
P211899,152.6175,38.16,1
P213974,151.79,38.16,1
P202571,159.6475,38.16,1
P243386,168.95,38.16,1
P240470,149.38,38.15,1
P220199,153.80749999999998,38.14,1
P230341,301.58000000000004,38.14,2
P223423,309.15000000000003,38.135,2
P206031,160.16049999999998,38.13,1
P249626,128.99,38.13,1
P225548,868.18,38.129999999999995,3
P227100,393.68,38.125,2
P213055,457.53,38.125,2
P216157,101.72,38.11,1
P229092,164.198,38.11,1
P233067,844.4289999999999,38.10333333333333,3
P215273,392.44,38.1,1
P231803,418.072,38.07666666666666,3
P221008,318.73249999999996,38.075,2
P209567,381.6,38.07,1
P242142,159.04,38.07,1
P219407,129.70000000000002,38.07,1
P249430,383.22,38.06,1
P238253,127.98,38.06,1
P232066,382.03,38.06,1
P235483,420.82,38.053333333333335,3
P204834,688.848,38.044999999999995,2
P217322,98.2,38.04,1
P205384,130.65,38.04,1
P235401,766.0389999999999,38.035,2
P246483,378.312,38.03,1
P210634,406.064,38.03,1
P232731,129.01,38.02,1
P242525,311.146,38.015,2
P200001,151.299,38.01,1
P238439,294.18,38.005,2
P221606,125.01,38.0,1
P233001,160.22,37.98,1
P219320,154.79,37.97,1
P233267,394.61,37.96,1
P248505,214.72,37.955,2
P235040,158.288,37.95,1
P243997,164.00799999999998,37.94,1
P217386,159.85899999999998,37.94,1
P239582,301.091,37.935,2
P218899,132.54,37.92,1
P221376,378.1395,37.91,1
P224406,292.037,37.905,2
P236826,115.38,37.9,1
P212850,296.487,37.895,2
P227146,126.28,37.89,1
P205687,403.29,37.89,1
P201487,127.65,37.89,1
P223232,664.17,37.885000000000005,2
P236228,300.374,37.885,2
P217498,129.84599999999998,37.88,1
P217021,94.15,37.87,1
P234890,592.858,37.865,2
P230771,156.96099999999998,37.84,1
P217396,159.68,37.82,1
P222188,303.60200000000003,37.815000000000005,2
P239854,292.65,37.805,2
P216439,301.32599999999996,37.805,2
P226425,97.47,37.8,1
P224029,129.056,37.8,1
P248145,532.6025,37.796666666666674,3
P208572,365.52,37.795,2
P210330,393.642,37.78,1
P225448,167.22,37.77,1
P213125,97.622,37.77,1
P212758,295.763,37.765,2
P239518,300.618,37.75,2
P206387,380.82,37.75,1
P231448,379.95,37.74,1
P235159,161.94,37.73,1
P207452,1047.1045000000001,37.72666666666667,3
P201680,126.22,37.72,1
P206977,390.048,37.71,1
P200118,168.42,37.71,1
P239025,307.97950000000003,37.7,2
P228055,151.47,37.7,1
P240704,386.406,37.7,1
P235442,152.72,37.69,1
P217202,107.82,37.69,1
P215652,113.904,37.69,1
P211884,765.5554999999999,37.69,2
P205644,128.76,37.69,1
P201186,647.772,37.69,2
P216225,284.573,37.68,2
P246724,109.8,37.68,1
P232983,252.41199999999998,37.67,2
P247119,127.936,37.67,1
P231530,112.36,37.67,1
P214765,123.5285,37.66,1
P211788,279.7,37.655,2
P212699,447.7695,37.653333333333336,3
P249011,380.7505,37.65,1
P207629,126.46,37.65,1
P240573,149.904,37.64,1
P203552,166.572,37.64,1
P204024,164.38,37.63,1
P246667,151.0,37.63,1
P211948,154.11,37.63,1
P203733,210.57899999999998,37.625,2
P223399,309.748,37.620000000000005,2
P204335,162.63,37.62,1
P231990,285.2749999999999,37.61,2
P210019,131.9,37.61,1
P224432,1274.2244999999998,37.5925,4
P233481,153.61,37.59,1
P219699,325.51000000000005,37.59,2
P220699,122.568,37.58,1
P212105,428.97,37.57,2
P249348,278.313,37.559999999999995,2
P249920,515.4150000000001,37.550000000000004,3
P219539,367.02,37.55,1
P200819,597.9200000000001,37.5375,4
P231081,285.897,37.535,2
P244561,160.44,37.53,1
P201779,386.05,37.53,1
P244696,253.315,37.53,2
P223302,385.416,37.53,1
P201581,382.9925,37.52,1
P200030,154.17,37.52,1
P229234,384.02,37.51,1
P217087,395.496,37.51,1
P236880,946.8294999999999,37.50333333333334,3
P202831,378.9,37.5,1
P218787,159.768,37.49,1
P245896,491.16,37.485,2
P244837,98.96,37.48,1
P222183,148.40099999999998,37.44,1
P227841,318.4125,37.44,2
P211057,276.95,37.435,2
P202170,385.02,37.43,1
P249957,167.472,37.42,1
P214456,707.13,37.419999999999995,2
P211913,389.2,37.41,1
P206374,124.916,37.41,1
P232876,159.95,37.41,1
P239591,308.41,37.4,2
P216714,295.24150000000003,37.395,2
P235511,150.472,37.39,1
P245684,158.27,37.39,1
P222562,152.47,37.39,1
P242392,396.73,37.39,1
P219311,161.18649999999997,37.38,1
P226441,146.74,37.38,1
P230253,412.91149999999993,37.370000000000005,2
P239117,196.938,37.345,2
P219843,344.82,37.34,3
P214280,152.057,37.32,1
P204947,386.48,37.31,1
P204554,148.88,37.31,1
P237903,716.97,37.309999999999995,2
P245585,712.553,37.305,2
P211594,107.0,37.3,1
P201471,618.023,37.3,4
P207012,154.89,37.3,1
P212836,158.28,37.29,1
P244920,158.121,37.29,1
P220644,162.94500000000002,37.29,1
P234758,301.4445,37.28,2
P222903,392.996,37.28,1
P206907,102.049,37.27,1
P218946,705.2455,37.255,2
P236185,725.078,37.25,2
P238632,150.297,37.25,1
P235173,127.932,37.24,1
P227027,379.9905,37.22,1
P234068,150.57,37.21,1
P205643,158.34,37.2,1
P211506,316.437,37.199999999999996,2
P246563,164.79,37.18,1
P201850,397.6035,37.18,1
P214823,433.77500000000003,37.17666666666667,3
P244515,390.8175,37.166666666666664,3
P244906,974.2529999999999,37.163333333333334,3
P243519,605.4135,37.160000000000004,2
P201951,94.69,37.16,1
P230599,381.676,37.16,2
P244380,379.59,37.15,1
P219476,296.5955,37.14,2
P205931,160.55,37.13,1
P233782,296.7855,37.11,2
P225425,100.96,37.1,1
P204624,147.56,37.1,1
P221153,276.62,37.099999999999994,2
P240747,959.6165,37.093333333333334,3
P240102,129.352,37.09,1
P220867,149.14,37.09,1
P233763,191.535,37.085,2
P222898,384.9115,37.08,1
P235588,390.04,37.07,1
P210337,161.31,37.06,1
P204146,388.4755,37.05,1
P228259,392.18,37.04,1
P240621,157.49,37.02,1
P224536,163.52,37.02,1
P223196,500.2455,37.00333333333333,3
P240596,677.301,37.0025,4
P240422,125.32399999999998,37.0,1
P200132,129.96,37.0,1
P202669,98.289,36.99,1
P240200,720.169,36.99,2
P233096,394.34,36.99,1
P235596,423.93600000000004,36.983333333333334,3
P225069,160.596,36.96,1
P235304,247.383,36.96,2
P249144,141.83,36.96,1
P237892,476.63550000000004,36.95666666666666,3
P209942,155.484,36.95,1
P216923,376.67,36.95,1
P202090,953.766,36.946666666666665,3
P207878,160.837,36.92,1
P236247,749.44,36.915,2
P246883,413.8685,36.913333333333334,3
P208451,150.54,36.89,1
P239084,125.16,36.89,1
P207864,131.886,36.88,1
P209779,278.273,36.879999999999995,2
P219330,289.5,36.87,2
P241527,130.32,36.86,1
P242112,318.13,36.86,2
P204163,152.741,36.85,1
P216786,373.9,36.85,1
P217663,143.37,36.85,1
P201007,151.03,36.85,1
P212977,158.0,36.84,1
P217624,389.61,36.84,1
P202045,621.2099999999999,36.84,2
P225941,559.002,36.839999999999996,2
P213028,539.033,36.832499999999996,4
P221888,153.121,36.8,1
P223402,124.26,36.8,1
P207773,122.607,36.8,1
P243743,408.953,36.78333333333334,3
P233061,391.25,36.78,1
P200741,702.3075,36.78,2
P210156,215.4085,36.78,2
P221483,294.05,36.76,2
P227932,376.84,36.73,1
P210734,98.3345,36.73,1
P216813,144.72299999999998,36.73,1
P244995,158.457,36.72,1
P213063,159.054,36.7,1
P219082,128.952,36.69,1
P212706,389.348,36.69,1
P202123,125.91899999999998,36.68,1
P245680,158.51,36.68,1
P219596,284.3055,36.655,2
P226603,147.31,36.65,1
P231994,366.146,36.63,1
P242829,377.49,36.63,1
P222407,1044.0200000000002,36.63,3
P224353,276.4135,36.629999999999995,2
P203262,157.13,36.62,1
P213434,385.24,36.62,1
P230083,676.6855,36.615,2
P210872,726.936,36.615,2
P209958,98.9615,36.6,1
P217770,354.087,36.6,1
P238513,436.996,36.593333333333334,3
P223804,108.648,36.59,1
P238970,158.58,36.59,1
P248876,143.602,36.58,1
P237559,375.2025,36.57,1
P245477,281.5165,36.565,2
P235030,465.913,36.56,2
P204761,261.825,36.56,2
P210144,158.56,36.55,1
P212805,145.2265,36.54,1
P248360,370.412,36.535,2
P206480,313.425,36.535,2
P225366,387.918,36.53,1
P236108,377.05,36.52,1
P219023,408.654,36.505,2
P209018,485.234,36.505,2
P249116,158.31,36.5,1
P234837,163.17000000000002,36.5,1
P206217,382.109,36.49,1
P204317,575.55,36.489999999999995,2
P202477,535.584,36.48,2
P211845,161.946,36.48,1
P245347,291.82,36.47,2
P213088,93.6,36.47,1
P236769,120.51,36.46,1
P243577,379.66,36.46,1
P222615,156.06,36.46,1
P204201,367.536,36.45,1
P244781,154.28,36.45,1
P230802,969.13,36.44,3
P235549,309.2525,36.435,2
P231558,98.46,36.43,1
P233834,154.0,36.42,1
P211260,269.613,36.415,2
P244511,202.056,36.405,2
P225561,215.13299999999998,36.394999999999996,2
P228962,95.965,36.39,1
P232076,139.8495,36.39,1
P248755,427.487,36.39,2
P248068,390.663,36.38333333333333,3
P232550,143.31,36.38,1
P240526,1035.438,36.376666666666665,3
P223633,142.74,36.37,1
P233581,247.129,36.37,2
P211237,119.02,36.36,1
P220986,152.83,36.35,1
P227762,448.12399999999997,36.339999999999996,3
P231518,574.672,36.339999999999996,3
P235789,622.778,36.335,2
P234520,428.48900000000003,36.32666666666667,3
P203522,153.207,36.32,1
P224415,158.8875,36.31,1
P243535,378.18,36.3,1
P220311,454.8210000000001,36.276666666666664,3
P203762,153.95,36.25,1
P228450,367.18,36.25,1
P237223,152.94,36.25,1
P232279,439.115,36.245000000000005,2
P238066,376.56,36.24,1
P212901,129.99,36.24,1
P225217,122.86,36.2,1
P244550,424.623,36.190000000000005,3
P227188,147.56,36.19,1
P248592,378.404,36.19,1
P233272,99.95,36.18,1
P232088,126.8285,36.18,1
P236454,157.68099999999998,36.18,1
P201196,156.72,36.18,1
P234125,378.42,36.18,1
P213138,981.0865,36.17666666666667,3
P225497,418.468,36.17333333333334,3
P235519,375.95,36.17,1
P243179,900.3275,36.1675,4
P211087,122.63,36.16,1
P214830,322.566,36.16,2
P210291,148.35,36.15,1
P219180,158.88,36.14,1
P221634,120.7,36.14,1
P248232,362.75,36.14,1
P227516,156.55,36.13,1
P228871,140.98,36.12,1
P223730,152.21,36.12,1
P214778,124.58,36.12,1
P213425,97.185,36.11,1
P203333,363.888,36.11,1
P234293,150.88,36.1,1
P242255,237.649,36.07,2
P215533,377.207,36.06,1
P232826,307.05549999999994,36.059999999999995,2
P241684,421.89500000000004,36.056666666666665,3
P220360,395.6275,36.05,1
P200385,146.69,36.04,1
P205678,687.0640000000001,36.0325,4
P245443,388.58,36.02,1
P228806,371.8775,36.01,1
P213571,368.624,36.01,1
P211889,386.6,35.99,1
P208185,119.204,35.99,1
P208056,293.8705,35.98,2
P215698,725.429,35.974000000000004,5
P221128,151.22,35.97,1
P225519,279.098,35.97,2
P201642,311.428,35.964999999999996,2
P227995,288.496,35.955,2
P228586,376.865,35.95,1
P235502,740.2629999999999,35.949999999999996,3
P224140,741.552,35.945,2
P207071,795.076,35.943333333333335,3
P245731,399.24,35.94,1
P231538,376.2355,35.93,1
P245031,144.656,35.92,1
P214274,378.972,35.92,1
P220286,233.10000000000002,35.9,2
P202252,121.48,35.89,1
P248176,156.047,35.89,1
P247688,364.32,35.89,1
P200065,153.87,35.88,1
P210943,585.446,35.872,5
P209776,288.25,35.87,2
P245531,121.311,35.85,1
P230487,154.71,35.85,1
P202363,282.8175,35.845,2
P247825,95.31,35.84,1
P210334,250.20999999999998,35.824999999999996,2
P241794,120.859,35.82,1
P222406,225.096,35.815,2
P217692,142.32,35.81,1
P223135,151.12,35.81,1
P220371,159.03,35.79,1
P230836,121.34,35.79,1
P204292,121.69,35.78,1
P234569,371.052,35.76,1
P239608,366.84,35.76,1
P210274,126.62299999999998,35.76,1
P226731,147.93300000000002,35.75,1
P228656,369.7,35.74,1
P211419,247.51000000000002,35.739999999999995,2
P201148,277.761,35.735,2
P237161,251.63,35.725,2
P214676,761.78,35.71,3
P233007,331.68,35.7,3
P207980,139.86,35.69,1
P229954,238.132,35.68000000000001,2
P234238,122.5405,35.68,1
P213120,141.86,35.66,1
P220483,371.7000000000001,35.66,1
P209713,298.24150000000003,35.655,2
P227776,120.042,35.65,1
P235219,371.36,35.65,1
P229632,95.68,35.63,1
P204186,121.54,35.62,1
P240229,565.9110000000001,35.605000000000004,2
P217077,261.32449999999994,35.595,2
P232503,288.004,35.585,2
P218589,373.725,35.57,1
P241769,370.6805,35.57,1
P213269,668.8494999999999,35.565,2
P235169,243.694,35.555,2
P226804,153.14,35.55,1
P229787,120.93,35.55,1
P231181,119.82,35.55,1
P240443,118.251,35.55,1
P203984,379.3825,35.55,1
P227934,157.12,35.54,1
P247715,143.28,35.54,1
P203397,115.89,35.53,1
P242875,154.69,35.53,1
P214416,675.2935,35.525,2
P218428,119.36,35.52,1
P230078,243.747,35.515,2
P224139,125.95,35.51,1
P227967,429.735,35.50666666666667,3
P249911,273.20250000000004,35.504999999999995,2
P246401,141.471,35.5,1
P203740,123.34,35.5,1
P218694,121.3625,35.5,1
P246346,539.11,35.495000000000005,2
P249616,639.788,35.49333333333333,3
P232349,152.802,35.49,1
P208463,93.51,35.48,1
P248894,144.06,35.48,1
P216951,285.37,35.475,2
P246857,155.376,35.47,1
P245750,234.216,35.46,2
P245954,144.48,35.45,1
P239899,747.1500000000001,35.445,2
P214426,143.376,35.44,1
P243970,372.177,35.44,1
P201047,145.66500000000002,35.42,1
P208038,361.18,35.42,1
P228890,829.3499999999999,35.419999999999995,3
P249475,333.974,35.415,2
P202993,154.54,35.4,1
P203759,142.51,35.4,1
P216083,96.18,35.4,1
P237691,149.11200000000002,35.39,1
P208151,626.1765,35.375,2
P212795,666.47,35.375,2
P248900,90.144,35.37,1
P232068,320.072,35.365,2
P231371,159.0265,35.36,1
P236982,347.28,35.36,1
P241777,144.79899999999998,35.35,1
P231116,153.99499999999998,35.35,1
P239553,336.88399999999996,35.349999999999994,2
P224770,121.338,35.34,1
P206923,149.56,35.33,1
P246396,365.384,35.32,1
P226095,137.218,35.31,1
P240674,354.88,35.31,1
P221468,373.46,35.3,1
P234010,118.42,35.29,1
P222548,121.8945,35.29,1
P210158,286.368,35.29,2
P200913,153.13,35.29,1
P246335,310.452,35.27,3
P245646,158.43200000000002,35.27,1
P231033,364.92300000000006,35.27,1
P240415,143.39,35.26,1
P237696,415.7035,35.25,3
P249271,145.29600000000002,35.25,1
P215411,676.456,35.25,2
P248489,122.44,35.24,1
P249356,370.1495,35.23,1
P236441,298.94100000000003,35.225,2
P203889,149.397,35.22,1
P230707,373.4645,35.22,1
P242706,397.655,35.22,2
P227594,151.85,35.21,1
P242527,277.8325,35.205,2
P206406,122.418,35.2,1
P239009,738.8000000000001,35.196666666666665,3
P230741,732.1120000000001,35.193333333333335,3
P248613,705.491,35.18666666666667,3
P214947,414.78,35.17666666666667,3
P204286,1025.834,35.160000000000004,3
P227147,149.22,35.16,1
P237589,146.2145,35.15,1
P245246,125.04,35.14,1
P224085,142.35,35.14,1
P231135,292.89,35.135,2
P223953,140.931,35.13,1
P214893,141.06,35.12,1
P235880,158.067,35.11,1
P234432,231.856,35.1,2
P228654,122.38,35.1,1
P236624,153.52,35.1,1
P247138,373.365,35.09,1
P246963,271.34000000000003,35.085,2
P231826,151.20000000000002,35.08,1
P233246,613.93,35.07666666666667,3
P206003,707.4560000000001,35.065,2
P224976,141.73,35.06,1
P208282,137.87,35.06,1
P237419,146.92,35.06,1
P234644,146.565,35.05,1
P223422,126.52,35.05,1
P224652,736.446,35.045,2
P202471,382.1175,35.04,1
P238108,153.799,35.04,1
P208058,981.09,35.04,3
P247376,704.4295,35.04,2
P236884,187.8345,35.035000000000004,2
P229924,382.203,35.02,1
P217405,151.69,35.02,1
P247377,323.83599999999996,35.01,2
P210154,366.79,35.0,1
P203852,243.19800000000004,35.0,2
P237361,121.47,34.98,1
P214067,122.46,34.98,1
P202260,286.652,34.975,2
P205582,366.9,34.97,1
P211677,309.587,34.96,2
P221983,289.531,34.94,2
P248523,484.808,34.93,2
P216619,156.128,34.93,1
P205714,116.53,34.93,1
P237804,268.118,34.93,2
P224630,663.28,34.93,2
P234804,317.22999999999996,34.925,2
P233307,363.75,34.92,1
P226712,277.86400000000003,34.904999999999994,2
P212821,156.82500000000002,34.89,1
P202369,361.475,34.89,1
P246750,819.742,34.88666666666666,3
P239100,160.34,34.88,1
P236833,119.64,34.88,1
P222105,122.52,34.86,1
P214490,366.2345,34.85,1
P201707,120.11,34.84,1
P212923,119.104,34.84,1
P225671,152.82,34.84,1
P229621,557.274,34.8375,4
P235218,375.93,34.83,1
P207369,119.6525,34.82,1
P224591,352.62,34.82,1
P237584,122.14499999999998,34.81,1
P200037,149.321,34.81,1
P236492,311.387,34.806666666666665,3
P220679,143.667,34.8,1
P233093,359.07,34.79,1
P234844,381.026,34.79,1
P225491,653.2389999999999,34.785,2
P204804,120.1,34.78,1
P208220,142.481,34.78,1
P207303,91.75,34.77,1
P225981,117.92,34.76,1
P213736,103.4,34.76,1
P232810,148.95000000000002,34.76,1
P231832,359.157,34.76,1
P226812,366.12,34.76,1
P236440,136.116,34.75,1
P211336,147.62,34.75,1
P236776,144.431,34.74,1
P249457,93.177,34.74,1
P224560,118.881,34.74,1
P205226,139.825,34.7,1
P211769,360.22,34.69,2
P211543,91.6,34.69,1
P246474,643.31,34.685,4
P219847,116.3845,34.68,1
P219998,349.39200000000005,34.68,1
P244682,357.732,34.67,1
P249214,658.0600000000001,34.67,2
P235210,141.48,34.67,1
P224405,287.18,34.665,2
P209355,138.0315,34.66,1
P214438,97.2,34.65,1
P235677,120.555,34.65,1
P205243,734.084,34.64666666666667,3
P240134,118.6,34.64,1
P231109,553.2605,34.63666666666666,3
P210704,400.71299999999997,34.63333333333333,3
P202959,131.01,34.63,1
P230505,89.624,34.62,1
P221559,137.15099999999998,34.62,1
P217165,368.896,34.62,1
P248491,152.26,34.62,1
P207231,159.6285,34.62,1
P228516,356.19,34.62,1
P203923,151.012,34.62,1
P247391,360.74,34.62,1
P221791,503.52,34.595,2
P230763,149.94,34.59,1
P241060,544.0255,34.586666666666666,3
P246999,694.14,34.583333333333336,3
P223814,117.6,34.58,1
P243318,147.85,34.57,1
P208079,248.602,34.555,2
P208693,370.65,34.55,1
P212631,912.2289999999999,34.54333333333333,3
P200917,358.65000000000003,34.54,1
P218936,443.73,34.53333333333333,3
P234930,119.007,34.52,1
P208213,133.76,34.52,1
P238955,104.28,34.52,1
P230792,239.66500000000002,34.510000000000005,2
P243511,343.93,34.51,1
P239662,341.4875,34.51,1
P208707,235.56650000000002,34.505,2
P202600,93.0715,34.5,1
P203754,111.492,34.5,1
P218356,506.832,34.5,2
P217138,116.42400000000002,34.48,1
P225564,92.43,34.48,1
P203248,89.48,34.48,1
P215826,154.47,34.48,1
P221236,93.32,34.47,1
P202684,347.89,34.47,1
P201912,285.19,34.47,2
P243959,151.18,34.47,1
P248775,291.976,34.465,2
P235713,663.1700000000001,34.464999999999996,2
P207261,118.87,34.46,1
P202505,652.2909999999999,34.445,2
P224675,131.63,34.44,1
P221426,286.954,34.44,2
P230905,318.904,34.43,3
P241520,134.58649999999997,34.43,1
P232026,353.9315,34.43,1
P237910,357.55,34.43,1
P230521,704.8530000000001,34.425,2
P232055,122.05,34.42,1
P206121,119.994,34.42,1
P213354,692.012,34.410000000000004,2
P241736,107.26,34.41,1
P211701,363.071,34.4,1
P211630,644.739,34.395,2
P211442,133.90249999999995,34.39,1
P249350,365.16,34.39,1
P234237,137.432,34.38,1
P211282,717.48,34.38,2
P220303,382.201,34.34666666666667,3
P242384,143.0295,34.33,1
P207296,145.1505,34.33,1
P246523,149.13,34.32,1
P207034,356.32,34.32,1
P221470,118.08,34.31,1
P239279,122.216,34.31,1
P221318,245.33999999999997,34.285,2
P234682,138.46,34.26,1
P239306,352.3335,34.26,1
P201042,216.63,34.25,2
P218131,346.7975,34.25,1
P201149,137.74,34.24,1
P239064,247.61,34.235,2
P224495,363.3465,34.23,1
P239314,354.68,34.23,1
P242428,352.1,34.23,1
P212028,294.2,34.225,2
P217970,349.84,34.22,1
P226992,137.93999999999997,34.22,1
P201488,225.837,34.214999999999996,2
P218436,146.952,34.21,1
P235416,147.45,34.21,1
P239468,643.2434999999999,34.205,2
P203782,643.91,34.199999999999996,2
P206278,260.08000000000004,34.195,2
P207850,363.49,34.19,1
P210352,680.735,34.185,2
P244747,621.25,34.185,2
P246002,138.9155,34.18,1
P230420,102.034,34.18,1
P204978,287.476,34.17,2
P204512,145.24,34.17,1
P222585,536.392,34.165,2
P201235,352.925,34.15,1
P200181,146.9,34.14,1
P226885,648.0875,34.14,2
P243518,393.3085,34.123333333333335,3
P217910,271.71999999999997,34.12,2
P216524,149.396,34.12,1
P219685,559.34,34.114999999999995,2
P235354,150.86,34.11,1
P217925,142.38,34.1,1
P208017,116.88,34.1,1
P209353,121.47,34.1,1
P201214,119.434,34.1,1
P215485,274.5935,34.099999999999994,2
P248296,354.52,34.09,1
P212225,155.567,34.09,1
P219054,242.26999999999998,34.09,2
P231782,562.31,34.075,2
P244452,149.644,34.07,1
P230549,118.53,34.06,1
P235950,541.0,34.055,2
P208687,382.44,34.05,2
P248847,691.8445,34.04,2
P240310,305.62,34.04,2
P218918,291.139,34.035,2
P218205,361.057,34.03,1
P241239,242.88,34.025,2
P215015,144.4475,34.02,1
P210159,356.26899999999995,34.01,1
P229740,149.72,34.01,1
P205133,140.45749999999998,34.01,1
P217010,92.7675,34.0,1
P233281,123.78,34.0,1
P249145,348.82,34.0,1
P241712,215.95199999999997,34.0,2
P243586,343.145,33.98,1
P242124,142.3575,33.97,1
P222776,633.62,33.965,2
P226247,351.747,33.96,1
P232059,210.921,33.955,2
P223365,337.9695,33.95333333333333,3
P246402,555.4125,33.940000000000005,3
P211531,361.854,33.94,1
P233720,356.68,33.94,1
P231620,90.76,33.94,1
P202932,120.76,33.93,1
P240031,365.2275,33.93,1
P219830,216.296,33.925,2
P211609,253.31,33.925,2
P222069,143.39,33.92,1
P221604,219.30199999999996,33.91,2
P245828,372.13,33.91,1
P240735,268.638,33.905,2
P208666,250.24,33.905,2
P219166,366.786,33.9,1
P212898,115.84,33.9,1
P235399,141.48,33.9,1
P202705,343.672,33.89,1
P205944,351.59,33.89,1
P214929,148.22,33.89,1
P233808,141.96,33.88,1
P230006,353.646,33.88,1
P248018,115.32,33.88,1
P246733,271.26,33.875,2
P226636,148.653,33.87,1
P201117,287.244,33.85,2
P218594,349.44,33.85,1
P247283,407.364,33.843333333333334,3
P215481,295.08,33.84,2
P232897,350.24,33.84,1
P247128,153.585,33.83,1
P209064,112.99,33.82,1
P217378,150.309,33.82,1
P225999,277.77,33.815,2
P205925,474.74,33.815,2
P208705,118.638,33.81,1
P207914,117.264,33.81,1
P235339,120.87,33.8,1
P245487,112.94,33.79,1
P241001,410.2155,33.79,3
P223556,356.24,33.78,1
P228330,139.99200000000002,33.78,1
P246151,344.619,33.77,1
P215373,249.228,33.765,2
P207633,369.9395,33.76,1
P228299,257.375,33.755,2
P240716,91.764,33.75,1
P214879,136.449,33.75,1
P224634,201.764,33.75,2
P242443,360.44,33.75,1
P204274,215.69199999999998,33.739999999999995,2
P249777,99.8355,33.73,1
P229745,354.76,33.73,1
P231970,276.83,33.715,2
P223693,145.49,33.7,1
P201998,358.316,33.69,1
P203518,257.284,33.685,2
P242022,347.9,33.68,1
P240387,111.72,33.67,1
P226048,142.75,33.67,1
P233472,144.144,33.66,1
P208048,889.1790000000001,33.66,4
P240023,183.248,33.644999999999996,2
P221298,367.52,33.64,1
P211179,500.72650000000004,33.64,2
P225062,350.973,33.63,1
P248686,132.21,33.61,1
P204697,268.48,33.61,2
P220872,116.08,33.6,1
P224232,577.1400000000001,33.595,2
P233193,114.53,33.59,1
P234467,113.88,33.57,1
P219485,347.5735,33.56,1
P227792,589.59,33.56,2
P236224,283.454,33.559999999999995,2
P242843,357.57,33.55,1
P220200,464.46999999999997,33.545,2
P234974,350.48,33.54,1
P229394,261.367,33.535,2
P207421,1217.1355,33.52250000000001,4
P227115,358.71,33.52,1
P247361,133.152,33.51,1
P231898,232.197,33.51,2
P236130,955.093,33.50666666666667,3
P222322,354.834,33.5,1
P244337,334.59,33.5,1
P242230,338.73,33.5,1
P247836,693.62,33.495,2
P219700,389.6765,33.49333333333333,3
P239357,503.93,33.485,2
P225019,88.26,33.48,1
P211447,147.65,33.48,1
P209042,116.784,33.47,1
P204277,121.736,33.47,1
P238809,325.673,33.46666666666667,3
P249139,284.832,33.464999999999996,2
P233679,116.8595,33.46,1
P222336,320.94000000000005,33.455,2
P223709,281.69,33.45,2
P246958,656.268,33.443333333333335,3
P231611,139.6,33.44,1
P227884,358.94,33.44,1
P223847,120.32,33.44,1
P204436,426.2555,33.435,2
P203728,348.25,33.43,1
P232887,153.1,33.43,1
P211469,145.87,33.43,1
P242226,101.2225,33.42,1
P220723,192.56550000000001,33.415,2
P211984,149.92,33.4,1
P221199,344.071,33.39,1
P226215,351.781,33.39,1
P234600,368.682,33.38666666666667,3
P219584,512.561,33.385,2
P234450,117.43,33.37,1
P214337,145.72799999999998,33.37,1
P225917,113.28,33.35,1
P229510,87.5805,33.35,1
P217330,137.037,33.35,1
P245129,784.587,33.34666666666667,3
P232436,133.6285,33.34,1
P237451,270.83,33.335,2
P228192,889.8969999999999,33.33,3
P230134,396.80499999999995,33.33,3
P220215,129.149,33.33,1
P217193,130.51,33.33,1
P229543,267.053,33.32,2
P207233,133.794,33.32,1
P213015,137.23,33.31,1
P248397,91.0,33.31,1
P237510,97.299,33.31,1
P233680,103.34,33.3,1
P202539,225.055,33.295,2
P223553,367.947,33.29333333333333,3
P211883,345.819,33.29,1
P246476,352.989,33.29,1
P235012,370.082,33.29,1
P210069,268.15,33.28,2
P230472,247.1985,33.279999999999994,2
P249707,360.13,33.26,1
P245451,148.761,33.26,1
P244477,141.19,33.25,1
P212708,258.96,33.24,2
P217054,365.79449999999997,33.236666666666665,3
P228115,142.74,33.23,1
P229173,117.63,33.22,1
P212715,92.57,33.22,1
P230466,588.7810000000001,33.21,2
P212459,244.422,33.205,2
P224240,350.36,33.2,1
P207275,146.01600000000002,33.2,1
P229876,133.27,33.17,1
P205108,345.888,33.17,1
P226738,683.599,33.153333333333336,3
P245883,232.30399999999997,33.15,2
P200071,115.8,33.15,1
P227961,353.238,33.14666666666667,3
P201693,922.4449999999999,33.14333333333333,3
P227414,231.14499999999998,33.135000000000005,2
P202434,217.8895,33.105,2
P213265,135.36,33.1,1
P228646,116.28,33.1,1
P214374,931.1514999999999,33.093333333333334,3
P221172,145.2,33.09,1
P227533,344.73,33.09,2
P223935,266.17,33.08,2
P206277,289.30899999999997,33.075,2
P244039,237.6215,33.065,2
P212509,643.9685000000001,33.040000000000006,2
P238032,211.185,33.04,2
P245848,322.48,33.03,1
P237653,137.3795,33.03,1
P201982,146.69,33.03,1
P235031,837.96,33.01333333333334,3
P226510,152.28,33.01,1
P216820,353.96,33.01,1
P204596,142.704,33.0,1
P204888,135.38,33.0,1
P245522,145.72799999999998,33.0,1
P244263,96.537,32.99,1
P231339,247.2435,32.980000000000004,2
P245318,132.36,32.97,1
P219182,340.1955,32.97,1
P215788,143.15,32.97,1
P208801,697.9875,32.965,2
P242279,118.67799999999998,32.96,1
P227262,345.17600000000004,32.96,1
P249782,390.6075,32.95666666666667,3
P231255,276.18,32.955,2
P214439,631.625,32.95333333333334,3
P211804,182.0785,32.945,2
P214285,349.92299999999994,32.94,1
P218354,339.93,32.94,1
P203539,334.845,32.94,1
P213591,130.511,32.93,1
P214332,117.88,32.91,1
P234649,703.152,32.905,2
P214476,352.9725,32.9,1
P232905,145.71099999999998,32.89,1
P244354,352.2125,32.88,1
P207787,578.8735,32.875,2
P223437,143.55,32.87,1
P245461,824.6115,32.87,3
P249295,148.33,32.86,1
P239402,112.72,32.85,1
P218527,136.3145,32.84,1
P249224,147.54,32.83,1
P244189,470.63599999999997,32.83,2
P220305,362.95,32.82,1
P231988,363.451,32.82,1
P224510,263.12,32.81,2
P213465,94.94,32.81,1
P206040,342.171,32.81,1
P234061,141.33,32.8,1
P208307,98.52,32.8,1
P230460,278.28999999999996,32.8,2
P244564,143.0985,32.8,1
P214052,353.76,32.8,2
P212546,273.966,32.785000000000004,2
P209933,350.23650000000004,32.78,3
P249674,220.29,32.765,2
P232748,134.14,32.76,1
P218796,348.09,32.76,1
P242685,143.1,32.76,1
P223481,586.461,32.73,2
P238193,142.95600000000002,32.73,1
P235515,633.423,32.725,2
P224268,83.64,32.72,1
P210444,111.074,32.72,1
P238419,784.5339999999999,32.72,3
P241478,276.254,32.72,2
P220394,378.6515,32.71,3
P242549,283.0825,32.71,2
P221427,119.2635,32.71,1
P210645,331.48,32.7,1
P205167,491.352,32.695,2
P208084,115.584,32.69,1
P247373,386.76,32.69,3
P207940,334.73,32.69,1
P233488,244.017,32.69,2
P241620,361.71799999999996,32.68333333333334,3
P205210,150.24,32.68,1
P220354,408.651,32.67,3
P216161,866.8755,32.6675,4
P247324,134.45,32.66,1
P231649,227.23999999999998,32.650000000000006,2
P207811,144.30450000000002,32.65,1
P236847,117.43,32.65,1
P217039,137.49,32.64,1
P226976,113.81,32.63,1
P210292,644.817,32.614999999999995,2
P216523,114.01,32.6,1
P218569,110.63,32.6,1
P236911,922.15,32.596666666666664,3
P202529,135.15,32.58,1
P223306,117.624,32.58,1
P212876,134.36,32.57,1
P243272,114.678,32.56,1
P200044,115.95,32.55,1
P226947,100.47,32.55,1
P229911,949.4920000000001,32.55,3
P236486,639.785,32.544999999999995,2
P211520,644.3009999999999,32.544999999999995,2
P241022,115.506,32.54,1
P231521,531.324,32.54,2
P208096,349.7615,32.53,1
P208980,79.92,32.53,1
P236536,332.752,32.53,1
P240902,262.9075,32.525,2
P223938,266.97900000000004,32.515,2
P245869,332.72,32.51,1
P234072,348.435,32.5,1
P239695,134.91,32.5,1
P200204,145.6635,32.5,1
P212817,259.0555,32.49,2
P248763,344.376,32.49,1
P213522,113.274,32.49,1
P233125,467.57,32.48333333333333,3
P240696,141.56,32.48,1
P217847,138.54999999999998,32.48,1
P243527,133.114,32.48,1
P234657,245.93699999999998,32.475,2
P230212,406.04999999999995,32.47,2
P230312,442.772,32.46,2
P222242,113.04,32.45,1
P239240,254.2,32.445,2
P243104,335.43549999999993,32.44,1
P242350,135.8385,32.43,1
P224849,144.38,32.42,1
P239050,344.12,32.42,1
P227217,181.56,32.42,2
P208431,572.844,32.415,2
P240736,266.31,32.415,2
P222747,509.82,32.405,2
P230917,640.7700000000001,32.405,2
P214250,86.241,32.4,1
P234490,105.7255,32.4,1
P240711,343.125,32.39,1
P213107,315.971,32.365,2
P224759,244.73000000000002,32.365,2
P229969,245.86,32.36,2
P207710,132.63,32.36,1
P204430,310.80649999999997,32.355000000000004,2
P226564,344.04,32.34,1
P246853,206.4035,32.315,2
P215770,560.2845,32.315,2
P240571,351.3,32.31,1
P203034,135.4,32.31,1
P207765,633.3269999999999,32.305,2
P244256,216.3375,32.295,2
P248119,533.5535000000001,32.29,3
P249545,115.634,32.29,1
P227492,348.03,32.285000000000004,2
P239478,138.7095,32.28,1
P214111,267.9,32.28,2
P216159,117.783,32.27,1
P221178,346.34,32.26,1
P216308,282.78,32.254999999999995,2
P218831,339.9955,32.25,1
P211996,138.635,32.23,1
P222246,742.3050000000001,32.22666666666667,3
P239441,481.32,32.223333333333336,3
P204194,693.5279999999999,32.22,3
P205516,345.82,32.22,1
P225929,251.54,32.22,2
P223075,666.56,32.205,2
P246471,747.406,32.199999999999996,3
P200145,243.18,32.195,2
P208479,142.128,32.19,1
P222982,246.07600000000002,32.185,2
P209591,126.47,32.18,1
P207882,128.55,32.18,1
P243736,640.51,32.175000000000004,2
P247443,215.945,32.17,2
P248347,138.75,32.17,1
P206170,272.916,32.17,2
P226264,621.794,32.17,2
P226809,241.44899999999998,32.165,2
P236601,112.12,32.16,1
P229137,114.28,32.16,1
P243052,87.27,32.15,1
P244623,862.5269999999999,32.13666666666666,3
P233909,96.292,32.13,1
P217681,141.18,32.13,1
P219888,554.1275,32.125,2
P236371,193.784,32.1,2
P249628,147.44,32.09,1
P229666,341.3,32.09,1
P200259,268.79550000000006,32.08,2
P238264,130.26600000000002,32.08,1
P206643,348.59,32.08,1
P238072,213.421,32.075,2
P228444,595.37,32.065,2
P213742,137.68,32.06,1
P241666,187.65050000000002,32.05,2
P222595,331.6,32.05,1
P245669,110.99,32.05,1
P230080,318.84000000000003,32.04333333333333,3
P204847,146.29999999999998,32.03,1
P211690,135.72,32.02,1
P238998,263.86800000000005,32.019999999999996,2
P238215,126.9,32.0,1
P211051,607.5319999999999,31.99,2
P200594,145.22400000000002,31.99,1
P228341,479.2620000000001,31.985,2
P204457,142.912,31.98,1
P206068,328.28700000000003,31.97,1
P229587,342.83,31.96,1
P234070,130.435,31.96,1
P238085,251.3,31.95,2
P208819,112.17,31.95,1
P239128,457.976,31.935000000000002,2
P202602,94.52,31.93,1
P210773,627.069,31.93,2
P221773,265.137,31.92,2
P223677,85.8,31.91,1
P211929,351.152,31.91,1
P222535,110.76,31.91,1
P220745,455.429,31.906666666666666,3
P244891,555.313,31.904999999999998,2
P235813,407.36,31.896666666666665,3
P246618,568.553,31.89,3
P200078,111.98,31.89,1
P238575,88.43400000000001,31.89,1
P237952,85.64,31.89,1
P240769,345.88,31.89,1
P243082,453.58000000000004,31.880000000000003,2
P245840,110.8935,31.88,1
P229941,375.4385,31.88,3
P243235,135.17,31.88,1
P227796,97.98,31.87,1
P242007,94.70999999999998,31.87,1
P220028,371.8315,31.853333333333335,3
P202263,330.95,31.85,1
P230601,252.02349999999998,31.849999999999998,2
P225604,334.2,31.83,1
P210266,145.376,31.83,1
P225421,114.174,31.83,1
P223793,135.8895,31.82,1
P214662,339.399,31.81,1
P204409,261.09999999999997,31.805,2
P244759,590.1400000000001,31.795,2
P236202,255.263,31.795,2
P200746,261.3365,31.794999999999998,2
P206180,138.52,31.79,1
P203662,81.339,31.79,1
P241311,246.33749999999998,31.785000000000004,2
P205060,399.4975,31.78,3
P207573,338.846,31.77,1
P216894,80.95899999999999,31.77,1
P217955,130.73,31.76,1
P231905,137.75,31.76,1
P215143,87.093,31.76,1
P209085,216.23,31.755,2
P234539,334.571,31.75,1
P225180,878.6179999999999,31.74666666666667,3
P212029,245.08800000000002,31.745,2
P233383,88.46,31.74,1
P202461,135.32399999999998,31.74,1
P230564,258.019,31.73,2
P209716,339.06,31.73,1
P227552,511.2455,31.7125,4
P216806,133.23,31.71,1
P214454,481.69000000000005,31.71,2
P243820,109.256,31.7,1
P220381,135.55,31.7,1
P248408,222.4425,31.7,2
P228645,193.98000000000002,31.695,2
P241678,610.736,31.695,2
P228700,128.763,31.69,1
P206137,347.32,31.69,1
P203197,145.35,31.67,1
P237605,334.49,31.67,1
P233709,216.46,31.665,2
P237722,218.23000000000002,31.665,2
P219569,281.59,31.664999999999996,2
P214346,113.04,31.66,1
P239884,280.419,31.654999999999998,2
P231356,466.20349999999996,31.643333333333334,3
P208691,882.78,31.64,3
P226362,133.26,31.64,1
P205773,571.65,31.64,2
P208331,110.34,31.64,1
P245967,665.298,31.635,2
P235364,237.63,31.630000000000003,2
P249280,335.12,31.61,1
P209993,113.1735,31.6,1
P201210,287.7785,31.599999999999998,3
P229661,133.94400000000002,31.59,1
P245047,584.925,31.58,2
P236356,144.5045,31.57,1
P211479,137.513,31.57,1
P230581,333.63,31.57,1
P203230,240.089,31.560000000000002,2
P233158,221.66400000000002,31.555,2
P214612,331.96,31.55,1
P219509,463.198,31.545,2
P218239,222.258,31.540000000000003,2
P221110,134.61499999999998,31.54,1
P203101,389.469,31.539999999999996,3
P236941,95.16,31.52,1
P208072,610.7295,31.52,3
P242273,376.536,31.513333333333335,3
P210668,123.921,31.51,1
P230465,256.94,31.485,2
P235482,97.18,31.48,1
P241646,131.04,31.48,1
P231272,139.137,31.48,1
P214410,276.0475,31.48,3
P248707,383.1515,31.48,2
P206909,238.471,31.47,2
P226754,112.01,31.47,1
P206093,311.32,31.47,1
P246813,108.9,31.47,1
P249282,111.27,31.46,1
P212855,402.45,31.450000000000003,3
P231582,87.174,31.45,1
P248465,139.995,31.45,1
P246661,82.5,31.44,1
P217125,111.95,31.43,1
P225762,112.6,31.42,1
P248014,222.77,31.42,2
P229340,463.65,31.41,3
P230743,507.0495,31.405,4
P249207,137.84,31.4,1
P228181,340.72,31.4,1
P205729,636.011,31.4,2
P244862,654.8,31.395000000000003,2
P232576,141.816,31.38,1
P222812,242.2145,31.38,2
P214022,332.64000000000004,31.38,1
P201008,338.504,31.38,1
P204461,84.113,31.38,1
P219338,131.7935,31.38,1
P200964,784.3405,31.376666666666665,3
P238495,324.36,31.37,1
P247931,271.62,31.369999999999997,2
P203423,178.4785,31.365000000000002,2
P225556,331.721,31.36,1
P226674,81.7105,31.35,1
P203157,277.1485,31.340000000000003,2
P228231,85.16,31.34,1
P221085,82.1845,31.33,1
P231631,651.48,31.325,2
P238829,253.71,31.325,2
P234518,106.029,31.32,1
P242849,260.037,31.32,2
P238573,137.2,31.31,1
P236984,661.0065,31.3,2
P206716,322.632,31.3,1
P217852,109.836,31.29,1
P217830,285.99600000000004,31.275000000000002,2
P244894,372.30199999999996,31.266666666666666,3
P227429,346.62,31.26,1
P246299,343.25,31.25,1
P203055,328.84,31.24,1
P227478,218.78199999999998,31.235,2
P220714,129.47,31.23,1
P241161,82.82,31.23,1
P208681,340.055,31.224999999999998,2
P209286,339.264,31.22,1
P245306,316.2745,31.215000000000003,2
P231535,650.523,31.215,2
P231358,327.4,31.21,1
P210170,333.39,31.21,2
P229580,411.45,31.21,2
P237638,241.53,31.205,2
P225654,328.895,31.2,1
P219352,105.26,31.2,1
P224360,134.01649999999998,31.2,1
P216110,336.546,31.2,1
P216417,136.92,31.19,1
P230220,113.77,31.19,1
P205984,267.0485,31.19,2
P203453,339.473,31.19,1
P227903,507.30300000000005,31.175000000000004,2
P213913,598.3825,31.175,2
P243058,127.15749999999998,31.17,1
P217341,527.798,31.169999999999998,2
P247171,606.8900000000001,31.150000000000002,2
P232871,124.39,31.15,1
P249243,130.311,31.15,1
P235493,497.82,31.14,2
P219048,341.224,31.14,1
P237519,338.89,31.14,1
P203206,136.0,31.14,1
P243782,206.84449999999998,31.13,2
P212964,108.3475,31.13,1
P243101,129.466,31.13,1
P226035,600.75,31.13,2
P240708,230.5365,31.125,2
P246610,251.35649999999998,31.125,2
P209703,81.94500000000001,31.12,1
P217143,133.2545,31.12,1
P221535,654.94,31.115,2
P246782,110.178,31.11,1
P231322,245.51999999999998,31.095,2
P211975,136.98,31.09,1
P206982,364.72,31.085,2
P225847,181.584,31.08,2
P231736,650.6695,31.075,2
P227588,114.376,31.07,1
P229500,590.6709999999999,31.060000000000002,2
P224985,110.43,31.06,1
P211822,320.472,31.06,1
P231647,100.23,31.05,1
P227771,282.15999999999997,31.049999999999997,2
P245799,223.23299999999998,31.044999999999998,2
P226507,1016.8109999999999,31.035,4
P246662,528.5939999999999,31.032500000000002,4
P212727,129.2,31.01,1
P209775,105.948,31.01,1
P238080,333.36,31.01,1
P240970,268.4075,31.009999999999998,2
P245335,243.686,31.0,2
P226842,108.3,31.0,1
P226175,106.61,31.0,1
P214974,108.281,30.99,1
P202469,437.476,30.986666666666668,3
P211163,345.299,30.985,2
P219664,84.74,30.98,1
P226402,240.667,30.96,2
P206101,336.19,30.959999999999997,3
P211258,445.65549999999996,30.95,2
P216484,97.28,30.94,1
P242821,139.84,30.93,1
P227003,534.766,30.927500000000002,4
P203362,132.413,30.92,1
P218407,594.524,30.913333333333338,3
P213153,139.707,30.9,1
P204794,112.58,30.9,1
P214585,114.551,30.9,1
P232795,257.5915,30.895000000000003,2
P243701,214.0125,30.895,2
P200163,134.84,30.89,1
P215185,223.822,30.88,2
P232141,89.414,30.88,1
P202435,317.268,30.879999999999995,3
P227120,143.57,30.87,1
P218916,108.889,30.87,1
P235632,423.25250000000005,30.869999999999997,2
P210440,578.6875000000001,30.86,2
P205871,606.0720000000001,30.86,2
P204937,664.34,30.845,2
P227532,320.9955,30.84,1
P246642,234.4935,30.84,2
P208025,315.48800000000006,30.84,1
P214855,334.6185,30.83,1
P230709,104.25,30.83,1
P232778,343.033,30.826666666666664,3
P237275,126.18,30.81,1
P226455,372.77000000000004,30.80666666666667,3
P242469,332.541,30.8,1
P205310,129.85,30.8,1
P230270,134.98,30.8,1
P200111,310.334,30.790000000000003,2
P205200,337.05,30.79,1
P219426,104.9325,30.79,1
P203058,136.05,30.79,1
P230350,130.17,30.77,1
P221827,358.81,30.763333333333332,3
P239396,656.18,30.753333333333334,3
P219896,319.65,30.75,1
P226831,355.829,30.74666666666667,3
P211227,367.79,30.735,2
P242807,486.589,30.73,2
P202577,400.64,30.72,2
P249245,246.48499999999999,30.71,2
P205816,123.09149999999998,30.7,1
P235917,100.79,30.7,1
P213236,263.187,30.68,2
P210264,109.04,30.68,1
P239818,555.619,30.650000000000002,2
P231330,130.66,30.65,1
P237264,635.9300000000001,30.645000000000003,2
P215590,250.308,30.64,2
P217253,134.19,30.64,1
P240812,323.02,30.63,1
P229121,82.2,30.62,1
P235507,80.98,30.62,1
P244251,135.39,30.61,1
P228979,208.0965,30.585,2
P221880,179.1295,30.585,2
P248078,93.05,30.58,1
P235101,550.12,30.58,2
P214272,1133.2285,30.57,4
P236929,126.39,30.57,1
P221307,443.033,30.57,2
P247287,103.683,30.57,1
P242656,295.35,30.563333333333333,3
P238746,260.68399999999997,30.56,2
P234996,128.18,30.56,1
P204703,136.78,30.56,1
P236267,134.2445,30.55,1
P228571,129.17,30.55,1
P212947,335.1315,30.55,1
P242380,344.6325,30.55,1
P244273,106.02,30.55,1
P237141,210.8885,30.545,2
P244839,331.59,30.54,1
P204455,321.84,30.54,1
P207775,547.79,30.523333333333337,3
P204085,249.48000000000002,30.520000000000003,2
P246254,133.80749999999998,30.52,1
P239373,343.19,30.51,1
P219142,326.322,30.51,1
P208207,123.032,30.5,1
P243087,580.31,30.49666666666667,3
P221556,578.1764999999999,30.495,2
P218508,1162.67,30.492500000000003,4
P214678,205.28,30.485,2
P210726,593.506,30.485,2
P206770,83.37,30.48,1
P208174,106.13,30.48,1
P240245,338.60900000000004,30.475,2
P239726,328.53000000000003,30.47,1
P248625,231.975,30.47,2
P234856,319.65,30.46,1
P222722,133.72199999999998,30.46,1
P224175,160.15999999999994,30.455000000000002,2
P201758,264.1645,30.444999999999997,2
P244610,818.788,30.44333333333333,3
P249470,131.43,30.44,1
P220096,108.95,30.44,1
P210549,82.327,30.44,1
P243394,507.48199999999997,30.435,4
P226946,212.849,30.425,2
P228552,548.33,30.41,2
P210346,231.015,30.405,2
P241229,326.95,30.4,1
P229867,134.7,30.4,1
P222778,126.52,30.39,1
P205765,422.92,30.369999999999997,2
P231960,106.096,30.36,1
P225312,305.70449999999994,30.36,3
P238665,78.88,30.36,1
P229888,75.038,30.36,1
P227677,191.29,30.355,2
P216500,92.048,30.32,1
P233202,583.558,30.314999999999998,2
P237487,275.3365,30.310000000000002,2
P212415,81.776,30.31,1
P203123,331.6545,30.31,1
P246043,134.5,30.31,1
P222759,250.34050000000002,30.305,2
P246468,93.744,30.29,1
P228963,252.96699999999998,30.285,2
P208390,80.522,30.28,1
P239827,133.425,30.27,1
P213102,103.136,30.26,1
P238049,469.12,30.255000000000003,2
P225258,336.77,30.25,1
P248742,82.79,30.25,1
P213878,850.423,30.246666666666666,3
P216633,182.5,30.245,2
P239512,332.73,30.24,1
P246102,127.7655,30.23,1
P215202,130.283,30.23,1
P225775,82.77,30.23,1
P236999,321.42299999999994,30.22,1
P220015,102.81,30.22,1
P239880,304.822,30.21666666666667,3
P229164,507.74649999999997,30.214999999999996,2
P222816,123.97,30.21,1
P215674,832.7199999999999,30.203333333333333,3
P204302,412.6295,30.195,2
P245777,258.1,30.195,2
P213576,258.489,30.185000000000002,2
P249914,697.428,30.185000000000002,4
P204901,82.9,30.18,1
P232853,238.211,30.18,2
P222771,133.9975,30.16,1
P226534,94.52,30.16,1
P221383,456.922,30.16,2
P247728,651.171,30.155,2
P222680,135.3,30.15,1
P225021,320.76,30.15,1
P228034,310.7165,30.15,1
P209252,551.1915,30.145000000000003,2
P206444,546.033,30.144999999999996,2
P245213,351.90999999999997,30.14333333333333,3
P220827,311.04,30.14,1
P203469,259.457,30.14,2
P203501,342.2145,30.136666666666667,3
P225083,568.9929999999999,30.135,2
P226623,559.29,30.134999999999998,2
P210047,212.57999999999998,30.130000000000003,2
P220522,135.97,30.13,1
P220140,333.1745,30.13,1
P228943,344.909,30.12,3
P208374,131.35,30.12,1
P248467,330.1725,30.11,1
P236139,317.9745,30.11,1
P226994,311.6665,30.11,1
P234411,507.71849999999995,30.105,2
P229097,252.24,30.099999999999998,2
P213169,589.178,30.09,2
P218098,80.237,30.09,1
P216389,127.58,30.08,1
P225270,101.65,30.08,1
P206335,101.1465,30.08,1
P219282,234.558,30.08,2
P202275,424.999,30.08,2
P244726,127.89,30.07,1
P231171,318.4795,30.063333333333333,3
P246252,318.26899999999995,30.06,1
P219671,107.423,30.06,1
P246641,315.8275,30.05,1
P211735,576.64,30.049999999999997,2
P207087,562.4945,30.02,2
P232843,124.25,30.02,1
P221237,122.445,30.02,1
P227774,138.39,30.01,1
P225722,108.49,30.01,1
P218973,242.98700000000002,30.009999999999998,2
P221899,107.8055,30.0,1
P226125,338.0,29.993333333333336,3
P235816,380.78150000000005,29.990000000000002,2
P215286,104.92,29.98,1
P203207,318.829,29.963333333333335,3
P235127,126.01,29.96,1
P233632,128.95,29.96,1
P243094,127.503,29.95,1
P229473,321.72,29.95,1
P245018,567.73,29.94,2
P221829,1176.5,29.9275,4
P213187,121.21,29.92,1
P224172,136.58,29.92,1
P240930,247.71099999999998,29.895,2
P241364,121.14,29.88,1
P213682,599.703,29.87,3
P229280,322.86,29.87,1
P206516,127.34,29.87,1
P243886,393.312,29.87,2
P234692,255.03799999999998,29.865,2
P232598,131.614,29.86,1
P205437,122.5,29.85,1
P238937,228.57,29.825,2
P245759,300.75,29.81,1
P213669,129.143,29.8,1
P205282,554.764,29.799999999999997,4
P248909,319.76,29.79,1
P246180,415.76599999999996,29.79,2
P247133,87.44749999999999,29.78,1
P221016,107.68,29.78,1
P221990,334.36,29.776666666666667,3
P240311,120.2,29.77,1
P211090,330.129,29.76,1
P235397,124.7,29.76,1
P222627,126.45,29.74,1
P249202,222.67000000000002,29.725,2
P244693,624.175,29.71,2
P219378,310.6405,29.71,1
P235569,262.09,29.705,2
P211103,496.98499999999996,29.700000000000003,2
P243551,137.0375,29.7,1
P234493,325.34,29.7,1
P249266,223.296,29.695,2
P207986,209.24,29.695,2
P238431,129.7985,29.69,1
P225065,119.77,29.67,1
P225004,117.96,29.67,1
P213919,133.17499999999998,29.67,1
P218805,245.14000000000001,29.659999999999997,2
P246130,303.29999999999995,29.65,1
P229290,491.4275,29.65,2
P223968,331.4265,29.643333333333334,3
P211102,214.107,29.64,2
P234091,107.63,29.64,1
P248744,622.6575,29.634999999999998,2
P220841,889.9449999999999,29.633333333333336,3
P238616,123.84,29.62,1
P220161,249.65,29.615,2
P204840,123.24,29.61,1
P217906,120.17,29.61,1
P239502,404.119,29.605000000000004,2
P204511,576.57,29.604999999999997,2
P248110,708.613,29.590000000000003,4
P245665,102.125,29.58,1
P245579,630.35,29.575,2
P205877,79.542,29.57,1
P201800,121.21999999999998,29.56,1
P202590,81.41,29.55,1
P213487,129.27,29.55,1
P206140,726.581,29.54666666666667,3
P229654,309.72,29.54,1
P205915,218.98149999999998,29.54,2
P225104,650.4575,29.53,3
P211717,251.332,29.525000000000002,2
P202653,180.95,29.525,2
P236877,241.87,29.52,2
P208616,253.726,29.52,2
P215117,258.48999999999995,29.515,2
P240506,126.996,29.51,1
P209855,240.7135,29.505,2
P243263,105.5,29.5,1
P244857,638.61,29.5,2
P224132,496.81100000000004,29.49666666666667,3
P246803,624.347,29.490000000000002,2
P212454,102.334,29.49,1
P236659,195.9025,29.485,2
P239303,121.02,29.48,1
P215622,315.74,29.48,1
P229157,247.1235,29.465000000000003,2
P223406,123.07,29.46,1
P204642,245.09,29.450000000000003,2
P224691,105.24,29.45,1
P206993,82.3,29.44,1
P206119,133.731,29.44,1
P215281,86.26,29.44,1
P222544,253.047,29.43,2
P222584,158.203,29.43,2
P240084,133.651,29.43,1
P212768,203.281,29.43,2
P226445,88.48,29.42,1
P223684,282.3275,29.42,2
P234541,122.553,29.42,1
P240236,137.52,29.42,1
P232818,211.48,29.419999999999998,2
P226257,122.36,29.41,1
P235707,94.34,29.41,1
P248689,131.44,29.4,1
P237112,371.5,29.399999999999995,3
P224428,513.513,29.395,2
P216348,127.13,29.38,1
P226964,245.51999999999998,29.38,2
P229116,316.8725,29.37,1
P228050,134.6,29.37,1
P238481,128.556,29.37,1
P228381,229.7785,29.36,2
P249655,313.72,29.35,1
P204993,378.168,29.346666666666664,3
P219750,470.92,29.345,2
P221927,400.991,29.343333333333334,3
P222873,101.3625,29.34,1
P205433,90.2405,29.34,1
P227467,460.584,29.34,2
P240069,103.41,29.33,1
P245890,653.8979999999999,29.305,2
P224725,195.57,29.295,2
P200168,176.56699999999998,29.295,2
P220009,225.978,29.290000000000003,2
P214057,318.79,29.29,1
P218757,473.45000000000005,29.285,2
P244901,326.145,29.28,1
P222243,327.848,29.28,1
P241291,99.936,29.27,1
P227738,303.64,29.27,1
P231346,122.71,29.27,1
P214185,198.136,29.27,2
P200100,250.02,29.264999999999997,2
P243540,87.76,29.26,1
P204127,104.405,29.25,1
P205259,208.05,29.24,2
P246719,107.3215,29.24,1
P239006,316.53,29.24,1
P201890,693.26,29.236666666666668,3
P213348,308.78,29.23,1
P246779,478.2265,29.23,2
P204474,313.63,29.22,1
P230633,120.118,29.22,1
P213241,474.403,29.217499999999998,4
P244688,515.3625,29.215,2
P233727,158.45,29.215,2
P241470,242.60899999999998,29.209999999999997,2
P205156,314.9295,29.203333333333333,3
P219186,120.239,29.2,1
P225785,523.9200000000001,29.19666666666667,3
P248833,244.978,29.195,2
P229832,313.804,29.19,1
P216892,253.41899999999998,29.19,2
P226563,206.63099999999997,29.185,2
P206996,131.632,29.18,1
P243265,132.9,29.18,1
P200388,336.527,29.176666666666666,3
P226634,413.552,29.174999999999997,2
P203849,615.5139999999999,29.174999999999997,2
P247636,135.09,29.17,1
P205379,104.42,29.15,1
P234599,400.48,29.145000000000003,4
P221526,241.914,29.145,2
P239543,104.25,29.14,1
P245715,131.6,29.14,1
P223045,82.156,29.13,1
P247743,107.55,29.13,1
P245766,135.17,29.13,1
P201006,551.7629999999999,29.12,2
P235172,118.818,29.12,1
P248561,105.66400000000002,29.11,1
P238678,99.5775,29.11,1
P236922,132.26,29.11,1
P209653,121.09,29.11,1
P243828,130.12,29.1,1
P210320,366.09,29.1,2
P228039,566.565,29.095,2
P214125,303.56,29.09,1
P242861,349.8735,29.083333333333332,3
P218564,378.45,29.080000000000002,3
P246831,368.9865,29.076666666666668,3
P200748,132.33599999999998,29.07,1
P223354,204.402,29.07,2
P204705,105.25,29.06,1
P247707,122.519,29.06,1
P229099,562.8235,29.055,2
P247652,533.3235000000001,29.05,2
P201409,100.3,29.05,1
P244844,322.52,29.04,1
P236398,236.471,29.034999999999997,2
P202215,453.1885,29.034999999999997,4
P229235,407.2,29.016666666666666,3
P226353,114.89,29.01,1
P212217,210.786,29.009999999999998,2
P231672,126.3,29.0,1
P201619,308.3035,29.0,1
P201863,103.93,28.99,1
P246337,565.562,28.985,2
P244100,101.65,28.98,1
P249609,321.01,28.98,1
P226928,339.346,28.974999999999998,2
P216238,878.55,28.97,4
P234621,305.1,28.97,1
P237844,379.94500000000005,28.966666666666665,3
P209637,173.718,28.965,2
P222165,91.314,28.95,1
P205786,585.671,28.94666666666667,3
P242970,276.852,28.94333333333334,3
P230585,90.09,28.94,1
P223534,304.589,28.94,1
P200487,124.1765,28.94,1
P215115,348.47900000000004,28.935000000000002,2
P235351,431.64,28.925,2
P230131,102.7,28.92,1
P205730,628.487,28.92,3
P204739,304.1895,28.92,1
P235864,631.737,28.916666666666668,3
P242882,770.2115,28.909999999999997,3
P232630,228.113,28.905,2
P216511,238.7,28.900000000000002,2
P249573,586.63,28.9,2
P249821,79.8,28.9,1
P217550,128.022,28.89,1
P244031,100.88,28.88,1
P215058,249.31399999999996,28.865000000000002,2
P225892,90.364,28.86,1
P216145,300.42,28.86,1
P203655,348.465,28.855,2
P247368,92.277,28.85,1
P244764,81.056,28.85,1
P215453,78.35,28.85,1
P207448,101.83,28.85,1
P235517,525.399,28.843333333333334,3
P224564,853.5374999999999,28.833333333333332,3
P221105,75.96,28.83,1
P227769,102.192,28.83,1
P213462,90.26,28.83,1
P224111,124.26,28.82,1
P219606,225.5685,28.810000000000002,2
P241021,121.22,28.8,1
P220529,612.61,28.8,2
P231630,115.137,28.79,1
P248846,99.93,28.79,1
P209913,233.88,28.775,2
P204632,329.9,28.77,1
P247645,86.11200000000001,28.77,1
P244221,102.505,28.76,1
P220498,238.59000000000003,28.76,2
P235606,103.8825,28.76,1
P218503,112.6,28.76,1
P201004,123.9,28.76,1
P212765,522.21,28.755000000000003,2
P216490,79.94249999999998,28.75,1
P243285,133.08,28.75,1
P245963,101.13,28.75,1
P219727,846.7085,28.743333333333336,3
P245135,307.71,28.74,1
P232126,115.99,28.73,1
P229372,248.67800000000005,28.720000000000002,2
P218228,225.911,28.72,2
P208313,124.84,28.72,1
P247893,393.729,28.71,2
P247989,314.74800000000005,28.7,1
P202345,550.447,28.683333333333334,3
P222054,135.432,28.68,1
P248440,317.26,28.68,1
P248345,237.56,28.665,2
P226817,309.32,28.66,1
P221617,121.88,28.66,1
P223375,125.22899999999998,28.66,1
P223587,100.944,28.66,1
P221561,94.16,28.65,1
P212128,121.87,28.65,1
P248332,75.753,28.65,1
P249283,101.66,28.64,1
P228899,307.258,28.64,1
P229307,461.11400000000003,28.630000000000003,2
P241064,123.56,28.63,1
P243790,313.25,28.63,1
P211100,84.16,28.63,1
P212980,136.848,28.63,1
P222765,442.144,28.62,2
P238744,239.868,28.615,2
P237140,790.8900000000001,28.6,4
P235980,133.96,28.6,1
P227789,99.45,28.6,1
P204167,363.39,28.599999999999998,3
P204509,467.44,28.595000000000002,2
P240719,244.348,28.595,2
P208604,77.48,28.58,1
P209045,105.435,28.58,1
P248553,124.87,28.58,1
P203881,134.163,28.58,1
P217766,123.06600000000002,28.56,1
P232684,91.143,28.56,1
P207155,648.735,28.55333333333333,3
P231207,614.8625,28.545,2
P202122,127.23,28.53,1
P247068,198.95999999999998,28.53,2
P213971,73.58,28.53,1
P215014,561.872,28.520000000000003,2
P249841,351.7725,28.519999999999996,3
P223259,123.62,28.51,1
P239949,133.03,28.51,1
P233444,129.645,28.51,1
P227589,597.5120000000001,28.505,2
P201691,318.02,28.5,1
P202693,301.806,28.5,1
P226110,746.7600000000001,28.49666666666667,3
P246157,220.14,28.495,2
P229051,127.73,28.49,1
P206634,159.55800000000002,28.485,2
P248241,485.1555,28.48,2
P242738,111.3875,28.48,1
P237947,316.575,28.48,1
P248979,125.96,28.48,1
P240748,115.98,28.48,1
P201765,304.23,28.46,1
P218410,123.85,28.46,1
P219945,202.386,28.46,2
P214646,448.29600000000005,28.46,2
P207317,831.944,28.453333333333333,3
P232022,655.6885,28.435000000000002,2
P233186,243.96,28.425,2
P221958,126.027,28.42,1
P248378,118.5125,28.4,1
P210646,74.28,28.4,1
P219416,80.03999999999999,28.4,1
P215433,297.4355,28.4,1
P217572,126.42,28.39,1
P241094,124.9755,28.39,1
P206960,440.2855,28.383333333333336,3
P230825,499.67350000000005,28.380000000000003,2
P212573,118.2275,28.38,1
P225292,129.16,28.38,1
P220073,190.37,28.375,2
P225589,221.4,28.365000000000002,2
P232466,99.98,28.36,1
P243933,118.2465,28.36,1
P227484,121.203,28.36,1
P241706,101.44,28.36,1
P231169,77.962,28.36,1
P203371,1095.8445,28.357499999999998,4
P243653,215.427,28.355,2
P200000,119.835,28.35,1
P216544,242.82999999999998,28.345,2
P233606,373.94100000000003,28.34,2
P249071,86.8,28.34,1
P207840,210.37849999999997,28.34,2
P232954,118.56,28.34,1
P222859,298.1,28.33,1
P245817,102.8,28.33,1
P214764,236.1965,28.314999999999998,2
P234016,702.658,28.3,3
P215787,97.3275,28.29,1
P249030,86.64,28.29,1
P208380,213.76749999999998,28.28,2
P220063,454.46,28.275000000000002,2
P238187,123.5,28.27,1
P209578,566.53,28.27,2
P239828,235.024,28.27,2
P200412,632.0145,28.265,2
P234212,122.48,28.25,1
P248844,122.76,28.25,1
P233593,126.84,28.24,1
P245057,302.856,28.24,1
P248673,302.16,28.23,1
P223643,602.6375,28.23,2
P246412,99.351,28.23,1
P205749,220.761,28.224999999999998,2
P246281,127.64,28.22,1
P243858,118.88,28.22,1
P238262,228.95,28.22,2
P229432,225.09550000000002,28.215,2
P203528,102.0775,28.21,1
P210080,98.77,28.2,1
P223950,122.46,28.2,1
P239511,122.29,28.2,1
P225963,117.018,28.2,1
P240730,85.8,28.2,1
P241927,120.422,28.2,1
P246851,127.35,28.2,1
P231107,563.902,28.189999999999998,2
P235891,130.321,28.18,1
P247510,113.45,28.17,1
P248590,83.76,28.17,1
P229095,248.14999999999998,28.16,2
P225279,305.27,28.16,1
P223801,115.92000000000002,28.15,1
P219739,115.65,28.14,1
P239189,237.708,28.134999999999998,2
P219139,246.55900000000003,28.134999999999998,2
P232477,225.108,28.13,2
P209642,157.962,28.115000000000002,2
P211438,125.0435,28.1,1
P240771,186.47,28.095,2
P245707,131.46,28.08,1
P240291,117.666,28.08,1
P229930,525.6,28.08,2
P227679,273.65,28.076666666666664,3
P212869,729.0665,28.07,4
P202397,908.8045,28.062499999999996,4
P200228,574.5880000000001,28.06,2
P212271,104.51,28.05,1
P204700,130.58100000000002,28.05,1
P237154,235.18849999999998,28.05,2
P215155,122.34,28.04,1
P236580,576.4285000000001,28.04,2
P205461,85.66,28.04,1
P213771,335.02049999999997,28.036666666666665,3
P226414,516.5915,28.035,2
P241589,234.953,28.03,2
P242638,89.3,28.03,1
P228368,320.65349999999995,28.03,1
P235587,700.395,28.025,4
P242529,126.276,28.02,1
P202478,105.02,28.02,1
P217078,104.04,28.01,1
P214417,115.479,28.01,1
P221042,129.39,28.0,1
P237935,118.47,28.0,1
P229052,562.086,27.995,2
P202334,238.31,27.995,2
P205356,80.35,27.99,1
P200010,359.9465,27.985,2
P202548,222.84,27.98,2
P246086,87.55,27.98,1
P205920,122.29,27.97,1
P227736,329.592,27.96,2
P221638,307.73,27.95,1
P226707,115.85,27.94,1
P228219,74.61,27.94,1
P246546,680.978,27.936666666666667,3
P204833,223.94,27.935,2
P228668,118.235,27.93,1
P232558,100.08,27.92,1
P240679,100.51,27.91,1
P225688,402.211,27.905,2
P226802,570.098,27.900000000000002,2
P203963,202.89,27.900000000000002,2
P219813,611.179,27.900000000000002,3
P214450,214.94,27.9,2
P219773,338.17,27.89,2
P201535,122.11,27.89,1
P233959,122.094,27.88,1
P223593,769.7584999999999,27.86666666666667,3
P202256,218.49,27.865,2
P213473,489.82000000000005,27.86,2
P227339,173.95999999999998,27.854999999999997,2
P219367,596.235,27.854999999999997,2
P243533,296.742,27.85,1
P224227,541.8,27.845000000000002,2
P224603,260.78,27.845,2
P204180,165.435,27.839999999999996,2
P232474,84.18,27.82,1
P211847,103.2935,27.82,1
P213543,189.24,27.814999999999998,2
P228519,313.904,27.81,1
P213135,294.842,27.81,1
P247581,73.92,27.8,1
P207109,97.59,27.8,1
P246013,303.732,27.8,1
P225573,113.01,27.8,1
P229211,123.633,27.8,1
P230859,102.16,27.79,1
P207744,86.24,27.79,1
P246456,221.061,27.785,2
P234769,94.32,27.78,1
P208354,713.476,27.776666666666667,3
P242878,101.66,27.77,1
P209507,1012.495,27.77,4
P233303,122.265,27.77,1
P215799,127.8605,27.76,1
P243095,78.795,27.75,1
P225705,95.06,27.75,1
P205418,98.37,27.74,1
P226392,124.07,27.74,1
P205846,96.48,27.74,1
P240488,311.92,27.74,1
P233592,124.506,27.72,1
P240315,298.0,27.71,1
P219478,117.306,27.71,1
P234620,329.09000000000003,27.700000000000003,2
P224126,251.99149999999997,27.7,2
P221930,121.8945,27.7,1
P230106,242.39,27.695,2
P206482,299.953,27.69,1
P227074,102.33,27.69,1
P236401,127.42,27.68,1
P215645,109.19,27.67,1
P203705,101.5,27.67,1
P200206,283.746,27.67,1
P211261,123.138,27.67,1
P240327,359.3575,27.666666666666668,3
P218328,149.59,27.66,2
P229415,642.0925,27.650000000000002,3
P200706,303.903,27.65,1
P235987,99.198,27.64,1
P224384,311.088,27.63,1
P231063,756.697,27.626666666666665,3
P231635,215.72299999999998,27.625,2
P224893,115.614,27.62,1
P224087,99.769,27.61,1
P207818,101.98,27.61,1
P201172,267.89,27.605,2
P234498,122.83,27.6,1
P245093,214.536,27.6,2
P202779,311.23,27.58,1
P205760,430.474,27.575,4
P242629,563.467,27.575,2
P204189,85.3,27.57,1
P225814,318.231,27.56,2
P201687,115.56,27.55,1
P233706,313.498,27.544999999999998,2
P226606,237.63849999999996,27.543333333333333,3
P212020,182.99400000000003,27.525,2
P200018,124.3,27.52,1
P200961,119.4,27.52,1
P246941,314.62,27.52,1
P216175,790.4939999999999,27.516666666666666,3
P210851,219.31,27.515,2
P249181,269.35,27.515,2
P248139,280.186,27.513333333333332,3
P201423,96.883,27.51,1
P221735,628.207,27.507500000000004,4
P230342,595.9155000000001,27.505000000000003,2
P241784,210.8335,27.505,2
P240110,96.38,27.5,1
P222563,85.87200000000001,27.5,1
P249614,126.44100000000002,27.5,1
P240510,566.75,27.48,2
P240177,290.92,27.48,1
P245320,299.43,27.48,1
P209890,193.23,27.47,2
P235059,116.61,27.46,1
P207238,94.482,27.45,1
P202221,333.187,27.45,2
P221961,96.81,27.44,1
P246708,96.9,27.44,1
P240899,73.91,27.44,1
P211346,307.95300000000003,27.44,1
P213562,566.6084999999999,27.43,2
P220405,101.39,27.43,1
P209139,559.3199999999999,27.425,2
P222963,573.049,27.423333333333332,3
P212155,121.64,27.42,1
P223613,117.837,27.42,1
P245085,122.9015,27.42,1
P216481,113.52,27.41,1
P208447,87.462,27.4,1
P224281,845.0525000000001,27.38,3
P208567,335.52,27.37,2
P216044,191.85000000000002,27.369999999999997,2
P244962,511.3465,27.365,2
P218254,106.799,27.36,1
P201163,113.70799999999998,27.36,1
P215740,351.5535,27.356666666666666,3
P209552,124.9,27.35,1
P235852,123.68,27.34,1
P224953,118.4935,27.34,1
P242459,383.88,27.33,2
P228756,82.98,27.33,1
P202390,101.934,27.33,1
P220162,208.17399999999998,27.325,2
P214669,114.361,27.32,1
P241099,73.66,27.32,1
P226207,216.467,27.310000000000002,2
P200260,491.145,27.310000000000002,3
P228206,97.2655,27.3,1
P214884,97.8,27.3,1
P212410,306.08,27.3,1
P208855,297.584,27.28,1
P245670,227.586,27.28,2
P244183,116.77,27.25,1
P206357,117.32,27.25,1
P219005,329.9095,27.25,2
P231196,99.44,27.25,1
P245831,117.702,27.25,1
P223925,478.24300000000005,27.244999999999997,4
P229062,74.65,27.24,1
P244087,124.36,27.24,1
P206661,99.05,27.23,1
P208599,120.44,27.23,1
P216688,79.18,27.21,1
P219335,240.398,27.21,2
P227666,118.73,27.21,1
P206886,112.59,27.21,1
P248817,290.82,27.21,1
P213089,298.66,27.21,1
P231210,391.69,27.2,2
P205664,92.922,27.2,1
P233957,564.5095,27.195,2
P246759,87.61500000000001,27.19,1
P225985,190.951,27.189999999999998,2
P215031,220.77999999999997,27.185000000000002,2
P212438,216.23,27.185,2
P237871,124.97,27.18,1
P225053,109.64,27.17,1
P244827,77.78,27.17,1
P249374,111.6135,27.16,1
P227988,284.019,27.16,1
P201158,94.563,27.16,1
P237393,96.48,27.15,1
P228248,96.32,27.15,1
P225964,289.04999999999995,27.14,1
P201628,564.8005,27.14,2
P205043,123.38,27.14,1
P229925,914.953,27.13,4
P203945,116.46,27.13,1
P207535,118.237,27.13,1
P202100,123.18649999999998,27.13,1
P245428,292.486,27.13,1
P228628,109.6,27.13,1
P202986,118.39799999999998,27.13,1
P220931,433.512,27.1225,4
P200683,273.58799999999997,27.119999999999997,2
P242852,335.817,27.11666666666667,3
P200252,348.9,27.115000000000002,2
P247964,228.789,27.1,2
P220236,125.08,27.1,1
P218122,110.925,27.1,1
P206615,95.02,27.09,1
P240106,419.904,27.09,2
P247402,119.06,27.08,1
P227203,98.097,27.07,1
P207069,294.35,27.07,1
P200013,806.0509999999999,27.069999999999997,3
P216650,686.7800000000001,27.060000000000002,3
P202400,124.95,27.06,1
P223226,182.36700000000002,27.06,2
P227170,77.1305,27.06,1
P223368,121.23,27.05,1
P232398,514.83,27.049999999999997,2
P247881,909.7320000000001,27.046000000000003,5
P245552,114.808,27.03,1
P245846,119.08,27.03,1
P215567,96.7895,27.03,1
P244916,84.28,27.02,1
P205701,98.3725,27.02,1
P237506,291.29,27.01,1
P221310,703.7379999999999,27.005,4
P237616,603.947,27.0,2
P227309,411.103,26.994999999999997,2
P205523,240.85,26.990000000000002,2
P215783,186.706,26.99,2
P246497,111.222,26.99,1
P207337,118.1515,26.99,1
P230997,103.474,26.99,1
P204590,315.36,26.983333333333334,3
P245506,578.724,26.98,2
P209300,454.92300000000006,26.973333333333333,3
P217896,277.5,26.97,1
P200658,95.5995,26.96,1
P237927,304.78,26.94,1
P210824,93.0,26.94,1
P243851,583.088,26.939999999999998,2
P240969,72.9505,26.93,1
P205416,93.891,26.93,1
P225609,298.89,26.93,1
P222742,302.89750000000004,26.92,1
P240816,333.83000000000004,26.916666666666668,3
P200860,301.858,26.91,2
P227222,99.01,26.91,1
P203483,294.67,26.9,1
P222518,539.8705,26.895,2
P217804,292.08,26.89,1
P218153,99.872,26.89,1
P237754,71.26200000000001,26.89,1
P208298,484.6855,26.89,3
P208924,595.857,26.875,2
P237107,218.2865,26.875,2
P248012,483.26300000000003,26.875,2
P240305,215.326,26.875,2
P232397,95.58,26.87,1
P229169,85.95,26.87,1
P230779,97.308,26.87,1
P206181,117.16,26.86,1
P211637,305.1115,26.85,1
P233241,595.8240000000001,26.845000000000002,2
P246568,111.0265,26.84,1
P236382,716.1005,26.833333333333332,3
P228357,581.5160000000001,26.830000000000002,2
P235568,123.709,26.83,1
P232389,927.0699999999999,26.828000000000003,5
P204344,175.69,26.82,2
P207129,123.993,26.82,1
P230530,805.022,26.810000000000002,3
P209829,113.316,26.8,1
P201052,119.02,26.8,1
P230927,73.197,26.8,1
P246762,186.713,26.799999999999997,2
P222103,128.26,26.79,1
P214973,124.85,26.78,1
P204120,227.266,26.78,2
P248294,456.59999999999997,26.765,2
P203260,82.28,26.76,1
P230089,531.1115,26.75333333333333,3
P208601,235.55450000000002,26.75,2
P217183,84.32,26.75,1
P233512,230.5,26.745,2
P214219,528.7574999999999,26.74,2
P222979,114.36,26.74,1
P216346,74.56,26.74,1
P205674,239.411,26.735,2
P235902,238.328,26.735,2
P217751,200.56,26.73,2
P246070,306.62,26.73,2
P221405,193.91,26.71,2
P237767,111.951,26.7,1
P236211,183.40550000000002,26.695,2
P202908,113.31,26.69,1
P247466,188.297,26.69,2
P207176,109.5,26.69,1
P228547,221.02999999999997,26.689999999999998,2
P248721,764.1159999999999,26.689999999999998,3
P223089,450.83000000000004,26.689999999999998,2
P202676,319.023,26.68,1
P235797,70.80499999999999,26.68,1
P214975,82.32,26.68,1
P238728,127.08,26.68,1
P233492,420.79,26.68,2
P244293,326.8265,26.674999999999997,2
P206325,120.745,26.67,1
P203654,288.05,26.67,1
P225490,107.091,26.67,1
P218456,90.13,26.67,1
P239413,529.38,26.665,2
P224769,95.115,26.66,1
P226999,164.089,26.66,2
P210836,191.0315,26.655,2
P210281,207.7115,26.65,2
P228672,74.29,26.65,1
P210694,503.22,26.645,2
P239727,96.95,26.64,1
P228217,301.55,26.63,1
P235931,548.5765,26.625,2
P236210,92.88,26.62,1
P204923,575.0010000000001,26.615,2
P245175,95.283,26.61,1
P228077,87.85,26.61,1
P227068,203.54,26.61,2
P219718,118.521,26.61,1
P208890,93.68,26.6,1
P210628,93.006,26.6,1
P232737,287.8405,26.6,1
P247448,303.78200000000004,26.596666666666664,3
P213532,237.54250000000002,26.590000000000003,3
P210007,233.5,26.590000000000003,2
P219332,72.6,26.59,1
P234239,83.37,26.59,1
P221643,113.8195,26.59,1
P243478,481.12,26.580000000000002,2
P228920,116.2885,26.58,1
P245367,110.47,26.58,1
P223456,191.39,26.57,2
P207570,107.23,26.57,1
P245502,187.201,26.564999999999998,2
P202465,101.52,26.56,1
P205304,289.27,26.56,1
P204273,117.072,26.56,1
P217909,195.88,26.555,2
P247948,305.59200000000004,26.55,1
P240986,226.0175,26.54,2
P228132,117.09,26.54,1
P201921,71.2,26.54,1
P200699,74.26,26.54,1
P203338,111.12,26.53,1
P221756,93.2,26.52,1
P235241,108.24,26.52,1
P210637,171.796,26.515,2
P247561,502.56,26.513333333333335,3
P237769,108.49,26.51,1
P215329,517.521,26.51,2
P239605,120.708,26.51,1
P204342,199.96,26.505,2
P206572,959.383,26.5025,4
P212554,295.849,26.5,1
P212682,207.368,26.5,2
P214582,116.01,26.5,1
P201902,292.486,26.49,1
P213633,118.6645,26.49,1
P232785,123.44,26.49,1
P201624,117.31,26.49,1
P215025,208.3,26.49,2
P219316,84.8215,26.49,1
P238570,114.13,26.48,1
P244602,224.63799999999998,26.48,2
P203960,444.992,26.465000000000003,2
P217592,115.425,26.44,1
P217975,143.2445,26.44,2
P240749,117.56,26.44,1
P234782,97.632,26.44,1
P249109,270.39,26.43,1
P237528,294.74100000000004,26.43,1
P220064,299.05,26.42,1
P225414,88.103,26.42,1
P202111,109.23,26.41,1
P234341,207.766,26.405,2
P211688,118.3,26.4,1
P238759,212.96599999999998,26.4,2
P224547,292.04,26.39,1
P235765,306.88,26.39,1
P210533,108.8,26.38,1
P207235,327.2285,26.376666666666665,3
P248319,294.6805,26.37,1
P249487,116.22,26.37,1
P223473,106.932,26.37,1
P212377,231.434,26.365000000000002,2
P231712,293.531,26.36,2
P245493,74.54,26.36,1
P221337,96.05,26.36,1
P213727,116.36,26.35,1
P210386,94.04,26.35,1
P224476,75.23,26.34,1
P211215,113.65,26.34,1
P215311,119.1965,26.34,1
P202280,119.3825,26.34,1
P226670,446.96000000000004,26.3325,4
P242067,288.8285,26.33,1
P202160,326.668,26.32,2
P211324,230.11200000000002,26.32,2
P203160,600.2010000000001,26.316666666666666,3
P218411,110.75,26.3,1
P212565,114.74,26.3,1
P236070,91.43,26.3,1
P237151,111.48,26.3,1
P220590,94.66,26.3,1
P202639,465.6855,26.295,2
P248515,286.88,26.29,1
P215945,111.71,26.26,1
P238910,94.28,26.26,1
P225505,320.788,26.25,2
P217822,195.16,26.245,2
P248208,234.756,26.245,2
P204667,778.95,26.243333333333336,3
P229403,400.374,26.240000000000002,2
P227939,89.862,26.24,1
P226274,291.01500000000004,26.24,1
P218541,696.51,26.233333333333334,3
P229171,94.12,26.23,1
P242810,118.71,26.23,1
P208457,219.35399999999998,26.225,2
P202689,233.112,26.224999999999998,2
P249789,284.67,26.22,1
P200208,72.0,26.22,1
P239194,478.18949999999995,26.22,3
P221512,72.07,26.22,1
P215289,96.3,26.21,1
P205704,121.88,26.21,1
P229519,113.283,26.21,1
P225456,204.69,26.21,2
P221985,253.8,26.205000000000002,2
P204156,70.59,26.2,1
P209211,293.48,26.2,1
P220037,75.24,26.2,1
P247599,73.94149999999999,26.2,1
P248906,511.568,26.19,2
P202701,225.233,26.185,2
P232021,618.662,26.183333333333334,3
P232291,178.8775,26.18,2
P202596,122.22,26.18,1
P248058,188.08499999999998,26.174999999999997,2
P236836,495.244,26.165,2
P215090,99.63,26.15,1
P238585,287.86,26.15,1
P214631,81.972,26.15,1
P241113,282.111,26.146666666666665,3
P243972,202.72050000000002,26.145,2
P244188,213.944,26.145,2
P240051,103.95,26.14,1
P204403,123.215,26.14,1
P249019,107.136,26.13,1
P232750,293.69249999999994,26.13,1
P211704,211.37,26.115000000000002,2
P205830,224.85999999999999,26.11,2
P249934,334.1815,26.1,2
P219184,226.01899999999998,26.095,2
P241563,95.43,26.09,1
P220994,121.23,26.09,1
P247958,293.12,26.08,1
P238178,212.43,26.075,2
P225302,111.65,26.07,1
P246767,278.29,26.07,1
P201625,113.17,26.06,1
P200565,281.82,26.06,1
P231474,296.457,26.05,1
P247762,80.84000000000002,26.05,1
P212664,276.51,26.05,1
P204659,183.199,26.045,2
P234076,352.03549999999996,26.043333333333333,3
P212521,225.88,26.04,2
P242662,302.2005,26.04,1
P249910,105.96,26.04,1
P224225,567.23,26.035,2
P241543,255.68849999999998,26.035,2
P225483,623.8155,26.03,3
P225899,287.6,26.02,1
P228318,119.44,26.02,1
P210480,78.80249999999998,26.02,1
P233052,191.81,26.02,2
P235728,112.54,26.02,1
P221092,91.59,26.01,1
P219220,289.52,26.01,1
P240822,113.112,26.0,1
P215097,177.563,25.99,2
P206511,114.13,25.99,1
P207921,523.507,25.986666666666668,3
P219061,565.4300000000001,25.985,2
P212818,78.78,25.98,1
P243793,273.7615,25.98,1
P241775,91.3325,25.97,1
P235790,109.88,25.97,1
P242276,290.6885,25.97,3
P237775,118.94,25.96,1
P211366,115.83,25.96,1
P217807,122.24,25.95,1
P219165,92.6,25.95,1
P211309,286.3,25.95,1
P204685,82.04,25.95,1
P217587,82.87,25.95,1
P210037,118.86,25.95,1
P240710,119.54,25.93,1
P214558,121.2,25.93,1
P217597,289.116,25.923333333333332,3
P233550,751.4559999999999,25.923333333333332,3
P225698,117.76,25.92,1
P202042,283.077,25.92,1
P241602,110.74,25.91,1
P204583,107.8,25.91,1
P228387,349.1525,25.906666666666666,3
P214212,102.352,25.9,1
P231939,92.395,25.9,1
P223580,511.43,25.89,2
P243438,273.00699999999995,25.89,1
P222930,116.8,25.89,1
P217677,110.11,25.89,1
P235472,225.23,25.88,2
P204165,297.65700000000004,25.88,1
P228091,277.92,25.88,1
P248978,315.35,25.88,3
P233231,122.113,25.88,1
P211693,221.679,25.875,2
P218077,266.04900000000004,25.87,1
P236123,726.1085,25.87,3
P210473,71.44,25.87,1
P246032,92.98,25.86,1
P202208,67.63,25.86,1
P241955,196.92399999999998,25.855,2
P223665,376.215,25.849999999999998,3
P226605,87.246,25.84,1
P238512,261.27,25.84,1
P247631,110.0765,25.84,1
P241808,82.224,25.84,1
P206487,296.80100000000004,25.833333333333332,3
P216001,281.0,25.83,1
P236279,279.48,25.82,1
P202285,297.13,25.82,1
P223463,210.49,25.815,2
P210975,175.565,25.81,2
P215857,108.338,25.81,1
P213537,112.0,25.81,1
P239507,221.95,25.8,2
P215398,366.66,25.795,2
P244002,282.4,25.79,1
P212445,122.87,25.79,1
P204995,120.56,25.77,1
P244702,74.34400000000001,25.77,1
P246924,287.6885,25.77,1
P212406,220.20999999999998,25.765,2
P239043,286.24,25.76,1
P224798,87.9495,25.76,1
P236634,92.07,25.76,1
P212973,333.222,25.755,2
P219694,106.0,25.75,1
P213147,115.656,25.75,1
P240663,122.49,25.75,1
P206488,72.692,25.74,1
P211085,72.19049999999999,25.73,1
P233264,1107.9015,25.729999999999997,4
P240189,300.219,25.72,1
P210373,177.35,25.715,2
P242293,87.92,25.71,1
P247803,301.7,25.7,1
P238115,206.04,25.7,2
P221024,290.43,25.69,1
P201508,287.223,25.69,1
P231008,729.9014999999999,25.689999999999998,3
P214970,442.237,25.685000000000002,2
P230077,116.722,25.68,1
P239277,301.49,25.67,1
P218719,209.213,25.665,2
P217619,315.53,25.66,2
P235628,156.97299999999998,25.66,2
P247176,120.03,25.65,1
P240645,221.21949999999998,25.645,2
P229107,518.0485,25.645,2
P234440,220.54700000000003,25.64,2
P231174,224.6475,25.64,2
P203103,291.0895,25.64,1
P223966,110.4565,25.63,1
P221810,69.98,25.63,1
P208528,96.6,25.62,1
P225818,112.47,25.62,1
P249510,292.98,25.6,1
P200069,99.78,25.59,1
P215510,120.54,25.59,1
P216717,290.75,25.58,1
P241572,491.60200000000003,25.58,2
P236343,120.08,25.57,1
P248040,292.96,25.57,1
P248836,285.768,25.56,1
P244939,218.73700000000002,25.555,2
P239889,68.3,25.54,1
P209990,82.57,25.53,1
P243869,108.9555,25.52,1
P236271,118.14,25.52,1
P221777,274.6945,25.52,1
P215522,365.017,25.515,2
P234291,274.32,25.51,1
P213475,92.2,25.51,1
P224923,342.65999999999997,25.495,2
P244449,224.05349999999999,25.494999999999997,2
P209285,522.37,25.49,3
P228223,82.80000000000001,25.48,1
P225386,112.21,25.48,1
P207531,450.01,25.47,2
P237634,283.404,25.46,1
P218016,311.0915,25.46,1
P233191,265.61,25.46,1
P239563,269.3,25.45,1
P203667,216.04850000000002,25.445,2
P233595,92.057,25.44,1
P232711,225.839,25.44,2
P224180,102.748,25.44,1
P229482,178.0,25.435000000000002,2
P239214,287.0805,25.43,1
P216470,69.08,25.43,1
P210060,120.186,25.43,1
P242604,109.4685,25.43,1
P224505,486.3,25.425,2
P208157,605.3109999999999,25.423333333333332,3
P228535,88.02,25.42,1
P202883,70.29,25.41,1
P206080,290.77,25.4,1
P222843,93.2705,25.4,1
P240126,286.938,25.4,1
P245517,195.9095,25.395,2
P219560,666.402,25.386666666666667,3
P237256,108.52,25.38,1
P219459,503.64000000000004,25.375,2
P204119,93.55,25.37,1
P239480,111.18,25.37,1
P242740,112.32,25.37,1
P217927,107.027,25.36,1
P245722,209.6,25.36,2
P202343,519.2620000000001,25.355,2
P225196,285.2565,25.34,1
P208488,112.38,25.34,1
P202806,96.45,25.33,1
P220087,471.08,25.33,2
P216705,114.2145,25.33,1
P240582,368.502,25.32,2
P218748,78.888,25.32,1
P235564,478.139,25.32,2
P239047,216.3795,25.315,2
P248415,420.76,25.31,2
P200558,115.16,25.31,1
P214526,90.3545,25.29,1
P247856,93.42,25.28,1
P211869,88.713,25.28,1
P233228,70.92399999999999,25.28,1
P215503,926.8245000000001,25.2775,4
P203816,218.26000000000002,25.259999999999998,2
P225887,91.41,25.25,1
P229948,118.52,25.23,1
P213981,266.86,25.23,1
P247746,117.32,25.22,1
P216643,112.5,25.22,1
P207506,339.59000000000003,25.22,3
P220861,283.178,25.22,1
P222313,181.32,25.215,2
P243930,107.532,25.21,1
P247200,113.829,25.21,1
P237817,216.10950000000003,25.205000000000002,2
P225093,102.46,25.2,1
P234544,91.01,25.2,1
P204083,224.41,25.195,2
P230607,274.4915,25.195,2
P234973,168.903,25.185,2
P205335,691.7254999999999,25.183333333333337,3
P239109,194.308,25.175,2
P227405,279.32,25.17,1
P249411,858.097,25.17,4
P209539,81.16799999999999,25.16,1
P221491,272.289,25.15,1
P200919,448.401,25.14,2
P225030,285.75,25.14,1
P227268,87.15299999999999,25.13,1
P204582,89.79,25.13,1
P248460,110.1855,25.13,1
P227258,821.6169999999998,25.127499999999998,4
P224685,434.15,25.125,2
P243642,282.33,25.12,1
P209306,285.6,25.12,1
P239843,88.61,25.12,1
P220517,204.371,25.115000000000002,2
P243876,67.572,25.1,1
P207166,234.20100000000002,25.1,2
P206339,414.26,25.1,2
P206710,234.6505,25.095000000000002,2
P248295,200.94,25.095,2
P246427,108.801,25.08,1
P242129,184.9635,25.075,2
P232523,180.6905,25.064999999999998,2
P237964,511.3065,25.060000000000002,4
P203092,94.86,25.06,1
P234480,113.44,25.06,1
P201212,86.336,25.06,1
P227152,205.8655,25.055,2
P238639,313.87,25.05333333333333,3
P217672,90.6,25.05,1
P246554,102.321,25.05,1
P233881,67.068,25.05,1
P206746,475.479,25.044999999999998,2
P208516,88.06,25.04,1
P243926,103.474,25.03,1
P241277,265.084,25.025,2
P230695,471.21000000000004,25.020000000000003,2
P248975,114.687,25.02,1
P231562,222.87,25.02,2
P205291,272.55,25.013333333333332,3
P214385,116.9735,25.01,1
P213632,178.29399999999998,25.009999999999998,2
P248206,90.49,25.0,1
P247686,262.829,24.995,2
P229838,283.2425,24.99,1
P228918,79.81899999999999,24.99,1
P213758,91.39,24.98,1
P225394,807.671,24.97666666666667,3
P235207,71.46,24.97,1
P232639,289.54099999999994,24.97,1
P223886,163.53,24.96,2
P249113,297.272,24.95,1
P230034,106.362,24.95,1
P234421,1020.6590000000001,24.9325,4
P215797,87.0145,24.93,1
P209609,501.6965000000001,24.93,2
P226328,680.051,24.926666666666666,3
P205136,223.24,24.924999999999997,2
P212108,80.155,24.92,1
P208785,439.682,24.92,2
P236419,91.98,24.91,1
P247678,244.4535,24.909999999999997,3
P218819,212.04,24.904999999999998,2
P222847,505.445,24.900000000000002,2
P204982,272.8115,24.9,1
P248195,281.7225,24.9,1
P214563,565.75,24.895,2
P238369,112.61,24.89,1
P226783,471.92,24.886666666666667,3
P204638,189.39000000000001,24.885,2
P227276,200.05,24.885,2
P214118,82.574,24.88,1
P230664,196.94799999999998,24.88,2
P241840,76.74,24.87,1
P208942,83.67,24.87,1
P248611,92.51,24.87,1
P235959,276.49,24.87,1
P205734,78.6,24.87,1
P240698,441.65000000000003,24.87,3
P241755,291.58,24.85,1
P207745,79.86,24.85,1
P246559,99.47,24.85,1
P240342,79.9,24.85,1
P227338,259.714,24.846666666666668,3
P205509,113.256,24.84,1
P244055,742.8605,24.83666666666667,3
P226254,223.77100000000002,24.833333333333332,3
P202966,108.09,24.83,1
P242020,735.076,24.826666666666668,3
P221964,111.29,24.82,1
P204042,201.056,24.814999999999998,2
P224556,549.8000000000001,24.814999999999998,2
P217665,208.51549999999997,24.810000000000002,2
P205110,68.476,24.81,1
P200143,209.838,24.81,2
P220247,212.736,24.81,2
P232574,268.052,24.80333333333333,3
P236805,109.92,24.8,1
P239804,211.94,24.8,2
P220137,69.19,24.8,1
P233387,92.28,24.8,1
P219856,76.3,24.8,1
P245042,86.8,24.8,1
P231469,116.3,24.79,1
P236976,95.589,24.79,1
P216057,90.83,24.79,1
P243176,221.83100000000002,24.785,2
P224783,175.16199999999998,24.78,2
P220669,542.87,24.775000000000002,2
P240087,122.5,24.77,1
P235741,281.22,24.77,1
P222299,285.38,24.76,1
P207080,87.79,24.76,1
P224319,71.42999999999999,24.76,1
P234956,119.184,24.76,1
P214679,120.5075,24.76,1
P201720,114.81,24.75,1
P206116,88.73,24.75,1
P214702,243.01,24.744999999999997,2
P214413,116.05,24.74,1
P209260,272.14,24.74,1
P239918,266.47,24.73,1
P219812,218.2,24.720000000000002,2
P248076,68.88,24.72,1
P215375,472.23100000000005,24.72,3
P212361,165.48499999999999,24.715,2
P213303,169.74200000000002,24.715,2
P243050,211.34700000000004,24.705,2
P218392,66.30000000000001,24.7,1
P206639,470.273,24.7,2
P242500,69.88,24.7,1
P228190,170.9,24.695,2
P238674,114.426,24.69,1
P225733,95.19,24.69,1
P227486,301.92600000000004,24.69,2
P240086,90.02,24.69,1
P231093,193.61499999999998,24.685,2
P200577,87.94,24.68,1
P228790,270.2655,24.68,1
P218879,276.11100000000005,24.68,1
P247102,273.84000000000003,24.68,1
P201939,194.44400000000002,24.68,2
P237972,590.178,24.673333333333336,3
P220859,273.08,24.67,1
P248809,259.13,24.66333333333333,3
P236308,91.55,24.66,1
P237811,274.10349999999994,24.66,1
P203726,117.23,24.66,1
P216218,116.07,24.66,1
P201489,91.358,24.66,1
P234452,87.72,24.66,1
P236424,681.556,24.656666666666666,3
P248902,116.361,24.65,1
P246146,109.74,24.64,1
P241402,270.297,24.64,1
P216603,65.48,24.64,1
P227161,379.08000000000004,24.64,2
P241164,199.77300000000002,24.634999999999998,2
P205919,605.7075,24.633333333333336,3
P238404,379.19000000000005,24.625,2
P233336,106.58,24.62,1
P206419,109.33,24.62,1
P237853,278.28,24.610000000000003,3
P212832,107.46,24.61,1
P200016,292.86,24.6,2
P246689,77.55,24.6,1
P210548,92.017,24.6,1
P211015,270.83,24.6,1
P215151,326.11500000000007,24.59,3
P247960,278.29,24.59,1
P249326,191.82999999999998,24.585,2
P216608,68.32,24.58,1
P209307,67.57,24.58,1
P237359,110.1,24.58,1
P204677,395.36400000000003,24.573333333333334,3
P211445,194.672,24.560000000000002,2
P217622,439.84,24.560000000000002,2
P236610,289.55,24.56,2
P204728,100.3935,24.56,1
P218458,283.37,24.56,1
P243915,276.7345,24.55666666666667,3
P246676,562.002,24.55333333333333,3
P225658,112.491,24.55,1
P210696,114.84,24.55,1
P223748,89.98,24.55,1
P228031,87.932,24.55,1
P201321,426.39700000000005,24.55,2
P226858,191.67000000000002,24.545,2
P231360,67.2945,24.54,1
P249157,84.78,24.54,1
P240963,217.381,24.535,2
P234797,108.81,24.53,1
P245136,285.29,24.53,1
P248095,513.594,24.52,2
P229319,160.614,24.515,2
P213421,418.986,24.505000000000003,2
P209595,441.5005,24.5,2
P242382,282.06,24.49,1
P225993,485.918,24.49,3
P200421,266.65200000000004,24.49,1
P227832,192.98000000000002,24.49,2
P231849,67.284,24.49,1
P240508,524.654,24.487499999999997,4
P213259,94.15,24.48,1
P221954,181.70999999999998,24.479999999999997,2
P213820,85.75649999999999,24.47,1
P235388,90.2445,24.47,1
P203909,489.353,24.465,2
P235225,88.72000000000001,24.46,1
P202479,96.97,24.46,1
P212612,114.56,24.46,1
P201987,70.2,24.45,1
P205417,88.407,24.45,1
P232103,112.83,24.45,1
P201432,77.881,24.44,1
P210285,451.9075,24.43,2
P220618,110.22,24.43,1
P238186,475.7455,24.426666666666666,3
P214101,412.7765,24.425,2
P226876,81.76500000000001,24.42,1
P200490,108.25,24.42,1
P225514,113.7435,24.41,1
P247060,104.03,24.41,1
P232994,106.23,24.41,1
P223884,105.435,24.4,1
P247292,117.51,24.4,1
P216836,270.98,24.4,1
P241596,701.022,24.393333333333334,3
P217267,306.5035,24.39333333333333,3
P210076,221.9565,24.39,2
P228706,78.24,24.39,1
P211888,85.01,24.39,1
P205611,166.952,24.38,2
P201531,105.23,24.37,1
P234119,112.31,24.37,1
P237238,276.78,24.37,1
P239991,92.718,24.37,1
P221857,396.68049999999994,24.363333333333333,3
P212369,93.75,24.36,1
P229604,176.15,24.35,2
P223486,275.044,24.349999999999998,3
P222280,210.5785,24.345,2
P241542,275.81,24.34,1
P222594,111.39,24.34,1
P203387,198.428,24.33,2
P244142,79.19999999999999,24.33,1
P201860,111.69,24.33,1
P207054,204.63,24.325,2
P237976,307.3215,24.313333333333333,3
P205434,270.51,24.31,1
P208762,109.155,24.31,1
P232463,68.706,24.3,1
P229135,109.592,24.3,1
P208192,482.94,24.290000000000003,2
P206657,112.336,24.29,1
P211624,115.78,24.28,1
P217671,276.48,24.28,1
P219780,83.78,24.27,1
P211928,494.01,24.265,2
P219599,85.81,24.26,1
P244363,104.87,24.26,1
P248963,91.098,24.26,1
P249316,760.162,24.25,3
P234379,82.80199999999999,24.25,1
P230303,268.04,24.24,1
P206958,230.752,24.235,2
P241699,87.129,24.23,1
P200028,68.43,24.23,1
P212185,167.2,24.22,2
P243513,106.79,24.21,1
P212849,313.46000000000004,24.205,2
P209839,86.36,24.2,1
P205126,725.766,24.2,3
P235971,271.413,24.2,1
P222851,217.10500000000002,24.2,2
P227892,88.94,24.18,1
P231974,451.95,24.18,2
P239102,83.0775,24.18,1
P216709,113.16899999999998,24.17,1
P220487,648.3879999999999,24.166666666666668,3
P231404,463.8395,24.16,2
P249954,261.231,24.16,1
P204227,98.936,24.16,1
P249199,67.88,24.16,1
P229301,100.808,24.16,1
P232211,271.68,24.16,1
P203424,169.88849999999996,24.155,2
P214062,140.678,24.155,2
P241922,266.49,24.15,1
P202440,278.58,24.14,1
P213085,280.0,24.14,1
P211157,78.52699999999999,24.14,1
P200939,87.36,24.13,1
P200232,211.23,24.13,2
P238022,849.5475,24.115000000000002,4
P226543,316.89,24.113333333333333,3
P225392,264.63899999999995,24.11,1
P209168,220.537,24.104999999999997,2
P238413,325.52799999999996,24.103333333333335,3
P202253,267.25,24.1,1
P234673,91.17,24.1,1
P221408,83.1,24.1,1
P218567,113.81,24.1,1
P225354,294.31350000000003,24.093333333333334,3
P227296,275.88,24.09,1
P230943,526.866,24.08,2
P248837,268.47,24.08,1
P228980,64.581,24.07,1
P210017,159.01999999999998,24.064999999999998,2
P222723,107.28,24.06,1
P231060,278.2,24.06,1
P215919,108.06,24.05,1
P224761,346.57,24.05,4
P227703,273.19,24.05,1
P218404,103.35,24.05,1
P249210,717.67,24.043333333333337,3
P247276,104.99200000000002,24.04,1
P236291,90.58,24.04,1
P249117,104.41,24.04,1
P218206,261.4,24.04,1
P228697,112.0525,24.04,1
P238399,102.8,24.04,1
P234436,108.26,24.04,1
P232961,928.6049999999999,24.04,4
P200742,109.45,24.03,1
P204068,106.88,24.03,1
P244026,281.223,24.03,1
P206582,285.68,24.03,1
P215840,108.26,24.03,1
P204020,113.544,24.03,1
P231369,207.648,24.029999999999998,2
P248385,497.706,24.015,2
P232472,111.5965,24.01,1
P237603,559.38,23.995,2
P226286,69.66,23.99,1
P225530,211.11600000000004,23.985,2
P240743,113.8385,23.98,1
P239222,192.598,23.98,2
P232925,198.984,23.974999999999998,2
P215163,107.92,23.97,1
P225071,69.06,23.97,1
P229140,453.3215,23.965,2
P236473,85.662,23.96,1
P227213,88.35,23.96,1
P234507,91.001,23.96,1
P244866,282.22700000000003,23.959999999999997,3
P209866,108.27,23.95,1
P211629,112.32,23.95,1
P219879,89.32,23.95,1
P236709,73.55,23.95,1
P225309,267.425,23.95,1
P248435,270.55,23.95,1
P203642,401.23,23.94,2
P235143,88.621,23.94,1
P239126,115.13,23.94,1
P203769,354.9,23.939999999999998,2
P201383,165.124,23.935000000000002,2
P213222,263.625,23.93,1
P248279,266.5225,23.93,1
P233348,113.62,23.93,1
P245666,72.65700000000001,23.93,1
P236312,223.654,23.925,2
P210379,63.15,23.92,1
P200552,197.32999999999998,23.92,2
P232505,92.26,23.91,1
P230330,100.43,23.9,1
P247981,100.4815,23.9,1
P211020,740.95,23.896666666666665,3
P234901,259.97600000000006,23.89,1
P221960,108.902,23.89,1
P224558,223.27,23.89,2
P244963,95.438,23.88,1
P249974,98.464,23.88,1
P202019,106.8025,23.88,1
P219887,547.1045,23.876666666666665,3
P212815,456.217,23.875,2
P227943,739.2180000000001,23.873333333333335,3
P239237,77.193,23.87,1
P204932,77.38,23.87,1
P200880,98.876,23.87,1
P202931,65.69600000000001,23.86,1
P230950,65.24,23.86,1
P202216,75.03,23.86,1
P238841,111.66,23.86,1
P223274,261.992,23.86,1
P232402,278.38,23.86,1
P201907,109.65,23.85,1
P201023,205.276,23.845,2
P213746,89.94599999999998,23.84,1
P215953,86.139,23.84,1
P230200,214.3,23.84,2
P219004,87.936,23.84,1
P222567,373.42199999999997,23.835,2
P216975,495.217,23.830000000000002,2
P208998,88.952,23.82,1
P242376,187.88150000000002,23.810000000000002,2
P242649,113.51,23.81,1
P211093,472.683,23.81,4
P249308,250.8,23.8,1
P237674,73.85,23.8,1
P214654,114.35,23.8,1
P229013,87.96199999999999,23.8,1
P208565,99.06,23.8,1
P247898,106.94,23.79,1
P219045,192.5935,23.79,2
P239927,655.8115,23.786666666666665,3
P229985,205.23000000000002,23.785,2
P206944,110.57,23.78,1
P241590,269.47,23.78,1
P246000,731.0785,23.77,4
P212244,102.41,23.77,1
P214073,391.054,23.77,2
P242472,64.84,23.76,1
P209339,549.65,23.755000000000003,2
P240624,81.18,23.75,1
P240657,190.233,23.75,2
P238754,444.29200000000003,23.75,2
P231354,269.1,23.75,1
P222715,196.612,23.745,2
P238056,260.0745,23.74,1
P236559,202.8,23.74,2
P210833,74.34,23.74,1
P221235,86.4215,23.73,1
P240579,186.788,23.715,2
P237404,76.28,23.71,1
P201204,65.74,23.71,1
P235504,486.609,23.71,2
P232420,116.1945,23.71,1
P220432,478.6155,23.709999999999997,4
P224284,201.153,23.705000000000002,2
P209975,106.216,23.7,1
P212965,339.7935,23.686666666666667,3
P226793,88.673,23.68,1
P232235,729.996,23.673333333333336,3
P242666,422.2935,23.67,2
P212312,340.28,23.67,3
P226003,111.188,23.67,1
P215164,264.79800000000006,23.66,1
P200595,248.85,23.66,1
P248477,112.4895,23.66,1
P214366,85.47,23.66,1
P217217,336.92,23.66,2
P206900,347.49,23.655,2
P202332,171.964,23.654999999999998,2
P220377,476.66749999999996,23.650000000000002,3
P220048,81.92,23.65,1
P231678,112.16,23.65,1
P235720,189.03,23.645,2
P208095,799.794,23.64,3
P218244,366.93,23.63,2
P234202,148.398,23.625,2
P236105,311.55449999999996,23.623333333333335,3
P203459,436.193,23.61,2
P228629,550.024,23.6,2
P207398,300.424,23.596666666666664,3
P226579,92.74,23.59,1
P246185,159.4355,23.585,2
P231305,574.1,23.580000000000002,3
P229610,112.14,23.58,1
P227135,267.036,23.58,1
P242563,408.28999999999996,23.575000000000003,2
P222628,215.92000000000002,23.575,2
P216200,83.2865,23.57,1
P246735,276.19,23.57,1
P211954,87.23849999999999,23.57,1
P244631,81.51,23.56,1
P226121,105.6685,23.56,1
P242999,256.977,23.56,1
P209906,216.144,23.54,2
P201806,463.22,23.52,2
P245267,322.12,23.513333333333335,3
P216440,112.788,23.51,1
P247939,86.92,23.51,1
P237876,242.0145,23.51,3
P208911,293.9155,23.506666666666664,3
P241107,406.974,23.505,2
P240440,266.13,23.5,1
P247851,260.136,23.5,1
P205459,76.517,23.5,1
P208467,264.39,23.5,1
P231471,90.2,23.49,1
P200236,66.02,23.49,1
P204467,97.91,23.48,1
P208592,79.18,23.48,1
P241606,270.3255,23.47,1
P239420,262.22,23.47,1
P248051,86.61149999999999,23.47,1
P226553,323.472,23.47,2
P226528,105.44,23.46,1
P227870,669.5305000000001,23.456666666666667,3
P234224,654.659,23.453333333333333,3
P207589,192.726,23.45,2
P222826,107.865,23.45,1
P241877,86.88699999999999,23.44,1
P206149,82.1,23.44,1
P248367,270.334,23.43,1
P241500,337.42999999999995,23.42,3
P241306,103.55,23.42,1
P208351,155.692,23.42,2
P233260,248.45,23.41,1
P205041,112.15,23.4,1
P244594,184.8765,23.4,2
P219743,100.024,23.39,1
P244023,141.852,23.385,2
P219017,211.08499999999998,23.380000000000003,2
P238715,207.16649999999998,23.38,2
P212416,312.6915,23.373333333333335,3
P203907,295.75,23.363333333333333,3
P201942,91.9,23.36,1
P227868,271.03200000000004,23.36,1
P208179,70.8225,23.36,1
P210094,166.1935,23.354999999999997,2
P242920,266.12,23.35,1
P216240,97.02349999999998,23.34,1
P220957,171.69,23.34,2
P237955,64.88,23.34,1
P249368,83.25,23.34,1
P208796,183.7095,23.34,2
P233696,88.08300000000001,23.34,1
P218774,374.735,23.34,2
P220735,67.23,23.33,1
P221262,100.8,23.33,1
P216415,255.93,23.323333333333334,3
P200233,195.838,23.32,2
P231089,108.9,23.32,1
P246490,254.655,23.315,2
P226745,662.1980000000001,23.313333333333333,3
P242636,110.81,23.31,1
P240105,115.3,23.31,1
P222901,447.697,23.31,2
P237370,167.83299999999997,23.3,2
P231013,265.27,23.3,1
P247112,340.42,23.29,2
P239652,100.78,23.29,1
P249364,532.1745,23.285,2
P226718,105.95,23.28,1
P237963,64.0,23.28,1
P235125,82.11200000000001,23.28,1
P211592,81.9185,23.28,1
P221223,442.64,23.2775,4
P219744,207.21349999999995,23.275,2
P210641,107.31,23.27,1
P222349,64.28,23.27,1
P227372,69.0,23.27,1
P223603,101.78,23.27,1
P223597,101.62,23.26,1
P233474,260.55,23.26,1
P243758,169.8595,23.255000000000003,2
P241132,260.4,23.25,1
P243633,261.29,23.25,1
P223096,316.413,23.245,2
P210687,270.5935,23.243333333333336,3
P200810,267.8,23.24,1
P215084,100.164,23.24,1
P232074,268.29900000000004,23.24,1
P210277,180.1145,23.235,2
P208268,83.19,23.22,1
P224726,180.142,23.22,2
P212281,305.314,23.22,3
P249966,270.612,23.21,1
P241479,105.13,23.21,1
P240538,100.89,23.21,1
P206353,96.425,23.21,1
P216037,199.87099999999998,23.209999999999997,2
P231024,103.8825,23.2,1
P218064,86.16,23.19,1
P212389,70.063,23.19,1
P217496,271.9185,23.19,1
P233046,211.35,23.189999999999998,2
P201867,678.5980000000001,23.186666666666664,3
P247084,84.531,23.18,1
P207418,66.94,23.18,1
P244241,110.88800000000002,23.18,1
P225786,108.98,23.17,1
P204222,255.28,23.17,1
P228170,770.4219999999999,23.169999999999998,4
P223255,462.27799999999996,23.165,2
P248148,576.6355,23.16333333333333,3
P203860,109.404,23.16,1
P245788,251.62,23.16,1
P217762,731.4105,23.156666666666666,3
P200105,275.29,23.15,1
P215675,100.073,23.15,1
P209904,103.17,23.15,1
P200148,98.37,23.15,1
P227712,396.82,23.145000000000003,2
P212134,1028.9745,23.144,5
P221399,409.43,23.143333333333334,3
P211291,293.454,23.143333333333334,3
P210022,70.06,23.14,1
P223667,99.568,23.14,1
P240072,286.575,23.130000000000003,2
P222854,104.13,23.13,1
P229420,276.28,23.123333333333335,3
P237005,261.57,23.12,1
P214040,529.127,23.115000000000002,2
P225204,157.4,23.11,2
P216637,65.08,23.11,1
P234867,205.46,23.105,2
P209180,274.584,23.1,1
P216949,101.53,23.1,1
P244614,136.402,23.095,2
P215933,106.362,23.09,1
P209802,186.64600000000002,23.09,2
P210609,83.1535,23.08,1
P248276,186.70999999999998,23.08,2
P238724,162.513,23.075000000000003,2
P214189,68.85000000000001,23.07,1
P221855,75.42,23.07,1
P236842,110.38,23.06,1
P242420,100.49,23.05,1
P242579,472.561,23.05,2
P212951,75.46799999999999,23.05,1
P225617,104.328,23.05,1
P227406,258.74,23.05,1
P228998,489.116,23.05,2
P239811,455.1785,23.049999999999997,2
P244560,258.555,23.045,2
P226681,145.98699999999997,23.045,2
P243547,210.46,23.03,3
P248476,81.43,23.03,1
P229992,83.91199999999999,23.03,1
P210258,311.946,23.03,3
P219781,67.797,23.03,1
P209238,196.06799999999998,23.025,2
P228203,73.5205,23.02,1
P230854,64.28,23.02,1
P230589,65.259,23.02,1
P204288,194.232,23.015,2
P206248,267.33,23.01,1
P213268,265.95,23.01,1
P248585,468.81499999999994,23.009999999999998,2
P234373,192.879,23.009999999999998,2
P236901,262.03799999999995,23.0,1
P241547,524.941,22.993333333333336,3
P218561,84.26,22.98,1
P241757,96.33,22.98,1
P238226,261.49,22.97666666666667,3
P201026,190.51000000000002,22.97,2
P211565,261.57,22.97,1
P232888,89.965,22.97,1
P213148,97.28,22.97,1
P211170,474.46999999999997,22.965000000000003,2
P203383,82.35,22.96,1
P203449,110.848,22.96,1
P210033,459.85999999999996,22.955,2
P231683,534.1845000000001,22.94,3
P234631,69.46,22.94,1
P237740,255.37,22.93,1
P223820,99.6,22.92,1
P246745,60.48,22.92,1
P241766,201.60000000000002,22.92,2
P224570,272.911,22.91333333333333,3
P229750,108.648,22.91,1
P212249,67.617,22.91,1
P234129,260.388,22.91,1
P239217,87.77,22.91,1
P214431,465.45300000000003,22.900000000000002,2
P247398,98.85,22.9,1
P222478,106.438,22.9,1
P206352,187.97,22.895,2
P239810,108.395,22.89,1
P201335,83.952,22.89,1
P247121,204.28949999999998,22.884999999999998,2
P223664,101.27,22.88,1
P208162,94.38,22.88,1
P208308,103.3505,22.88,1
P221925,161.894,22.88,2
P214539,161.0,22.88,2
P212333,65.15,22.87,1
P233126,101.45,22.85,1
P226901,248.48,22.85,1
P237630,460.06899999999996,22.8475,4
P203993,190.883,22.845,2
P210140,83.4195,22.84,1
P225805,507.5,22.84,2
P225919,165.84,22.84,2
P238883,195.718,22.835,2
P228794,102.01,22.83,1
P245598,84.66,22.83,1
P211424,87.35,22.82,1
P214157,84.18900000000001,22.82,1
P201339,192.644,22.815,2
P248864,259.939,22.81,1
P249130,71.26,22.81,1
P247574,188.20000000000002,22.8,2
P236594,253.69,22.8,1
P227778,99.594,22.8,1
P205377,255.0275,22.8,1
P231930,88.217,22.79,1
P218027,240.422,22.78,1
P241472,695.002,22.7725,4
P233388,263.4,22.77,1
P237997,739.7605000000001,22.766666666666666,6
P211226,200.08,22.76,2
P224101,105.94,22.76,1
P237411,205.82500000000002,22.755000000000003,2
P227571,159.195,22.755,2
P207242,627.778,22.75,3
P202547,261.991,22.75,1
P232294,93.72,22.75,1
P222466,132.46,22.745,2
P209491,243.32999999999998,22.740000000000002,2
P248263,104.3,22.74,1
P204175,265.833,22.74,1
P228348,79.572,22.74,1
P249866,81.392,22.73,1
P225723,367.044,22.725,2
P234796,261.63,22.72,1
P240832,71.12,22.72,1
P248569,105.994,22.72,1
P249797,96.741,22.71,1
P230866,98.49,22.71,1
P222976,190.8,22.705000000000002,2
P246564,165.98,22.700000000000003,2
P245114,163.5115,22.7,2
P200909,64.704,22.7,1
P229274,98.4485,22.7,1
P244974,284.0665,22.69666666666667,3
P248896,128.68,22.695,2
P237538,260.5945,22.69,1
P218251,505.26,22.69,2
P235723,107.28,22.69,1
P239428,524.11,22.685000000000002,2
P244253,78.59,22.68,1
P240981,256.671,22.68,1
P214616,73.98,22.67,1
P234630,82.54,22.67,1
P238848,609.762,22.66333333333333,3
P240149,184.85600000000002,22.655,2
P241842,608.8655,22.655,4
P207150,135.674,22.654999999999998,2
P207350,372.47,22.65,2
P244595,101.57,22.65,1
P237983,103.1415,22.64,1
P232223,449.99,22.635,2
P211797,70.33,22.63,1
P203294,261.108,22.63,1
P237869,101.3365,22.63,1
P244638,315.88950000000006,22.625,4
P200901,417.39000000000004,22.625,2
P237598,96.85,22.62,1
P214736,79.76,22.62,1
P202281,80.25,22.62,1
P210494,342.80449999999996,22.615000000000002,2
P219464,499.76599999999996,22.61,2
P224017,190.214,22.6,2
P245514,104.1865,22.6,1
P236568,253.46,22.6,1
P228014,652.09,22.5975,4
P225381,153.7215,22.595,2
P249884,677.2780000000001,22.590000000000003,3
P241190,158.42600000000002,22.580000000000002,2
P230871,153.34,22.58,2
P225822,70.38,22.57,1
P234942,100.434,22.57,1
P248562,239.9985,22.563333333333333,3
P240879,259.362,22.56,1
P238281,436.449,22.56,2
P242468,59.48,22.56,1
P247141,151.638,22.56,2
P220581,192.276,22.55,2
P240075,104.703,22.55,1
P246075,662.8999999999999,22.546666666666667,3
P221597,78.32,22.54,1
P245814,171.83,22.535,2
P200067,193.09199999999998,22.53,2
P202904,205.6945,22.53,2
P210582,327.67600000000004,22.52,2
P249676,104.83,22.52,1
P203774,192.406,22.5,2
P213258,84.132,22.5,1
P247445,158.517,22.5,2
P209874,275.03,22.5,1
P210038,187.74,22.490000000000002,2
P249813,255.84,22.49,1
P245378,80.05,22.49,1
P205682,82.03,22.48,1
P218975,102.492,22.47,1
P241059,95.536,22.47,1
P236400,157.89499999999998,22.45,2
P209077,104.5285,22.45,1
P211502,163.91000000000003,22.445,2
P230124,98.45,22.44,1
P236098,84.24,22.43,1
P228994,76.20899999999999,22.43,1
P235171,95.6175,22.42,1
P205044,218.20700000000002,22.416666666666668,3
P205311,426.28999999999996,22.415,2
P214840,243.513,22.41,1
P205565,60.86,22.4,1
P221321,100.1215,22.4,1
P201563,97.6125,22.4,1
P208635,81.036,22.4,1
P215918,248.26,22.39,1
P211355,159.83800000000002,22.384999999999998,2
P243445,82.96,22.38,1
P233702,91.052,22.38,1
P212871,95.94,22.38,1
P239007,92.71999999999998,22.38,1
P243955,79.14,22.38,1
P238367,76.12,22.38,1
P232161,74.632,22.38,1
P241972,78.894,22.38,1
P227057,93.159,22.38,1
P217577,179.982,22.37,2
P247679,107.01,22.37,1
P238695,76.78,22.36,1
P249956,82.13,22.36,1
P215050,158.517,22.36,2
P224964,246.56,22.35,1
P242533,65.44,22.35,1
P200537,97.08,22.35,1
P204564,194.14000000000001,22.345,2
P216616,167.538,22.34,2
P220823,263.283,22.34,1
P225860,322.45,22.335,4
P227849,95.148,22.33,1
P231507,75.19,22.33,1
P242331,274.79650000000004,22.326666666666668,3
P229055,104.2525,22.32,1
P218534,101.5835,22.32,1
P248850,84.19,22.32,1
P207078,148.682,22.310000000000002,2
P245911,98.12,22.31,1
P245488,105.19,22.31,1
P227521,73.72,22.31,1
P200924,107.65399999999998,22.31,1
P203444,257.17,22.3,1
P211725,78.659,22.29,1
P216505,203.384,22.285,2
P230651,199.0155,22.285,2
P209395,396.78999999999996,22.285,2
P215877,96.07,22.28,1
P214353,481.91999999999996,22.28,2
P210183,249.577,22.27,1
P239756,244.6215,22.27,1
P249662,261.091,22.26,3
P241230,275.817,22.256666666666664,3
P230169,184.977,22.255000000000003,2
P231152,86.59,22.25,1
P213598,95.872,22.25,1
P234404,62.43300000000001,22.24,1
P230778,269.161,22.24,1
P228117,93.54,22.24,1
P217013,649.8100000000001,22.236666666666665,3
P249389,165.34,22.23,2
P226926,64.36,22.23,1
P212530,83.64,22.23,1
P210522,105.624,22.22,1
P239091,68.55000000000001,22.22,1
P219946,750.93,22.21666666666667,3
P209766,201.96349999999998,22.215000000000003,2
P245301,397.34,22.215,2
P237474,475.15200000000004,22.21,2
P233859,80.921,22.21,1
P228443,181.926,22.21,2
P218232,101.05,22.21,1
P215037,239.29,22.209999999999997,3
P229000,362.8065,22.2025,4
P246882,82.2375,22.2,1
P203464,113.16,22.2,1
P224394,61.6,22.2,1
P237677,314.06,22.2,2
P211018,515.752,22.195,2
P249647,105.9915,22.19,1
P215125,271.17,22.19,1
P218920,160.6735,22.189999999999998,2
P216997,86.5,22.18,1
P217166,253.38,22.18,1
P208086,424.093,22.18,2
P200576,448.9015,22.179999999999996,3
P217490,343.985,22.176666666666666,3
P234048,263.78999999999996,22.17,2
P221342,106.84,22.17,1
P219708,130.503,22.165,2
P236843,246.978,22.16333333333333,3
P236978,425.554,22.16,2
P233183,98.264,22.16,1
P215283,83.34,22.16,1
P242324,250.13,22.16,1
P224398,81.2,22.16,1
P215876,182.993,22.156666666666666,3
P249461,101.55,22.15,1
P246173,86.83200000000001,22.15,1
P244088,563.994,22.1475,4
P240751,83.76,22.14,1
P209310,242.01,22.14,1
P231660,106.632,22.14,1
P208505,187.85850000000002,22.14,2
P219958,96.349,22.14,1
P224318,264.307,22.136666666666667,3
P246998,183.851,22.135,2
P239719,78.34,22.13,1
P212519,167.27700000000002,22.12,2
P201545,559.067,22.113333333333333,3
P229780,65.16,22.11,1
P224535,113.715,22.1,1
P204655,212.4145,22.09,3
P202201,106.42799999999998,22.09,1
P206224,112.09,22.09,1
P236792,292.227,22.09,2
P237689,83.9,22.08,1
P239986,91.94,22.08,1
P200809,78.93,22.08,1
P237401,255.69,22.08,1
P248229,188.44750000000002,22.075000000000003,2
P204322,104.06,22.07,1
P206369,247.28,22.07,1
P249823,189.54,22.065,2
P219399,119.2535,22.064999999999998,2
P221622,194.127,22.060000000000002,3
P231559,277.99699999999996,22.060000000000002,2
P244583,97.22,22.06,1
P207565,161.32899999999998,22.06,2
P215024,104.5415,22.06,1
P235815,450.347,22.055,2
P220320,263.65,22.05,1
P238708,449.97,22.045,2
P211218,154.204,22.040000000000003,2
P213353,168.09,22.040000000000003,2
P230267,192.328,22.04,2
P221933,82.51,22.04,1
P205036,239.12,22.04,1
P203296,257.64,22.03,1
P217829,61.578,22.03,1
P208136,100.476,22.03,1
P235702,452.7,22.025,2
P218731,74.02,22.02,1
P203462,272.166,22.013333333333332,3
P218231,180.018,22.01,2
P240028,80.79,22.01,1
P207293,150.225,22.0,2
P239005,177.25050000000002,22.0,2
P231189,72.52,22.0,1
P223476,103.168,22.0,1
P214700,106.9985,22.0,1
P222633,79.18,22.0,1
P221112,139.78,21.995,2
P228301,170.55349999999999,21.994999999999997,2
P214531,94.5,21.99,1
P221259,100.396,21.98,1
P249515,103.9965,21.98,1
P243906,326.12,21.965,2
P227488,60.656,21.96,1
P245565,69.21000000000001,21.96,1
P240426,268.49,21.96,1
P203340,427.8190000000001,21.959999999999997,3
P215860,457.887,21.955000000000002,2
P219975,62.64,21.95,1
P209136,77.98,21.95,1
P237821,126.1685,21.945,2
P227573,427.967,21.935,2
P237289,246.822,21.929999999999996,3
P237950,98.68,21.92,1
P246791,177.98000000000002,21.91,2
P203920,258.324,21.91,1
P225748,98.0685,21.91,1
P201363,364.692,21.91,2
P212801,452.8,21.91,2
P249576,60.34,21.91,1
P222704,69.483,21.9,1
P216793,62.91,21.9,1
P201569,94.31,21.9,1
P206652,61.94,21.9,1
P222005,78.24,21.9,1
P234233,81.94,21.9,1
P215596,81.41,21.89,1
P209303,72.12,21.89,1
P207257,105.46,21.88,1
P224201,173.35,21.875,2
P206174,491.15999999999997,21.875,2
P236243,70.37599999999999,21.87,1
P235294,204.223,21.86,2
P214597,242.63,21.85,1
P222013,489.14599999999996,21.84,2
P219954,290.28,21.836666666666662,3
P244164,79.857,21.83,1
P217008,108.2135,21.83,1
P206506,80.11,21.83,1
P243520,85.16,21.83,1
P208787,399.41999999999996,21.83,2
P201133,185.68,21.825000000000003,2
P209348,85.32,21.82,1
P205016,60.048,21.82,1
P218230,104.63,21.82,1
P224686,603.0735,21.816666666666666,3
P204216,455.61499999999995,21.810000000000002,2
P233179,61.16,21.81,1
P241456,81.8,21.81,1
P243350,68.28,21.81,1
P243702,153.3995,21.805000000000003,2
P218461,173.03,21.805,2
P233161,192.9,21.799999999999997,2
P220387,457.9115,21.794999999999998,2
P230524,275.49449999999996,21.793333333333333,3
P237635,81.4,21.79,1
P222354,249.945,21.79,1
P229717,409.137,21.785,2
P243418,328.6225,21.78,3
P246204,80.48,21.78,1
P209048,91.65,21.78,1
P239020,187.21,21.775,2
P240431,291.50649999999996,21.77333333333333,3
P200434,92.74,21.77,1
P201895,78.06,21.77,1
P207005,572.8295,21.76,3
P216531,260.8985,21.76,1
P216221,80.332,21.76,1
P244852,483.0935,21.75,2
P232093,100.69,21.75,1
P245019,64.68,21.75,1
P239048,246.8385,21.75,1
P247082,109.26,21.74,1
P231045,81.54,21.74,1
P222985,309.058,21.735,2
P214268,73.89,21.73,1
P240971,69.71,21.73,1
P231193,234.219,21.72,3
P225245,80.63,21.72,1
P241614,447.174,21.715000000000003,2
P224757,303.01,21.71,2
P234606,247.49,21.71,1
P208455,88.17899999999999,21.71,1
P234762,485.4,21.705,2
P241026,482.904,21.705,2
P222009,101.205,21.7,1
P223564,95.85,21.7,1
P210363,99.37,21.7,1
P225063,59.26499999999999,21.7,1
P213755,79.69,21.69,1
P218789,75.15,21.69,1
P207928,175.825,21.685,2
P213806,149.67499999999998,21.68,2
P244830,746.403,21.67,3
P224974,240.065,21.67,1
P244537,237.1075,21.67,1
P201719,149.1,21.665,2
P243730,88.96,21.66,1
P205489,97.8775,21.66,1
P216651,365.945,21.655,4
P219942,246.13,21.65,1
P235921,62.68,21.65,1
P228734,243.495,21.65,1
P228960,106.34,21.64,1
P249327,424.2515,21.64,2
P225328,201.5975,21.630000000000003,2
P203970,81.1,21.63,1
P225412,77.19,21.63,1
P244641,105.066,21.62,1
P243777,100.89,21.62,1
P235215,685.5995,21.62,3
P247558,251.666,21.613333333333333,3
P237676,269.94,21.613333333333333,3
P209142,61.43,21.61,1
P232916,72.35,21.61,1
P222501,251.168,21.61,1
P208495,423.111,21.605,2
P248586,264.36,21.6,1
P224902,479.2800000000001,21.6,2
P231361,97.2895,21.6,1
P228419,195.15400000000002,21.6,2
P242995,94.35,21.59,1
P231830,104.23,21.58,1
P227623,570.483,21.58,3
P208132,88.83,21.58,1
P205768,99.84,21.58,1
P223349,82.575,21.58,1
P217428,178.69199999999998,21.57,2
P220817,127.362,21.56,2
P226300,160.59050000000002,21.555,2
P213024,191.72,21.555,2
P237416,95.5225,21.55,1
P243056,95.98,21.55,1
P229286,66.68,21.54,1
P200315,96.98,21.54,1
P214030,68.94,21.54,1
P204271,102.828,21.53,1
P208187,148.23,21.53,2
P244119,184.548,21.52,2
P227241,73.188,21.52,1
P211621,237.633,21.52,1
P200916,254.8825,21.52,3
P218162,81.96,21.52,1
P202631,183.20749999999998,21.515,2
P243479,215.364,21.513333333333332,3
P237971,112.94,21.51,1
P213218,545.377,21.51,3
P218770,60.44,21.51,1
P245382,341.48,21.509999999999998,2
P237362,194.71549999999996,21.505000000000003,2
P208352,252.092,21.5,1
P224797,120.37599999999999,21.5,2
P231843,277.15999999999997,21.5,3
P240057,61.73,21.49,1
P229652,247.947,21.49,1
P218238,80.09,21.49,1
P248069,183.3955,21.49,2
P207202,155.3145,21.485,2
P202738,77.81,21.48,1
P209161,80.89,21.47,1
P245292,135.54,21.47,2
P219326,243.8055,21.47,1
P219731,79.57,21.47,1
P239305,91.01,21.47,1
P217028,81.74,21.47,1
P227209,78.876,21.46,1
P203005,150.935,21.46,2
P240819,82.55,21.46,1
P208013,280.535,21.453333333333333,3
P218420,361.10699999999997,21.45,2
P205186,91.98,21.45,1
P245201,65.51,21.45,1
P224576,98.98,21.45,1
P241090,105.24,21.45,1
P209629,283.77,21.445,2
P234388,680.036,21.4425,4
P236235,82.858,21.44,1
P208551,56.24,21.44,1
P225629,57.834,21.43,1
P230689,343.742,21.42,2
P218611,97.72,21.42,1
P204307,83.66,21.41,1
P203977,63.952,21.41,1
P232934,99.92,21.41,1
P235338,202.26,21.405,2
P213672,276.33000000000004,21.400000000000002,3
P200859,252.28,21.4,1
P245800,100.016,21.4,1
P204137,96.42,21.4,1
P236926,60.10349999999999,21.4,1
P227419,549.52,21.3975,4
P211670,225.63200000000003,21.39,1
P231745,256.37,21.39,1
P246976,76.08800000000001,21.39,1
P200288,245.04,21.39,1
P208627,78.45599999999999,21.39,1
P232571,173.74,21.384999999999998,2
P201368,90.704,21.38,1
P218058,100.47,21.38,1
P205937,101.517,21.38,1
P213100,256.752,21.38,1
P240120,247.5,21.37,1
P248009,90.41,21.36,1
P227773,152.93599999999998,21.36,2
P204844,96.985,21.36,1
P247769,283.915,21.35666666666667,3
P214580,147.0605,21.345,2
P207938,144.828,21.345,2
P209210,64.85000000000001,21.34,1
P225158,247.69,21.34,1
P233993,502.07000000000005,21.333333333333332,3
P234557,78.16,21.33,1
P230794,79.44,21.33,1
P249717,69.14099999999999,21.33,1
P201843,99.921,21.33,1
P242622,94.85,21.33,1
P244342,57.18,21.32,1
P248735,77.35,21.32,1
P245599,229.266,21.32,1
P227806,102.032,21.31,1
P221823,180.834,21.305,2
P206453,79.116,21.3,1
P213292,75.93350000000001,21.29,1
P204401,256.39,21.28,1
P240428,374.748,21.28,3
P231212,104.71,21.28,1
P215201,241.851,21.276666666666667,3
P206401,76.203,21.27,1
P234546,552.194,21.26,3
P225958,100.9755,21.26,1
P207160,243.45,21.26,1
P219481,277.907,21.259999999999998,3
P243921,100.87,21.24,1
P207397,246.29,21.23,1
P201760,95.46,21.23,1
P228365,191.62,21.225,2
P221250,98.26,21.22,1
P231343,158.55349999999999,21.22,2
P233055,61.744,21.21,1
P221664,76.66499999999999,21.21,1
P219062,94.77,21.21,1
P202120,366.087,21.205000000000002,4
P228037,133.832,21.205000000000002,2
P224501,104.278,21.2,1
P242750,189.73000000000002,21.195,2
P244079,171.95100000000002,21.175,2
P239258,307.796,21.173333333333336,3
P203349,99.826,21.17,1
P210229,104.62,21.17,1
P213128,253.92,21.16,1
P225028,94.8575,21.16,1
P219299,94.7,21.16,1
P208476,429.306,21.154999999999998,2
P246684,166.32,21.150000000000002,2
P205885,62.02,21.15,1
P206087,427.55,21.14,2
P226279,79.71,21.14,1
P234761,62.54,21.14,1
P209718,184.8235,21.14,2
P223258,69.72,21.13,1
P208622,89.523,21.13,1
P245638,239.343,21.12,1
P240754,95.526,21.12,1
P230107,79.86649999999999,21.12,1
P237068,174.98999999999998,21.115000000000002,2
P231031,101.25,21.11,1
P229912,76.972,21.11,1
P243255,98.7,21.1,1
P207017,77.352,21.1,1
P226850,102.86,21.09,1
P220134,209.56300000000002,21.085,2
P249494,96.482,21.08,1
P214255,102.114,21.08,1
P217361,68.818,21.08,1
P223542,77.69,21.08,1
P236219,77.856,21.07,1
P201338,143.95,21.07,2
P235135,470.4255,21.07,2
P207347,260.216,21.07,1
P214838,161.786,21.065,2
P240254,190.709,21.064999999999998,2
P234262,349.669,21.060000000000002,2
P235726,101.35,21.06,1
P218347,178.06,21.06,2
P219215,235.616,21.06,1
P204370,193.51,21.055,2
P209771,91.86,21.05,1
P240252,59.05199999999999,21.05,1
P244731,69.62,21.05,1
P209717,181.4785,21.045,2
P229341,60.45,21.04,1
P214083,95.067,21.04,1
P249850,251.1895,21.04,1
P230678,89.26,21.04,1
P207824,77.32,21.04,1
P218319,67.66,21.04,1
P242353,194.12849999999997,21.035,2
P221639,276.72499999999997,21.033333333333335,3
P225387,62.74,21.03,1
P215188,74.898,21.02,1
P228632,83.6,21.01,1
P249864,190.603,21.005,2
P233399,139.442,21.005,2
P235162,381.184,20.995,2
P249349,345.772,20.98,2
P224269,169.327,20.97,2
P243090,97.7075,20.97,1
P245955,762.6525,20.965,4
P219749,416.21999999999997,20.965,2
P232461,97.19,20.96,1
P200043,94.622,20.96,1
P209941,145.07299999999998,20.96,2
P211463,192.669,20.96,2
P217081,245.39,20.95,1
P211391,221.6455,20.95,3
P237304,224.919,20.95,1
P249146,251.76,20.94,1
P205153,88.87249999999999,20.94,1
P247161,236.41,20.94,1
P245431,76.06,20.94,1
P230691,165.34,20.94,2
P217042,137.07,20.935000000000002,2
P211659,436.265,20.933333333333334,3
P237166,91.09,20.93,1
P238701,223.71,20.92,1
P239229,102.42,20.92,1
P216068,76.247,20.92,1
P216989,77.197,20.92,1
P230860,388.751,20.916666666666668,3
P245946,232.8,20.91,1
P217259,326.0965,20.905,2
P221119,74.412,20.9,1
P239031,98.039,20.9,1
P230429,392.52099999999996,20.895,2
P243326,82.297,20.89,1
P214171,261.364,20.87666666666667,3
P205639,93.88,20.87,1
P237258,100.26,20.87,1
P219755,59.010000000000005,20.87,1
P237347,247.71,20.87,1
P228448,259.522,20.87,2
P249602,178.602,20.86,2
P213997,417.59000000000003,20.85,2
P212613,258.72,20.85,1
P215264,99.75,20.85,1
P246607,74.07000000000001,20.85,1
P236861,99.58,20.85,1
P241793,66.69,20.84,1
P235751,499.95,20.83666666666667,3
P242675,99.76,20.83,1
P206238,74.12,20.83,1
P223409,266.89,20.823333333333334,3
P225042,103.72,20.82,1
P200619,95.661,20.82,1
P203152,85.69,20.82,1
P221979,76.627,20.82,1
P222326,80.217,20.82,1
P240232,88.9,20.82,1
P240098,273.26,20.814999999999998,2
P216791,143.01149999999998,20.81,2
P204619,97.596,20.81,1
P216256,254.62,20.81,1
P239379,516.51,20.8,3
P211185,94.864,20.8,1
P239876,62.441,20.8,1
P214172,74.9455,20.79,1
P248525,99.11,20.79,1
P240314,154.826,20.79,2
P216262,463.87399999999997,20.783333333333335,3
P203921,83.78,20.78,1
P210198,245.85,20.78,1
P208847,88.3,20.78,1
P212700,103.6165,20.78,1
P216120,90.477,20.77,1
P235744,234.6025,20.77,1
P210820,99.87,20.77,1
P232997,80.946,20.76,1
P204490,249.664,20.76,1
P231048,77.9365,20.76,1
P206780,59.176,20.76,1
P223958,63.46,20.76,1
P213610,65.92,20.76,1
P244899,151.972,20.759999999999998,2
P243879,183.19000000000003,20.755,2
P211651,190.048,20.75,2
P208810,57.49,20.75,1
P205321,61.56000000000001,20.75,1
P231222,247.264,20.74,1
P232008,76.37049999999999,20.74,1
P200608,54.09,20.74,1
P212667,85.74,20.74,1
P233360,60.732000000000006,20.74,1
P211263,389.51800000000003,20.735,2
P240958,93.48,20.73,1
P213624,81.29,20.73,1
P226062,416.90999999999997,20.725,2
P229066,82.02,20.72,1
P237403,101.912,20.72,1
P201234,84.18,20.71,1
P239311,100.25,20.71,1
P217409,250.41000000000003,20.700000000000003,3
P208735,231.72,20.7,1
P216721,244.83,20.69,1
P226823,231.24,20.69,1
P245602,418.82,20.689999999999998,2
P248822,169.96,20.689999999999998,2
P224644,95.152,20.68,1
P243944,471.501,20.675,2
P209992,61.22,20.67,1
P219369,177.324,20.67,2
P233059,61.66,20.67,1
P217568,176.4955,20.67,2
P246873,189.03,20.665,2
P213208,77.596,20.66,1
P226030,79.01599999999999,20.66,1
P227960,58.98,20.66,1
P230329,103.52,20.66,1
P214221,229.3775,20.66,1
P202535,66.006,20.65,1
P208513,158.904,20.630000000000003,2
P245765,79.51,20.63,1
P247791,229.09,20.63,1
P231814,238.78,20.62,1
P240463,195.55,20.61,2
P241458,236.81,20.61,1
P211284,77.07,20.61,1
P228225,225.66,20.61,1
P216767,81.22,20.61,1
P219859,188.83999999999997,20.604999999999997,2
P209744,96.3,20.6,1
P201063,151.0295,20.6,2
P227857,241.2895,20.6,1
P204973,154.57,20.595,2
P225728,58.38,20.59,1
P238915,77.88,20.59,1
P202232,63.06,20.58,1
P218472,244.6,20.57,1
P207851,231.104,20.57,1
P210714,75.373,20.57,1
P244084,150.55,20.564999999999998,2
P212441,100.85,20.56,1
P249835,62.26,20.56,1
P244500,252.89,20.56,1
P248647,190.7085,20.555,2
P229842,319.653,20.555,2
P215874,422.002,20.55,2
P243422,202.714,20.545,2
P204824,87.219,20.54,1
P203848,77.55,20.54,1
P231277,243.048,20.54,1
P212093,367.6785,20.5325,4
P248720,264.68399999999997,20.53,3
P211722,70.97449999999999,20.53,1
P235535,251.72,20.53,1
P249454,240.85,20.53,1
P248045,252.22000000000003,20.525,2
P216642,147.67,20.52,2
P207658,95.63,20.52,1
P233025,233.7825,20.516666666666666,3
P220310,92.178,20.51,1
P224701,77.74,20.51,1
P226611,75.20400000000001,20.51,1
P237429,192.01,20.51,3
P226154,234.042,20.51,1
P249502,94.792,20.51,1
P224325,91.58,20.51,1
P243277,140.831,20.505000000000003,2
P225058,86.3175,20.5,1
P223340,102.65,20.5,1
P218032,231.81,20.5,1
P245977,59.55,20.5,1
P201804,82.178,20.5,1
P233667,221.519,20.495,2
P237048,237.25,20.49,1
P205747,85.905,20.49,1
P241988,119.19,20.49,2
P238966,322.373,20.48,2
P208061,423.59600000000006,20.48,3
P214114,239.508,20.48,1
P218317,69.51,20.47,1
P231707,162.753,20.47,2
P229831,58.31,20.47,1
P236273,140.1235,20.465,2
P208650,159.208,20.465,2
P227541,78.0235,20.46,1
P243938,146.03,20.455000000000002,2
P229865,93.005,20.45,1
P224677,73.55850000000001,20.45,1
P212581,237.636,20.45,1
P214247,73.0,20.45,1
P230084,158.252,20.445,2
P241308,130.27749999999997,20.435000000000002,2
P202484,246.46,20.43,1
P234359,470.21400000000006,20.424999999999997,2
P213408,185.535,20.42,2
P228411,88.9485,20.42,1
P240906,177.09,20.419999999999998,2
P218833,109.6925,20.415,2
P213301,75.639,20.41,1
P236951,57.39,20.41,1
P213409,102.087,20.41,1
P204808,457.019,20.4,4
P208670,68.39099999999999,20.4,1
P207249,192.43,20.4,2
P203039,184.2425,20.395,2
P227136,401.08000000000004,20.39,2
P239467,123.71,20.39,2
P210233,394.839,20.385,2
P205457,69.7965,20.38,1
P216937,75.0,20.38,1
P218906,61.047,20.37,1
P237668,87.43,20.37,1
P248100,409.22999999999996,20.369999999999997,2
P227461,78.84049999999999,20.35,1
P242632,104.2055,20.35,1
P223420,77.063,20.35,1
P249796,244.9,20.35,1
P228766,252.48600000000002,20.345,2
P223809,88.44,20.34,1
P206305,93.1005,20.34,1
P202498,55.195,20.33,1
P234395,99.61,20.33,1
P219000,104.409,20.33,1
P235126,68.52,20.33,1
P227510,77.352,20.33,1
P224486,193.07,20.325,2
P215984,59.96,20.32,1
P201103,98.208,20.32,1
P200899,79.3815,20.31,1
P226965,633.0569999999999,20.30666666666667,3
P228545,76.84,20.3,1
P223270,92.51,20.3,1
P211448,390.3965,20.290000000000003,2
P237594,93.05,20.29,1
P217198,57.348,20.29,1
P218299,245.9835,20.29,1
P213298,227.61,20.29,1
P233526,90.28,20.28,1
P224988,165.07800000000003,20.275000000000002,2
P233370,385.47700000000003,20.27,2
P238521,247.122,20.27,1
P249733,133.365,20.27,2
P238806,65.64,20.27,1
P219150,88.825,20.26,1
P211470,428.96000000000004,20.26,2
P212157,90.23,20.26,1
P206209,88.7,20.26,1
P235840,100.0445,20.26,1
P234372,167.844,20.259999999999998,2
P200815,225.86700000000002,20.25,2
P216945,345.5765,20.240000000000002,2
P218501,182.20999999999998,20.24,2
P204561,69.02,20.24,1
P222378,56.25,20.24,1
P249088,87.059,20.24,1
P204856,235.01,20.24,1
P200051,256.78000000000003,20.23,3
P203109,77.72,20.23,1
P248938,99.27,20.23,1
P208684,60.0,20.23,1
P243889,74.88000000000001,20.23,1
P209968,62.97,20.23,1
P227349,148.14600000000002,20.23,2
P210642,89.36,20.22,1
P236988,125.58,20.22,2
P235103,232.4365,20.22,1
P201113,96.662,20.22,1
P211935,222.79,20.21,1
P225572,380.54,20.21,2
P234079,164.5195,20.21,2
P209356,77.994,20.21,1
P236092,235.63,20.21,1
P234111,235.368,20.21,1
P243130,59.31,20.2,1
P230259,57.47,20.2,1
P237958,228.7,20.19,1
P211292,77.43,20.19,1
P204983,375.96700000000004,20.19,2
P247502,236.24,20.18,1
P244572,60.67,20.17,1
P234030,89.17,20.17,1
P241301,426.49,20.165,2
P246828,170.8865,20.165,2
P202353,594.6085,20.16,3
P241438,56.37,20.16,1
P245359,82.08,20.16,1
P245052,56.57,20.16,1
P228441,92.128,20.15,1
P204498,76.71,20.15,1
P234566,95.66,20.14,1
P233182,124.81,20.14,2
P235617,76.57,20.14,1
P234073,425.84000000000003,20.136666666666667,3
P239920,239.4855,20.13,1
P236706,58.98,20.13,1
P220802,95.8,20.13,1
P209644,231.84850000000003,20.123333333333335,3
P228855,367.3525000000001,20.12,2
P212669,174.73399999999998,20.12,2
P221924,181.5865,20.119999999999997,2
P215558,188.1215,20.115000000000002,2
P203703,230.26,20.11,1
P202158,226.23,20.11,1
P241519,296.456,20.11,2
P222691,250.51,20.11,1
P231117,361.341,20.105,2
P234089,63.22,20.1,1
P212870,91.84,20.1,1
P224192,166.81,20.095,2
P202509,325.32,20.093333333333334,3
P222546,251.54899999999998,20.09,3
P219508,79.2,20.09,1
P242536,436.625,20.085,2
P224727,61.5,20.08,1
P236087,172.46,20.08,2
P235445,75.80999999999999,20.08,1
P238238,87.71,20.08,1
P209747,390.791,20.073333333333334,3
P226468,83.3055,20.07,1
P234715,87.71,20.07,1
P247764,234.64,20.065,2
P218487,159.948,20.05,2
P236738,230.94000000000003,20.05,1
P239776,128.98000000000002,20.05,2
P246826,91.7575,20.05,1
P241166,85.68,20.05,1
P216549,240.243,20.05,3
P228559,79.227,20.05,1
P232482,54.83,20.05,1
P240558,142.09,20.045,2
P229456,158.52,20.044999999999998,2
P240712,93.143,20.04,1
P243961,89.67,20.04,1
P229060,84.52,20.04,1
P237745,70.167,20.04,1
P240372,661.172,20.033333333333335,3
P237546,60.6,20.03,1
P213181,63.897,20.03,1
P219493,76.836,20.02,1
P211044,89.79,20.02,1
P249185,67.14,20.01,1
P244205,76.36,20.01,1
P213654,54.53,20.01,1
P220840,119.42,20.005,2
P208186,88.28,20.0,1
P235443,75.12,20.0,1
P212113,254.9115,20.0,3
P240727,367.3335,19.994999999999997,2
P239767,333.4,19.994999999999997,2
P207420,451.70249999999993,19.994999999999997,4
P205721,88.84,19.99,1
P231862,58.767,19.99,1
P217455,97.64,19.99,1
P236620,90.22,19.99,1
P222664,238.01,19.99,1
P223038,181.35750000000002,19.985,2
P226080,74.7745,19.98,1
P214495,93.32,19.98,1
P226975,59.679,19.98,1
P224086,77.23,19.98,1
P220316,73.188,19.98,1
P225839,170.4745,19.975,2
P231626,223.292,19.966666666666665,3
P235464,69.06,19.96,1
P224160,66.05,19.96,1
P249459,85.55,19.96,1
P206965,56.4585,19.95,1
P242415,54.4,19.95,1
P229671,89.42,19.95,1
P213918,58.7435,19.94,1
P241782,216.34,19.94,1
P216450,217.055,19.939999999999998,2
P236417,347.3595,19.93,2
P225440,74.142,19.93,1
P243700,90.67,19.93,1
P201635,80.99,19.93,1
P227629,256.93,19.923333333333332,3
P216004,452.65,19.92,2
P200376,372.04,19.915,2
P240789,167.7575,19.915,2
P214055,97.40800000000002,19.91,1
P220919,87.21,19.91,1
P234496,90.022,19.91,1
P214587,62.55,19.9,1
P244678,57.510000000000005,19.9,1
P204520,72.4,19.9,1
P230740,242.43,19.89,1
P220829,255.512,19.884999999999998,2
P212327,147.7735,19.88,2
P218076,230.16,19.88,1
P226372,236.98,19.88,1
P244089,231.1,19.88,1
P213713,60.34,19.87,1
P224243,94.88,19.87,1
P226198,54.69,19.87,1
P217951,73.6725,19.87,1
P225275,180.792,19.865000000000002,2
P200092,87.318,19.86,1
P201892,93.54,19.85,1
P211206,201.37400000000002,19.849999999999998,2
P201547,361.84700000000004,19.845,2
P209299,71.62049999999999,19.84,1
P214501,67.11,19.84,1
P222331,80.464,19.84,1
P235579,338.602,19.835,2
P213461,55.51,19.83,1
P234433,116.02000000000001,19.825,2
P217949,235.965,19.823333333333334,3
P203504,234.288,19.82,1
P245317,57.67,19.82,1
P247753,244.74,19.82,1
P224007,271.89549999999997,19.816666666666666,3
P207386,151.36599999999999,19.815,2
P212560,93.77,19.8,1
P206256,86.76,19.79,1
P227781,76.76,19.78,1
P206825,65.943,19.78,1
P209509,89.243,19.77,1
P217102,95.607,19.77,1
P249281,65.8445,19.77,1
P230513,95.07,19.76,1
P204223,171.461,19.76,2
P225190,230.91,19.76,1
P237309,165.35099999999997,19.759999999999998,2
P220542,150.82999999999998,19.755,2
P239772,591.304,19.753333333333334,3
P200042,76.85,19.75,1
P242417,58.284000000000006,19.75,1
P217127,55.98,19.74,1
P225594,237.61,19.74,1
P244020,91.0775,19.74,1
P234730,73.30399999999999,19.74,1
P244191,230.622,19.74,1
P229850,226.47,19.73,1
P240563,99.47,19.73,1
P202242,84.105,19.73,1
P230932,94.09,19.73,1
P227597,94.077,19.72,1
P206420,75.03,19.72,1
P209785,171.99,19.715,2
P247855,91.59,19.71,1
P243193,94.92,19.71,1
P228205,238.88,19.71,1
P233691,163.66,19.705,2
P231769,61.78,19.7,1
P215861,68.7,19.7,1
P214965,87.75,19.7,1
P233203,83.7505,19.7,1
P207302,232.47,19.7,1
P203163,222.5375,19.69,1
P249741,257.1495,19.69,3
P204443,86.79,19.69,1
P210584,88.78,19.69,1
P227385,386.326,19.685000000000002,2
P240007,89.222,19.68,1
P233495,56.64,19.68,1
P213365,160.23499999999999,19.68,2
P247754,447.98749999999995,19.68,4
P212289,99.52,19.68,1
P216335,153.6785,19.67,2
P222006,94.5,19.66,1
P230699,246.93,19.66,1
P212446,72.03,19.66,1
P237239,63.80800000000001,19.66,1
P226765,76.6445,19.66,1
P203216,150.257,19.66,2
P214836,348.57,19.653333333333332,3
P244436,229.72,19.65,1
P224755,93.15,19.65,1
P218528,96.98,19.64,1
P215965,227.25,19.64,1
P247189,91.488,19.64,1
P231104,186.232,19.635,2
P213555,601.3354999999999,19.633333333333336,3
P218618,97.248,19.63,1
P245926,73.242,19.63,1
P231227,81.63,19.62,1
P228226,55.91,19.62,1
P246172,83.49,19.62,1
P205826,165.66,19.615000000000002,2
P241849,239.59,19.61,3
P224944,185.315,19.61,2
P247127,83.84,19.61,1
P222798,391.782,19.604999999999997,2
P202918,226.76,19.6,1
P233062,80.32,19.6,1
P221227,63.6735,19.6,1
P210546,243.62,19.6,1
P208471,137.35549999999998,19.595,2
P202347,95.798,19.59,1
P246174,73.8,19.59,1
P227254,214.926,19.569999999999997,3
P233818,158.6525,19.565,2
P239910,238.74,19.56,1
P203579,76.31349999999999,19.56,1
P213331,90.304,19.56,1
P236928,56.59,19.56,1
P220146,239.52,19.55,1
P221916,86.09849999999999,19.55,1
P218889,87.43,19.55,1
P246344,66.80399999999999,19.55,1
P216169,274.712,19.549999999999997,2
P231772,246.069,19.54,1
P202524,51.243,19.54,1
P229028,507.84,19.54,4
P224104,285.16200000000003,19.535,2
P218281,70.28,19.53,1
P206381,327.275,19.525000000000002,2
P234058,231.048,19.525,2
P229056,215.58,19.51,1
P211638,71.18,19.51,1
P242830,64.55,19.51,1
P242793,51.72,19.5,1
P233107,73.79,19.5,1
P228167,167.572,19.495,2
P244703,404.93699999999995,19.495,2
P203808,149.0735,19.495,2
P232515,91.28,19.49,1
P218068,71.802,19.49,1
P248699,138.468,19.48,2
P223931,88.26299999999999,19.48,1
P222632,174.54899999999998,19.475,2
P245628,231.525,19.47,1
P239666,229.23,19.47,1
P216272,264.0195,19.47,3
P236030,64.39999999999999,19.47,1
P223815,76.55099999999999,19.47,1
P209046,525.3985,19.460000000000004,3
P244812,241.82,19.46,1
P231706,71.39999999999999,19.46,1
P226178,487.08000000000004,19.453333333333333,3
P207596,55.35,19.45,1
P219936,227.126,19.45,1
P245863,138.07,19.445,2
P205979,92.9,19.44,1
P221244,63.36000000000001,19.44,1
P202698,160.392,19.43,2
P239534,71.67,19.43,1
P208101,227.44,19.43,1
P242973,167.39999999999998,19.43,2
P218551,237.61,19.43,1
P230668,231.327,19.43,1
P226157,185.715,19.425,2
P232690,76.33,19.42,1
P246901,168.05,19.42,2
P245915,242.44,19.41,1
P217352,96.42,19.41,1
P229913,168.63,19.41,2
P248994,75.64,19.41,1
P210112,139.627,19.41,2
P240673,161.988,19.405,2
P209764,270.297,19.403333333333332,3
P234597,87.07,19.4,1
P245886,242.22,19.4,1
P243635,227.55,19.4,1
P228720,89.53,19.4,1
P210458,237.42,19.39,1
P222404,165.252,19.39,2
P214640,57.45,19.39,1
P237932,414.7,19.385,2
P239765,78.94,19.38,1
P230508,90.624,19.38,1
P210631,87.48,19.38,1
P235565,347.53999999999996,19.38,2
P219406,275.132,19.38,2
P202226,88.77,19.37,1
P240992,69.7775,19.37,1
P216520,85.456,19.37,1
P213014,149.07,19.37,2
P220891,57.988,19.37,1
P238700,52.0965,19.36,1
P201019,57.65,19.36,1
P208540,90.774,19.36,1
P226326,445.57099999999997,19.353333333333335,3
P234911,90.4495,19.35,1
P218807,233.496,19.35,1
P212983,54.57,19.35,1
P203213,456.52,19.35,2
P210914,235.54,19.34,1
P212164,268.0845,19.33666666666667,3
P246261,156.6265,19.334999999999997,2
P242297,224.96,19.33,1
P245970,55.908,19.33,1
P231037,57.2,19.32,1
P243847,393.57,19.32,2
P216102,180.62,19.31,2
P246953,72.19049999999999,19.31,1
P203484,95.418,19.31,1
P237121,179.63150000000002,19.3,2
P217503,67.26,19.3,1
P217800,94.44,19.3,1
P210390,174.21,19.294999999999998,2
P204329,72.1,19.29,1
P232593,57.57,19.29,1
P215395,54.61,19.29,1
P232970,81.52,19.29,1
P203790,234.64999999999998,19.29,2
P224116,219.845,19.28,3
P208004,63.150000000000006,19.28,1
P234136,72.02,19.28,1
P227559,113.096,19.270000000000003,2
P220846,90.86,19.27,1
P231052,123.276,19.265,2
P206306,237.5455,19.263333333333332,3
P215630,68.56200000000001,19.25,1
P239647,625.4515,19.25,3
P235903,182.958,19.240000000000002,2
P209813,66.58,19.24,1
P219563,53.13,19.24,1
P211697,91.34,19.24,1
P245395,68.34,19.24,1
P244617,252.8015,19.236666666666668,3
P248599,68.03999999999999,19.23,1
P206216,214.2345,19.23,1
P207484,94.91,19.23,1
P210389,225.19,19.23,1
P249417,73.89099999999999,19.23,1
P225795,55.5645,19.23,1
P242202,416.127,19.225000000000005,4
P220845,178.67,19.225,2
P222267,141.79999999999998,19.225,2
P215218,157.161,19.225,2
P249941,227.79,19.22,1
P238996,71.44,19.22,1
P205605,265.312,19.216666666666665,3
P235365,168.91799999999998,19.21,2
P220240,369.8835,19.205,2
P242937,63.2225,19.19,1
P215445,229.197,19.18,1
P218298,63.88,19.18,1
P234716,59.42,19.18,1
P205723,238.99,19.18,1
P221443,196.83749999999998,19.175,2
P225474,241.58700000000002,19.17,2
P225820,112.61,19.17,2
P226796,221.374,19.17,1
P200165,59.204,19.17,1
P237062,71.584,19.17,1
P210323,87.2,19.17,1
P239919,91.314,19.17,1
P218683,146.742,19.169999999999998,2
P247687,242.7855,19.16,1
P226467,233.491,19.16,1
P203669,285.991,19.155,2
P228733,98.64,19.15,1
P204075,85.48,19.15,1
P235027,103.3855,19.14,2
P224729,75.24,19.14,1
P221275,263.31,19.136666666666667,3
P234562,355.71950000000004,19.135,2
P229530,222.6,19.13,1
P237596,76.3,19.13,1
P211945,183.53000000000003,19.13,2
P208806,227.37,19.13,1
P218993,126.184,19.125,2
P235145,149.07,19.12,2
P249089,52.5,19.12,1
P213101,63.75449999999999,19.12,1
P221719,50.07,19.12,1
P236256,89.75,19.12,1
P223549,227.98,19.12,1
P203490,86.38,19.12,1
P229493,218.8035,19.115,2
P243634,55.494,19.11,1
P218717,98.0985,19.11,1
P225788,69.88,19.11,1
P244677,95.68,19.11,1
P213862,347.96799999999996,19.105,2
P215669,89.02,19.1,1
P246790,95.49,19.1,1
P216641,370.634,19.1,2
P216770,84.87249999999999,19.1,1
P226881,467.28,19.099999999999998,2
P225850,165.2525,19.095,2
P224754,68.6205,19.09,1
P221566,74.03,19.09,1
P245809,90.657,19.09,1
P247323,366.51550000000003,19.09,2
P226312,54.54,19.08,1
P226866,207.01799999999997,19.08,2
P226304,74.512,19.07,1
P231252,72.845,19.07,1
P205361,117.9245,19.07,2
P203985,85.99,19.07,1
P202425,218.457,19.07,1
P218084,230.22,19.07,1
P212031,553.45,19.066666666666666,3
P219163,345.2565,19.065,2
P213272,214.404,19.06,1
P215661,63.36399999999999,19.06,1
P234462,73.3,19.06,1
P231040,53.58,19.06,1
P235386,90.9925,19.06,1
P229617,170.77,19.055,2
P241205,60.7,19.05,1
P233649,64.484,19.05,1
P247796,89.65,19.05,1
P210858,72.84,19.05,1
P221652,88.73,19.04,1
P224414,62.98499999999999,19.03,1
P233712,219.34,19.03,1
P204123,292.9,19.026666666666667,3
P221154,229.3,19.02,1
P210250,220.04100000000005,19.02,1
P218306,183.6685,19.015,2
P213339,168.13899999999998,19.005,2
P202128,238.716,19.0,1
P202659,78.42,19.0,1
P237746,89.81,19.0,1
P206473,68.18,19.0,1
P216241,74.7935,19.0,1
P244692,411.39,18.995,2
P200761,241.5625,18.993333333333332,3
P208054,61.11,18.99,1
P205910,405.02,18.99,2
P204376,53.65,18.99,1
P211807,82.47399999999999,18.99,1
P210988,154.48,18.98,2
P239013,367.1665,18.98,2
P228015,240.875,18.973333333333333,3
P231721,104.0205,18.97,2
P249793,88.23,18.97,1
P211578,83.66649999999998,18.97,1
P246524,410.2435,18.97,2
P236872,251.912,18.966666666666665,3
P212451,204.442,18.963333333333335,3
P232554,54.68,18.96,1
P214635,149.067,18.95,2
P214173,215.622,18.94,1
P229984,182.781,18.933333333333334,3
P238660,74.2,18.93,1
P223902,131.07,18.925,2
P213761,124.77350000000001,18.925,2
P233884,234.1775,18.92,3
P239017,347.303,18.915,2
P211628,69.64,18.91,1
P235330,91.256,18.91,1
P235010,390.01,18.900000000000002,2
P226612,224.505,18.9,1
P222679,88.41649999999998,18.9,1
P227459,91.49,18.9,1
P210328,216.38,18.883333333333336,3
P224150,88.51,18.88,1
P245686,71.366,18.88,1
P227076,63.325,18.88,1
P247788,76.65,18.88,1
P237395,91.1145,18.86,1
P210797,164.11999999999998,18.86,2
P242040,154.361,18.86,2
P231149,75.09,18.86,1
P244930,86.04,18.86,1
P219817,86.51,18.86,1
P243201,193.91199999999998,18.855,2
P214933,72.522,18.85,1
P248338,63.06,18.85,1
P206351,76.52,18.85,1
P229467,270.199,18.845,2
P221065,227.886,18.84,1
P249058,96.948,18.84,1
P219507,76.16,18.84,1
P213823,125.577,18.84,2
P210556,216.69,18.836666666666666,3
P236693,135.4455,18.83,2
P211684,55.440000000000005,18.83,1
P230659,512.6755,18.820000000000004,3
P246566,368.417,18.82,2
P208359,539.6234999999999,18.82,3
P203583,90.877,18.82,1
P210898,80.03,18.82,1
P237427,86.75,18.82,1
P245291,96.843,18.82,1
P213174,96.17,18.8,1
P248330,235.315,18.8,1
P208481,92.616,18.8,1
P208759,134.6425,18.8,2
P204980,215.7165,18.8,1
P217785,78.057,18.79,1
P200340,372.01,18.78,2
P248287,261.187,18.779999999999998,3
P249937,416.774,18.776666666666667,3
P242118,80.67,18.77,1
P212062,87.0,18.77,1
P222070,69.97,18.77,1
P227238,53.8935,18.77,1
P210070,82.28,18.77,1
P229481,211.74,18.77,1
P206570,64.5,18.77,1
P213640,178.20999999999998,18.759999999999998,2
P216953,107.047,18.755000000000003,2
P248071,264.82,18.755,2
P211472,67.06,18.75,1
P221160,89.616,18.75,1
P235284,67.8,18.75,1
P219786,49.55,18.75,1
P233181,59.126,18.75,1
P217971,86.01,18.75,1
P213347,237.15,18.74,1
P234662,147.7285,18.735,2
P241274,70.48,18.73,1
P210227,189.0035,18.73,3
P210027,110.25999999999999,18.725,2
P215344,158.39000000000001,18.724999999999998,2
P244177,146.84,18.715,2
P215556,162.59699999999998,18.71,2
P222066,56.400000000000006,18.71,1
P237430,83.94,18.71,1
P220500,239.83,18.71,1
P238583,70.38,18.71,1
P206363,486.73,18.7075,4
P217855,210.04999999999998,18.705,2
P221890,214.85,18.7,1
P242012,236.37,18.7,1
P231972,69.615,18.7,1
P233257,83.17,18.7,1
P221949,165.6775,18.695,2
P231589,112.65,18.695,2
P230754,61.44,18.69,1
P214567,369.26,18.68,2
P214048,162.754,18.675,2
P218297,144.35,18.675,2
P203964,91.14,18.67,1
P224011,380.94800000000004,18.669999999999998,2
P216711,157.61950000000002,18.665,2
P210316,162.61950000000002,18.665,2
P237080,152.159,18.66,2
P229803,170.32,18.66,2
P200371,86.52,18.66,1
P222290,53.91,18.66,1
P247789,84.11,18.65,1
P246192,89.26200000000001,18.65,1
P205493,78.34,18.65,1
P202066,54.063,18.65,1
P240729,387.6355,18.645,2
P214774,232.47,18.64,1
P200775,85.70899999999999,18.64,1
P213470,57.051,18.64,1
P241455,69.9675,18.64,1
P200540,246.3335,18.636666666666667,3
P210619,128.49,18.634999999999998,2
P244400,91.17,18.63,1
P235929,88.6,18.63,1
P231143,177.539,18.623333333333335,3
P227880,54.81,18.62,1
P212971,57.14,18.62,1
P239957,86.64,18.62,1
P240870,229.59,18.62,1
P227278,152.689,18.615,2
P218853,73.35,18.61,1
P241569,92.277,18.61,1
P234435,217.73,18.61,1
P213481,84.14,18.61,1
P232309,659.1825,18.603333333333335,3
P206326,67.51,18.6,1
P236873,64.65,18.6,1
P202384,212.32,18.6,1
P217900,74.21,18.6,1
P211892,203.07,18.595,2
P237772,329.144,18.593333333333334,3
P216833,152.72,18.59,2
P228509,84.402,18.59,1
P216151,478.736,18.58,3
P230406,91.637,18.58,1
P246699,87.22,18.58,1
P220398,728.4215,18.5775,4
P205538,166.88600000000002,18.57,2
P240536,69.66,18.57,1
P206124,53.99,18.57,1
P242850,55.632,18.56,1
P229793,52.9,18.56,1
P219318,208.135,18.55666666666667,3
P209761,55.28,18.55,1
P230285,74.25,18.55,1
P243925,172.15,18.545,2
P207965,391.1265,18.543333333333333,3
P228371,223.56,18.543333333333333,3
P234958,73.82,18.54,1
P248653,84.61,18.54,1
P218691,89.62,18.54,1
P213792,150.49,18.535,2
P209740,153.10500000000002,18.535,2
P239943,59.77,18.53,1
P207311,228.123,18.53,1
P223903,83.268,18.53,1
P228374,64.05,18.53,1
P215616,88.23,18.52,1
P242757,70.72,18.52,1
P215352,86.032,18.52,1
P239759,66.7,18.52,1
P212046,223.53600000000003,18.51,1
P241568,56.1165,18.51,1
P225436,171.44,18.5,2
P225943,83.16000000000001,18.5,1
P214105,145.277,18.5,2
P218689,173.58399999999997,18.5,2
P246620,363.10999999999996,18.5,2
P233728,70.29,18.5,1
P239147,217.9775,18.5,1
P232637,64.999,18.49,1
P234149,69.331,18.49,1
P225563,584.98,18.49,3
P211895,224.17,18.49,1
P211311,131.32999999999998,18.485,2
P248230,205.74599999999998,18.48,3
P201250,381.2415,18.474999999999998,2
P211109,186.22,18.47,2
P242726,364.40250000000003,18.47,2
P242296,80.92,18.47,1
P220309,72.01,18.47,1
P204481,90.497,18.47,1
P243748,165.23149999999998,18.46,2
P222814,450.5,18.46,2
P216587,186.945,18.455000000000002,2
P212842,203.91,18.45,1
P233099,69.13,18.45,1
P227087,376.88,18.45,2
P223995,87.8655,18.45,1
P216905,56.18,18.45,1
P203038,131.584,18.45,2
P244376,216.27,18.45,1
P223927,239.13,18.44666666666667,3
P205289,129.166,18.445,2
P235892,65.3505,18.44,1
P234926,174.0545,18.435,2
P204368,55.423,18.42,1
P227601,76.0285,18.42,1
P210846,239.5575,18.419999999999998,3
P211849,151.7,18.415,2
P240965,80.256,18.41,1
P204907,72.94,18.41,1
P246275,56.2,18.41,1
P215711,212.762,18.41,1
P245580,181.4195,18.405,2
P246915,443.2460000000001,18.405,2
P221816,91.56,18.4,1
P218186,207.385,18.4,1
P234381,52.098,18.4,1
P237242,242.131,18.4,1
P234853,363.5705,18.395,2
P244310,74.39,18.39,1
P243752,99.0945,18.39,1
P223093,201.24,18.38,1
P204616,440.135,18.377499999999998,4
P236939,483.52799999999996,18.376666666666665,3
P210818,352.725,18.375,2
P219691,159.814,18.375,2
P204821,146.20000000000002,18.37,2
P217139,533.2639999999999,18.363333333333333,3
P240464,89.96,18.36,1
P241579,213.3245,18.35,1
P200822,60.525,18.35,1
P201524,52.26,18.34,1
P230784,52.776,18.34,1
P241437,176.815,18.335,2
P220645,303.968,18.33,2
P243359,64.86,18.33,1
P220027,82.6785,18.33,1
P249347,132.0075,18.33,2
P237146,160.27,18.325,2
P226813,90.6775,18.32,1
P243854,172.63,18.315,2
P236968,349.4985,18.315,2
P203664,279.342,18.314999999999998,2
P226093,82.8115,18.31,1
P239185,197.3625,18.3,1
P214447,90.9,18.3,1
P214787,96.16,18.3,1
P224464,203.2525,18.29,1
P213828,84.79,18.29,1
P217632,61.542,18.29,1
P234905,89.46,18.29,1
P249851,87.52,18.29,1
P234729,785.979,18.285999999999998,5
P218123,74.1285,18.28,1
P213311,55.233,18.28,1
P235701,372.426,18.275000000000002,4
P247605,93.717,18.27,1
P222418,52.17,18.27,1
P245199,79.587,18.27,1
P226057,80.21999999999998,18.27,1
P234971,86.84,18.26,1
P225384,218.3565,18.26,1
P240694,149.84900000000002,18.259999999999998,2
P242780,81.324,18.25,1
P221742,87.24,18.25,1
P212218,133.295,18.25,2
P220342,88.88,18.24,1
P221834,210.99,18.24,1
P222022,218.025,18.24,1
P206562,87.53,18.24,1
P224717,329.09450000000004,18.235,2
P235709,225.603,18.23,1
P246580,50.42,18.23,1
P220053,79.591,18.23,1
P212366,163.284,18.225,2
P205883,91.2285,18.22,1
P201396,160.88,18.22,2
P225130,426.82,18.21666666666667,3
P220229,552.123,18.213333333333335,3
P235610,222.543,18.21,1
P247197,336.8405,18.21,2
P223043,90.31,18.21,1
P200927,340.5855,18.21,2
P212161,215.503,18.203333333333337,3
P204880,215.1275,18.2,1
P214540,208.359,18.2,1
P217173,163.06799999999998,18.195,2
P229361,342.394,18.19,2
P233436,155.19650000000001,18.19,2
P223116,210.5705,18.19,1
P226742,90.486,18.19,1
P218841,85.46,18.19,1
P227077,135.85599999999997,18.19,2
P204473,78.021,18.19,1
P241997,52.46,18.19,1
P202948,161.09,18.185,2
P249926,125.60000000000001,18.18,2
P248373,142.251,18.18,2
P231119,75.7435,18.17,1
P216632,277.58,18.165,2
P205097,150.124,18.165,2
P200397,62.42,18.16,1
P243033,70.11000000000001,18.16,1
P200858,53.61,18.15,1
P209695,167.55299999999997,18.15,2
P212851,226.25,18.15,1
P244803,53.12,18.14,1
P241895,88.16,18.14,1
P224118,86.07,18.14,1
P233259,176.53,18.14,2
P243331,123.46549999999999,18.14,2
P246558,52.84,18.13,1
P208692,91.23,18.13,1
P226117,168.237,18.12,2
P201730,151.41,18.115000000000002,2
P215348,79.28,18.11,1
P241391,570.046,18.106666666666666,3
P205336,72.2,18.1,1
P221451,224.96,18.1,1
P234092,132.728,18.095,2
P232381,65.007,18.09,1
P222368,245.14350000000002,18.09,3
P245355,173.872,18.085,2
P242089,109.67999999999999,18.084999999999997,2
P200623,54.02,18.08,1
P243061,88.191,18.08,1
P213229,81.61449999999999,18.08,1
P213817,53.975,18.08,1
P235983,167.56,18.075,2
P224488,334.53249999999997,18.075,2
P209512,454.909,18.07,4
P218808,56.5535,18.07,1
P237787,135.49599999999998,18.06,2
P211140,86.16,18.06,1
P246041,90.03,18.06,1
P243154,54.39,18.06,1
P249001,178.355,18.055,2
P211423,220.05,18.05,1
P245976,70.92,18.05,1
P248429,227.625,18.043333333333333,3
P211389,175.4555,18.04,2
P210312,68.85,18.04,1
P243731,380.1695,18.04,2
P212240,83.34,18.04,1
P249410,441.2385,18.0375,4
P208769,574.48,18.033333333333335,3
P210850,62.199,18.03,1
P201267,57.87,18.03,1
P243937,76.2,18.03,1
P204141,49.704,18.03,1
P207643,69.88,18.03,1
P215073,89.11,18.02,1
P223965,91.91,18.02,1
P204372,61.864,18.02,1
P249623,337.774,18.01,3
P200667,68.4,18.01,1
P212122,83.64,18.0,1
P222287,180.606,18.0,2
P206766,235.552,18.0,1
P239683,157.736,17.995,2
P202640,340.44,17.990000000000002,2
P213507,76.01,17.99,1
P225095,223.27,17.99,1
P228822,131.76,17.98,2
P212494,80.41,17.98,1
P216967,51.5355,17.98,1
P222558,150.5515,17.975,2
P237198,221.47,17.97,1
P238114,69.77,17.97,1
P239616,52.47,17.97,1
P216456,290.486,17.96,2
P248181,84.72,17.96,1
P217525,85.38,17.96,1
P239552,307.475,17.945,2
P208837,83.25,17.94,1
P203838,68.11,17.94,1
P221576,380.09000000000003,17.94,2
P221546,221.64,17.94,1
P228718,185.49,17.939999999999998,2
P231828,141.15,17.93,2
P235214,101.25099999999999,17.93,2
P204521,128.269,17.93,2
P211981,213.7835,17.93,1
P201840,71.54,17.93,1
P218970,365.3,17.926666666666666,3
P228967,378.58,17.925,2
P220578,69.312,17.92,1
P247639,78.8715,17.92,1
P231985,230.774,17.91,1
P229877,208.512,17.91,1
P221663,243.01,17.905,2
P231902,130.5575,17.905,2
P232154,62.65,17.9,1
P222837,265.918,17.89,3
P214371,203.58,17.89,1
P204209,230.14,17.89,1
P214093,69.4355,17.88,1
P242557,68.58,17.87,1
P218011,85.30999999999999,17.87,1
P238832,55.92,17.87,1
P207263,67.0605,17.87,1
P219108,86.42,17.87,1
P224692,90.28,17.87,1
P205119,146.006,17.87,2
P226204,66.26,17.86,1
P221121,51.328,17.86,1
P217879,153.97,17.86,2
P246700,65.77,17.86,1
P200247,114.59299999999999,17.845,2
P201201,439.81,17.845,2
P201208,216.99,17.84,1
P204730,67.896,17.84,1
P205781,220.52,17.84,1
P226107,366.3,17.835,2
P220764,254.59799999999998,17.833333333333332,3
P249516,79.1,17.83,1
P243489,142.64000000000001,17.83,2
P215639,63.44,17.81,1
P224317,69.14,17.81,1
P228929,85.056,17.81,1
P214959,68.82,17.81,1
P210322,157.166,17.805,2
P214432,216.91,17.8,2
P239293,372.2855,17.799999999999997,2
P231488,100.96599999999998,17.794999999999998,2
P237929,250.76999999999998,17.79,2
P202099,221.6,17.79,1
P201527,60.2205,17.78,1
P215983,83.239,17.78,1
P230432,437.35349999999994,17.775,2
P220709,410.45500000000004,17.7725,4
P215162,72.55,17.77,1
P210790,153.15,17.765,2
P212059,212.86,17.76,1
P243357,91.88,17.76,1
P224046,216.9,17.76,1
P223386,62.5,17.76,1
P211286,218.288,17.75,1
P215730,80.94,17.75,1
P236918,387.73,17.75,2
P232209,182.5,17.75,2
P201119,87.876,17.75,1
P223880,423.19,17.74,3
P206954,83.83,17.74,1
P218318,61.23,17.74,1
P205406,69.92,17.74,1
P248984,237.9,17.73,1
P213360,88.36,17.72,1
P238383,78.02,17.72,1
P230906,371.19,17.715,2
P236855,225.18599999999998,17.71,3
P212718,88.44,17.71,1
P240124,206.0,17.71,1
P246556,95.63,17.71,1
P209119,212.85,17.69,1
P211243,126.60400000000001,17.689999999999998,2
P244724,392.21,17.683333333333334,3
P200349,67.46,17.68,1
P219100,87.72,17.68,1
P212672,78.166,17.68,1
P206026,206.112,17.68,1
P207837,51.22,17.68,1
P215092,89.61,17.68,1
P247154,117.49000000000001,17.674999999999997,2
P212270,271.622,17.67,2
P248116,65.6925,17.67,1
P249179,317.779,17.668,5
P215178,243.696,17.665,2
P212467,80.75200000000001,17.66,1
P216992,207.655,17.66,1
P219158,307.377,17.66,2
P222665,207.35,17.66,1
P241259,164.107,17.65,2
P203226,81.09,17.65,1
P223752,77.382,17.65,1
P240545,53.325,17.65,1
P227981,133.78799999999998,17.65,2
P218599,70.11200000000001,17.65,1
P243200,66.0915,17.65,1
P245581,54.064,17.65,1
P230245,364.823,17.643333333333334,3
P201500,223.308,17.64,1
P245663,142.291,17.64,2
P229681,82.68,17.64,1
P208960,232.24,17.63,1
P231096,75.14,17.63,1
P219651,165.7835,17.625,2
P219816,217.93,17.62,1
P225577,110.33,17.615,2
P211254,397.281,17.605,2
P203500,173.21,17.603333333333335,3
P213083,67.298,17.6,1
P229907,142.01100000000002,17.6,2
P214547,61.34,17.59,1
P234898,212.661,17.59,1
P248432,256.9445,17.585,2
P241616,73.11,17.58,1
P240869,84.91,17.58,1
P240692,134.49099999999999,17.58,2
P241465,85.22,17.57,1
P228130,448.692,17.55333333333333,3
P224949,83.09,17.55,1
P211334,61.61,17.55,1
P227661,74.44,17.55,1
P202970,61.504,17.55,1
P222618,86.2,17.54,1
P231584,55.84,17.54,1
P246117,87.21,17.54,1
P224643,78.97500000000001,17.54,1
P221407,80.16399999999999,17.54,1
P234654,189.41,17.536666666666665,3
P241300,300.20799999999997,17.535,2
P207403,143.34,17.53,2
P204523,207.1855,17.53,1
P228066,417.9425,17.525,2
P240996,80.84499999999998,17.52,1
P215986,208.256,17.52,1
P226301,244.2485,17.513333333333332,3
P228776,61.84,17.51,1
P205720,49.76,17.51,1
P243051,218.0535,17.51,1
P236477,62.41,17.51,1
P220011,153.43,17.505000000000003,2
P205155,95.3755,17.505,2
P229044,146.38,17.5,2
P245464,84.70800000000001,17.5,1
P237394,149.17000000000002,17.495,2
P213747,337.26,17.49,2
P219854,77.373,17.49,1
P221910,84.91099999999999,17.49,1
P205440,244.24450000000002,17.49,3
P204418,66.29,17.49,1
P229120,79.12,17.49,1
P249790,224.536,17.486666666666665,3
P233572,153.6405,17.485,2
P245028,467.395,17.48,3
P225334,85.36,17.48,1
P209138,52.4535,17.47,1
P224216,89.02449999999999,17.47,1
P206797,83.98,17.47,1
P239825,70.09949999999999,17.47,1
P206910,218.3245,17.46,3
P238210,313.72,17.455,2
P238235,411.08000000000004,17.450000000000003,2
P241534,85.44,17.45,1
P209290,388.28900000000004,17.45,3
P206228,134.4475,17.45,2
P228828,57.64699999999999,17.45,1
P231543,62.16,17.44,1
P200218,67.176,17.44,1
P232720,90.74,17.44,1
P212875,216.2865,17.43,1
P249818,51.99,17.43,1
P231790,164.71,17.43,2
P218127,386.346,17.43,2
P240273,60.95349999999999,17.42,1
P211106,280.83299999999997,17.419999999999998,3
P235318,149.27,17.395000000000003,2
P225176,77.526,17.39,1
P247050,57.5985,17.39,1
P213388,49.73,17.39,1
P227350,61.61,17.38,1
P239114,88.26,17.38,1
P219969,82.74,17.38,1
P233034,176.71,17.38,1
P208099,64.33,17.36,1
P215079,167.34400000000002,17.36,2
P207956,70.848,17.36,1
P210661,61.23,17.36,1
P242933,149.866,17.355,2
P205260,62.42449999999999,17.35,1
P248662,192.81,17.35,1
P225006,203.881,17.35,1
P218671,208.4395,17.35,1
P249656,70.89,17.34,1
P240227,383.39,17.34,2
P214091,84.321,17.34,1
P208992,104.974,17.33,2
P242653,51.87200000000001,17.33,1
P235712,202.8,17.33,1
P249877,105.868,17.325000000000003,2
P211333,520.57,17.32,3
P225695,81.25,17.32,1
P202199,166.484,17.315,2
P209589,131.14,17.31,2
P223915,84.19,17.3,1
P214151,217.58,17.3,1
P236422,123.03,17.295,2
P201702,346.17249999999996,17.28,4
P228107,68.52,17.28,1
P203573,56.601,17.27,1
P208143,135.501,17.265,2
P242404,79.8,17.26,1
P230548,84.67,17.26,1
P249250,82.47,17.25,1
P246697,215.279,17.25,3
P237268,91.26,17.25,1
P213743,59.82000000000001,17.25,1
P224158,160.76149999999998,17.245,2
P228786,131.24,17.245,2
P204612,75.28,17.24,1
P249027,47.617,17.23,1
P239280,115.38550000000001,17.23,2
P215400,65.84,17.23,1
P214750,158.23000000000002,17.225,2
P223149,224.336,17.22,1
P217314,202.7205,17.22,1
P223077,84.133,17.22,1
P224689,211.043,17.22,1
P239101,68.88,17.21,1
P243852,84.4645,17.21,1
P235107,118.17,17.21,2
P230977,81.2535,17.2,1
P203598,62.13,17.2,1
P239205,70.471,17.19,1
P228287,142.558,17.18,2
P228224,147.08,17.18,2
P232759,282.201,17.175,2
P245088,69.008,17.17,1
P230221,152.6475,17.163333333333334,3
P224793,244.73,17.16,2
P204936,71.22149999999999,17.16,1
P238755,155.853,17.155,2
P239853,211.56,17.15,1
P226263,86.70649999999999,17.15,1
P227883,101.599,17.15,2
P208608,76.23,17.15,1
P239345,196.083,17.15,1
P247660,83.54,17.14,1
P217740,206.4,17.14,1
P202377,80.807,17.14,1
P248001,172.84,17.14,2
P239648,114.88,17.139999999999997,2
P225397,69.2,17.13,1
P205084,52.34,17.12,1
P227752,79.299,17.12,1
P245452,132.88,17.115,2
P241573,344.5105,17.115,2
P247620,251.47899999999998,17.110000000000003,3
P241280,292.359,17.11,2
P205306,82.58,17.11,1
P219385,86.0,17.1,1
P210471,84.39,17.1,1
P211295,210.9,17.1,1
P200019,141.79500000000002,17.095,2
P235163,80.41,17.09,1
P225966,208.522,17.09,1
P218114,422.836,17.085,4
P235697,148.9895,17.075000000000003,2
P236264,325.919,17.07,4
P222043,359.577,17.063333333333333,3
P240765,82.28,17.06,1
P227837,213.67,17.05,1
P224358,218.538,17.05,1
P215366,71.56,17.05,1
P238025,76.94,17.05,1
P209295,269.63,17.046666666666667,3
P226194,64.68,17.04,1
P214318,59.223,17.04,1
P245381,76.67,17.04,1
P205318,161.84500000000003,17.03,2
P216260,67.09,17.03,1
P203041,63.477,17.03,1
P212651,222.012,17.03,1
P208675,52.32,17.03,1
P242897,54.45,17.03,1
P243374,294.3755,17.025,4
P241661,72.0885,17.02,1
P206027,416.40599999999995,17.02,2
P240685,209.0,17.02,1
P241970,58.59,17.02,1
P215716,80.77,17.01,1
P229153,67.96300000000001,17.0,1
P240684,51.243,17.0,1
P218583,79.85,17.0,1
P221644,68.3315,17.0,1
P212872,136.4255,16.995,2
P216104,81.87,16.99,1
P231579,213.622,16.99,2
P231648,88.61,16.99,1
P223187,82.87799999999999,16.98,1
P203438,73.43,16.98,1
P238319,69.17299999999999,16.98,1
P230985,437.656,16.973333333333333,3
P202414,156.636,16.97,2
P208555,210.04450000000003,16.96666666666667,3
P222888,115.648,16.965,2
P213893,283.476,16.96,2
P213235,210.56,16.96,1
P221324,49.56,16.96,1
P208397,73.0,16.95,1
P211654,161.83200000000002,16.95,2
P246265,189.22,16.94,3
P248362,83.67,16.94,1
P234207,65.52,16.94,1
P245620,51.338,16.94,1
P241012,150.791,16.935,2
P201981,114.316,16.935,2
P247423,73.11,16.93,1
P242981,90.56,16.93,1
P204501,203.544,16.926666666666666,3
P217680,208.284,16.925,2
P214574,121.011,16.925,2
P227969,198.927,16.92,1
P236959,356.9,16.92,2
P232662,72.99,16.92,1
P214541,84.14,16.92,1
P204333,55.6,16.92,1
P223247,57.186,16.92,1
P219475,58.22,16.91,1
P216410,66.44800000000001,16.91,1
P237708,153.93800000000002,16.91,2
P242267,309.264,16.91,2
P228135,208.261,16.905,2
P228481,296.42999999999995,16.9,2
P245938,54.824000000000005,16.9,1
P239218,223.136,16.895,2
P205599,313.05,16.895,2
P230423,83.77,16.89,1
P236050,52.623,16.89,1
P227341,190.143,16.89,1
P208122,157.329,16.89,2
P223357,58.8,16.89,1
P203356,437.73,16.886666666666667,3
P247077,74.27,16.88,1
P221012,75.12,16.88,1
P205737,151.63400000000001,16.87,2
P231297,61.33500000000001,16.86,1
P234184,156.39,16.86,2
P228772,64.38,16.86,1
P218051,70.1,16.86,1
P206445,65.50200000000001,16.86,1
P227328,216.66,16.85,3
P232668,419.36,16.84,2
P247606,350.298,16.84,2
P230091,101.76,16.835,2
P233439,93.4905,16.830000000000002,2
P227313,55.2,16.83,1
P202415,71.145,16.83,1
P228593,90.32,16.82,1
P221452,84.123,16.82,1
P227577,133.914,16.810000000000002,2
P235603,217.26,16.81,1
P230838,69.67,16.81,1
P208714,165.628,16.81,2
P225598,91.7,16.8,1
P212231,51.94,16.8,1
P214003,414.83000000000004,16.8,2
P203177,232.76,16.796666666666667,3
P245198,87.705,16.79,1
P200264,59.54,16.79,1
P243927,245.124,16.783333333333335,3
P209547,210.67,16.78,1
P218703,440.3605,16.779999999999998,5
P211360,140.95749999999998,16.77,2
P212464,288.43,16.77,4
P244247,69.42,16.77,1
P202814,59.5,16.77,1
P209962,79.08,16.77,1
P207595,232.675,16.766666666666666,3
P249754,146.743,16.765,2
P239380,60.84000000000001,16.76,1
P202910,205.648,16.76,1
P216178,62.52,16.76,1
P202078,50.882,16.75,1
P245048,398.46999999999997,16.746666666666666,3
P226747,163.458,16.745,2
P233890,146.1,16.745,2
P246721,293.5925,16.7425,4
P217865,76.74,16.74,1
P224490,76.8,16.74,1
P225482,77.178,16.74,1
P207429,78.19,16.74,1
P232285,216.0,16.74,1
P201605,81.9655,16.73,1
P233963,57.76599999999999,16.73,1
P201510,129.864,16.73,2
P208652,455.178,16.726666666666667,3
P243604,204.55,16.72,1
P208791,459.954,16.72,3
P227354,56.58,16.71,1
P231850,63.32699999999999,16.71,1
P242760,196.004,16.705,2
P239741,85.1485,16.7,1
P244778,51.661,16.7,1
P213735,214.998,16.7,1
P243877,401.341,16.695,2
P231044,53.65,16.69,1
P218942,51.833,16.69,1
P204537,79.96,16.69,1
P230870,194.2965,16.686666666666667,3
P238195,342.8315,16.685,2
P241439,366.74,16.685,2
P225481,175.35999999999999,16.685,2
P209903,146.662,16.683333333333334,3
P203868,237.481,16.68,3
P201854,339.88599999999997,16.68,2
P239054,83.38,16.68,1
P217675,205.36,16.68,1
P231485,539.5889999999999,16.676666666666666,3
P206349,80.24,16.66,1
P229752,50.352,16.66,1
P209092,64.32449999999999,16.66,1
P211029,75.38,16.65,1
P242694,51.597,16.64,1
P221398,158.502,16.635,2
P214828,125.44000000000001,16.63,2
P239575,75.352,16.63,1
P249873,207.6,16.63,1
P242412,75.2165,16.62,1
P215505,386.3245,16.62,2
P229633,64.97,16.62,1
P208978,66.05000000000001,16.62,1
P207954,526.335,16.62,3
P237212,393.36,16.62,3
P211682,336.592,16.615000000000002,2
P212629,316.01849999999996,16.61,2
P229289,321.70000000000005,16.61,2
P205531,79.695,16.6,1
P246811,51.38,16.6,1
P231334,372.0760000000001,16.595000000000002,2
P242712,82.86,16.59,1
P203995,212.648,16.59,1
P223452,70.148,16.58,1
P230431,49.215,16.58,1
P230448,76.30399999999999,16.58,1
P213835,72.0,16.57,1
P222945,61.0375,16.57,1
P215064,54.47,16.57,1
P244392,136.5035,16.565,2
P236790,60.42,16.56,1
P207826,62.7855,16.56,1
P200571,149.004,16.56,2
P238005,132.6425,16.555,2
P245440,605.3544999999999,16.55,3
P238203,87.01200000000001,16.55,1
P200818,81.1965,16.55,1
P242307,65.74,16.55,1
P219088,126.91,16.544999999999998,2
P221198,316.194,16.544999999999998,2
P214412,141.64000000000001,16.540000000000003,2
P244056,110.22999999999999,16.54,2
P200494,206.271,16.54,1
P218941,654.875,16.54,4
P209504,163.431,16.535,2
P219550,68.119,16.53,1
P226272,51.2715,16.53,1
P244308,63.62,16.52,1
P232033,64.34400000000001,16.52,1
P213059,72.6155,16.52,1
P226991,78.217,16.52,1
P244072,126.13,16.515,2
P214408,74.256,16.51,1
P242478,154.39,16.509999999999998,2
P235560,52.002,16.5,1
P201345,307.808,16.5,3
P240911,80.08,16.5,1
P247209,78.58,16.5,1
P208526,423.4655,16.496666666666666,3
P208389,544.8475,16.496666666666666,3
P207443,322.25,16.49,1
P211149,207.5715,16.485,2
P202576,206.6155,16.48,1
P240828,150.50400000000002,16.48,2
P208338,148.26500000000001,16.475,2
P234347,102.93,16.475,2
P230635,61.72,16.47,1
P244215,62.47,16.47,1
P218227,77.235,16.47,1
P210200,75.70800000000001,16.47,1
P208697,79.09,16.46,1
P204585,208.75,16.46,1
P223345,49.392,16.46,1
P216846,83.01599999999999,16.46,1
P246534,184.82649999999998,16.456666666666667,3
P203138,392.607,16.455000000000002,2
P233563,163.7095,16.455,2
P205099,221.14,16.453333333333333,3
P242283,75.83,16.45,1
P248194,197.125,16.45,1
P243798,501.353,16.444,5
P228612,473.255,16.44333333333333,3
P248468,65.04,16.44,1
P238906,105.15,16.44,2
P229090,84.06,16.44,1
P222797,103.4355,16.435000000000002,2
P238718,480.347,16.433333333333334,3
P235804,66.6045,16.43,1
P237569,51.33,16.43,1
P204985,88.24,16.43,1
P249652,77.06400000000001,16.43,1
P234591,77.84800000000001,16.43,1
P223472,78.15,16.43,1
P235282,80.444,16.43,1
P222954,525.19,16.423333333333332,3
P242516,62.361,16.42,1
P232151,79.895,16.42,1
P222540,71.95299999999999,16.42,1
P206798,55.02,16.41,1
P222761,344.29100000000005,16.41,3
P245017,85.67999999999999,16.41,1
P210146,81.837,16.4,1
P230173,150.828,16.395,2
P244738,151.032,16.395,2
P212018,79.74,16.39,1
P240352,206.568,16.39,1
P243220,367.642,16.386666666666667,3
P211139,180.234,16.37,1
P235265,46.4265,16.37,1
P215426,131.87599999999998,16.365,2
P220973,91.593,16.36,2
P227029,193.08,16.36,1
P225699,46.395,16.35,1
P212405,63.846,16.35,1
P229363,73.82449999999999,16.35,1
P247921,190.89,16.35,1
P232758,137.15,16.349999999999998,2
P229225,171.17000000000002,16.345000000000002,2
P200817,65.8155,16.34,1
P210364,76.977,16.34,1
P211027,50.96,16.34,1
P209147,81.03,16.33,1
P224330,267.71,16.325,2
P244787,79.00200000000001,16.32,1
P219517,263.144,16.32,2
P209429,201.23,16.32,1
P213648,65.21,16.32,1
P204029,65.41,16.32,1
P213708,289.19,16.310000000000002,2
P232548,165.99,16.31,2
P215060,64.52,16.31,1
P239676,47.403000000000006,16.3,1
P234979,58.85,16.3,1
P241352,59.87,16.3,1
P200203,315.332,16.296666666666667,3
P243664,322.74,16.295,2
P231268,124.4025,16.294999999999998,2
P242890,510.1845,16.286666666666665,3
P243402,45.4,16.28,1
P223612,59.38,16.28,1
P237525,65.03,16.28,1
P228940,376.3105,16.28,3
P226733,192.53,16.28,1
P230915,401.5,16.275,2
P212118,81.32,16.27,1
P204731,53.8,16.27,1
P238086,83.776,16.27,1
P206343,50.814,16.27,1
P228253,389.71400000000006,16.27,2
P243360,82.28,16.27,1
P236022,329.04,16.265,2
P248381,296.335,16.263333333333332,3
P201405,152.418,16.26,2
P234407,62.93,16.26,1
P221833,69.42,16.26,1
P232165,69.517,16.26,1
P221940,75.76,16.26,1
P240241,54.08,16.25,1
P213496,63.2,16.25,1
P246059,138.35,16.245,2
P217982,319.1645,16.240000000000002,2
P216785,76.96,16.24,1
P215096,360.17,16.24,3
P244042,77.0695,16.24,1
P209862,60.6,16.24,1
P237428,58.67,16.24,1
P239325,363.1245,16.235000000000003,2
P200645,513.3290000000001,16.22142857142857,7
P207174,201.65,16.21,1
P205088,48.36,16.21,1
P217185,77.86,16.21,1
P241488,55.656000000000006,16.21,1
P230926,195.7965,16.206666666666667,3
P224844,143.28,16.205,2
P231632,82.80199999999999,16.2,1
P219530,68.72,16.2,1
P206534,217.87,16.2,1
P224874,196.39,16.2,1
P230980,139.575,16.2,2
P208133,51.04,16.2,1
P241011,357.627,16.195,2
P242911,339.6725,16.195,2
P217633,211.734,16.19333333333333,3
P205863,48.78,16.19,1
P244656,53.72,16.19,1
P215032,140.1,16.175,2
P212209,194.087,16.173333333333332,3
P226171,49.55,16.17,1
P228738,199.78,16.17,1
P239491,177.17700000000002,16.165,2
P209156,60.2585,16.16,1
P205373,64.528,16.15,1
P241358,59.86,16.14,1
P203569,229.2065,16.14,2
P203747,217.09300000000002,16.136666666666667,3
P228400,68.12,16.13,1
P229329,197.71,16.13,1
P228707,193.84,16.13,1
P224746,208.17,16.13,1
P238822,354.597,16.13,3
P220156,62.21,16.13,1
P206630,152.882,16.125,2
P209157,62.7855,16.12,1
P221781,65.55600000000001,16.12,1
P245779,195.1965,16.12,1
P223173,63.32,16.12,1
P220122,369.35699999999997,16.119999999999997,2
P249354,58.40800000000001,16.11,1
P210004,126.536,16.105,2
P217323,47.842,16.1,1
P212398,480.69550000000004,16.1,3
P229575,62.18,16.1,1
P217458,53.7,16.1,1
P231202,195.95,16.1,1
P202249,84.82,16.1,1
P226716,66.576,16.09,1
P238236,73.16,16.09,1
P231113,306.07399999999996,16.09,2
P226069,79.41999999999999,16.09,1
P221505,147.8875,16.085,2
P246253,295.00350000000003,16.085,2
P244396,80.4,16.08,1
P210523,70.8305,16.08,1
P237301,245.547,16.08,3
P230246,63.7,16.08,1
P229730,129.71,16.075,2
P247542,46.34,16.07,1
P214341,82.26,16.07,1
P249200,390.7055,16.060000000000002,2
P245701,205.359,16.06,1
P213018,241.504,16.06,3
P233397,48.94,16.06,1
P232316,112.993,16.06,2
P245224,115.98,16.055,2
P211452,118.66,16.055,2
P240210,87.97,16.05,1
P222650,82.48849999999999,16.04,1
P206673,63.82,16.04,1
P213156,63.66,16.04,1
P242087,63.9,16.04,1
P247602,160.55499999999998,16.035,2
P244447,121.163,16.035,2
P201783,79.62,16.03,1
P246778,49.22,16.03,1
P247545,64.22,16.03,1
P203606,421.028,16.025000000000002,2
P227727,271.1,16.023333333333333,3
P248872,53.27,16.02,1
P241718,82.64,16.02,1
P234268,62.181,16.02,1
P220045,164.57,16.015,2
P221515,368.68,16.015,2
P249927,50.09349999999999,16.01,1
P218018,123.34199999999998,16.01,2
P230353,67.02,16.01,1
P233108,191.672,16.0,2
P225022,214.3865,16.0,1
P213583,145.283,15.985,2
P225048,55.85349999999999,15.98,1
P225322,121.75,15.979999999999999,2
P227447,106.907,15.975000000000001,2
P222937,188.24,15.97,1
P218626,181.2625,15.97,1
P220289,69.84,15.97,1
P213786,61.326,15.97,1
P224681,216.298,15.966666666666667,3
P219870,145.445,15.965,2
P245491,206.9765,15.96,1
P247278,188.46,15.96,1
P204297,76.7505,15.96,1
P229061,67.7445,15.96,1
P218539,62.05399999999999,15.95,1
P232272,351.56,15.95,2
P248572,50.004000000000005,15.94,1
P210971,57.54,15.94,1
P201150,198.42,15.94,1
P241266,76.9505,15.94,1
P244434,201.19,15.94,1
P210938,357.29400000000004,15.936666666666667,3
P218277,335.86,15.935,2
P234941,116.02,15.935,2
P248974,52.36,15.93,1
P206055,79.96,15.93,1
P207791,204.02,15.92666666666667,3
P242583,240.82,15.920000000000002,2
P247664,187.34,15.92,1
P207685,80.921,15.92,1
P226221,68.15,15.92,1
P231254,107.61000000000001,15.92,2
P213870,119.25,15.915,2
P247877,156.9085,15.915,2
P247589,75.48,15.91,1
P218105,203.83,15.91,1
P232414,52.1,15.91,1
P220726,133.9635,15.905,2
P243278,331.26,15.905,2
P240068,432.4529999999999,15.903333333333334,3
P210916,150.17399999999998,15.899999999999999,2
P238284,380.52,15.895,2
P205699,127.542,15.895,2
P225509,54.32,15.89,1
P224940,63.477,15.89,1
P211631,513.293,15.8875,4
P235228,130.5365,15.885000000000002,2
P228787,46.44800000000001,15.88,1
P227080,65.81,15.88,1
P205441,195.12,15.88,1
P200855,73.06,15.88,1
P218725,116.86099999999999,15.875,2
P237462,76.06649999999999,15.86,1
P246189,64.35799999999999,15.86,1
P216727,199.8605,15.86,1
P219853,197.47,15.86,1
P230575,73.06,15.86,1
P209033,471.0655,15.853333333333332,3
P202205,52.763,15.84,1
P234879,50.673,15.84,1
P248424,214.3675,15.84,1
P203413,190.18,15.83,1
P232014,60.27,15.83,1
P246720,75.1,15.83,1
P215738,151.38150000000002,15.825,2
P245137,62.85,15.82,1
P220098,145.5495,15.819999999999999,2
P207764,283.977,15.815000000000001,2
P213869,253.6725,15.815000000000001,2
P236374,64.548,15.8,1
P206947,287.108,15.8,2
P210503,47.43,15.8,1
P204717,126.036,15.794999999999998,2
P217867,208.768,15.79,1
P208595,234.2,15.79,2
P240909,49.154,15.78,1
P231556,63.027,15.78,1
P232691,43.84,15.78,1
P247303,123.856,15.775,2
P212359,331.621,15.7725,4
P204778,132.28,15.764999999999999,2
P244255,198.099,15.76,1
P219434,81.34849999999999,15.76,1
P244694,63.152,15.76,1
P208963,100.278,15.76,2
P212952,141.722,15.76,2
P216391,189.28,15.76,1
P225401,49.446,15.76,1
P244327,282.004,15.7575,4
P208152,187.87,15.75,1
P200322,52.12,15.75,1
P216815,141.01000000000002,15.75,2
P234387,62.169,15.75,1
P242542,130.82999999999998,15.75,2
P235018,117.93900000000001,15.745000000000001,2
P249407,194.5885,15.74,1
P206640,50.78,15.74,1
P218235,64.692,15.74,1
P229491,73.6,15.74,1
P218617,497.93649999999997,15.733333333333334,3
P238177,55.50299999999999,15.73,1
P218891,203.69,15.73,1
P231532,189.091,15.73,1
P229475,59.42249999999999,15.73,1
P206189,68.01199999999999,15.73,1
P246940,49.58,15.73,1
P221936,388.448,15.725,2
P205758,157.534,15.725,2
P248760,195.51,15.72,1
P232287,194.674,15.72,1
P235598,69.42,15.72,1
P219259,48.59,15.72,1
P244666,205.24749999999997,15.719999999999999,3
P230199,178.052,15.715,2
P203938,206.492,15.713333333333333,3
P239606,270.909,15.709999999999999,3
P211513,118.72050000000002,15.705,2
P210185,59.616,15.7,1
P202005,231.28,15.7,2
P225143,281.228,15.695,2
P239780,62.21549999999999,15.69,1
P223586,188.946,15.69,1
P201459,53.18,15.69,1
P211593,263.965,15.685,2
P209568,59.8995,15.68,1
P216771,141.074,15.68,2
P221757,189.39,15.68,1
P204627,130.8425,15.679999999999998,2
P204858,63.306,15.67,1
P243339,78.1945,15.67,1
P207393,76.114,15.66,1
P216390,73.47,15.66,1
P229072,71.3915,15.66,1
P217634,52.95,15.65,1
P219343,74.36,15.65,1
P240786,69.98,15.65,1
P245185,78.9,15.65,1
P201137,198.16,15.65,1
P209734,138.01399999999998,15.644999999999998,2
P227554,75.78,15.64,1
P246095,48.331,15.63,1
P249795,62.144000000000005,15.63,1
P238771,72.28,15.62,1
P221400,55.3,15.62,1
P213363,83.403,15.62,1
P224822,76.37049999999999,15.62,1
P232262,326.53450000000004,15.610000000000001,2
P215327,265.7945,15.602499999999997,4
P205637,75.854,15.6,1
P235540,185.18,15.6,1
P242978,47.209,15.59,1
P236215,118.3295,15.59,2
P205675,139.14,15.59,2
P208738,173.8355,15.584999999999999,2
P213062,49.89,15.58,1
P246200,78.1,15.58,1
P201495,44.62,15.58,1
P232256,276.4565,15.57,2
P222346,79.47699999999999,15.57,1
P202085,227.95999999999998,15.57,2
P244649,319.884,15.566666666666668,3
P241340,140.37,15.56,2
P200992,70.659,15.56,1
P217129,45.4,15.56,1
P208544,61.7025,15.56,1
P231573,48.469,15.56,1
P228090,269.49,15.55,2
P216414,73.37799999999999,15.55,1
P228508,73.74,15.55,1
P238258,62.24,15.55,1
P223171,53.54400000000001,15.55,1
P202536,72.51,15.53,1
P208288,50.92,15.53,1
P219673,150.397,15.52,2
P246927,75.22,15.52,1
P208583,135.804,15.52,2
P207647,241.71999999999997,15.515,2
P246500,202.06,15.5,1
P234393,315.55899999999997,15.5,2
P234315,361.398,15.5,3
P244959,57.2565,15.5,1
P210433,323.5095,15.496666666666664,3
P237402,130.74,15.495000000000001,2
P244173,145.092,15.49,2
P201930,75.303,15.49,1
P216667,52.16,15.49,1
P245271,212.007,15.49,1
P240411,49.43,15.49,1
P211997,61.33500000000001,15.49,1
P238940,409.8655,15.48,2
P231619,59.87,15.48,1
P248582,52.92,15.48,1
P218330,60.1445,15.48,1
P208977,67.12,15.48,1
P246686,344.4225,15.479999999999999,2
P200389,121.51,15.475000000000001,2
P215095,242.532,15.4725,4
P228715,99.9785,15.465,2
P239531,76.302,15.46,1
P239802,46.1,15.46,1
P200415,68.688,15.46,1
P203763,222.805,15.456666666666669,3
P237713,113.78649999999999,15.454999999999998,2
P239939,46.62,15.45,1
P248275,64.881,15.45,1
P202551,195.894,15.45,1
P201138,194.427,15.45,1
P202988,238.75549999999998,15.446666666666665,3
P221061,140.26999999999998,15.445,2
P209875,232.04000000000002,15.440000000000001,2
P226430,129.3475,15.440000000000001,2
P215120,320.039,15.435,2
P220577,212.23,15.43,1
P218332,129.928,15.43,2
P239318,201.474,15.43,1
P236596,334.45,15.425,2
P215523,525.6085,15.423333333333332,3
P221934,50.031,15.42,1
P235205,187.08,15.42,1
P228136,62.5765,15.42,1
P224651,61.182,15.42,1
P228128,61.752,15.42,1
P246014,351.6805,15.410000000000002,3
P248698,56.38,15.41,1
P222709,136.14100000000002,15.41,2
P240907,75.86599999999999,15.41,1
P215936,47.71,15.41,1
P231235,197.92,15.41,1
P216186,119.83999999999999,15.409999999999998,2
P202878,208.663,15.4,1
P245916,70.3,15.4,1
P219831,50.3785,15.4,1
P200649,101.14,15.39,2
P200711,60.54,15.39,1
P215670,48.203,15.38,1
P216201,58.27,15.38,1
P207084,133.688,15.38,2
P244867,410.6245,15.38,3
P202822,58.349,15.38,1
P228892,295.182,15.375,2
P206069,213.59799999999998,15.373333333333335,3
P237257,188.39,15.373333333333333,3
P245272,498.86,15.3725,4
P204741,302.692,15.370000000000001,2
P246659,78.16,15.37,1
P200734,160.25,15.365000000000002,2
P241360,73.6015,15.36,1
P203456,60.87,15.36,1
P247862,272.1935,15.355,4
P227132,164.903,15.350000000000001,2
P233745,69.83,15.35,1
P210811,385.63,15.35,2
P245960,196.22,15.35,1
P242108,225.61,15.346666666666666,3
P229558,79.43400000000001,15.34,1
P229291,51.35,15.34,1
P224700,318.65,15.336666666666666,3
P232158,97.97900000000001,15.335,2
P231519,105.036,15.335,2
P204843,116.17999999999999,15.335,2
P229317,501.03,15.3325,4
P248657,70.47,15.33,1
P232723,345.936,15.325,2
P230747,202.8,15.32,1
P232794,117.373,15.315000000000001,2
P228384,65.9,15.31,1
P216908,57.62,15.3,1
P225166,100.861,15.3,2
P236320,372.125,15.296666666666667,3
P223070,140.482,15.295,2
P207694,60.477500000000006,15.29,1
P215545,84.42,15.29,1
P238593,331.38,15.285,2
P243227,70.78,15.28,1
P233874,46.26,15.28,1
P205629,60.84,15.28,1
P225633,68.666,15.28,1
P244699,62.06,15.28,1
P226195,202.977,15.28,1
P200553,49.5,15.28,1
P231389,64.58,15.28,1
P232805,84.777,15.27,1
P212536,65.8445,15.27,1
P219380,48.627,15.27,1
P232768,178.308,15.264999999999999,2
P220058,110.2475,15.26,2
P228755,126.25999999999999,15.26,2
P213850,204.315,15.256666666666666,3
P200606,61.92,15.25,1
P232119,60.6,15.25,1
P213052,83.759,15.25,1
P238217,114.6,15.245000000000001,2
P211551,203.737,15.24,1
P206755,204.84000000000003,15.24,1
P247178,125.292,15.24,2
P211875,59.57,15.24,1
P223147,133.584,15.23,2
P218587,63.486,15.23,1
P245773,68.68499999999999,15.23,1
P234575,349.4425,15.229999999999999,3
P249658,219.15300000000002,15.225,2
P241120,328.984,15.225,2
P218824,200.87,15.223333333333334,3
P220753,65.47500000000001,15.22,1
P249379,59.346,15.22,1
P249824,191.552,15.21,1
P222479,372.264,15.200000000000001,3
P241416,187.408,15.2,1
P222726,76.5795,15.2,1
P200613,75.0975,15.2,1
P249092,146.1,15.190000000000001,2
P211718,147.096,15.190000000000001,2
P227371,203.97,15.19,1
P229337,80.176,15.19,1
P212452,399.5265,15.18,2
P230627,105.529,15.18,2
P219358,139.913,15.175,2
P232812,377.54200000000003,15.170000000000002,2
P216690,207.604,15.17,1
P242846,137.339,15.17,2
P217280,76.741,15.17,1
P215027,80.89,15.17,1
P246381,47.9,15.16,1
P200479,134.9795,15.155,2
P230667,73.94,15.15,1
P202144,58.9665,15.15,1
P201865,139.37,15.145,2
P236533,74.52,15.14,1
P241049,46.0465,15.14,1
P235465,75.449,15.14,1
P226163,75.54,15.14,1
P244066,117.39,15.14,2
P220596,54.043,15.14,1
P237591,88.08,15.13,1
P224324,169.03,15.126666666666667,3
P220885,563.4565,15.1225,4
P249277,400.183,15.12,2
P223425,154.0395,15.110000000000001,2
P233366,63.63,15.11,1
P207703,73.28,15.11,1
P248757,269.603,15.11,2
P239617,50.89,15.11,1
P225419,68.438,15.11,1
P219146,245.828,15.1,2
P212193,61.66,15.1,1
P248748,49.837,15.1,1
P208876,62.358,15.1,1
P234098,190.1365,15.1,1
P237574,369.156,15.09,2
P233110,55.5,15.09,1
P202889,67.26,15.09,1
P214659,174.633,15.083333333333336,3
P224796,334.8805,15.08,2
P204339,65.037,15.08,1
P237551,70.75399999999999,15.08,1
P235927,188.39,15.08,1
P235783,155.204,15.073333333333332,3
P209658,71.31649999999999,15.07,1
P235704,47.5,15.07,1
P231070,60.67,15.07,1
P225656,183.73,15.07,1
P244180,306.329,15.065,2
P228915,185.25,15.06,1
P222146,54.84349999999999,15.06,1
P213553,76.62899999999999,15.06,1
P209857,56.574,15.05,1
P248020,69.993,15.05,1
P200620,192.61200000000002,15.046666666666667,3
P241199,92.512,15.040000000000001,2
P238172,73.488,15.04,1
P215960,59.7075,15.04,1
P218159,62.69,15.04,1
P249689,149.78000000000003,15.035,2
P202720,131.1,15.035,2
P249944,107.91550000000001,15.03,2
P207525,56.205000000000005,15.03,1
P243411,198.459,15.03,1
P214810,200.2685,15.03,1
P233033,171.16899999999998,15.03,2
P203794,121.63199999999999,15.025,2
P201613,347.07449999999994,15.020000000000001,3
P228180,50.08,15.02,1
P211926,71.37,15.02,1
P202906,75.96,15.02,1
P246285,138.8365,15.015,2
P219882,187.06,15.01,1
P218658,149.77749999999997,15.009999999999998,2
P245791,95.945,15.0,2
P215350,62.784000000000006,15.0,1
P249838,140.531,15.0,2
P241430,191.096,15.0,2
P209572,65.3,15.0,1
P211146,345.404,14.996666666666668,3
P202940,233.05,14.995000000000001,2
P233856,73.4655,14.99,1
P210370,50.96000000000001,14.98,1
P246544,61.3,14.98,1
P217940,58.89,14.98,1
P221595,77.608,14.98,1
P224941,77.544,14.97,1
P212287,83.81,14.97,1
P249127,132.94150000000002,14.963333333333333,3
P245905,186.48,14.96,1
P220879,201.72,14.96,1
P204548,79.9045,14.96,1
P206160,155.83049999999997,14.950000000000001,2
P227394,78.4,14.95,1
P212902,45.081,14.95,1
P223771,52.5825,14.95,1
P243543,169.6395,14.936666666666667,3
P212607,136.44799999999998,14.935,2
P206803,59.41,14.93,1
P242385,53.37,14.93,1
P230886,189.72,14.93,1
P233971,440.22999999999996,14.93,3
P249985,97.928,14.93,2
P229949,58.27,14.93,1
P244390,324.74,14.924999999999999,2
P225105,71.736,14.92,1
P239301,45.95,14.92,1
P231364,48.78,14.92,1
P245039,175.3035,14.92,1
P226545,78.462,14.92,1
P237989,73.5,14.92,1
P203366,47.35,14.92,1
P208612,196.1865,14.916666666666666,3
P211053,50.784,14.91,1
P241631,119.79249999999999,14.91,2
P232514,47.538,14.91,1
P204950,39.42,14.91,1
P221812,60.7525,14.91,1
P213394,69.6065,14.91,1
P212548,184.6,14.91,1
P241123,190.386,14.9,1
P205072,42.77,14.9,1
P226699,58.68,14.9,1
P239110,132.406,14.9,2
P249547,79.43400000000001,14.9,1
P235584,340.702,14.895,2
P218529,62.339,14.89,1
P210044,179.398,14.89,1
P210333,118.40549999999999,14.889999999999999,2
P249152,195.68,14.88,1
P200969,135.097,14.875,2
P205087,55.81,14.87,1
P224581,77.526,14.87,1
P207547,69.17,14.85,1
P226907,99.57750000000001,14.84,2
P201924,341.77500000000003,14.834999999999999,2
P214976,61.44,14.83,1
P215825,61.36,14.83,1
P203530,72.233,14.83,1
P234227,58.17,14.83,1
P213890,190.89,14.83,1
P218855,257.0665,14.83,2
P242863,72.41,14.83,1
P211560,131.766,14.825,2
P231035,48.184,14.82,1
P215947,320.90999999999997,14.82,2
P221224,180.93,14.82,1
P219784,48.6285,14.82,1
P249893,273.32,14.82,3
P226740,60.03,14.82,1
P236426,50.36,14.82,1
P245610,141.547,14.82,2
P246895,46.98,14.81,1
P233713,188.598,14.81,1
P236222,321.583,14.805,2
P211736,131.291,14.805,2
P214583,269.414,14.802499999999998,4
P213692,61.28,14.8,1
P221392,61.98,14.8,1
P244568,72.468,14.8,1
P207983,105.089,14.8,2
P219788,126.886,14.8,2
P212171,48.17,14.79,1
P233588,314.646,14.786666666666667,3
P238918,72.432,14.78,1
P233726,195.83,14.78,1
P233733,80.54,14.78,1
P220971,42.389,14.77,1
P231233,51.16,14.77,1
P235118,174.82,14.77,1
P230103,58.19,14.76,1
P247883,72.75150000000001,14.76,1
P210270,131.16,14.755,2
P211274,220.24,14.755,2
P204015,65.98549999999999,14.75,1
P202559,138.26,14.75,2
P222560,76.1045,14.75,1
P215892,55.32,14.75,1
P208255,57.848,14.75,1
P214897,51.12,14.75,1
P242625,67.78,14.75,1
P210985,370.7795,14.745000000000001,4
P216548,166.01,14.745000000000001,2
P227468,138.37,14.740000000000002,2
P230569,61.44000000000001,14.74,1
P243562,77.89,14.74,1
P232208,43.8,14.74,1
P224736,48.82,14.74,1
P206251,68.27,14.73,1
P209805,178.96,14.73,1
P236055,171.26,14.73,1
P222900,154.65999999999994,14.726666666666667,3
P208553,44.289,14.72,1
P243146,45.41,14.72,1
P218742,52.496,14.72,1
P226305,77.382,14.72,1
P220442,433.025,14.716666666666667,3
P207522,136.869,14.715,2
P230907,188.36,14.71,1
P240349,79.981,14.71,2
P240302,60.5,14.7,1
P240830,156.20350000000002,14.7,2
P246170,174.42,14.7,1
P200933,63.05,14.7,1
P234503,66.48,14.7,1
P223629,73.87349999999999,14.7,1
P207370,172.81,14.695,2
P205269,307.84000000000003,14.694999999999999,2
P206408,73.63199999999999,14.69,1
P205350,77.346,14.69,1
P221326,74.0715,14.69,1
P245437,125.33,14.684999999999999,2
P200377,61.84,14.68,1
P206222,46.208,14.68,1
P228476,80.98,14.68,1
P227040,58.46,14.67,1
P234155,345.15049999999997,14.67,3
P249156,45.08,14.66,1
P244370,76.61049999999999,14.66,1
P229400,185.44,14.65,1
P229597,68.11,14.65,1
P208250,291.86600000000004,14.64,2
P220912,59.0,14.64,1
P217308,77.43,14.63,1
P212175,57.8835,14.62,1
P216677,73.00800000000001,14.62,1
P209186,340.8,14.615,2
P234385,112.27,14.61,2
P212650,185.117,14.61,1
P217944,50.34,14.61,1
P235847,197.137,14.606666666666667,3
P201882,130.54,14.605,2
P230558,371.212,14.600000000000001,2
P214082,192.03,14.6,1
P233381,58.26,14.59,1
P219195,47.09,14.58,1
P246652,302.2215,14.58,2
P202039,104.29,14.58,2
P220168,301.43800000000005,14.58,2
P213172,60.7,14.57,1
P218997,46.89,14.57,1
P238130,141.6965,14.565,2
P218764,230.199,14.563333333333334,3
P223570,140.0115,14.56,2
P227807,425.145,14.56,3
P217527,172.15,14.556666666666667,3
P246649,58.92000000000001,14.55,1
P207852,48.55,14.55,1
P207715,109.75999999999999,14.55,2
P235763,192.276,14.543333333333335,3
P245532,51.566,14.54,1
P212390,64.2,14.54,1
P239760,361.70099999999996,14.536666666666667,3
P234677,116.021,14.53,2
P225015,72.396,14.52,1
P241175,51.661,14.51,1
P244566,100.902,14.51,2
P208823,189.41,14.505,2
P238394,317.74,14.505,2
P210666,128.18,14.5,2
P229410,193.45,14.5,1
P200908,56.6,14.5,1
P249213,76.08,14.49,1
P227301,69.59700000000001,14.49,1
P209192,132.02,14.485,2
P205902,66.895,14.48,1
P208638,60.059,14.48,1
P233489,186.35600000000002,14.473333333333334,3
P207664,46.34,14.47,1
P203706,376.129,14.465,2
P245653,104.45700000000001,14.465,2
P204711,75.9,14.46,1
P200798,61.514500000000005,14.46,1
P235992,160.42000000000002,14.450000000000001,2
P232775,72.74149999999999,14.45,1
P213271,124.69200000000001,14.45,2
P217959,72.52,14.45,1
P232611,139.20000000000002,14.45,2
P206898,75.52,14.44,1
P242387,141.68200000000002,14.435,2
P227166,183.122,14.43,1
P226924,76.36,14.43,1
P233853,56.6865,14.43,1
P209926,350.58799999999997,14.4225,4
P240817,72.794,14.42,1
P203801,130.58,14.415000000000001,2
P230428,81.47,14.41,1
P243646,46.746,14.41,1
P247637,59.28300000000001,14.41,1
P227475,120.22449999999999,14.41,2
P210844,395.76,14.405000000000001,2
P202052,312.25,14.405000000000001,2
P229692,60.287,14.4,1
P247595,63.41,14.4,1
P243967,186.6885,14.396666666666667,3
P235706,295.4975,14.395,2
P206776,62.54,14.39,1
P236152,149.3915,14.39,2
P201709,56.01,14.39,1
P204688,134.547,14.385,2
P245424,54.35,14.38,1
P226678,184.41,14.38,1
P231291,57.400000000000006,14.38,1
P209074,249.123,14.375,2
P239803,51.984,14.37,1
P204862,70.97,14.37,1
P244239,43.979,14.37,1
P223068,138.31,14.360000000000001,2
P221863,400.839,14.36,3
P205054,72.56,14.36,1
P227129,41.8665,14.36,1
P240433,181.925,14.36,1
P222289,316.252,14.355,2
P242257,47.90849999999999,14.35,1
P210201,77.265,14.35,1
P228611,45.714,14.33,1
P226748,77.91,14.33,1
P220005,118.2895,14.33,2
P238402,177.971,14.326666666666668,3
P204709,42.598,14.32,1
P208223,143.98100000000002,14.315000000000001,2
P219032,262.498,14.315000000000001,2
P241429,65.214,14.31,1
P201096,59.571,14.31,1
P234748,90.71,14.309999999999999,2
P202431,52.01,14.3,1
P241203,44.73,14.3,1
P218149,175.99,14.29,1
P234749,72.8745,14.29,1
P241821,46.2935,14.29,1
P225674,96.621,14.285,2
P207148,102.896,14.280000000000001,2
P216278,176.51,14.280000000000001,2
P227192,67.14,14.28,1
P219860,42.36,14.28,1
P220857,76.9,14.27,1
P241353,192.015,14.266666666666666,3
P209868,94.782,14.265,2
P240919,105.44999999999999,14.265,2
P237681,104.1985,14.265,2
P220339,314.038,14.265,2
P224666,42.633,14.26,1
P221620,71.24,14.26,1
P229572,41.32,14.26,1
P222073,73.934,14.26,1
P221455,174.249,14.26,1
P215290,61.34149999999999,14.25,1
P237058,57.144000000000005,14.24,1
P235591,71.96,14.24,1
P207346,190.74,14.24,1
P233187,64.21,14.24,1
P206045,180.2255,14.23,1
P204693,46.265,14.23,1
P218362,172.854,14.23,1
P240170,172.926,14.23,1
P221375,315.68,14.22,2
P245209,71.34,14.22,1
P231864,177.77,14.22,3
P248108,165.753,14.22,1
P202957,179.352,14.22,1
P225790,165.656,14.213333333333333,3
P218951,314.60200000000003,14.21,2
P213693,228.83,14.21,2
P244664,78.149,14.21,1
P242044,163.88,14.21,1
P224459,247.879,14.2075,4
P245056,318.072,14.2025,4
P227150,321.24,14.200000000000001,2
P202198,37.664,14.2,1
P220800,51.54,14.2,1
P214741,185.931,14.2,1
P200331,73.948,14.2,1
P206614,169.522,14.193333333333333,3
P236752,58.25,14.19,1
P212609,77.3,14.18,1
P236097,69.2265,14.18,1
P236045,66.663,14.18,1
P232575,51.74400000000001,14.18,1
P230679,45.83,14.17,1
P244121,161.28,14.166666666666666,3
P235249,285.624,14.165,2
P201403,240.92000000000002,14.165,2
P240338,291.627,14.155000000000001,2
P208896,354.67,14.155000000000001,2
P216538,46.155,14.15,1
P229903,314.124,14.15,2
P243252,115.84,14.145,2
P206610,222.01999999999998,14.145,2
P208968,77.7575,14.14,1
P214388,196.4,14.14,1
P200698,313.47,14.135,2
P225109,40.85,14.13,1
P212015,143.4765,14.129999999999999,2
P228968,44.99,14.12,1
P202496,59.147,14.12,1
P204934,141.7,14.110000000000001,2
P226232,100.28099999999999,14.110000000000001,2
P217602,45.74,14.11,1
P224001,97.48,14.11,2
P201770,44.667,14.11,1
P218723,93.33699999999999,14.11,2
P240472,122.508,14.1,2
P221521,42.65,14.1,1
P216491,58.33,14.1,1
P218074,66.17999999999999,14.09,1
P201093,109.138,14.085,2
P208366,314.925,14.085,2
P206864,187.79,14.08,1
P230130,47.745,14.08,1
P222905,40.34,14.08,1
P216088,98.114,14.08,2
P221180,74.11,14.08,1
P214876,40.84,14.08,1
P237110,47.4,14.08,1
P201837,56.682,14.07,1
P245384,187.644,14.07,3
P215942,175.3475,14.066666666666668,3
P210748,368.834,14.065,2
P206203,105.47,14.065,2
P234691,45.714,14.06,1
P223104,322.47200000000004,14.06,2
P242615,73.18,14.06,1
P228573,71.3925,14.06,1
P228534,67.05,14.06,1
P231154,172.99,14.06,1
P227503,146.27,14.059999999999999,2
P249839,111.518,14.05,2
P223051,44.7,14.04,1
P231741,48.4975,14.04,1
P230973,57.26,14.04,1
P238036,59.99,14.04,1
P249158,205.70600000000002,14.036666666666667,3
P241405,124.99,14.03,2
P223241,345.64,14.025,2
P221424,299.02049999999997,14.025,2
P218950,69.732,14.02,1
P234146,59.92,14.02,1
P247208,69.31,14.02,1
P214096,204.36400000000003,14.015,2
P241990,151.848,14.01,2
P225736,173.74849999999998,14.01,1
P224918,305.736,14.01,2
P237371,76.131,14.01,1
P221826,491.93399999999997,14.003333333333332,3
P203380,189.618,14.0,1
P209934,61.77,14.0,1
P228902,55.24,14.0,1
P248669,132.28199999999998,13.995000000000001,2
P229161,320.98500000000007,13.99,2
P233335,59.8485,13.99,1
P229285,300.5915,13.989999999999998,2
P222917,184.79,13.98,1
P248703,56.791,13.98,1
P221636,130.005,13.97,2
P231811,436.8905,13.97,4
P229496,55.89,13.97,1
P242845,57.31,13.97,1
P242617,75.26,13.97,1
P219820,70.0,13.97,1
P215345,75.87,13.96,1
P208033,50.635,13.96,1
P207375,545.3340000000001,13.9525,4
P207047,76.84,13.95,1
P246806,188.0525,13.95,1
P218530,91.168,13.95,2
P228032,57.25,13.95,1
P209797,58.82,13.95,1
P244143,64.41000000000001,13.94,1
P222288,50.7365,13.94,1
P211211,49.74,13.94,1
P242211,271.63,13.94,2
P215519,71.85,13.93,1
P205833,42.453,13.93,1
P206547,58.04,13.93,1
P242559,98.693,13.925,2
P237096,292.51,13.924999999999999,2
P228195,42.3415,13.92,1
P206436,58.28,13.92,1
P217921,121.72999999999999,13.915,2
P214846,53.62,13.91,1
P218033,186.507,13.91,1
P220519,263.959,13.91,2
P215456,69.97,13.91,1
P243027,187.64,13.91,1
P244741,332.615,13.91,4
P246846,132.21400000000003,13.905000000000001,2
P234828,56.0975,13.9,1
P214298,62.966,13.9,1
P243215,51.72,13.9,1
P239907,114.507,13.895,2
P217343,298.162,13.895,2
P249690,130.31550000000001,13.885,2
P240423,131.826,13.883333333333333,3
P219077,59.4415,13.88,1
P246378,66.38,13.88,1
P217443,71.244,13.88,1
P207426,290.9375,13.879999999999999,2
P244758,121.56049999999999,13.875,2
P238126,121.81,13.875,2
P203110,110.8,13.875,2
P200263,46.22,13.87,1
P223086,42.883,13.87,1
P229347,71.21,13.87,1
P247650,53.42,13.87,1
P245528,273.416,13.87,2
P243256,57.48,13.87,1
P207240,56.772000000000006,13.87,1
P227134,168.64,13.87,1
P207667,69.223,13.87,1
P211974,108.19400000000002,13.865,2
P207491,63.4355,13.86,1
P233571,63.01,13.86,1
P247420,51.4235,13.86,1
P221804,56.3065,13.86,1
P233166,221.543,13.856666666666667,3
P247634,199.26999999999998,13.855,2
P205500,69.5,13.85,1
P241855,52.55,13.85,1
P206290,55.5845,13.85,1
P220976,50.98,13.85,1
P217094,176.68,13.85,1
P246134,106.09649999999999,13.845,2
P202716,267.488,13.84,2
P232415,46.52,13.84,1
P217747,109.64999999999999,13.84,2
P225928,48.3,13.84,1
P209098,142.76399999999998,13.84,2
P228279,57.0,13.84,1
P211444,65.5975,13.83,1
P235897,186.03,13.83,1
P234741,60.4485,13.83,1
P239697,48.076,13.83,1
P233485,142.15,13.825,2
P210042,149.084,13.823333333333336,3
P242727,69.35,13.82,1
P248849,200.367,13.82,1
P233318,60.85,13.82,1
P217476,113.255,13.815000000000001,2
P219256,177.9065,13.81,1
P205362,56.56,13.81,1
P214687,194.42,13.81,1
P207993,41.66,13.81,1
P222953,177.32,13.81,1
P232330,49.21,13.8,1
P230966,183.14,13.8,1
P248179,74.66,13.8,1
P209519,52.78,13.8,1
P212908,72.87,13.8,1
P235671,198.779,13.8,2
P208127,191.64549999999997,13.790000000000001,3
P229018,198.25,13.79,3
P240476,185.04,13.79,1
P227476,56.98,13.79,1
P238892,102.2555,13.785,2
P202487,41.895,13.78,1
P236163,72.39,13.78,1
P212752,72.447,13.78,1
P226775,56.6295,13.78,1
P209863,73.33,13.77,1
P203932,48.46,13.77,1
P229240,134.49,13.765,2
P207407,44.64,13.76,1
P204714,43.81,13.76,1
P215638,203.56900000000002,13.76,3
P244944,137.564,13.76,3
P221169,176.876,13.76,3
P203225,45.5335,13.76,1
P215611,77.19,13.76,2
P244154,54.96,13.75,1
P230588,77.877,13.75,1
P223393,58.57,13.75,1
P218892,176.9945,13.75,1
P230762,68.571,13.75,1
P214141,163.86200000000002,13.75,3
P234604,123.19200000000001,13.745000000000001,2
P215732,69.9465,13.74,1
P202025,48.348,13.74,1
P207668,100.22999999999999,13.74,2
P224871,170.11,13.74,3
P203086,176.1015,13.74,1
P226542,183.027,13.74,1
P238071,60.389,13.74,1
P235552,57.01,13.74,1
P232065,304.7185,13.735,2
P240544,109.687,13.735,2
P210552,363.692,13.735,2
P233565,51.16,13.73,1
P206410,183.09,13.73,1
P232803,58.94,13.73,1
P234822,109.91,13.725,2
P225067,48.4925,13.72,1
P231256,41.14,13.72,1
P216768,173.55,13.72,1
P237764,50.64,13.72,1
P226990,108.4935,13.719999999999999,2
P217881,432.9855,13.716666666666667,3
P224815,51.74,13.71,1
P244984,46.265,13.71,1
P242691,64.59,13.71,1
P232899,313.5,13.705,2
P227113,116.75,13.705,2
P210079,60.1255,13.7,1
P224814,37.896,13.7,1
P243868,54.56,13.7,1
P229579,42.92,13.69,1
P234771,66.79,13.69,1
P205355,55.726,13.69,1
P221150,104.03449999999998,13.684999999999999,2
P236166,43.1015,13.68,1
P240139,53.26,13.68,1
P211017,272.3095,13.673333333333332,3
P227817,160.429,13.670000000000002,3
P234581,161.6,13.670000000000002,3
P209107,49.79,13.67,1
P215109,70.74,13.67,1
P219317,52.82,13.67,1
P247833,121.888,13.665,2
P201195,64.16,13.66,1
P237867,165.27,13.66,1
P229248,73.33,13.66,1
P226989,68.89,13.66,1
P233443,54.92,13.66,1
P207102,166.35,13.65,1
P212762,176.32,13.65,1
P203846,58.07,13.65,1
P230439,74.92,13.65,1
P244422,56.41,13.65,1
P219226,50.292,13.65,1
P205107,125.00999999999999,13.645,2
P221996,118.68650000000001,13.645,2
P243867,71.14,13.64,1
P228329,58.48,13.64,1
P200040,64.15,13.64,1
P230493,52.174,13.64,1
P200440,330.28,13.635,2
P237355,182.67000000000002,13.633333333333333,3
P201862,43.88,13.63,1
P202818,44.1085,13.63,1
P236018,132.58350000000002,13.625,2
P234759,297.46999999999997,13.625,2
P236757,56.89,13.62,1
P240501,40.32,13.62,1
P230462,41.92,13.62,1
P219902,68.706,13.61,1
P248277,172.719,13.61,1
P205239,92.26,13.61,2
P203534,453.706,13.61,3
P247917,58.28,13.61,1
P247464,60.4945,13.61,1
P206816,138.882,13.600000000000001,2
P223833,172.9,13.6,1
P231421,65.12,13.6,1
P211606,42.92,13.6,1
P207371,56.097,13.6,1
P209009,43.72,13.6,1
P247972,259.7195,13.596666666666666,3
P213401,52.292,13.59,1
P231435,65.67,13.59,1
P234953,48.141,13.59,1
P216515,134.19,13.59,2
P212170,73.55850000000001,13.58,1
P214406,124.477,13.58,2
P247350,111.21199999999999,13.57,2
P227780,126.78999999999999,13.56,2
P218803,338.13149999999996,13.559999999999999,2
P209799,50.8,13.55,1
P220838,47.92,13.55,1
P213578,115.96449999999999,13.55,2
P204117,66.71,13.55,1
P244592,454.6055,13.533333333333333,3
P202389,113.15,13.530000000000001,2
P206914,51.58,13.53,1
P224117,45.49,13.52,1
P217232,171.02,13.52,1
P228439,39.84,13.52,1
P218578,61.7,13.51,1
P223331,269.84,13.51,2
P217576,42.012,13.51,1
P243872,199.62,13.51,1
P230901,54.62949999999999,13.51,1
P227553,60.62,13.5,1
P205508,117.453,13.5,2
P237293,174.69800000000004,13.5,3
P231000,189.394,13.496666666666664,3
P208320,70.67,13.49,1
P238839,125.05799999999999,13.49,2
P247067,41.60999999999999,13.49,1
P209269,48.951,13.49,1
P248842,58.9,13.48,1
P211642,71.63,13.48,1
P232244,44.859,13.48,1
P247594,58.8,13.48,1
P208045,38.1,13.48,1
P217061,366.09749999999997,13.476666666666667,3
P245041,127.06,13.475,2
P204744,147.533,13.475,2
P228722,187.208,13.475,2
P248612,76.56,13.47,1
P234012,51.17999999999999,13.47,1
P223062,69.23599999999999,13.47,1
P203672,184.46,13.47,1
P216693,73.56,13.47,1
P229527,60.13,13.47,1
P211207,217.36,13.469999999999999,3
P219776,72.856,13.46,1
P232374,42.89,13.46,1
P239583,55.545,13.46,1
P230617,113.649,13.455,2
P236277,133.062,13.45,2
P214652,62.58,13.45,1
P233635,263.78,13.445,2
P201976,80.89200000000001,13.445,2
P212268,146.23399999999998,13.44,2
P229630,355.45,13.44,2
P213892,166.80100000000002,13.44,1
P232908,133.862,13.44,2
P229297,64.31099999999999,13.43,1
P220703,182.666,13.43,1
P205976,142.109,13.423333333333334,3
P239678,53.72,13.42,1
P248765,73.3115,13.41,1
P218470,90.52000000000001,13.41,2
P210383,108.27600000000001,13.41,2
P212572,56.576,13.41,1
P204121,55.26,13.41,1
P227440,59.128,13.41,1
P216158,53.75,13.41,1
P244092,43.8235,13.4,1
P226863,43.9875,13.4,1
P221922,63.4,13.4,1
P227799,40.12,13.4,1
P224107,454.2215,13.39,6
P231139,44.5315,13.39,1
P242667,54.397,13.39,1
P218738,94.491,13.385,2
P212158,302.78999999999996,13.385,2
P239239,73.76,13.38,1
P234398,106.3,13.375,2
P232998,101.4385,13.375,2
P220120,52.17,13.37,1
P212117,61.353,13.36,1
P221768,72.74,13.36,1
P212637,59.8485,13.36,1
P208064,68.82,13.36,1
P216189,56.016000000000005,13.35,1
P214728,72.33,13.35,1
P204111,73.14999999999999,13.35,1
P242115,168.714,13.35,1
P234939,256.2845,13.346666666666666,3
P245303,172.692,13.343333333333334,3
P230410,177.163,13.343333333333334,3
P229428,379.59999999999997,13.343333333333334,3
P240253,53.057,13.34,1
P244305,73.86,13.34,1
P214842,57.19,13.34,1
P233557,252.9155,13.34,2
P231953,116.05349999999999,13.34,2
P245268,39.254,13.33,1
P237785,57.96,13.33,1
P229655,64.778,13.32,1
P201701,55.61,13.32,1
P201952,61.788,13.31,1
P218919,48.222,13.31,1
P201558,65.93,13.31,1
P213407,335.727,13.306666666666667,3
P207011,159.494,13.305000000000001,2
P218208,48.18,13.3,1
P204941,49.2,13.3,1
P222624,47.9145,13.3,1
P212568,126.08699999999999,13.295,2
P203853,197.625,13.29,1
P200141,152.594,13.285,2
P229039,56.45,13.28,1
P217171,195.13400000000001,13.28,2
P204921,49.83,13.28,1
P220563,42.46,13.28,1
P210953,45.17,13.28,1
P249625,50.26,13.28,1
P221433,197.53,13.276666666666669,3
P228783,121.863,13.274999999999999,2
P229570,153.379,13.273333333333333,3
P223784,54.92,13.27,1
P226241,295.47,13.27,2
P218959,40.72,13.27,1
P230290,239.49900000000002,13.265,2
P223041,53.542,13.26,1
P226086,100.82,13.26,2
P219819,64.74,13.26,1
P226220,119.114,13.25,2
P218872,56.39,13.25,1
P222869,65.569,13.25,1
P220021,173.871,13.25,1
P201964,169.86,13.24,1
P240288,123.468,13.24,2
P242546,102.96000000000001,13.24,2
P222524,117.989,13.24,2
P218217,73.64399999999999,13.23,1
P225090,58.40599999999999,13.23,1
P224897,307.28999999999996,13.225,2
P215017,60.966,13.22,1
P245933,63.916,13.22,1
P238938,177.56,13.22,1
P203771,128.257,13.219999999999999,2
P208946,106.55000000000001,13.215,2
P223989,157.769,13.215,2
P228085,175.33749999999998,13.213333333333333,3
P235017,206.0775,13.209999999999999,2
P211132,123.7365,13.209999999999999,2
P246824,282.79,13.2,2
P223648,70.813,13.2,1
P200789,53.25,13.2,1
P237018,364.65250000000003,13.196666666666667,3
P234484,255.991,13.195,2
P240080,288.898,13.19,2
P219232,179.84000000000003,13.19,1
P212602,55.998,13.19,1
P230592,40.7455,13.19,1
P210110,243.2285,13.19,2
P229250,359.9545,13.185,2
P228911,177.332,13.185,2
P217408,158.61,13.18,1
P238409,39.5,13.18,1
P207122,42.959,13.18,1
P219740,172.74,13.18,1
P237637,52.2025,13.18,1
P210657,39.938,13.18,1
P240721,116.05799999999999,13.17,2
P239815,255.3945,13.17,2
P209893,198.676,13.17,2
P249122,54.98,13.16,1
P221919,55.37,13.16,1
P204750,174.16,13.15,1
P201612,55.62,13.15,1
P220810,131.687,13.146666666666667,3
P213050,74.74,13.14,1
P200554,96.12,13.14,2
P219796,50.134,13.13,1
P245240,53.847,13.13,1
P221487,83.22,13.125,2
P233573,149.047,13.120000000000001,2
P231386,192.489,13.12,1
P238380,110.03649999999999,13.12,2
P239862,155.38,13.12,1
P206286,140.488,13.12,1
P228844,290.293,13.115,2
P237742,142.148,13.110000000000001,2
P206236,46.64,13.11,1
P244245,49.8525,13.11,1
P212228,101.628,13.105,2
P208429,97.5,13.105,2
P242019,37.52,13.1,1
P223595,41.1,13.1,1
P242291,169.26,13.1,1
P224596,354.34,13.094999999999999,2
P228094,148.754,13.093333333333334,3
P225290,291.014,13.085,2
P249874,113.91900000000001,13.08,2
P221077,47.56,13.08,1
P231362,161.76,13.08,1
P237933,55.72,13.08,1
P210982,77.18,13.08,1
P222698,100.989,13.075,2
P224584,68.267,13.07,1
P203566,253.62,13.07,3
P244124,533.152,13.063333333333333,3
P217945,382.84900000000005,13.06,3
P249565,170.784,13.06,1
P243304,124.43,13.06,2
P226230,65.91099999999999,13.06,1
P218581,183.07,13.06,1
P227742,315.56,13.06,2
P248674,397.043,13.06,3
P204259,53.02,13.05,1
P201496,82.8585,13.05,2
P224083,66.66,13.05,1
P219881,181.1175,13.05,1
P211516,54.38,13.05,1
P207551,47.0,13.05,1
P201808,125.4895,13.045,2
P214466,112.92500000000001,13.044999999999998,2
P234994,108.2975,13.04,2
P206450,66.02499999999999,13.04,1
P238396,71.22149999999999,13.04,1
P228536,415.402,13.033333333333333,3
P212261,50.193000000000005,13.03,1
P211255,66.521,13.03,1
P232049,174.11,13.03,1
P220179,66.07,13.03,1
P213319,194.55999999999997,13.026666666666666,3
P238866,170.542,13.025,2
P235150,49.92,13.02,1
P201109,66.21,13.02,1
P228932,94.34,13.015,2
P226798,229.267,13.014999999999999,4
P222426,51.984,13.01,1
P238153,162.74,13.01,1
P202917,186.94,13.01,3
P210768,169.893,13.01,1
P223443,112.9,13.004999999999999,2
P241224,130.067,13.004999999999999,2
P244853,61.317,13.0,1
P210557,58.159,13.0,1
P242932,61.33,13.0,1
P243686,177.50400000000002,13.0,1
P241707,163.15,13.0,1
P219365,42.7,13.0,1
P248016,173.61,12.995000000000001,2
P230364,52.49,12.99,1
P224571,41.95,12.99,1
P238565,96.419,12.99,2
P234434,416.002,12.99,3
P218057,69.37,12.99,1
P218978,38.79,12.99,1
P235508,64.86,12.98,1
P233122,62.662,12.98,1
P216621,49.81,12.98,1
P200575,54.0855,12.98,1
P235088,350.448,12.975000000000001,2
P207539,118.69800000000001,12.97,2
P243026,50.96,12.97,1
P206356,310.13399999999996,12.97,2
P210701,113.9015,12.969999999999999,2
P241645,54.1705,12.96,1
P216094,63.0,12.96,1
P202754,55.86,12.96,1
P202001,73.25,12.96,1
P206345,244.92,12.955,2
P223214,42.57,12.95,1
P203417,51.78,12.95,1
P205613,42.73,12.95,1
P226848,172.97,12.95,1
P219159,41.2,12.95,1
P237221,170.81,12.95,1
P233290,325.342,12.945,2
P245024,300.0,12.945,2
P209414,99.47999999999999,12.940000000000001,2
P236257,297.6065,12.94,2
P209028,66.11999999999999,12.94,1
P237280,107.364,12.935,2
P244810,41.98,12.93,1
P226805,167.24,12.93,1
P224708,40.52,12.93,1
P224039,240.77999999999997,12.925,2
P234055,635.7375,12.922500000000001,4
P227506,57.24,12.92,1
P228455,56.216,12.92,1
P217738,221.54399999999998,12.915,2
P213499,364.4385,12.9125,4
P220233,171.309,12.91,1
P208040,51.92,12.91,1
P230706,49.399,12.91,1
P204955,71.424,12.91,1
P213994,44.22,12.91,1
P202812,184.01,12.906666666666668,3
P230382,87.52000000000001,12.905,2
P241664,44.87,12.9,1
P208283,87.8985,12.895000000000001,2
P227048,140.11,12.89,3
P215438,54.936,12.89,1
P211383,59.41,12.89,1
P202890,42.57,12.89,1
P205181,66.9085,12.89,1
P211363,37.86,12.88,1
P207586,60.66,12.88,1
P249021,244.81,12.879999999999999,2
P229966,83.776,12.875,2
P242946,167.21,12.87,1
P206193,55.88,12.87,1
P226386,43.37,12.87,1
P235536,202.834,12.87,3
P210518,63.252,12.86,1
P211216,122.202,12.86,2
P236633,66.55,12.86,1
P246617,69.388,12.86,1
P223697,101.5075,12.855,2
P237889,224.8195,12.850000000000001,2
P230467,261.2315,12.850000000000001,4
P223203,58.9,12.85,1
P224073,164.56,12.85,1
P242908,54.54,12.85,1
P237848,48.526,12.84,1
P211764,90.991,12.84,2
P236672,65.23,12.84,1
P223990,149.69299999999998,12.836666666666666,3
P233004,67.67999999999999,12.83,1
P204351,43.401,12.83,1
P248162,124.8325,12.83,2
P211001,53.3,12.83,1
P237481,47.808,12.82,1
P202543,136.96949999999998,12.82,2
P241409,56.27,12.82,1
P201320,39.88,12.82,1
P239972,82.94,12.819999999999999,2
P234623,51.034,12.81,1
P238541,164.55200000000002,12.81,1
P238321,72.69,12.81,1
P232636,300.294,12.805,2
P221306,188.66649999999998,12.803333333333333,3
P206957,44.812,12.8,1
P215002,66.7,12.8,1
P202658,70.31,12.8,1
P218100,56.71,12.8,1
P238558,64.45,12.8,1
P229897,170.71249999999998,12.793333333333335,3
P204427,39.024,12.79,1
P234148,70.227,12.79,1
P208629,185.6285,12.783333333333333,3
P218376,298.318,12.780000000000001,3
P214917,167.56,12.76,1
P210404,121.694,12.76,2
P225094,157.2865,12.755,2
P200284,268.919,12.753333333333336,3
P249284,54.0075,12.75,1
P232917,41.78,12.75,1
P222773,49.8,12.75,1
P220673,286.30150000000003,12.745000000000001,2
P233006,189.43800000000002,12.743333333333334,3
P210876,71.82,12.74,1
P245694,46.9,12.74,1
P221882,270.94599999999997,12.74,2
P248828,68.391,12.74,1
P227694,107.23,12.74,2
P202119,240.96249999999998,12.735,2
P242414,56.68,12.73,1
P213550,53.22,12.73,1
P232651,173.032,12.73,1
P222821,64.54,12.73,1
P210006,298.68800000000005,12.725,2
P239793,176.382,12.72,1
P225249,178.32,12.72,1
P236809,68.31,12.72,1
P240391,177.94,12.71,1
P235940,61.53,12.71,1
P246293,41.78099999999999,12.71,1
P206346,44.74,12.7,1
P237315,51.28,12.7,1
P241866,65.25,12.7,1
P227740,139.52800000000002,12.7,2
P226654,304.84,12.7,2
P241609,83.255,12.695,2
P238437,163.19,12.69,1
P207529,61.541,12.69,1
P208459,126.76,12.684999999999999,2
P217717,103.89,12.684999999999999,2
P234832,50.25,12.68,1
P247622,422.92150000000004,12.68,3
P201307,173.838,12.68,1
P231012,174.79,12.68,1
P204125,100.231,12.68,2
P241453,172.516,12.67,1
P240321,62.79,12.67,1
P245741,178.177,12.67,3
P203475,49.09,12.67,1
P216333,47.67,12.67,1
P206024,137.54500000000002,12.665,2
P209366,169.256,12.66,1
P227279,181.152,12.66,1
P212023,53.584,12.66,1
P239974,178.2775,12.659999999999998,3
P214134,306.1125,12.653333333333334,3
P206997,70.24499999999999,12.65,1
P244324,67.44,12.65,1
P210994,66.375,12.65,1
P228173,45.638,12.65,1
P204944,175.572,12.65,1
P231613,249.11,12.65,2
P229144,63.83,12.64,1
P230818,46.11,12.64,1
P215536,54.19,12.64,1
P210392,66.24,12.64,1
P225663,35.986000000000004,12.64,1
P212014,55.44,12.64,1
P218013,143.266,12.64,2
P228695,86.68,12.635000000000002,2
P213405,63.938,12.63,1
P224026,67.17,12.63,1
P225454,289.36,12.620000000000001,2
P226479,48.74,12.62,1
P230226,54.03,12.62,1
P209723,59.92000000000001,12.62,1
P203915,166.0075,12.62,2
P233279,58.56,12.62,1
P246804,138.42000000000002,12.61,2
P225672,165.114,12.61,1
P244861,86.428,12.604999999999999,2
P225545,167.297,12.603333333333333,3
P205063,49.24,12.6,1
P211101,52.26899999999999,12.6,1
P245375,326.96,12.596666666666666,3
P232671,127.24600000000001,12.59,2
P213558,165.36,12.59,1
P226490,174.165,12.59,1
P231308,177.91,12.59,1
P209159,167.5895,12.59,1
P249664,192.4885,12.589999999999998,3
P238152,46.8,12.58,1
P206599,154.68,12.58,1
P219046,114.393,12.58,2
P221305,41.79,12.58,1
P222673,46.42,12.58,1
P215458,104.68,12.57,2
P229484,127.5005,12.57,2
P203544,64.32300000000001,12.57,1
P223251,285.44,12.57,2
P221852,68.07,12.57,1
P226167,62.75,12.56,1
P243526,65.40749999999998,12.56,1
P210680,70.839,12.56,1
P222028,119.541,12.555,2
P223740,264.71,12.555,2
P222552,49.18,12.55,1
P225644,298.03000000000003,12.55,2
P224660,346.8,12.549999999999999,3
P235316,49.728,12.54,1
P246441,180.8325,12.54,1
P203773,130.85999999999999,12.530000000000001,2
P202027,294.832,12.530000000000001,2
P225239,52.725,12.53,1
P213606,162.2045,12.526666666666666,3
P239814,75.12,12.525,2
P210188,100.81800000000001,12.524999999999999,2
P240396,404.67900000000003,12.520000000000001,3
P238024,289.66200000000003,12.52,2
P213874,50.198,12.52,1
P234607,48.258,12.51,1
P231237,167.184,12.51,1
P223430,46.5025,12.51,1
P226451,229.578,12.51,2
P249493,249.93,12.506666666666666,3
P211036,280.31,12.505,4
P208507,270.76,12.496666666666668,3
P247180,108.781,12.495000000000001,2
P210468,349.452,12.495,4
P202924,65.97,12.48,1
P246972,68.15299999999999,12.48,1
P242596,44.184,12.48,1
P239796,321.47,12.48,2
P214714,59.76,12.48,1
P219382,45.96,12.48,1
P236731,159.1725,12.48,1
P218642,123.668,12.475,2
P244875,54.68,12.47,1
P217585,129.776,12.47,2
P211443,39.691,12.47,1
P240655,167.05,12.47,1
P231288,274.22,12.469999999999999,3
P239264,113.4625,12.46,2
P237372,150.15,12.46,1
P230946,49.456,12.46,1
P219297,98.0515,12.459999999999999,2
P218568,47.55,12.45,1
P210207,167.94,12.45,1
P244608,35.929,12.45,1
P226954,51.376,12.45,1
P234816,165.32999999999998,12.45,1
P234416,42.32,12.45,1
P213686,184.014,12.449999999999998,3
P214263,122.28200000000001,12.446666666666665,3
P216268,118.3085,12.445,2
P225871,95.088,12.44,2
P220999,42.06,12.44,1
P206492,53.217000000000006,12.44,1
P218628,96.06,12.435,2
P211382,101.137,12.434999999999999,2
P210234,39.984,12.43,1
P243400,61.085,12.43,1
P230395,61.57,12.43,1
P208846,100.6935,12.43,2
P202447,52.398,12.42,1
P222169,365.9055000000001,12.42,3
P217664,67.57,12.42,1
P220637,51.19,12.42,1
P209443,286.146,12.415,2
P224448,98.304,12.41,2
P240358,222.94349999999997,12.41,2
P233876,123.78999999999999,12.41,2
P207690,116.12,12.405000000000001,2
P246190,146.169,12.4,1
P243678,67.44,12.4,1
P240251,65.57,12.4,1
P218531,142.6715,12.396666666666667,3
P211876,138.992,12.395,2
P210819,164.35,12.39,1
P235146,49.887,12.39,1
P238055,46.227,12.39,1
P204962,153.4345,12.39,1
P229598,50.472,12.38,1
P217942,58.219,12.38,1
P219826,67.419,12.38,1
P217221,157.79,12.38,1
P225207,40.698,12.38,1
P222844,102.53,12.379999999999999,2
P211358,103.352,12.379999999999999,2
P241969,138.5765,12.375,2
P211802,292.815,12.375,2
P247258,112.36349999999999,12.370000000000001,2
P232379,45.1605,12.37,1
P218132,107.30250000000001,12.37,2
P207626,41.11,12.37,1
P240555,60.4865,12.37,1
P218121,145.2475,12.37,2
P235837,41.553,12.37,1
P212378,274.376,12.365,2
P225479,170.16,12.36,1
P209605,94.755,12.36,2
P205407,144.25,12.36,2
P208510,53.7225,12.36,1
P223462,98.5735,12.355,2
P249724,161.505,12.35,1
P247654,38.33,12.35,1
P237227,47.06,12.35,1
P200668,153.0,12.34,1
P219635,166.46849999999998,12.34,1
P217157,40.36,12.34,1
P228278,72.2925,12.34,1
P245207,84.23999999999998,12.34,2
P206951,65.56,12.34,1
P216400,49.4,12.34,1
P243538,175.11350000000002,12.34,1
P234405,159.6755,12.339999999999998,3
P219873,108.26,12.335,2
P235600,74.421,12.335,2
P240503,289.346,12.335,4
P239442,262.208,12.334999999999999,2
P246816,41.909,12.33,1
P214477,43.28,12.33,1
P237456,38.18,12.32,1
P217990,45.2675,12.32,1
P225759,105.781,12.32,2
P240964,64.48,12.32,1
P203690,67.711,12.32,1
P216877,48.0,12.32,1
P241025,37.8955,12.32,1
P202991,150.081,12.32,1
P236111,85.50999999999999,12.315,2
P242081,43.01,12.31,1
P222025,346.448,12.305,2
P202622,65.29,12.3,1
P219328,156.636,12.3,1
P201526,100.81,12.3,2
P246931,35.65,12.3,1
P215094,120.138,12.295,2
P225592,80.7925,12.290000000000001,2
P238211,55.94,12.29,1
P202989,91.0,12.285,2
P210251,150.029,12.285,2
P220414,54.25,12.28,1
P248350,165.096,12.28,1
P246030,62.8,12.28,1
P210412,67.896,12.28,1
P247305,41.058,12.28,1
P235196,222.342,12.273333333333333,3
P248709,51.3,12.27,1
P245534,52.1835,12.27,1
P233896,43.1395,12.27,1
P206641,42.693,12.27,1
P222425,105.68699999999998,12.27,2
P237438,111.48,12.265,2
P200159,114.38749999999999,12.265,2
P241770,98.222,12.264999999999999,2
P206115,53.28,12.26,1
P213417,155.0,12.26,2
P223829,44.58,12.26,1
P225409,63.042,12.26,1
P240975,139.70999999999998,12.26,3
P201228,36.98,12.26,1
P224437,59.368,12.26,1
P201564,113.37,12.254999999999999,2
P224790,150.14,12.25,1
P213395,56.12,12.24,1
P222946,39.96000000000001,12.24,1
P247994,50.103,12.23,1
P246268,63.86,12.23,1
P243282,271.7225,12.225000000000001,2
P229741,353.55,12.2225,4
P242836,74.22,12.22,1
P207470,51.6375,12.22,1
P239215,114.10199999999999,12.22,2
P201176,70.288,12.22,1
P239738,43.371,12.22,1
P222772,239.576,12.219999999999999,2
P229300,39.9755,12.21,1
P204205,46.548,12.21,1
P207373,64.99,12.21,1
P245169,306.7205,12.209999999999999,2
P233405,397.17999999999995,12.206666666666665,3
P220534,119.243,12.205,2
P247977,63.56,12.2,1
P219205,44.842,12.2,1
P236996,163.9395,12.2,1
P240067,64.4045,12.2,1
P215888,45.72,12.2,1
P240884,160.82999999999998,12.19,1
P226727,92.132,12.184999999999999,2
P244440,43.91,12.18,1
P236489,120.543,12.18,2
P242476,36.86,12.18,1
P230249,38.86,12.18,1
P246270,117.0375,12.18,3
P235129,261.24,12.18,3
P246369,42.12,12.18,1
P235523,105.457,12.174999999999999,2
P208448,130.04,12.17,2
P233278,46.728,12.16,1
P210623,101.2805,12.16,2
P217561,151.67000000000002,12.156666666666666,3
P240334,87.169,12.155000000000001,2
P236705,258.93100000000004,12.155,2
P231258,40.0425,12.15,1
P203135,48.51,12.15,1
P204406,171.676,12.149999999999999,3
P245875,334.7,12.149999999999999,2
P225317,162.143,12.14,3
P214578,46.47,12.14,1
P232531,171.817,12.14,1
P203442,77.00999999999999,12.14,2
P227346,57.05,12.14,1
P247495,48.64,12.14,1
P217863,49.9035,12.14,1
P209123,104.96,12.135,2
P209231,37.73,12.13,1
P226407,38.539,12.13,1
P221739,63.522,12.13,1
P211777,49.06999999999999,12.13,1
P217966,53.7,12.13,1
P233258,113.21499999999999,12.129999999999999,2
P240629,148.94,12.120000000000001,2
P214248,64.224,12.12,1
P229586,50.39,12.12,1
P248626,41.5055,12.12,1
P245279,41.79,12.12,1
P215859,59.598,12.12,1
P220026,226.24699999999999,12.115,2
P234282,175.32999999999998,12.110000000000001,2
P248533,65.34,12.11,1
P247275,95.59,12.11,2
P233518,91.41,12.11,2
P207661,144.703,12.106666666666667,3
P243622,78.553,12.105,2
P244791,38.6365,12.1,1
P218199,172.701,12.1,1
P215171,57.37,12.08,1
P241763,40.7,12.08,1
P221603,156.42,12.08,1
P247740,194.1335,12.075,2
P238641,41.76,12.07,1
P218170,48.3565,12.07,1
P206596,56.74400000000001,12.07,1
P201268,403.0135,12.069999999999999,3
P241600,179.568,12.06,1
P224885,46.224,12.06,1
P248343,199.0,12.06,3
P204410,42.434,12.06,1
P217936,216.6965,12.055,2
P211942,169.5655,12.05,1
P213599,121.546,12.045000000000002,2
P224553,254.5635,12.045,2
P202663,156.19899999999998,12.04,1
P223268,63.504,12.04,1
P216610,220.772,12.035,2
P239060,298.52,12.033333333333333,3
P225539,58.32,12.03,1
P236719,64.12,12.02,1
P230753,168.67200000000005,12.02,1
P227114,49.29,12.02,1
P222106,116.3255,12.015,2
P222412,125.18100000000001,12.015,2
P220353,36.936,12.01,1
P237100,157.0,12.01,1
P246543,58.05499999999999,12.01,1
P217999,123.971,12.01,2
P245342,40.077000000000005,12.01,1
P212277,163.46,12.01,1
P220797,178.398,12.01,1
P227182,72.95400000000001,12.0,1
P241688,50.15,12.0,1
P237368,58.92,12.0,1
P203447,96.46,12.0,2
P246458,61.73,11.99,1
P241030,72.456,11.99,1
P238835,153.596,11.99,1
P225838,115.69,11.989999999999998,2
P217736,252.663,11.985,2
P221295,97.41999999999999,11.98,2
P244146,56.89,11.98,1
P202532,44.28,11.98,1
P223547,232.88,11.979999999999999,3
P205109,69.22,11.97,1
P211755,177.83999999999995,11.97,1
P227726,328.882,11.969999999999999,2
P202094,197.911,11.965,2
P220018,39.276,11.96,1
P241618,52.52,11.96,1
P244461,62.63,11.96,1
P212090,49.4785,11.96,1
P245192,41.3,11.96,1
P249559,240.58999999999997,11.959999999999999,2
P213025,389.2745,11.953333333333333,3
P218167,188.17000000000002,11.9525,4
P242865,64.011,11.95,1
P212583,44.79,11.95,1
P241482,84.092,11.945,2
P207830,57.400000000000006,11.94,1
P249942,44.404,11.94,1
P207460,53.649,11.94,1
P216480,63.24,11.94,1
P212688,41.36,11.94,1
P211460,147.819,11.94,3
P222716,402.6785,11.936666666666667,3
P214880,49.57,11.93,1
P230682,52.68299999999999,11.93,1
P222781,56.084,11.93,1
P208624,62.7,11.93,1
P225947,34.8555,11.93,1
P219829,71.49,11.92,1
P240989,69.36,11.92,1
P209575,85.7105,11.915,2
P238168,83.86,11.91,2
P231065,64.854,11.91,1
P232967,73.02,11.91,1
P201699,37.926,11.91,1
P211979,60.21,11.91,1
P211498,154.26,11.903333333333334,3
P231644,39.8,11.9,1
P225804,107.569,11.9,2
P219794,250.32,11.9,2
P220952,193.68,11.895,2
P209012,187.31,11.895,2
P249009,60.831,11.89,1
P229557,67.08,11.89,1
P215544,39.59,11.89,1
P225114,48.1175,11.89,1
P212552,293.63,11.89,2
P214368,72.65,11.89,1
P241588,279.03,11.885,2
P223812,36.91,11.88,1
P220978,46.026,11.88,1
P229866,107.435,11.870000000000001,2
P210125,65.24,11.87,1
P207556,61.59,11.87,1
P207889,45.353,11.86,1
P248211,61.591,11.86,1
P222281,54.908,11.86,1
P239751,110.823,11.86,2
P228917,190.85000000000002,11.86,3
P222332,48.42,11.86,1
P203144,43.358,11.86,1
P200329,282.9,11.855,2
P219654,68.06,11.85,1
P218735,45.8745,11.84,1
P215656,52.3,11.84,1
P247427,44.44,11.84,1
P233803,59.622,11.84,1
P229246,85.5,11.835,2
P219411,120.913,11.834999999999999,2
P212142,45.94,11.83,1
P205138,64.01,11.83,1
P229789,46.56,11.83,1
P240355,270.52299999999997,11.825000000000001,2
P232173,156.62400000000002,11.82,1
P224002,110.263,11.82,2
P238612,58.1,11.82,1
P220456,51.775,11.81,1
P224989,41.64,11.81,1
P234512,168.6,11.81,1
P213546,55.71,11.81,1
P201891,37.29,11.81,1
P243988,48.681,11.81,1
P231757,51.05,11.8,1
P246703,46.854,11.8,1
P220234,98.33,11.8,2
P200243,63.593,11.8,1
P222059,171.126,11.8,1
P237488,273.64,11.8,2
P221164,84.25,11.795000000000002,2
P227111,277.0745,11.795,2
P202939,280.34999999999997,11.795,2
P200983,111.25,11.795,2
P230171,151.75,11.793333333333331,3
P205030,151.61999999999998,11.79,1
P248743,154.91,11.79,1
P244508,170.76,11.79,1
P224311,63.549,11.79,1
P223298,109.25999999999999,11.785,2
P235935,133.789,11.780000000000001,3
P237570,87.69749999999999,11.780000000000001,2
P236478,165.81600000000003,11.78,1
P221057,161.136,11.78,1
P249083,103.545,11.775,2
P222892,45.288,11.77,1
P244695,151.86,11.76,1
P202859,167.864,11.753333333333332,3
P232609,97.008,11.75,2
P221785,43.947,11.75,1
P238221,173.64,11.75,1
P203968,140.08,11.75,1
P249781,145.977,11.75,1
P230296,101.39,11.745,2
P235974,329.28999999999996,11.74,2
P214945,37.557,11.74,1
P207156,54.65,11.74,1
P241968,37.827000000000005,11.74,1
P242424,110.71949999999998,11.739999999999998,2
P236612,338.6945,11.7375,4
P226656,195.143,11.730000000000002,3
P227707,168.552,11.73,1
P213715,173.18,11.73,1
P233081,52.308,11.73,1
P220792,100.49000000000001,11.725,2
P215418,60.8,11.72,1
P245539,43.66,11.72,1
P237494,39.83,11.72,1
P221613,48.7,11.72,1
P208986,235.03650000000002,11.72,2
P231240,59.544,11.72,1
P211766,296.67249999999996,11.715,2
P214088,172.3015,11.71,1
P208336,45.17,11.71,1
P207193,54.46,11.71,1
P224498,50.42,11.71,1
P237265,217.288,11.705,2
P213144,171.7505,11.700000000000001,2
P231514,58.23,11.7,1
P212272,151.5125,11.7,1
P245832,206.82850000000002,11.6975,4
P220674,118.13999999999999,11.695,2
P210217,255.93,11.690000000000001,2
P215847,265.992,11.690000000000001,2
P204101,50.15,11.69,1
P214725,40.86,11.69,1
P245090,38.0035,11.69,1
P207332,66.159,11.69,1
P239621,60.3,11.68,1
P203379,96.935,11.675,2
P211580,70.32849999999999,11.67,1
P206285,59.2135,11.67,1
P222438,169.3825,11.67,3
P247407,164.01749999999998,11.67,1
P230964,39.37,11.67,1
P210011,48.18,11.67,1
P231195,63.53,11.67,1
P235556,48.843,11.66,1
P218194,144.761,11.66,1
P211370,47.28,11.66,1
P225476,154.02,11.66,1
P243855,147.21,11.66,1
P229461,127.5225,11.66,2
P238662,293.59749999999997,11.66,2
P231480,123.02850000000001,11.656666666666666,3
P248803,53.15,11.65,1
P236577,45.75600000000001,11.65,1
P236899,39.882,11.65,1
P243799,45.207,11.65,1
P207229,49.324,11.65,1
P218955,62.096,11.65,1
P234825,355.7215,11.649999999999999,4
P232792,174.807,11.64,1
P240071,166.839,11.64,1
P203719,35.547,11.64,1
P241617,39.9855,11.64,1
P240466,146.313,11.64,1
P211533,37.19,11.63,1
P219646,50.44,11.63,1
P238919,54.33,11.63,1
P200715,188.887,11.627500000000001,4
P246783,101.84899999999999,11.625,2
P201067,149.669,11.62,3
P217227,55.607,11.62,1
P217725,230.55700000000002,11.615,2
P245698,39.85,11.6,1
P204919,52.848,11.6,1
P213061,48.08,11.6,1
P233418,112.472,11.595,2
P200733,140.81,11.595,2
P210084,63.56,11.59,1
P212116,39.45,11.59,1
P204010,35.63,11.59,1
P234528,45.97,11.59,1
P247765,65.85,11.59,1
P205727,145.35,11.59,1
P221593,296.84200000000004,11.585,2
P230666,113.245,11.584999999999999,2
P233857,126.3985,11.575,2
P235280,262.7355,11.575,2
P247879,38.6,11.57,1
P241593,45.66,11.57,1
P220462,38.439,11.57,1
P209882,52.85,11.57,1
P245596,240.855,11.565000000000001,2
P210497,171.2915,11.565000000000001,4
P215287,47.02,11.56,1
P232270,166.64800000000002,11.556666666666667,3
P228250,256.826,11.555,2
P224300,106.169,11.555,2
P224795,61.0,11.55,1
P242665,64.86,11.55,1
P224137,53.737,11.55,1
P249608,48.07,11.55,1
P210090,62.31,11.55,1
P239959,112.95049999999999,11.545,2
P210171,60.52,11.54,1
P240916,168.73,11.54,3
P222084,503.035,11.5375,4
P234017,279.29200000000003,11.535,2
P206323,60.81,11.53,1
P200310,88.102,11.525,2
P247609,226.237,11.522499999999999,4
P222972,271.52,11.52,1
P222734,57.726,11.52,1
P229146,169.64100000000002,11.52,1
P203745,63.0,11.52,1
P223519,110.59,11.516666666666666,3
P217379,128.66,11.515,2
P233461,177.505,11.51,2
P224365,40.671,11.51,1
P232293,210.34,11.504999999999999,2
P230243,50.247,11.5,1
P220604,136.132,11.495,2
P216300,57.79,11.49,1
P238057,58.596,11.49,1
P245964,47.64,11.49,1
P233424,66.27,11.49,1
P240967,56.65,11.49,1
P202739,294.1025,11.489999999999998,2
P206929,47.35,11.48,1
P225679,55.4325,11.48,1
P232918,35.22,11.48,1
P248629,50.52,11.48,1
P215238,144.802,11.476666666666667,3
P215855,292.66700000000003,11.47,2
P208642,47.86,11.47,1
P217640,262.113,11.469999999999999,4
P242148,257.319,11.465,2
P214899,149.376,11.46,1
P231053,31.968000000000004,11.46,1
P224372,35.41,11.46,1
P203871,39.466,11.46,1
P218462,257.65999999999997,11.46,2
P234940,154.66,11.450000000000001,2
P204942,52.686,11.45,1
P217702,164.04349999999997,11.443333333333333,3
P228736,39.456,11.44,1
P202016,38.64,11.44,1
P224508,170.49,11.44,1
P205589,48.14,11.44,1
P223376,57.4275,11.44,1
P225646,149.784,11.44,1
P248500,111.28,11.43,2
P210607,143.622,11.43,1
P240793,56.32,11.43,1
P240552,63.7,11.43,1
P200129,114.03,11.425,2
P218622,51.7465,11.42,1
P221314,32.97,11.42,1
P228270,133.8655,11.416666666666666,3
P213930,117.34,11.415000000000001,2
P209078,154.95,11.41,1
P243762,44.51,11.41,1
P208955,112.15,11.41,2
P241694,62.9375,11.41,1
P247312,250.91699999999997,11.41,2
P206714,141.4645,11.41,1
P211944,89.41799999999999,11.4,2
P235589,44.8,11.4,1
P214512,37.47,11.4,1
P243241,81.6,11.399999999999999,2
P208175,115.682,11.395,2
P230335,50.0225,11.39,1
P229193,164.49,11.39,1
P243910,49.14,11.39,1
P238636,53.62,11.39,1
P213886,43.371,11.39,1
P229213,42.48,11.39,1
P216542,87.17999999999999,11.385,2
P201705,42.786,11.38,1
P217058,150.43,11.38,1
P239206,47.05,11.38,1
P214245,96.3,11.379999999999999,2
P204887,151.88,11.376666666666665,3
P234563,152.9645,11.370000000000001,2
P246753,95.47,11.37,2
P205705,33.65,11.37,1
P212380,130.9995,11.37,2
P221101,169.267,11.37,1
P216352,58.289,11.37,1
P227280,375.0,11.366666666666667,3
P218353,65.85300000000001,11.36,1
P239875,268.8585,11.355,2
P232893,39.032,11.35,1
P237077,48.87,11.35,1
P211971,46.37,11.35,1
P216114,57.49,11.34,1
P243190,172.55,11.34,2
P247596,65.5405,11.34,1
P200207,250.652,11.34,5
P247852,350.76,11.3325,4
P228754,67.61,11.33,1
P245834,49.26,11.33,1
P226872,53.409,11.33,1
P223577,153.89,11.33,1
P240856,56.772,11.33,1
P219984,219.125,11.329999999999998,3
P204445,294.696,11.32,3
P209006,157.26,11.32,1
P236684,56.07,11.32,1
P248845,170.63,11.31,1
P230425,36.612,11.31,1
P240876,115.331,11.305,2
P201046,45.936,11.3,1
P228506,50.45,11.3,1
P213302,73.134,11.295,2
P215853,269.26300000000003,11.295,2
P210438,77.85600000000001,11.295,2
P238748,38.87,11.29,1
P223759,50.7195,11.29,1
P242765,67.06400000000001,11.29,1
P226643,64.26,11.29,1
P230029,41.5815,11.29,1
P207430,94.548,11.29,2
P210559,99.9965,11.285,2
P213077,149.31,11.28,1
P242204,38.32,11.28,1
P214470,35.76,11.28,1
P240129,38.403,11.28,1
P214802,80.5085,11.274999999999999,2
P249541,115.36,11.270000000000001,2
P225826,445.576,11.270000000000001,3
P209948,175.94,11.27,1
P216737,47.74,11.27,1
P231756,43.707,11.27,1
P207136,203.648,11.26,2
P249488,41.7,11.25,1
P215811,39.691,11.25,1
P221715,46.06,11.25,1
P209167,40.43,11.25,1
P218773,70.54,11.25,1
P230398,264.3455,11.246666666666668,3
P240755,188.19,11.24,3
P249826,161.26,11.24,1
P244533,37.86,11.24,1
P222625,250.512,11.235,2
P245248,165.64000000000001,11.230000000000002,3
P209177,55.16,11.23,1
P242146,34.119,11.23,1
P231497,57.07599999999999,11.23,1
P221122,62.25,11.23,1
P220562,65.87,11.23,1
P246221,217.827,11.226666666666667,3
P221682,95.02999999999999,11.225,2
P205331,34.41,11.22,1
P235911,112.13999999999999,11.22,2
P207111,36.12,11.22,1
P226833,47.3385,11.22,1
P244329,415.5905,11.216666666666667,3
P221655,90.269,11.215,2
P202926,49.72,11.21,1
P224678,42.966,11.21,1
P238452,56.808,11.21,1
P204807,52.542,11.21,1
P212332,150.458,11.21,1
P230796,106.219,11.209999999999999,2
P222168,160.20999999999998,11.203333333333333,3
P215870,266.85,11.200000000000001,2
P216294,143.757,11.200000000000001,3
P204460,40.7265,11.2,1
P243393,60.6475,11.2,1
P213838,39.06,11.2,1
P235132,271.49350000000004,11.2,2
P237987,314.84950000000003,11.195,2
P201797,98.818,11.195,2
P244292,282.94599999999997,11.190000000000001,2
P236437,99.4525,11.19,2
P224771,67.26,11.19,1
P225552,212.894,11.19,2
P241949,175.09,11.186666666666667,3
P219894,110.403,11.18,2
P211395,39.834,11.18,1
P236381,52.362,11.18,1
P206393,36.904,11.18,1
P220459,65.702,11.18,1
P237850,40.57,11.17,1
P208475,176.04000000000002,11.17,3
P241597,34.4,11.17,1
P202584,241.74,11.165,2
P229163,48.025,11.16,1
P237133,126.5145,11.16,2
P224209,65.02,11.16,1
P207404,145.59699999999998,11.15333333333333,3
P240888,153.691,11.15,1
P230509,52.83200000000001,11.15,1
P207358,155.8475,11.15,1
P219099,48.45,11.15,1
P232811,250.406,11.145,2
P214482,104.86000000000001,11.145,2
P201672,45.74,11.14,1
P223513,93.282,11.14,2
P233317,39.6055,11.14,1
P234006,129.03449999999998,11.136666666666665,3
P232001,121.259,11.136666666666665,3
P218009,95.7125,11.135,2
P227281,55.45,11.13,1
P232907,58.1875,11.13,1
P208686,54.51,11.13,1
P215080,62.7045,11.13,1
P218192,57.613,11.13,1
P207766,64.67,11.12,1
P224925,38.646,11.12,1
P201857,54.7145,11.12,1
P206632,256.34,11.12,2
P204067,121.925,11.115,2
P230894,339.32800000000003,11.113333333333332,3
P207292,56.24,11.11,1
P218368,63.75,11.11,1
P233089,91.16,11.105,2
P238589,40.3,11.1,1
P205891,167.72,11.1,2
P222702,57.28,11.1,1
P246323,106.2165,11.1,2
P217776,103.5675,11.094999999999999,2
P241125,59.8,11.09,1
P233057,75.97,11.085,2
P240270,309.546,11.083333333333334,3
P203068,57.47,11.08,1
P238557,58.14,11.08,1
P209550,64.46,11.08,1
P213857,57.792,11.08,1
P232879,56.882,11.08,1
P224583,142.968,11.08,1
P239656,60.78099999999999,11.08,1
P239308,212.743,11.075,2
P238458,59.42,11.07,1
P249938,47.14,11.07,1
P205557,120.398,11.065000000000001,2
P217505,223.55799999999994,11.065000000000001,2
P220513,61.36,11.06,1
P211016,43.6,11.06,1
P209674,34.26,11.06,1
P225817,145.16,11.06,1
P242996,99.756,11.059999999999999,2
P229304,136.1255,11.05,1
P232155,40.46,11.05,1
P211811,40.16,11.05,1
P233363,44.1275,11.05,1
P238948,88.56700000000001,11.04,2
P217375,64.31,11.04,1
P206833,253.7555,11.035,2
P229713,146.125,11.033333333333333,3
P244766,40.86,11.03,1
P235879,164.35,11.03,1
P234524,38.709,11.03,1
P207546,104.092,11.025,2
P216502,229.906,11.020000000000001,2
P204241,38.04,11.02,1
P240176,148.72,11.02,1
P246669,50.59,11.02,1
P239075,48.2125,11.02,1
P238180,108.53999999999999,11.015,2
P213832,68.15899999999999,11.015,2
P213789,110.672,11.015,2
P201656,229.35299999999998,11.015,2
P240100,82.14,11.014999999999999,2
P215421,185.882,11.0125,4
P212857,40.35,11.01,1
P246357,40.896,11.01,1
P210545,147.627,11.01,1
P233885,245.377,11.005,2
P245652,140.0925,11.0,2
P200459,107.916,10.995000000000001,2
P231293,108.4115,10.995,2
P249885,65.83,10.99,2
P210152,149.283,10.99,1
P224680,39.87,10.99,1
P221167,100.179,10.989999999999998,2
P227513,168.3555,10.985,2
P215756,43.529,10.98,1
P209778,36.36,10.98,1
P246201,57.681,10.98,1
P216181,32.25,10.98,1
P221248,33.77,10.98,1
P203823,163.476,10.98,1
P226281,60.876,10.98,1
P227865,209.7585,10.979999999999999,3
P232626,188.7525,10.976666666666667,3
P205870,125.7,10.975000000000001,2
P208391,42.6,10.97,1
P215148,53.93,10.97,1
P243570,73.0745,10.97,1
P239253,155.848,10.97,1
P231682,367.859,10.966666666666667,3
P225319,35.65,10.96,1
P213589,114.02600000000001,10.959999999999999,2
P238381,71.24,10.955,2
P216862,253.98600000000002,10.95,2
P220059,34.017,10.95,1
P206831,40.3655,10.95,1
P247225,33.003,10.95,1
P244531,117.727,10.940000000000001,2
P221091,44.72,10.94,1
P212301,148.08800000000002,10.94,1
P227172,154.73399999999998,10.94,1
P203692,33.68,10.94,1
P218484,98.74,10.94,2
P212478,34.06,10.94,1
P220878,210.786,10.93,2
P214017,161.84,10.93,1
P227130,46.9965,10.93,1
P211111,41.24,10.93,1
P219471,150.05249999999998,10.93,1
P245708,150.1,10.93,1
P228062,108.87299999999999,10.925,2
P208749,213.0215,10.925,2
P217985,214.244,10.92,2
P201399,53.903,10.92,1
P241369,53.62,10.92,1
P223540,64.35,10.92,1
P249151,108.90799999999999,10.915000000000001,2
P206282,97.423,10.915,2
P212221,46.12949999999999,10.91,1
P203264,93.59200000000001,10.91,2
P231046,50.3795,10.91,1
P211678,66.332,10.91,1
P219454,36.38,10.91,1
P205283,128.97,10.909999999999998,3
P245570,40.67,10.9,1
P224331,59.29,10.9,1
P224998,50.56,10.9,1
P235286,45.89,10.9,1
P208014,79.792,10.89,2
P208694,57.817,10.89,1
P221557,281.405,10.889999999999999,2
P201637,223.74399999999997,10.885,2
P220781,37.5915,10.88,1
P243100,47.92,10.88,1
P222158,233.4985,10.88,2
P242782,90.991,10.88,2
P220288,36.584,10.88,1
P234907,55.6495,10.88,1
P208292,44.04,10.88,1
P220375,65.4575,10.875,2
P247901,146.52,10.87,1
P211819,55.872,10.87,1
P209151,63.17,10.87,1
P225205,148.32,10.866666666666667,3
P219715,200.8065,10.864999999999998,2
P202192,215.9595,10.86,3
P221279,48.67,10.86,1
P213896,56.67699999999999,10.85,1
P230931,148.2865,10.85,2
P200082,328.33,10.846666666666666,3
P245937,384.62,10.843333333333334,3
P219979,58.18,10.84,1
P227324,54.264,10.84,1
P213180,63.55,10.84,1
P216192,51.678,10.83,1
P211830,34.409,10.83,1
P225465,40.4,10.83,1
P240520,89.74000000000001,10.83,2
P209431,48.48,10.83,1
P220326,269.059,10.825,2
P221384,59.319,10.82,1
P230893,163.46,10.82,1
P203546,32.56,10.81,1
P240479,78.32,10.81,2
P216459,39.74,10.81,1
P234210,35.34,10.81,1
P246088,45.37,10.81,1
P245380,87.94800000000001,10.809999999999999,2
P215930,249.269,10.805,2
P224626,48.096,10.8,1
P200361,37.68899999999999,10.8,1
P213594,109.686,10.795,2
P245612,363.652,10.793333333333335,3
P240676,164.8785,10.790000000000001,3
P237959,44.424,10.79,1
P236772,233.55900000000003,10.79,2
P228426,164.512,10.79,1
P214295,39.09,10.79,1
P235970,49.62,10.79,1
P247313,142.55,10.786666666666667,3
P215224,139.194,10.78,1
P216847,90.778,10.78,2
P232400,39.366,10.78,1
P239870,134.4535,10.78,1
P238903,64.188,10.78,1
P237907,106.992,10.775,2
P243163,41.327,10.77,1
P203325,49.115,10.77,1
P205203,55.56,10.77,1
P211809,36.51,10.77,1
P242452,133.26,10.765,2
P200500,179.8,10.763333333333334,3
P241261,42.94,10.76,1
P218964,139.384,10.76,1
P217116,58.159,10.76,1
P220197,310.509,10.75,2
P224079,49.17,10.75,1
P241929,47.272,10.75,1
P228989,44.1745,10.75,1
P222962,146.6515,10.75,1
P239095,164.331,10.75,1
P217246,155.97,10.75,1
P213592,54.06,10.74,1
P207181,92.5255,10.74,2
P236258,49.495,10.74,1
P232712,96.9895,10.73,2
P220805,155.29,10.73,1
P248904,154.25,10.73,1
P244015,45.15,10.73,1
P222400,137.7785,10.72,1
P213844,59.02,10.72,1
P227284,55.053,10.72,1
P233907,157.73799999999997,10.72,1
P215336,56.525,10.72,1
P213139,35.5,10.72,1
P210719,89.599,10.715,2
P230366,65.619,10.71,1
P217045,150.45,10.71,1
P236342,92.42,10.71,2
P249698,87.3155,10.71,2
P208559,46.91,10.7,1
P240998,145.89399999999998,10.7,1
P218090,63.080000000000005,10.7,1
P223054,105.54499999999999,10.7,2
P214913,46.359,10.7,1
P212985,34.68,10.7,1
P235076,80.887,10.690000000000001,2
P230193,45.28,10.69,1
P237618,59.78,10.69,1
P227886,153.99900000000002,10.69,1
P205886,48.82,10.69,1
P241401,43.71,10.69,1
P246104,47.36,10.69,1
P241660,151.94799999999998,10.683333333333332,3
P217741,52.86,10.68,1
P239587,156.96,10.68,1
P237135,74.024,10.68,2
P227714,35.136,10.68,1
P226730,106.43,10.68,2
P227944,65.28,10.68,1
P226043,60.2,10.67,1
P226887,43.57,10.67,1
P238145,157.68,10.67,1
P219588,46.215,10.67,1
P245350,44.85,10.67,1
P243208,49.36,10.67,1
P242697,48.892,10.66,1
P211180,89.61999999999999,10.66,2
P236584,63.35549999999999,10.66,1
P226959,53.74,10.66,1
P203243,54.0,10.66,1
P240634,31.8,10.66,1
P229995,84.51,10.655000000000001,2
P207188,108.741,10.655,2
P202786,264.42949999999996,10.653333333333334,3
P244727,34.2665,10.65,1
P230587,198.01999999999998,10.65,3
P214807,39.672,10.65,1
P201332,44.232,10.65,1
P207185,37.48,10.65,1
P211857,73.941,10.645,2
P222126,34.696,10.64,1
P234638,31.6635,10.64,1
P206440,153.8,10.64,1
P218350,41.166,10.64,1
P213573,95.616,10.635,2
P221803,242.26,10.635,2
P233978,138.67149999999998,10.63,1
P215066,40.89,10.63,1
P220502,43.17,10.63,1
P221073,64.21,10.62,1
P201559,37.8955,10.62,1
P236225,150.81,10.62,1
P247498,48.8,10.62,1
P204378,41.27,10.62,1
P245231,165.64,10.613333333333332,3
P220362,58.58,10.61,1
P210842,40.77,10.61,1
P241505,158.26,10.61,1
P233747,48.89,10.61,1
P227039,49.88,10.61,1
P208030,56.8,10.61,1
P228477,101.9195,10.595,2
P231365,107.35,10.594999999999999,2
P238382,46.548,10.59,1
P212381,162.6645,10.59,1
P202697,138.8,10.59,1
P240285,48.64,10.59,1
P239604,35.8275,10.59,1
P224246,33.426,10.59,1
P215905,34.373999999999995,10.58,1
P205561,55.65,10.58,1
P222887,61.66,10.58,1
P213068,48.02,10.58,1
P203962,157.12,10.58,1
P205403,32.382,10.58,1
P237505,36.1,10.58,1
P207973,112.9325,10.57,2
P233708,53.39,10.57,1
P200520,45.277,10.57,1
P244398,35.84,10.57,1
P233645,38.835,10.57,1
P206375,52.84,10.56,1
P201206,62.523,10.56,1
P213381,188.986,10.556666666666667,3
P231099,236.44299999999998,10.555,2
P248750,58.6,10.55,1
P245648,215.29850000000002,10.55,2
P243449,34.46,10.55,1
P212742,40.528,10.55,1
P239886,38.187,10.55,1
P236379,44.99,10.54,1
P224608,59.508,10.54,1
P228459,40.37,10.54,1
P237822,85.22,10.535,2
P221459,245.493,10.53,3
P208803,63.16,10.53,1
P210716,148.292,10.523333333333333,3
P225362,38.11,10.52,1
P215307,44.946,10.52,1
P204306,33.98,10.52,1
P238894,38.14,10.52,1
P233010,42.104,10.52,1
P222161,51.32,10.52,1
P202190,44.4315,10.52,1
P248252,44.63,10.51,1
P246422,34.074,10.51,1
P248196,74.783,10.51,2
P243299,111.56,10.51,2
P240610,59.78,10.51,1
P209917,47.82399999999999,10.51,1
P209574,156.8355,10.5,1
P201755,49.623,10.5,1
P201303,61.22,10.5,1
P203386,90.33,10.5,2
P211315,91.55000000000001,10.495000000000001,2
P206885,110.83,10.495000000000001,2
P221278,92.97999999999999,10.495000000000001,2
P236493,94.14,10.49,2
P209280,36.19,10.49,1
P206722,103.2,10.48,2
P215169,169.42,10.48,1
P208442,46.64,10.48,1
P233779,45.14,10.48,1
P228142,50.422,10.48,1
P249899,302.9575,10.48,2
P209250,114.97,10.475000000000001,2
P233221,89.92300000000002,10.475,2
P227846,44.4805,10.47,1
P210951,144.077,10.47,1
P223071,37.98,10.46,1
P210139,57.84,10.46,1
P210286,36.672,10.46,1
P232583,110.87,10.455,2
P218540,219.24599999999998,10.452499999999999,4
P211022,36.36,10.45,1
P246018,55.89,10.45,1
P206984,165.24,10.445,2
P236553,40.3,10.44,1
P219104,64.904,10.44,1
P201753,55.4,10.44,1
P200678,245.27800000000002,10.435,2
P205117,36.25,10.43,1
P201095,44.86,10.43,1
P206171,49.533,10.43,1
P212921,59.0,10.43,1
P206463,31.23,10.43,1
P224031,71.15249999999999,10.42,2
P209534,33.535,10.42,1
P218711,82.348,10.42,2
P211060,35.68,10.42,1
P222077,92.017,10.415000000000001,2
P242120,108.97,10.415000000000001,2
P203488,178.839,10.413333333333334,3
P230643,34.6655,10.41,1
P228692,107.39750000000001,10.41,3
P208856,58.86,10.41,1
P237307,162.02700000000002,10.4,1
P219460,40.38,10.4,1
P234836,155.92,10.4,1
P241216,40.38,10.4,1
P237734,34.46,10.4,1
P236348,49.68,10.4,1
P214464,168.4145,10.395,4
P245573,96.069,10.395,2
P213030,143.6,10.39,1
P222542,92.96000000000001,10.385,2
P220966,46.7495,10.38,1
P240351,53.51,10.38,1
P216403,75.91,10.375,2
P213508,93.28,10.375,2
P229080,282.62850000000003,10.375,2
P215866,86.13,10.37,2
P210519,60.52,10.37,1
P211213,117.356,10.365,2
P239998,103.116,10.365,2
P245703,48.28,10.36,1
P226515,41.95,10.36,1
P222655,47.69,10.36,1
P221841,55.83200000000001,10.36,1
P245394,265.42,10.352500000000001,4
P203315,52.1645,10.35,1
P222385,55.11,10.35,1
P246539,34.6,10.35,1
P230075,39.96,10.35,1
P246052,61.092,10.35,1
P222792,247.644,10.35,1
P206110,54.378,10.35,1
P202842,36.9835,10.34,1
P227866,229.78,10.34,2
P230027,44.36,10.34,1
P245054,40.24,10.33,1
P237092,54.187,10.33,1
P249403,45.072,10.33,1
P244967,50.04,10.33,1
P212922,79.187,10.325,2
P215980,92.94800000000001,10.32,2
P233764,81.318,10.32,2
P217311,100.733,10.315,2
P242401,87.99,10.315,2
P242073,50.08,10.31,1
P231657,101.98,10.31,2
P237517,57.209,10.31,1
P207042,241.9605,10.31,2
P214923,371.61699999999996,10.31,3
P210321,48.93,10.31,1
P245330,57.672,10.31,1
P212167,122.04,10.31,3
P234356,256.69,10.309999999999999,2
P242581,151.913,10.303333333333333,3
P222681,62.667,10.3,1
P241163,39.44,10.3,1
P247793,146.71,10.3,1
P248853,151.9,10.3,1
P232393,38.84,10.3,1
P213020,53.52,10.29,1
P238428,56.49600000000001,10.29,1
P248431,38.36,10.29,1
P223074,34.57,10.29,1
P243475,102.632,10.285,2
P239407,101.1485,10.280000000000001,2
P245441,220.6145,10.280000000000001,2
P212738,145.03,10.28,1
P213923,55.28,10.28,1
P221496,41.93,10.28,1
P240744,40.84,10.27,1
P246215,43.11900000000001,10.27,1
P203839,32.68,10.27,1
P234022,45.5,10.27,1
P245097,154.91649999999998,10.26,1
P229145,36.072,10.26,1
P240029,33.32,10.26,1
P224491,276.5,10.256666666666666,3
P242277,204.2,10.25,1
P214281,49.229,10.25,1
P243924,49.43,10.25,1
P200164,67.626,10.25,1
P216092,76.48899999999999,10.25,2
P249555,389.82,10.245000000000001,4
P231368,93.1785,10.245,2
P239878,139.824,10.24,1
P220302,54.12,10.24,1
P211431,36.45,10.24,1
P204340,50.692,10.24,1
P243898,231.17999999999998,10.24,2
P238010,51.96,10.23,1
P219121,45.43,10.23,1
P204254,99.72999999999999,10.23,2
P209782,148.37,10.23,3
P219841,109.21,10.229999999999999,2
P228708,334.6255,10.223333333333333,3
P242187,44.25,10.22,1
P241796,44.38,10.22,1
P224395,35.663,10.22,1
P206146,33.72,10.22,1
P243439,32.445,10.22,1
P239519,92.30399999999999,10.219999999999999,2
P242919,167.2305,10.215,2
P232521,271.39,10.215,2
P209816,33.535,10.21,1
P219923,55.92,10.21,1
P200827,48.36,10.2,1
P204405,37.36,10.2,1
P205560,45.396,10.2,1
P245284,112.2045,10.195,2
P227011,110.6,10.190000000000001,2
P245200,141.96,10.19,1
P234029,201.6175,10.19,3
P228846,48.62,10.19,1
P207357,58.11,10.19,1
P247937,32.04,10.19,1
P216029,51.23,10.19,1
P231915,110.11,10.18,2
P223538,41.1,10.18,1
P214730,94.22000000000001,10.18,2
P218636,44.44,10.18,1
P239130,49.26599999999999,10.18,1
P202213,53.262,10.18,1
P248866,205.5685,10.1775,4
P202421,112.5255,10.175,2
P241148,136.65,10.17,1
P212645,49.623,10.17,1
P210711,35.66,10.17,1
P207049,47.817,10.17,1
P235072,41.06,10.17,1
P240527,99.39,10.17,2
P226943,195.008,10.1675,4
P216232,62.6875,10.16,1
P212034,42.31,10.16,1
P219355,44.15,10.16,1
P245373,156.39999999999998,10.156666666666668,3
P245245,34.47,10.15,1
P201071,58.77,10.15,1
P225294,40.66,10.15,1
P207819,30.024,10.15,1
P245692,93.902,10.145000000000001,2
P220012,296.007,10.145,2
P231612,58.93,10.14,1
P233345,54.24,10.14,1
P205235,59.774,10.14,1
P242435,59.23,10.13,1
P215903,196.59,10.125,2
P208301,128.041,10.12,3
P222730,302.078,10.12,3
P235687,32.54,10.12,1
P239757,84.08700000000002,10.115,2
P207444,129.067,10.115,2
P243368,34.78,10.11,1
P210730,135.21,10.11,1
P237039,43.06,10.11,1
P200003,91.72999999999999,10.105,2
P216996,44.6,10.1,1
P221465,62.87399999999999,10.1,1
P221903,46.568000000000005,10.1,1
P228405,150.6985,10.1,1
P235352,39.46,10.1,1
P226038,31.914,10.1,1
P238068,39.712,10.09,1
P232009,34.808,10.09,1
P229069,152.7365,10.09,1
P204734,292.514,10.085,2
P233792,35.1405,10.08,1
P222365,65.04,10.08,1
P236713,46.71,10.08,1
P200166,140.86,10.073333333333332,3
P242690,39.33,10.07,1
P206725,55.651,10.07,1
P213031,48.591,10.07,1
P210267,33.32599999999999,10.07,1
P225504,44.642,10.07,1
P249357,106.06,10.06,2
P245289,142.73749999999998,10.06,1
P210436,44.455,10.06,1
P220527,43.38,10.06,1
P219733,154.591,10.056666666666667,3
P245422,115.194,10.055,2
P205713,93.7355,10.055,2
P234846,274.01000000000005,10.055,2
P215718,217.54500000000002,10.0525,4
P246621,148.542,10.05,1
P239459,47.17699999999999,10.05,1
P239601,86.75999999999999,10.049999999999999,2
P203078,72.25,10.045,2
P231775,62.31999999999999,10.04,1
P233217,33.1,10.04,1
P225367,148.687,10.030000000000001,2
P202153,180.32000000000002,10.03,3
P245730,52.8,10.03,1
P215970,136.54,10.03,1
P235757,279.4,10.03,2
P206227,128.54,10.03,1
P238741,79.38,10.025,2
P247566,86.69,10.025,2
P224303,73.55,10.025,2
P236274,80.353,10.024999999999999,2
P237030,91.77799999999999,10.020000000000001,2
P236632,46.69,10.02,1
P249551,53.190000000000005,10.02,1
P200622,58.47,10.02,1
P213149,35.61,10.02,1
P213160,50.2265,10.01,1
P248971,38.76,10.01,1
P244732,36.44,10.01,1
P213460,92.94300000000001,10.005,2
P231238,84.236,10.004999999999999,2
P216665,75.05,10.004999999999999,2
P222097,108.50699999999999,10.0,2
P234985,355.34700000000004,10.0,3
P203637,54.855,10.0,1
P244506,37.4,10.0,1
P231156,39.134,10.0,1
P232403,81.05,9.995000000000001,2
P221642,96.676,9.995000000000001,2
P247507,77.5465,9.995,2
P243727,82.55,9.99,2
P212712,83.75,9.99,2
P227415,60.85,9.99,1
P246678,162.54500000000002,9.985,2
P228561,88.18300000000002,9.985,2
P234253,80.588,9.98,2
P200215,36.29,9.98,1
P233914,96.22,9.98,2
P219075,111.19149999999999,9.975,2
P248867,132.192,9.97,3
P222380,148.67,9.97,1
P238300,60.75,9.97,1
P217214,36.04,9.97,1
P211104,29.95,9.97,1
P219012,288.75,9.966666666666667,3
P213801,91.965,9.965,2
P211660,114.554,9.965,2
P242903,34.2125,9.96,1
P227664,113.4,9.956666666666667,3
P204198,59.18,9.95,1
P225297,49.31,9.95,1
P204040,53.18,9.95,1
P236993,48.79,9.95,1
P224866,101.30000000000001,9.95,2
P219676,49.913,9.94,1
P207392,42.47,9.94,1
P234722,96.766,9.94,2
P245229,30.88,9.94,1
P248786,30.22,9.93,1
P215213,134.32,9.920000000000002,2
P237704,40.987,9.92,1
P229833,55.0525,9.92,1
P215597,58.64,9.92,1
P232071,51.24,9.92,1
P237109,182.00750000000002,9.915000000000001,4
P216011,233.80800000000002,9.91,2
P234130,141.36,9.91,1
P246260,42.1515,9.91,1
P218422,79.9995,9.91,2
P235375,149.18,9.91,1
P236124,57.18,9.91,1
P249325,88.96000000000001,9.905000000000001,2
P201254,62.519999999999996,9.905,2
P214190,270.01,9.905,2
P221928,138.8,9.9,1
P212628,57.1615,9.9,1
P223142,32.6,9.9,1
P227631,59.22,9.9,1
P230596,96.922,9.895,2
P200138,70.33,9.895,2
P236088,89.37,9.89,2
P249408,35.321,9.89,1
P249361,112.1265,9.889999999999999,2
P204200,77.6295,9.889999999999999,2
P210515,305.58,9.883333333333333,3
P204968,143.41,9.88,1
P232080,39.11,9.88,1
P211739,96.65700000000001,9.88,2
P207368,54.78,9.88,1
P227620,78.732,9.88,2
P206413,132.64,9.88,1
P248324,138.486,9.873333333333333,3
P207219,52.752,9.87,1
P246939,153.78300000000002,9.87,1
P218947,34.18,9.87,1
P212979,55.017,9.87,1
P210304,136.143,9.86,1
P239857,36.898,9.86,1
P201009,143.46499999999995,9.86,1
P238871,35.12,9.85,1
P228976,55.4625,9.85,1
P236979,80.48,9.845,2
P222016,156.55700000000002,9.843333333333334,3
P225068,142.784,9.84,1
P239696,100.595,9.84,2
P238926,54.78,9.84,1
P227980,263.789,9.836666666666668,3
P200824,104.10150000000002,9.834999999999999,2
P225295,88.55699999999999,9.834999999999999,2
P218226,34.816,9.83,1
P207662,59.59349999999999,9.83,1
P242803,147.46849999999998,9.83,1
P221208,47.72,9.83,1
P212891,74.765,9.83,2
P234839,55.64,9.83,1
P218409,57.32,9.83,1
P212930,97.20250000000001,9.83,2
P242769,99.96,9.825,2
P217522,43.91,9.82,1
P247344,56.9,9.82,1
P249759,41.18,9.82,1
P230287,43.497,9.82,1
P205357,329.61,9.816666666666666,3
P246158,139.91,9.815,2
P242077,34.1905,9.81,1
P249201,51.12,9.81,1
P240113,33.136,9.81,1
P234028,103.5735,9.809999999999999,2
P236019,237.763,9.805,2
P211297,42.606,9.8,1
P237172,33.9,9.8,1
P226875,42.093,9.8,1
P224241,160.98,9.8,1
P237575,95.99000000000001,9.795,2
P214688,249.242,9.790000000000001,2
P238075,58.75,9.79,1
P233699,39.14,9.79,1
P235182,153.62,9.79,1
P226378,34.281000000000006,9.79,1
P238849,129.8935,9.79,1
P215156,152.212,9.785,2
P214205,227.98,9.785,2
P242262,151.91899999999998,9.783333333333333,3
P239330,52.65,9.78,1
P232924,87.75,9.775,2
P219157,86.6555,9.775,2
P223361,242.58499999999998,9.775,2
P246632,231.08999999999997,9.770000000000001,2
P212343,99.33000000000001,9.770000000000001,2
P238389,38.14,9.77,1
P216613,38.169,9.77,1
P222711,41.931,9.77,1
P227543,31.99,9.77,1
P245473,55.0335,9.77,1
P210001,62.08,9.76,1
P240043,107.08349999999999,9.76,2
P247004,36.93,9.76,1
P233270,36.108,9.76,1
P201549,33.1,9.76,1
P203361,165.684,9.76,3
P242311,110.32,9.755,2
P214020,221.6245,9.755,2
P209398,72.25,9.754999999999999,2
P245116,142.65,9.75,1
P215085,31.44,9.75,1
P217495,74.67,9.75,2
P246765,55.6985,9.75,1
P201356,134.217,9.75,1
P238019,152.748,9.75,1
P206771,83.46000000000001,9.745000000000001,2
P234927,55.16,9.74,1
P216436,37.296,9.74,1
P234961,285.244,9.74,2
P210744,145.93499999999997,9.74,1
P244864,50.31,9.73,1
P227785,44.72,9.73,1
P244132,42.82,9.73,1
P227760,53.51349999999999,9.73,1
P213681,89.87,9.73,2
P244358,65.326,9.725,2
P231969,33.939,9.72,1
P220914,152.937,9.72,1
P241357,39.8715,9.72,1
P224747,42.9,9.72,1
P201142,101.26400000000001,9.72,2
P236830,137.37,9.72,1
P206588,31.872499999999995,9.71,1
P220762,244.555,9.71,2
P245298,37.297,9.71,1
P233530,92.988,9.705,2
P216811,90.56,9.705,2
P213932,49.26,9.7,1
P226406,41.5625,9.7,1
P214351,32.07,9.7,1
P202366,98.104,9.695,2
P236054,55.64,9.69,1
P214793,46.580000000000005,9.69,1
P225756,104.52999999999999,9.685,2
P204217,45.7,9.68,1
P202000,57.72,9.68,1
P208173,37.76,9.68,1
P202222,62.19649999999999,9.68,1
P209371,35.67,9.68,1
P221441,181.35399999999998,9.675,2
P204014,76.9405,9.675,2
P242216,105.749,9.67,3
P235044,51.9435,9.67,1
P247601,38.684,9.67,1
P203239,44.81,9.66,1
P214120,45.0245,9.66,1
P222451,100.47899999999998,9.66,2
P234629,41.94,9.66,1
P208432,34.7415,9.66,1
P224329,47.36,9.66,1
P212183,41.304,9.66,1
P234500,71.6985,9.655,2
P226140,201.13400000000001,9.655,4
P227873,56.57,9.65,1
P242444,200.79,9.65,1
P249699,35.665,9.65,1
P200895,37.73,9.65,1
P209116,45.34,9.65,1
P201505,31.47,9.64,1
P246312,36.34,9.64,1
P200605,122.676,9.64,2
P243655,37.259,9.63,1
P211357,45.6875,9.63,1
P207707,54.84,9.63,1
P227289,46.88,9.63,1
P237675,104.79,9.620000000000001,2
P211998,84.97,9.62,2
P216445,34.776,9.61,1
P216396,57.44800000000001,9.61,1
P208628,34.492999999999995,9.61,1
P202523,56.297,9.61,1
P245636,30.81,9.61,1
P246109,101.06200000000001,9.6,2
P245454,39.13,9.6,1
P222272,145.231,9.6,1
P221980,33.44,9.6,1
P229852,159.583,9.596666666666666,3
P222294,30.44,9.59,1
P204718,119.754,9.59,3
P247196,30.39,9.58,1
P215191,57.3,9.58,1
P230765,35.0265,9.58,1
P243457,34.74,9.58,1
P219693,44.99,9.58,1
P209453,75.053,9.575,2
P212468,104.4365,9.573333333333332,3
P219503,38.781000000000006,9.57,1
P238696,148.6,9.57,1
P224810,40.56,9.57,1
P210068,149.381,9.57,3
P228540,54.4635,9.57,1
P205585,250.4255,9.57,2
P237252,42.1515,9.57,1
P206659,219.9475,9.57,2
P222942,153.0105,9.566666666666666,3
P239850,56.39,9.56,1
P222836,33.2025,9.56,1
P225113,125.428,9.559999999999999,2
P218867,56.3125,9.55,1
P220265,63.8685,9.55,1
P235780,139.3935,9.55,1
P247455,38.69,9.55,1
P226022,42.92,9.55,1
P214553,33.77,9.55,1
P249511,105.33,9.544999999999998,2
P228354,163.72199999999998,9.543333333333331,3
P204902,102.58000000000001,9.540000000000001,3
P237101,129.88,9.54,1
P224496,33.66,9.54,1
P237994,88.82,9.535,2
P221457,106.53399999999999,9.535,2
P209949,38.39,9.53,1
P214703,100.28,9.524999999999999,2
P249233,42.21,9.52,1
P214530,68.962,9.52,2
P217335,104.03,9.52,2
P210796,60.6,9.52,1
P230911,52.022,9.51,1
P244450,42.92,9.51,1
P216121,36.34,9.51,1
P204142,29.64,9.51,1
P227065,39.54,9.5,1
P248959,36.4565,9.5,1
P210087,84.58449999999999,9.49,2
P232779,41.22,9.49,1
P238941,32.76,9.49,1
P242589,125.262,9.49,1
P237644,37.768,9.48,1
P214641,210.1695,9.48,2
P214016,46.0275,9.47,1
P232121,52.535,9.47,1
P201375,31.2,9.47,1
P213877,42.13,9.47,1
P203843,45.657,9.47,1
P232038,48.526,9.47,1
P234173,217.762,9.466666666666667,3
P215018,136.08,9.46,1
P240014,68.31,9.46,2
P229503,56.46,9.46,1
P213986,57.051,9.46,1
P207927,58.786,9.46,1
P234201,54.093,9.46,1
P245010,41.85,9.46,1
P225555,36.19,9.45,1
P229792,42.012,9.45,1
P230367,33.02,9.45,1
P214008,315.7355,9.446666666666667,3
P228334,69.76849999999999,9.445,2
P213556,56.107,9.44,1
P216553,32.940000000000005,9.44,1
P228019,51.04,9.44,1
P212337,128.81,9.44,1
P232369,31.296,9.44,1
P248242,43.2395,9.43,1
P231891,55.08,9.43,1
P229278,131.816,9.423333333333332,3
P224838,285.552,9.42,3
P219586,55.36,9.42,1
P206688,53.5,9.42,1
P248936,35.24,9.42,1
P226169,57.7235,9.42,1
P227451,33.96,9.42,1
P213881,140.08,9.42,1
P235077,41.994,9.42,1
P209221,33.7,9.41,1
P229318,40.6,9.41,1
P218017,43.074,9.41,1
P241474,135.24,9.4,1
P209193,53.082,9.4,1
P242608,42.26,9.4,1
P225927,44.74,9.4,1
P223267,47.025,9.4,1
P236044,61.96,9.4,1
P244790,247.49,9.399999999999999,2
P227962,85.7635,9.399999999999999,2
P203547,98.3165,9.39,2
P208839,33.69,9.39,1
P236710,64.695,9.39,1
P200932,145.59699999999998,9.39,1
P218734,32.319,9.38,1
P205996,46.5,9.38,1
P225324,131.436,9.38,1
P234488,34.69,9.38,1
P219704,236.21,9.38,2
P211784,117.0,9.375,2
P207700,184.7855,9.370000000000001,2
P218865,39.04,9.37,1
P204974,28.92,9.37,1
P224315,93.898,9.360000000000001,2
P235995,36.03,9.36,1
P210827,98.752,9.36,2
P222706,83.328,9.36,2
P243783,43.852,9.35,1
P205390,53.235,9.35,1
P200493,80.43100000000001,9.35,2
P248643,46.1415,9.35,1
P248565,138.98000000000002,9.35,2
P232194,101.237,9.345,2
P206538,145.9855,9.344999999999999,2
P216973,143.2865,9.340000000000002,3
P232175,43.62,9.34,1
P246945,53.1,9.34,1
P242436,147.1165,9.334999999999999,2
P204626,43.6,9.33,1
P207590,51.696,9.33,1
P231180,144.45749999999998,9.33,1
P216452,36.32,9.33,1
P229577,78.855,9.325,2
P209212,83.505,9.325,2
P212831,47.178,9.32,1
P217722,77.33,9.32,2
P200601,38.95,9.32,1
P241368,58.3205,9.32,1
P231799,124.33,9.32,1
P241103,31.79,9.32,1
P219069,132.5,9.32,1
P237697,102.61,9.32,2
P230837,110.202,9.319999999999999,2
P219319,90.71000000000001,9.315,2
P214213,87.28,9.315,2
P202272,79.28,9.315,2
P235301,364.113,9.313333333333334,6
P240901,52.400000000000006,9.31,1
P241028,86.538,9.31,2
P247553,74.25,9.31,2
P200737,28.04,9.3,1
P223689,44.19,9.3,1
P206932,35.58,9.3,1
P244601,219.345,9.299999999999999,3
P202525,246.127,9.296666666666667,3
P225428,52.16,9.29,1
P224391,38.912,9.29,1
P203682,136.9,9.286666666666667,3
P235230,77.20800000000001,9.285,2
P203365,102.14,9.280000000000001,2
P226517,39.26,9.28,1
P207516,49.92,9.28,1
P231740,51.96,9.28,1
P203322,55.56,9.27,1
P202591,51.67,9.27,1
P245927,24.87,9.27,1
P213127,176.04999999999998,9.27,2
P212392,31.09,9.27,1
P214428,103.28999999999999,9.265,2
P220816,94.6175,9.265,2
P240920,69.884,9.264999999999999,2
P235806,59.98,9.26,1
P201341,34.092000000000006,9.26,1
P230332,157.9255,9.26,2
P237499,53.34,9.26,1
P226295,35.3,9.26,1
P225168,143.425,9.256666666666666,3
P231247,114.735,9.256666666666666,3
P238310,276.355,9.255,2
P234185,53.577000000000005,9.25,1
P201440,42.264,9.25,1
P234573,30.82,9.25,1
P214674,62.239999999999995,9.245,2
P219682,138.4245,9.24,1
P245435,134.7,9.24,1
P204266,86.185,9.24,2
P208369,94.877,9.24,2
P239361,85.18900000000001,9.24,2
P208499,207.158,9.236666666666666,3
P218044,38.874,9.23,1
P227143,39.2445,9.23,1
P218523,112.4865,9.226666666666667,3
P226123,69.8725,9.225,2
P232313,101.0985,9.225,2
P216564,45.4,9.22,1
P203048,41.497,9.22,1
P201494,55.0,9.22,1
P244808,141.64499999999998,9.22,1
P224042,36.67,9.22,1
P248890,75.60350000000001,9.219999999999999,2
P237661,164.779,9.219999999999999,2
P221118,95.5315,9.206666666666667,3
P248919,53.46,9.2,1
P233873,29.5375,9.2,1
P204428,43.67,9.2,1
P210114,163.606,9.2,2
P217228,79.5,9.195,2
P207988,165.7625,9.195,4
P208674,72.681,9.194999999999999,2
P242088,86.496,9.190000000000001,2
P249520,130.66,9.19,1
P243010,39.253,9.19,1
P209551,39.59,9.19,1
P236669,36.112,9.19,1
P212693,31.26,9.18,1
P216473,29.475,9.18,1
P236423,46.08,9.18,1
P200223,30.68,9.18,1
P247136,39.2065,9.18,1
P206826,32.4105,9.18,1
P214922,43.855,9.18,1
P206336,35.955,9.17,1
P209176,128.69899999999998,9.17,3
P228465,29.952,9.17,1
P226776,46.026,9.17,1
P237755,32.072,9.17,1
P204133,52.304,9.17,1
P208672,27.34,9.17,1
P247417,353.21849999999995,9.165,4
P211283,53.28,9.16,1
P244917,38.233,9.16,1
P236604,44.676,9.16,1
P221420,54.34,9.16,1
P225044,46.5,9.16,1
P212567,216.982,9.16,2
P211989,139.67,9.16,1
P224110,129.373,9.155,2
P216595,256.148,9.15,3
P231755,33.003,9.15,1
P218321,128.53,9.145,2
P239164,203.7635,9.145,2
P237379,97.57,9.14,2
P219465,50.78,9.14,1
P207297,230.10399999999998,9.135000000000002,2
P248993,115.53,9.133333333333333,3
P238354,32.32,9.13,1
P216429,49.02,9.13,1
P209089,105.09,9.13,2
P206696,87.007,9.129999999999999,2
P211055,73.14,9.129999999999999,2
P204226,134.312,9.125,2
P209302,51.3145,9.12,1
P245260,140.2245,9.12,1
P231568,48.501000000000005,9.12,1
P202430,239.85900000000004,9.12,2
P203865,125.74,9.12,1
P207913,56.05,9.12,1
P222973,34.64,9.12,1
P206553,174.4145,9.115,4
P240934,39.968,9.11,1
P246366,216.44699999999997,9.11,2
P245045,35.79,9.11,1
P216699,94.082,9.105,2
P233040,79.1605,9.1,2
P235641,53.4565,9.1,1
P243737,131.38,9.1,1
P226082,116.7645,9.096666666666666,3
P233321,41.95,9.09,1
P210443,29.2,9.09,1
P205184,27.28,9.09,1
P232113,38.01,9.09,1
P240308,41.72,9.09,1
P229398,324.9805,9.086666666666666,3
P243791,170.52949999999998,9.085,4
P211994,125.09,9.085,2
P216559,86.276,9.085,2
P208199,89.84700000000001,9.08,2
P233640,38.74,9.08,1
P211195,39.4,9.08,1
P239615,50.863,9.08,1
P229729,46.68,9.08,1
P228268,142.20999999999998,9.076666666666666,3
P243348,213.13299999999998,9.076666666666666,3
P209655,42.552,9.07,1
P216838,50.07,9.07,1
P238703,59.15,9.07,1
P221246,32.68,9.07,1
P200951,36.21,9.07,1
P225923,229.1075,9.07,2
P240163,39.15,9.07,1
P227198,128.9,9.07,1
P219203,140.16,9.06,1
P212730,32.21,9.06,1
P242162,119.4055,9.06,1
P207997,199.994,9.05,2
P244518,35.564,9.05,1
P205965,135.63150000000002,9.05,1
P242796,48.18,9.05,1
P213541,101.5,9.049999999999999,3
P207644,72.6,9.045,2
P241461,71.2855,9.045,2
P214743,112.812,9.043333333333333,3
P216921,76.60000000000001,9.04,2
P234106,41.32,9.04,1
P202860,42.642,9.04,1
P208273,69.03,9.04,2
P228986,52.35,9.04,1
P244041,30.042,9.04,1
P222262,30.56,9.04,1
P206073,102.25,9.03,2
P249093,141.966,9.03,3
P214372,43.686,9.03,1
P241932,43.9025,9.03,1
P210341,46.8,9.03,1
P238061,42.9305,9.03,1
P247810,32.42,9.03,1
P234132,68.6945,9.025,2
P231594,102.84800000000001,9.025,2
P222050,40.67,9.02,1
P213003,31.734,9.02,1
P225601,41.429,9.02,1
P210860,30.7,9.02,1
P230322,37.65,9.01,1
P220661,36.66,9.01,1
P217430,48.27,9.01,1
P215778,45.8,9.01,1
P236956,97.78299999999999,9.01,2
P246171,50.27,9.01,1
P211829,63.2,9.01,2
P208203,34.47,9.0,1
P238750,96.80199999999999,9.0,2
P237790,45.3,9.0,1
P215668,41.22,9.0,1
P246156,42.143,9.0,1
P213390,73.1635,9.0,2
P210190,71.1275,8.995000000000001,2
P232203,39.6245,8.99,1
P232789,32.17,8.99,1
P227731,213.18,8.99,2
P203562,145.1325,8.985,2
P246722,27.68,8.98,1
P206260,76.36599999999999,8.98,2
P223057,32.265,8.98,1
P200257,132.5,8.98,1
P238362,48.48,8.98,1
P239865,87.80799999999999,8.975,2
P245631,208.12,8.975,2
P232952,44.68,8.97,1
P217803,43.88,8.97,1
P216631,55.65,8.97,1
P239565,68.314,8.969999999999999,2
P223857,125.64,8.965,2
P237069,164.32,8.963333333333333,3
P219963,40.02,8.96,1
P235936,49.26,8.96,1
P219787,39.0,8.95,1
P216052,44.45,8.95,1
P249969,43.72,8.95,1
P223109,45.562,8.94,1
P226617,227.91,8.94,2
P238747,49.61,8.94,1
P226703,118.79,8.94,1
P206035,94.348,8.934999999999999,2
P233452,92.6155,8.930000000000001,2
P224900,39.912000000000006,8.93,1
P222244,71.9555,8.93,2
P247718,142.6805,8.93,1
P228149,36.06,8.93,1
P209247,124.02,8.93,1
P234121,53.767,8.93,1
P209677,36.9,8.93,1
P234314,39.339,8.93,1
P225778,133.8265,8.92,1
P232640,38.0,8.92,1
P208142,134.35,8.92,1
P224720,50.27,8.92,1
P211065,35.289,8.92,1
P211262,35.96,8.92,1
P239855,80.487,8.92,2
P205327,52.33899999999999,8.91,1
P218477,36.252,8.91,1
P219771,43.1015,8.91,1
P206139,123.714,8.91,1
P225559,132.5915,8.91,1
P247785,43.19,8.91,1
P249711,41.82,8.91,1
P242773,156.3025,8.903333333333334,3
P229540,201.198,8.9,2
P242689,126.39,8.9,1
P231554,50.749,8.9,1
P215046,35.122,8.9,1
P201401,137.417,8.9,3
P209530,100.94,8.899999999999999,2
P242599,83.94200000000001,8.899999999999999,2
P235961,47.272,8.89,1
P223961,127.2905,8.89,1
P207056,138.3485,8.89,1
P223898,74.628,8.885,2
P228957,128.691,8.88,1
P248187,247.64899999999997,8.88,3
P207406,37.62,8.88,1
P246326,36.44,8.88,1
P248406,27.98,8.88,1
P243237,47.855,8.88,1
P214129,238.9,8.875,2
P236444,49.527,8.87,1
P212005,40.87,8.87,1
P210260,57.6,8.87,1
P214821,38.532,8.87,1
P211223,254.313,8.866666666666667,3
P230238,95.10300000000001,8.866666666666667,3
P231946,33.79,8.86,1
P207322,59.67,8.86,2
P221194,42.9495,8.86,1
P239432,49.6,8.86,1
P224235,242.761,8.86,2
P202699,59.77,8.86,1
P219071,120.63,8.86,1
P242284,37.02,8.86,1
P232867,148.37900000000002,8.855,2
P209617,109.775,8.853333333333333,3
P243042,426.39,8.853333333333333,3
P249605,50.83,8.85,1
P242017,30.56,8.85,1
P225305,37.107,8.85,1
P232851,37.37,8.84,1
P232371,33.77,8.84,1
P200506,38.01899999999999,8.84,1
P242991,83.64999999999999,8.84,2
P223265,113.316,8.835,2
P234763,284.515,8.833333333333334,3
P237879,114.439,8.833333333333334,3
P217806,129.28500000000005,8.83,1
P239307,35.06,8.83,1
P209773,36.65,8.83,1
P218966,37.7655,8.83,1
P202921,141.6815,8.826666666666666,3
P247554,94.81,8.825,2
P200063,146.628,8.82,2
P211850,29.772,8.82,1
P209529,80.12,8.82,2
P216773,96.61500000000001,8.82,2
P235011,95.382,8.815000000000001,2
P235516,191.52,8.815000000000001,2
P206854,121.56,8.81,1
P235306,131.892,8.81,3
P210397,73.27600000000001,8.81,2
P205596,83.88799999999999,8.81,2
P214155,141.2,8.809999999999999,2
P224055,278.45,8.807500000000001,4
P237386,198.586,8.803333333333333,3
P237890,39.708,8.8,1
P218096,42.91,8.8,1
P219431,212.9155,8.8,2
P203972,30.12,8.8,1
P227764,49.83,8.8,1
P246995,49.68,8.8,1
P225828,37.881,8.8,1
P239094,52.78,8.79,1
P213157,108.05,8.79,2
P238819,49.7,8.79,1
P246343,29.0225,8.79,1
P214223,29.5735,8.79,1
P200609,35.819,8.79,1
P214795,55.53,8.79,1
P222554,41.01,8.78,1
P235224,121.53999999999999,8.78,2
P240653,246.7065,8.773333333333333,3
P244548,50.41,8.77,1
P217811,122.18,8.77,1
P210974,33.21,8.77,1
P242491,37.77,8.77,1
P212982,49.9415,8.77,1
P248576,31.57,8.77,1
P200015,117.4,8.764999999999999,2
P239612,132.426,8.763333333333334,3
P232031,35.98,8.76,1
P236472,49.16,8.76,1
P236902,50.72,8.76,1
P219227,67.296,8.76,2
P203602,38.589,8.76,1
P234026,68.4025,8.76,2
P228922,225.35999999999999,8.754999999999999,2
P245100,169.775,8.754999999999999,2
P200875,27.407499999999995,8.75,1
P236820,27.1415,8.75,1
P224834,43.27,8.75,1
P200739,145.74,8.75,1
P217917,33.936,8.74,1
P211490,53.18,8.74,1
P241415,31.77,8.73,1
P221117,140.7,8.73,1
P207608,56.81199999999999,8.73,1
P217745,54.36,8.73,1
P221640,28.04,8.72,1
P215964,28.1775,8.72,1
P224850,36.81,8.72,1
P231624,128.14,8.72,1
P236735,93.35000000000001,8.719999999999999,2
P226710,171.40550000000002,8.715,2
P241341,31.56,8.71,1
P209115,37.683,8.71,1
P249723,30.53,8.71,1
P201233,84.714,8.709999999999999,2
P223287,99.952,8.705,2
P239590,92.934,8.7,2
P225259,58.119,8.695,2
P203474,130.929,8.695,2
P216476,43.36,8.69,1
P242752,142.24,8.69,1
P230504,36.428,8.69,1
P231928,24.87,8.69,1
P240635,34.541999999999994,8.69,1
P217206,85.152,8.69,2
P226555,107.45,8.69,2
P208450,78.804,8.684999999999999,2
P225313,42.156000000000006,8.68,1
P229310,56.63,8.68,1
P240949,88.873,8.68,2
P203926,30.4095,8.68,1
P208330,114.7005,8.676666666666668,3
P233049,83.37,8.675,2
P233124,136.0475,8.675,2
P220614,93.49,8.675,2
P206172,37.04,8.67,1
P206262,48.64,8.67,1
P233752,27.24,8.67,1
P234850,41.94,8.67,1
P232547,36.03,8.66,1
P227460,38.33,8.66,1
P214349,82.124,8.66,2
P249061,35.26,8.66,1
P221912,38.45,8.66,1
P236609,178.4,8.656666666666666,3
P207008,79.49,8.655,2
P210987,73.49,8.645,2
P236666,30.5745,8.64,1
P220698,61.078,8.64,2
P200978,36.088,8.64,1
P245985,49.31,8.64,1
P246650,53.295,8.64,1
P200555,116.85,8.64,2
P226065,181.463,8.636666666666665,3
P217924,223.34,8.635,2
P245597,120.725,8.635,2
P248641,141.54,8.63,1
P231017,56.41,8.63,1
P215501,48.861,8.63,1
P200327,141.012,8.63,1
P243004,55.71,8.63,1
P215233,31.046,8.63,1
P236060,130.86,8.63,1
P249700,73.23,8.625,2
P232602,130.988,8.623333333333333,3
P214418,239.65,8.620000000000001,2
P235270,32.4,8.62,1
P209433,35.712,8.62,1
P231991,35.8625,8.62,1
P221858,41.13,8.62,1
P226610,41.74,8.62,1
P225836,146.817,8.616666666666665,3
P206281,28.4,8.61,1
P206358,54.612,8.61,1
P221181,129.05,8.61,1
P242084,308.2199999999999,8.606666666666667,3
P247757,36.51,8.6,1
P239867,34.506,8.6,1
P218468,28.74,8.6,1
P208634,112.619,8.596666666666666,3
P214911,89.964,8.59,2
P214835,59.42,8.59,1
P223347,130.53,8.58,1
P209334,211.43,8.58,2
P204652,122.87299999999999,8.573333333333332,3
P206788,30.248,8.57,1
P246862,29.03,8.57,1
P246306,35.36,8.56,1
P219628,84.22,8.555,2
P236512,40.851,8.55,1
P224852,45.492,8.55,1
P223161,101.15,8.549999999999999,2
P216360,39.39,8.54,1
P240831,34.392,8.54,1
P227990,27.816,8.54,1
P206905,42.931,8.54,1
P233365,139.07,8.54,1
P216976,33.02,8.54,1
P234485,48.11,8.54,1
P240504,36.87,8.54,1
P239367,40.374,8.54,1
P218616,106.43199999999999,8.54,2
P233849,100.68,8.530000000000001,2
P221216,50.157,8.53,1
P222736,30.62,8.53,1
P204228,28.9845,8.53,1
P203158,123.92,8.53,1
P230384,47.768,8.53,1
P225119,143.4785,8.52,1
P220559,54.1,8.52,1
P217024,44.77,8.52,1
P239395,28.253,8.52,1
P230275,139.95,8.52,1
P215335,40.92,8.52,1
P234952,204.255,8.52,2
P214862,82.81,8.515,2
P227177,84.09,8.515,2
P247573,128.07,8.51,1
P242856,38.592000000000006,8.51,1
P225960,52.55,8.51,1
P202472,33.372,8.51,1
P231869,72.059,8.51,2
P245202,95.383,8.51,3
P226691,76.357,8.505,2
P241215,173.0755,8.504999999999999,2
P228709,196.703,8.504999999999999,2
P208722,92.2395,8.504999999999999,2
P210884,401.606,8.5,3
P247776,132.93,8.5,1
P249832,59.787000000000006,8.5,1
P211084,178.92,8.495000000000001,2
P208381,74.80000000000001,8.495,2
P248239,188.716,8.49,2
P228232,129.672,8.49,1
P233337,46.24,8.49,1
P247673,49.21,8.49,1
P237087,129.85549999999998,8.49,1
P234708,108.717,8.4875,4
P214301,87.42,8.485,2
P218887,46.494,8.48,1
P226814,41.65,8.48,1
P237565,46.89,8.48,1
P202862,70.53,8.48,2
P229386,36.4735,8.48,1
P201358,32.864,8.48,1
P240652,196.64,8.48,2
P207186,117.83,8.48,1
P208310,44.38699999999999,8.48,1
P215584,144.51350000000002,8.475,2
P207848,29.529000000000003,8.47,1
P217506,74.922,8.47,2
P246798,52.5725,8.47,1
P206198,61.18900000000001,8.465,2
P205649,81.03,8.46,2
P232657,131.8695,8.46,1
P240889,37.02,8.46,1
P231310,104.4355,8.46,2
P230971,77.87,8.46,2
P208003,58.45,8.46,1
P203032,38.577,8.46,1
P247130,121.89,8.46,1
P200202,189.92,8.46,2
P210209,123.42,8.46,1
P200139,36.02,8.46,1
P202053,237.2905,8.453333333333333,3
P210795,91.4645,8.450000000000001,2
P228030,35.929,8.45,1
P220480,51.54,8.45,1
P230481,43.129,8.45,1
P223492,34.410000000000004,8.45,1
P241532,28.84,8.45,1
P245037,222.135,8.445,2
P229898,81.8575,8.445,2
P204864,31.608,8.44,1
P241735,67.48,8.44,2
P234960,47.352,8.44,1
P249489,31.760000000000005,8.44,1
P240593,25.17,8.44,1
P231073,236.8195,8.434999999999999,2
P239374,141.164,8.433333333333332,3
P237021,127.0625,8.43,1
P208664,69.12950000000001,8.43,2
P201974,35.9005,8.43,1
P247424,35.41,8.43,1
P239368,53.26,8.42,1
P243364,33.439,8.42,1
P240182,48.688,8.42,1
P236062,56.018,8.42,2
P205824,38.9,8.42,1
P219329,98.602,8.42,2
P226273,91.728,8.415,2
P239508,29.58,8.41,1
P227692,261.44,8.41,2
P208757,56.21,8.41,1
P228237,41.39,8.41,1
P237628,133.58599999999998,8.41,1
P204842,58.68,8.4,1
P223544,33.6,8.4,1
P210130,40.7,8.4,1
P237807,89.5655,8.395000000000001,2
P208214,84.03,8.395,2
P241875,130.917,8.39,1
P200718,46.74,8.39,1
P220543,135.9955,8.383333333333335,3
P226692,43.95,8.38,1
P213445,126.747,8.38,1
P215259,52.53,8.38,1
P226581,124.904,8.38,1
P242178,49.04,8.38,1
P231747,48.55,8.38,1
P243336,63.352,8.375,2
P228233,28.836,8.37,1
P222216,57.264500000000005,8.37,1
P241226,37.18,8.37,1
P247430,64.713,8.365,2
P232859,80.80799999999999,8.365,2
P221693,27.28,8.36,1
P235322,28.7,8.36,1
P243099,46.8,8.36,1
P209811,127.73,8.36,1
P224687,120.5455,8.36,1
P226365,95.07900000000001,8.36,2
P205166,274.7935,8.355,2
P216742,117.161,8.353333333333333,3
P229150,32.82,8.35,1
P249803,77.42,8.35,2
P203455,39.18,8.35,1
P219531,93.6395,8.35,2
P206276,356.45300000000003,8.3475,4
P204971,81.44,8.344999999999999,2
P215309,34.35,8.34,1
P222687,139.761,8.34,1
P227606,43.7,8.34,1
P227634,172.9045,8.335,2
P247304,50.6065,8.33,1
P247761,52.46,8.33,1
P249693,34.371,8.33,1
P249293,128.5,8.32,1
P238984,25.602,8.32,1
P210941,32.98,8.32,1
P232823,43.808,8.32,1
P216124,31.3785,8.32,1
P246219,42.5,8.32,1
P212946,49.799,8.32,1
P238182,41.956,8.32,1
P217025,69.0955,8.32,2
P223753,45.24,8.31,1
P208259,36.56,8.31,1
P211473,40.66,8.31,1
P202843,244.27800000000002,8.303333333333333,3
P213941,83.07249999999999,8.3,2
P229379,29.68,8.3,1
P207560,35.72,8.3,1
P238353,30.12,8.3,1
P244831,128.39,8.3,1
P200633,31.1,8.3,1
P201869,33.944,8.3,1
P217305,71.8,8.295,2
P202947,49.39,8.29,1
P211349,31.563,8.29,1
P226149,146.484,8.29,1
P243534,42.28,8.29,1
P236798,83.44999999999999,8.285,2
P214133,120.62800000000001,8.283333333333333,3
P227669,170.312,8.280000000000001,2
P214611,32.19,8.28,1
P231490,31.54,8.28,1
P201629,54.243,8.28,1
P244021,50.796,8.28,1
P240764,34.4,8.27,1
P201968,37.86,8.27,1
P215362,97.59949999999999,8.27,2
P234633,49.52,8.27,1
P227321,30.74,8.27,1
P214533,54.1365,8.27,1
P230229,50.12,8.27,1
P205183,103.809,8.263333333333334,3
P213574,37.935,8.26,1
P247187,35.9385,8.26,1
P207521,38.4,8.26,1
P223249,32.136,8.26,1
P218451,63.39,8.254999999999999,2
P249363,42.532,8.25,1
P216882,126.603,8.25,1
P234077,40.08,8.25,1
P223229,29.03,8.25,1
P227812,31.3735,8.25,1
P228499,183.848,8.245,2
P213854,127.908,8.24,1
P237391,33.56,8.24,1
P222453,84.4645,8.24,2
P239071,132.48,8.24,1
P234280,31.960000000000004,8.24,1
P226646,48.76,8.24,1
P224121,261.73199999999997,8.24,2
P229742,39.68,8.24,1
P227382,30.98,8.24,1
P200121,119.16,8.236666666666666,3
P243775,27.12,8.23,1
P200036,45.581,8.23,1
P217984,116.88550000000001,8.225000000000001,2
P248718,87.56700000000001,8.225,2
P229421,269.194,8.223333333333334,3
P219871,50.6635,8.22,1
P206354,31.19,8.22,1
P228434,313.80150000000003,8.217500000000001,4
P204763,132.83,8.21,1
P211523,121.068,8.21,1
P220710,35.93,8.21,1
P235500,164.09550000000002,8.21,2
P204687,109.698,8.206666666666667,3
P244541,165.26,8.205,2
P235906,75.73200000000001,8.205,2
P221720,76.08099999999999,8.205,2
P217858,66.26,8.2,2
P239406,33.69,8.2,1
P219607,223.9,8.2,2
P242762,32.98,8.2,1
P245756,51.112,8.2,1
P219900,41.28,8.2,1
P222442,95.63399999999999,8.195,2
P228194,57.827,8.195,2
P228044,29.92,8.19,1
P215140,28.39,8.19,1
P240424,36.119,8.19,1
P236341,28.88,8.18,1
P234675,73.5495,8.18,2
P204308,52.174,8.18,1
P210447,132.768,8.18,1
P224091,39.273,8.17,1
P244847,36.9645,8.17,1
P226187,38.72,8.17,1
P242644,24.78,8.17,1
P228269,72.83,8.17,2
P208556,48.41,8.17,1
P236147,62.768,8.165000000000001,2
P200580,77.8425,8.16,2
P208747,125.44,8.16,1
P200682,28.863,8.16,1
P246637,93.00200000000001,8.155,2
P228424,308.95000000000005,8.155,2
P218164,194.16249999999997,8.155,2
P238721,70.202,8.155,2
P233368,61.54,8.15,2
P201833,54.435,8.15,1
P227684,47.91,8.15,1
P246900,143.78,8.15,3
P249613,62.46050000000001,8.15,2
P224048,41.78,8.15,1
P231600,48.15,8.15,1
P205993,38.78,8.14,1
P212374,36.385,8.14,1
P200240,30.3145,8.14,1
P208878,44.80199999999999,8.14,1
P233002,124.79,8.14,1
P230899,86.24000000000001,8.14,2
P215384,45.22,8.14,1
P233900,41.77,8.14,1
P244425,37.905,8.13,1
P201229,46.903,8.13,1
P237648,241.22799999999998,8.13,2
P248180,41.46,8.13,1
P223555,42.1705,8.13,1
P224479,180.48000000000002,8.129999999999999,2
P221083,62.973,8.125,2
P245364,29.545,8.12,1
P239440,54.39,8.12,1
P243706,30.056,8.12,1
P227916,39.33,8.11,1
P220991,31.084,8.11,1
P228143,116.7135,8.106666666666667,3
P222586,70.5425,8.100000000000001,2
P202492,45.44,8.1,1
P200984,71.8865,8.1,2
P203497,34.846,8.1,1
P231656,49.98,8.1,1
P216943,26.154,8.1,1
P225875,66.594,8.1,2
P238122,69.538,8.095,2
P247425,31.24,8.09,1
P216142,32.08,8.09,1
P232356,32.395,8.09,1
P204240,28.69,8.09,1
P224966,81.1405,8.085,2
P217827,107.838,8.08,1
P210249,33.426,8.08,1
P236564,107.2075,8.08,2
P207247,42.82,8.08,1
P209486,39.797,8.08,1
P203971,125.6,8.08,1
P209513,37.221,8.08,1
P204106,65.15,8.075,2
P245154,88.5305,8.075,2
P242107,35.39,8.07,1
P244763,31.39,8.07,1
P232079,102.52000000000001,8.07,2
P249070,53.31,8.07,1
P240959,48.96,8.06,1
P239162,77.83500000000001,8.055,2
P203900,47.88949999999999,8.05,1
P233675,34.803000000000004,8.05,1
P220855,246.4785,8.049999999999999,2
P246113,68.10000000000001,8.045,2
P221137,74.2205,8.045,2
P205588,195.59550000000002,8.040000000000001,3
P217303,114.91,8.04,1
P235475,40.014,8.04,1
P221586,46.79,8.04,1
P228803,124.92,8.04,1
P247195,134.92,8.03,1
P222951,130.86,8.03,1
P221098,131.1855,8.03,1
P212286,40.65,8.03,1
P229851,129.13,8.03,1
P238105,48.06,8.02,1
P235071,76.68,8.02,2
P230989,48.312,8.02,1
P213656,33.33,8.02,1
P203811,34.827,8.02,1
P204294,76.84,8.02,2
P242010,39.35,8.01,1
P219648,57.004999999999995,8.01,2
P203245,183.45,8.01,1
P209103,37.7245,8.01,1
P207015,38.2,8.01,1
P248880,41.44,8.0,1
P211125,49.36,8.0,1
P204682,108.77000000000001,7.994999999999999,2
P234885,29.2,7.99,1
P222486,47.58,7.99,1
P201054,36.5,7.99,1
P208976,28.25,7.99,1
P248192,33.839,7.99,1
P215729,36.64,7.99,1
P225012,107.16,7.985,2
P238782,31.825,7.98,1
P204360,69.3,7.98,2
P225590,29.3645,7.98,1
P226633,41.344,7.98,1
P200008,34.2,7.98,1
P246923,59.95700000000001,7.975,2
P234860,40.375,7.97,1
P206684,139.47899999999998,7.97,1
P231634,32.98,7.97,1
P213590,31.9,7.97,1
P240583,69.89949999999999,7.965,2
P205691,118.043,7.963333333333334,3
P212232,37.9,7.96,1
P228693,48.5165,7.96,1
P232752,30.0105,7.96,1
P238184,35.54,7.96,1
P214387,125.50999999999999,7.959999999999999,2
P244549,118.596,7.953333333333333,3
P247511,35.415,7.95,1
P214275,44.93,7.95,1
P219883,32.718,7.95,1
P214481,36.75,7.95,1
P202773,36.44,7.95,1
P207236,222.63,7.945,2
P228352,200.858,7.945,2
P220163,36.12,7.94,1
P241158,43.749,7.94,1
P227226,32.75,7.94,1
P239452,137.38,7.94,1
P245053,45.26,7.94,1
P217718,179.48000000000002,7.930000000000001,2
P231122,30.2175,7.93,1
P210781,34.352,7.93,1
P203400,45.7805,7.93,1
P200944,67.86250000000001,7.92,2
P227578,67.97,7.92,2
P201416,49.49,7.92,1
P206058,40.14,7.92,1
P229994,32.946,7.92,1
P229370,113.39,7.92,1
P221541,103.105,7.916666666666667,3
P205974,56.93899999999999,7.915000000000001,2
P233339,201.042,7.915,2
P245313,39.168000000000006,7.91,1
P204161,41.36,7.91,1
P233521,113.905,7.909999999999999,2
P227351,73.74000000000001,7.905000000000001,2
P237504,94.803,7.900000000000001,3
P224766,48.996,7.9,1
P228993,53.28,7.9,1
P234698,116.86,7.89,3
P219058,26.922,7.89,1
P210569,34.38,7.89,1
P203159,47.61,7.89,1
P203712,36.176,7.89,1
P239498,97.69800000000001,7.885,2
P202978,149.738,7.880000000000001,2
P239769,29.016000000000005,7.88,1
P204737,32.36,7.88,1
P233145,31.9865,7.88,1
P203106,32.976,7.88,1
P239046,40.239,7.88,1
P245849,135.927,7.87,1
P229768,30.01,7.87,1
P240089,41.9,7.87,1
P219880,97.60849999999999,7.869999999999999,2
P210177,36.42,7.86,1
P233646,158.58100000000002,7.86,2
P232791,194.37,7.86,3
P244554,41.447,7.86,1
P214822,77.7945,7.8500000000000005,2
P246692,119.82,7.85,1
P211774,45.06,7.85,1
P233165,39.22,7.85,1
P225358,22.480000000000004,7.85,1
P247183,36.72,7.85,1
P249334,26.14,7.85,1
P224659,46.70400000000001,7.85,1
P238945,32.44,7.85,1
P213510,80.2,7.845,2
P214954,63.989999999999995,7.845,2
P200654,47.22,7.84,1
P233310,37.92,7.84,1
P226444,29.3,7.84,1
P226428,246.069,7.84,2
P247709,40.49,7.84,1
P233180,80.27000000000001,7.835000000000001,2
P238270,72.91999999999999,7.830000000000001,2
P217257,37.52,7.83,1
P202769,36.98,7.83,1
P235513,31.634999999999994,7.83,1
P221062,38.57,7.83,1
P201962,89.16,7.825,2
P208424,33.86,7.82,1
P248741,30.834,7.82,1
P208200,41.49,7.82,1
P244361,26.657,7.82,1
P209969,33.64,7.82,1
P246031,26.96,7.82,1
P242984,32.784,7.82,1
P213163,215.708,7.81,2
P231753,137.49,7.81,1
P237433,45.92,7.81,1
P206206,36.7,7.81,1
P243878,32.78,7.81,1
P226794,65.17999999999999,7.81,2
P203051,80.2,7.805000000000001,2
P240798,165.498,7.800000000000001,2
P230163,30.63,7.8,1
P201565,125.118,7.8,1
P245036,120.7545,7.8,1
P205263,36.405,7.8,1
P247343,26.748,7.79,1
P225628,44.49,7.79,1
P221759,25.4885,7.79,1
P220649,33.36,7.79,1
P210387,84.4285,7.785,2
P208860,60.5,7.784999999999999,2
P211814,38.49,7.78,1
P236827,34.12,7.78,1
P202700,247.4125,7.78,2
P205372,28.53,7.78,1
P226037,48.97,7.78,1
P202457,32.262,7.78,1
P235874,34.02,7.78,1
P241273,135.53,7.779999999999999,2
P203353,60.2615,7.775,2
P224843,52.45,7.77,1
P217946,29.31,7.77,1
P224774,30.375,7.77,1
P212092,47.601,7.77,1
P219290,27.9905,7.77,1
P214905,109.767,7.760000000000001,3
P245836,89.98,7.76,2
P206971,129.28549999999998,7.76,1
P243210,37.4205,7.76,1
P233820,24.1015,7.76,1
P231914,39.35,7.76,1
P204827,183.33499999999998,7.755000000000001,2
P235263,31.06,7.75,1
P248989,29.317,7.75,1
P246784,52.836,7.75,1
P247078,98.064,7.75,2
P200925,40.87,7.75,1
P234244,43.32,7.74,1
P236530,27.24,7.74,1
P248541,29.556000000000004,7.74,1
P239266,53.8175,7.74,1
P216312,308.2425,7.733333333333333,3
P248266,78.91999999999999,7.73,2
P212920,37.2,7.73,1
P229377,36.8,7.73,1
P229431,31.824,7.73,1
P233503,29.279,7.73,1
P202134,114.4435,7.726666666666667,3
P217759,49.571,7.72,1
P214738,36.4,7.72,1
P234521,22.08,7.72,1
P208154,35.65,7.72,1
P204819,349.605,7.717999999999999,5
P235663,138.28199999999998,7.716666666666666,3
P218953,125.78,7.713333333333334,3
P217828,48.84,7.71,1
P201777,25.64,7.71,1
P239430,200.14000000000001,7.709999999999999,2
P200403,58.823499999999996,7.705,2
P231853,45.81,7.7,1
P239248,49.152,7.7,1
P218673,40.47,7.7,1
P225162,27.588,7.7,1
P216769,53.0655,7.7,1
P216733,26.51,7.7,1
P238681,245.68,7.699999999999999,2
P241397,117.87049999999999,7.696666666666666,3
P243302,200.58300000000003,7.695,2
P235730,34.53,7.69,1
P212838,22.2,7.69,1
P206782,31.644,7.69,1
P227156,77.539,7.6899999999999995,2
P240216,26.296,7.68,1
P213008,42.975,7.68,1
P214794,120.72,7.68,1
P246415,29.754,7.68,1
P215266,39.37,7.68,1
P221039,38.038,7.68,1
P228321,126.19,7.68,1
P230671,31.959,7.68,1
P201179,31.19,7.68,1
P237220,25.18,7.67,1
P213285,68.51,7.67,2
P231809,121.744,7.67,1
P212052,38.52,7.67,1
P211674,61.17,7.67,2
P233058,50.42400000000001,7.665,2
P217767,61.308,7.664999999999999,2
P208427,47.24,7.66,1
P218225,39.285,7.66,1
P223199,253.743,7.655,2
P232084,27.396,7.65,1
P220886,26.99,7.65,1
P230352,123.102,7.65,1
P242732,32.49,7.65,1
P226811,73.849,7.6499999999999995,2
P203734,171.706,7.645,2
P227275,164.644,7.640000000000001,2
P202340,35.415,7.64,1
P246069,37.92,7.64,1
P215023,25.77,7.64,1
P202832,68.281,7.64,2
P243127,38.92,7.64,1
P233065,54.348000000000006,7.639999999999999,2
P219197,38.52,7.63,1
P223855,32.400000000000006,7.63,1
P219590,32.192,7.63,1
P226764,34.029,7.63,1
P226225,192.285,7.625,2
P216036,75.8665,7.625,2
P212929,52.05,7.62,1
P214352,43.71,7.62,1
P216832,261.7,7.61,2
P223818,34.91,7.61,1
P217802,30.76,7.61,1
P209041,86.967,7.6000000000000005,2
P223235,28.47,7.6,1
P200345,27.4975,7.6,1
P207300,42.66,7.6,1
P232946,29.564,7.6,1
P235865,35.81,7.6,1
P204960,38.7005,7.6,1
P217241,37.96,7.6,1
P214809,31.52,7.6,1
P216807,32.12,7.59,1
P215319,301.57750000000004,7.59,3
P230412,135.187,7.585,2
P209225,43.074,7.58,1
P214931,30.52,7.58,1
P229728,118.38,7.58,1
P224218,27.2,7.58,1
P223497,53.91,7.58,1
P239558,238.65,7.58,2
P238447,129.489,7.58,1
P214138,179.78,7.58,2
P209960,194.2295,7.575,2
P234477,187.2905,7.575,2
P209899,40.7,7.57,1
P212624,248.91500000000002,7.57,4
P213011,28.04,7.57,1
P200844,30.0675,7.57,1
P216918,66.08,7.565,2
P225951,30.62,7.56,1
P223465,31.12,7.56,1
P202266,29.574,7.56,1
P219491,40.086,7.55,1
P219884,126.416,7.55,1
P229492,41.42,7.55,1
P208483,181.558,7.545,2
P248081,124.425,7.54,1
P223194,53.154,7.54,1
P208130,46.70400000000001,7.54,1
P244134,95.37,7.54,2
P241279,122.5,7.54,1
P243451,75.4045,7.535,2
P236447,69.44,7.535,2
P209476,204.651,7.534000000000001,5
P233688,32.8225,7.53,1
P245005,29.616000000000003,7.53,1
P213112,35.625,7.53,1
P247487,30.75,7.53,1
P232433,132.85,7.53,1
P207792,93.976,7.525,2
P204650,145.447,7.523333333333333,3
P245079,42.561,7.52,1
P224014,29.67,7.52,1
P247818,110.52,7.52,1
P203065,91.87299999999999,7.52,2
P215925,34.03,7.52,1
P239320,31.984,7.52,1
P247564,29.58,7.52,1
P249505,125.82,7.52,1
P215104,28.39,7.52,1
P216926,251.05,7.510000000000001,3
P215454,126.862,7.51,2
P233844,107.828,7.51,1
P219641,89.6275,7.51,2
P217481,115.824,7.51,1
P208088,44.308,7.51,1
P248704,28.827,7.51,1
P248393,75.9935,7.505000000000001,2
P226485,106.7,7.505,2
P249932,38.31,7.5,1
P206493,36.48,7.5,1
P214983,28.3005,7.5,1
P212823,107.793,7.5,1
P209762,102.182,7.5,1
P245050,26.336,7.49,1
P240142,44.289,7.49,1
P235359,47.91,7.49,1
P249365,103.89600000000002,7.49,1
P233325,24.13,7.49,1
P208928,28.5855,7.49,1
P238433,79.004,7.485,2
P249273,60.584999999999994,7.484999999999999,2
P218069,321.096,7.4825,4
P238151,143.53,7.48,1
P221488,30.03,7.48,1
P201676,43.768,7.48,1
P239778,51.0,7.48,1
P223937,31.680000000000003,7.48,1
P238403,195.35000000000002,7.475,2
P205147,185.7255,7.475,2
P229004,76.342,7.470000000000001,2
P203883,67.65299999999999,7.47,2
P220731,31.711,7.47,1
P225390,39.9475,7.47,1
P234833,110.30000000000001,7.469999999999999,2
P237358,64.526,7.465,2
P208280,96.44999999999999,7.465,2
P238813,76.436,7.46,2
P247876,25.872000000000003,7.46,1
P226934,34.0595,7.46,1
P246129,30.4095,7.46,1
P235276,77.878,7.459999999999999,2
P203949,169.20999999999998,7.455,2
P248401,46.495000000000005,7.45,1
P208560,34.798500000000004,7.45,1
P238865,40.392,7.45,1
P205081,37.22,7.45,1
P229466,28.22,7.45,1
P245149,29.019,7.45,1
P213490,25.536,7.45,1
P249530,83.17699999999999,7.449999999999999,2
P203006,265.21500000000003,7.446666666666666,3
P230368,254.401,7.445,2
P238179,38.171,7.44,1
P225924,36.575,7.44,1
P204628,58.66499999999999,7.435,2
P216173,131.81,7.435,2
P232229,264.75,7.433333333333333,3
P242954,35.86,7.43,1
P247871,40.536,7.43,1
P213450,52.38,7.43,1
P218288,48.02,7.43,1
P229287,34.08,7.43,1
P240065,31.3785,7.43,1
P231257,118.7,7.43,1
P245064,116.945,7.42,1
P202702,32.453,7.42,1
P230807,41.2585,7.42,1
P203796,85.5075,7.415,2
P224970,71.4055,7.414999999999999,2
P241362,119.331,7.41,1
P240039,70.901,7.41,2
P245589,46.36,7.41,1
P246666,23.96,7.41,1
P246233,69.997,7.405,2
P214853,66.718,7.4,2
P214207,25.7,7.4,1
P214598,25.3045,7.4,1
P213239,30.552,7.4,1
P232891,136.842,7.3950000000000005,2
P232010,21.47,7.39,1
P239541,32.274,7.39,1
P222622,102.94149999999999,7.39,3
P248364,127.274,7.386666666666667,3
P202560,127.594,7.386666666666667,3
P239989,59.801,7.385,2
P219283,43.488,7.38,1
P222752,44.35,7.38,1
P229990,30.366000000000003,7.38,1
P240343,122.736,7.38,1
P214453,132.92,7.38,1
P233351,63.92549999999999,7.38,2
P209907,35.241,7.37,1
P226970,51.606,7.37,1
P211269,42.993,7.37,1
P248365,32.0625,7.37,1
P245311,63.12400000000001,7.364999999999999,2
P249591,123.725,7.36,1
P212598,27.3,7.36,1
P216487,45.16,7.36,1
P230897,108.06,7.36,2
P208312,71.22,7.355,2
P206066,96.1525,7.35,2
P243919,26.45,7.35,1
P230934,27.047,7.35,1
P237219,27.12,7.35,1
P200227,86.58,7.345000000000001,2
P249815,39.93600000000001,7.34,1
P231742,30.243,7.34,1
P209316,37.7435,7.34,1
P225544,80.114,7.33,2
P242956,41.913,7.33,1
P201029,31.14,7.33,1
P249615,39.843,7.33,1
P238287,33.478,7.33,1
P238899,136.4,7.33,1
P230920,31.56,7.33,1
P206155,46.6905,7.33,1
P246348,178.66199999999998,7.326666666666667,3
P211117,253.358,7.326666666666665,3
P229362,79.896,7.324999999999999,2
P203691,29.019,7.32,1
P241890,42.351,7.32,1
P203950,73.49,7.32,2
P224615,37.5725,7.32,1
P233891,152.3325,7.316666666666666,3
P245426,56.59049999999999,7.315,2
P220746,83.1265,7.3149999999999995,2
P230294,95.152,7.31,2
P225882,28.64,7.31,1
P206810,37.39,7.31,1
P222948,57.752,7.300000000000001,2
P204220,99.187,7.3,2
P249633,49.704,7.3,1
P238834,46.68,7.3,1
P222902,34.12,7.3,1
P240914,56.73,7.295000000000001,2
P231768,66.024,7.29,2
P246492,39.28,7.29,1
P218444,37.08,7.29,1
P228823,139.26,7.286666666666666,3
P228327,99.8495,7.285,2
P244276,36.461,7.28,1
P243966,70.2795,7.28,2
P222444,117.08,7.28,1
P245932,26.58,7.28,1
P238923,33.2945,7.28,1
P213097,90.43700000000001,7.28,2
P248710,32.5,7.28,1
P223467,77.026,7.279999999999999,2
P245474,67.761,7.275,2
P225765,167.86200000000002,7.275,2
P227360,187.44,7.27,1
P242743,35.23,7.27,1
P213416,109.02,7.27,1
P224320,38.83,7.27,1
P240132,89.5205,7.265000000000001,2
P238853,74.632,7.265,2
P243037,68.572,7.260000000000001,2
P242944,49.638,7.26,2
P203193,32.688,7.26,1
P203390,37.827000000000005,7.26,1
P236495,26.37,7.26,1
P225194,82.36,7.26,2
P216837,34.71,7.26,1
P239040,32.832,7.26,1
P212705,82.125,7.255,2
P246046,32.5,7.25,1
P244502,43.64,7.25,1
P218792,41.97,7.25,1
P223783,33.88,7.25,1
P236595,35.18,7.25,1
P240320,92.41,7.25,2
P241575,75.5155,7.24,2
P207893,43.43,7.24,1
P235985,124.4485,7.24,1
P249164,24.568,7.24,1
P239735,205.963,7.236666666666667,3
P240449,158.555,7.235,2
P215009,136.971,7.234999999999999,2
P235537,27.84,7.23,1
P242026,28.52,7.23,1
P243825,43.928,7.23,1
P213790,30.06,7.23,1
P228242,92.67,7.220000000000001,2
P227045,42.94,7.22,1
P229564,40.06,7.22,1
P249114,65.284,7.215,2
P212061,146.829,7.215,2
P224574,37.7815,7.21,1
P206866,96.05,7.21,2
P209170,31.19,7.21,1
P229151,38.38,7.21,1
P217023,32.338,7.21,1
P226889,196.899,7.205,2
P247647,29.73,7.2,1
P224836,48.032,7.2,1
P223359,37.224,7.2,1
P201462,72.44200000000001,7.195,2
P219363,131.18699999999998,7.19,1
P225745,137.072,7.19,1
P215029,50.11,7.19,1
P249572,35.65,7.19,1
P223397,74.5945,7.1899999999999995,2
P245772,67.43900000000001,7.1850000000000005,2
P220155,115.37,7.185,2
P245101,40.768,7.18,1
P248777,31.8,7.18,1
P208805,25.98,7.18,1
P233786,31.745,7.18,1
P235413,113.239,7.18,1
P226162,73.708,7.179999999999999,2
P232225,66.3515,7.175,2
P215941,89.949,7.170000000000001,3
P243745,25.56,7.17,1
P241421,47.04,7.17,1
P217965,122.17,7.17,1
P212259,43.62,7.17,1
P245819,27.37,7.17,1
P208775,46.36,7.17,1
P223434,50.672,7.17,2
P216303,104.3885,7.169999999999999,3
P206635,66.6545,7.165,2
P249592,64.1,7.165,2
P216190,34.86,7.16,1
P247394,40.318,7.16,1
P204485,128.06,7.16,1
P247318,50.065,7.16,1
P231752,35.52,7.16,1
P210426,190.2945,7.16,2
P222727,130.672,7.16,3
P226615,110.7385,7.156666666666666,3
P235915,67.32000000000001,7.15,2
P228048,29.72,7.15,1
P209152,37.91,7.15,1
P231146,69.89,7.1499999999999995,2
P239022,103.977,7.1499999999999995,2
P207578,57.918,7.1450000000000005,2
P212949,288.62,7.1433333333333335,3
P230435,85.38,7.140000000000001,2
P219679,40.25,7.14,1
P222080,30.14,7.14,1
P223573,37.83,7.14,1
P249015,46.48,7.14,1
P222283,37.521,7.14,1
P249485,44.26,7.14,1
P216850,66.71000000000001,7.135000000000001,2
P220494,73.138,7.135,2
P249094,72.655,7.135,2
P229011,157.679,7.133333333333333,3
P201823,162.46,7.130000000000001,4
P248146,30.533,7.13,1
P214845,22.275,7.13,1
P206517,57.673500000000004,7.125,2
P221814,74.293,7.12,2
P245040,60.72,7.12,2
P245419,35.478,7.12,1
P240239,45.342000000000006,7.12,1
P247232,70.14250000000001,7.115,2
P236207,62.885000000000005,7.115,2
P209363,115.19399999999999,7.113333333333333,3
P201610,43.358,7.11,1
P243315,54.9195,7.11,1
P232614,29.12,7.11,1
P239244,25.48,7.11,1
P223710,48.02,7.11,1
P228835,30.03,7.11,1
P238569,31.722,7.11,1
P234651,28.519,7.11,1
P228812,110.51099999999998,7.105,2
P206226,179.0535,7.1049999999999995,2
P209531,29.61,7.1,1
P246101,122.5955,7.1,1
P205294,27.26,7.1,1
P244037,26.877,7.1,1
P219432,52.55,7.1,2
P234787,45.936,7.1,1
P246560,41.04,7.1,1
P233625,28.6615,7.1,1
P244294,77.12700000000001,7.095000000000001,2
P232996,236.53199999999998,7.090000000000001,3
P232989,43.56,7.09,1
P213616,172.276,7.085,2
P232802,22.6955,7.08,1
P247481,37.088,7.08,1
P210381,48.5,7.08,1
P221523,89.00999999999999,7.079999999999999,2
P236081,30.064499999999995,7.07,1
P215604,53.97,7.065,2
P218019,37.449,7.06,1
P200367,121.2,7.06,1
P236236,86.00349999999999,7.06,2
P227621,35.88,7.06,1
P207074,73.83399999999999,7.06,2
P244725,27.67,7.06,1
P211204,27.189,7.06,1
P234880,106.67,7.055,2
P216466,65.54599999999999,7.055,2
P232195,60.065,7.05,2
P245811,31.16,7.05,1
P241347,96.6,7.05,2
P246062,26.424,7.05,1
P223987,37.476,7.05,1
P244166,35.92,7.05,1
P230101,121.14000000000001,7.046666666666667,3
P223949,60.887,7.045,2
P227020,85.6,7.045,2
P224942,89.57249999999999,7.040000000000001,2
P229483,35.21,7.04,1
P222104,114.6,7.04,1
P243614,118.58,7.04,1
P227044,40.888,7.04,1
P219357,130.54,7.04,1
P203936,85.672,7.034999999999999,2
P232921,23.08,7.03,1
P236525,35.91,7.03,1
P223260,26.46,7.03,1
P217219,45.9,7.03,1
P201231,119.1,7.03,1
P219720,46.1225,7.03,1
P227009,93.98150000000001,7.025,2
P218286,59.300000000000004,7.0200000000000005,2
P216005,26.226000000000003,7.02,1
P227470,42.21,7.02,1
P208807,35.35,7.02,1
P215763,110.7605,7.02,1
P239871,26.08,7.02,1
P225378,72.3205,7.015000000000001,2
P244590,27.19,7.01,1
P205019,38.836,7.01,1
P208866,37.49,7.01,1
P210739,116.84,7.01,1
P212399,121.0,7.01,1
P224544,82.98,7.005,2
P239447,55.99,7.005,2
P246881,31.24,7.0,1
P238009,117.4675,7.0,1
P245323,39.84,7.0,1
P221937,114.22,7.0,1
P243362,36.6795,7.0,1
P208916,24.1,7.0,1
P248394,67.72399999999999,7.0,2
P228838,28.950000000000003,7.0,1
P231217,25.517,7.0,1
P201086,40.797,7.0,1
P200894,76.34,6.995000000000001,2
P220977,34.56,6.99,1
P248067,29.82,6.99,1
P223700,69.24,6.99,2
P226948,44.44,6.99,1
P227375,24.291,6.99,1
P211347,38.35,6.99,1
P206022,179.37900000000002,6.985,2
P233920,80.57000000000001,6.985,2
P233738,113.05,6.98,1
P223641,37.71,6.98,1
P212747,25.669,6.98,1
P246334,48.69899999999999,6.98,1
P212253,34.373999999999995,6.98,1
P210134,25.218,6.98,1
P227987,123.081,6.976666666666667,3
P225437,82.291,6.975,2
P231244,65.75,6.970000000000001,2
P232143,118.545,6.97,1
P223694,38.24,6.97,1
P242310,36.596,6.97,1
P206438,57.321,6.965,2
P210806,62.352000000000004,6.965,2
P218700,91.1465,6.96,2
P235495,65.69,6.96,2
P232456,38.209,6.96,1
P220100,36.185500000000005,6.96,1
P206261,26.885,6.96,1
P222298,71.8225,6.959999999999999,2
P243808,136.9185,6.956666666666667,3
P230956,55.5985,6.955,2
P236148,48.15,6.95,1
P247499,32.6655,6.95,1
P204305,35.224,6.95,1
P246228,35.15,6.95,1
P213182,66.95400000000001,6.949999999999999,2
P238887,220.017,6.946666666666666,3
P231856,182.001,6.946666666666666,3
P243575,55.396,6.945,2
P210149,72.623,6.945,2
P226033,106.497,6.94,1
P247428,38.016000000000005,6.94,1
P248044,37.61,6.94,1
P221325,27.37,6.94,1
P220253,34.86,6.94,1
P202091,181.73000000000002,6.935,2
P212086,35.955,6.93,1
P243682,126.76,6.93,1
P207693,46.67,6.93,1
P213909,45.9705,6.93,1
P212280,84.828,6.925000000000001,2
P230619,80.046,6.925,2
P220033,34.72,6.92,1
P208137,152.73149999999998,6.916666666666667,3
P241178,191.21,6.915,2
P207951,231.54549999999998,6.913333333333333,3
P249599,27.91,6.91,1
P204620,27.804,6.91,1
P249577,125.99,6.91,1
P222597,58.46,6.905,2
P207798,58.888000000000005,6.9,2
P212073,28.016,6.9,1
P224597,63.07000000000001,6.9,2
P229208,41.871,6.9,1
P248260,83.07900000000001,6.9,2
P227364,43.0,6.9,1
P213908,37.75,6.9,1
P241670,33.05,6.89,1
P232023,65.13,6.885,2
P201153,55.129000000000005,6.885,2
P237236,42.33,6.88,1
P246605,44.97,6.88,1
P219053,30.742,6.88,1
P220907,66.03,6.88,2
P218103,34.96,6.88,1
P213233,87.45500000000001,6.88,2
P236190,27.398,6.88,1
P206291,118.161,6.88,1
P220677,32.66,6.88,1
P224916,25.4505,6.88,1
P210462,54.376000000000005,6.875,2
P227230,78.263,6.875,2
P210210,46.70199999999999,6.87,1
P240638,37.55,6.87,1
P237396,35.1215,6.87,1
P241483,32.9935,6.87,1
P215685,147.478,6.866666666666666,3
P203832,40.76,6.86,1
P204071,40.39,6.86,1
P212011,38.8,6.86,1
P234842,128.3,6.859999999999999,3
P208545,321.2405,6.859999999999999,3
P200617,60.2245,6.85,2
P207053,36.84,6.85,1
P202671,31.72,6.85,1
P243779,254.32750000000001,6.845,4
P217519,70.0695,6.845,2
P223362,103.419,6.840000000000001,2
P230471,112.662,6.84,1
P234814,31.77,6.84,1
P226203,42.47,6.84,1
P249264,41.77,6.84,1
P227151,83.142,6.84,3
P210812,36.999,6.84,1
P208778,44.21,6.84,1
P214323,52.4,6.84,1
P248916,71.069,6.84,2
P204538,180.345,6.836666666666667,3
P210431,33.8,6.83,1
P205168,21.96,6.83,1
P231871,37.17,6.83,1
P245655,32.25600000000001,6.83,1
P239581,239.356,6.83,2
P242446,65.4265,6.82,2
P248359,42.76,6.82,1
P214963,115.35,6.82,1
P207961,70.095,6.8149999999999995,2
P219667,140.743,6.8149999999999995,2
P211068,71.356,6.805,2
P234096,98.9325,6.800000000000001,3
P211694,71.31,6.8,2
P245972,30.72,6.8,1
P234118,38.898,6.8,1
P247929,26.928,6.8,1
P225337,39.01,6.8,1
P204263,112.39,6.8,1
P222612,184.847,6.8,2
P232100,128.052,6.8,1
P234872,83.0925,6.795,2
P205656,110.599,6.79,1
P216365,30.305,6.79,1
P236981,31.71,6.79,1
P248329,42.2,6.79,1
P247767,35.94,6.79,1
P236158,78.48949999999999,6.785,2
P200258,28.0245,6.78,1
P221955,120.85,6.78,1
P211885,33.592,6.78,1
P206167,38.547,6.78,1
P201819,33.21,6.78,1
P214045,173.088,6.7749999999999995,2
P233238,26.77,6.77,1
P221646,31.37,6.77,1
P239286,26.5,6.77,1
P235571,86.839,6.77,2
P213293,34.034,6.76,1
P236000,28.39,6.76,1
P231937,122.65100000000001,6.756666666666667,3
P203983,60.909000000000006,6.754999999999999,2
P225426,83.19200000000001,6.75,2
P206129,37.525,6.75,1
P204958,30.5045,6.75,1
P200293,107.21,6.75,1
P206333,40.28,6.75,1
P224673,35.64,6.75,1
P228802,115.2,6.75,1
P229812,34.976,6.75,1
P240995,156.79,6.75,2
P202874,34.32,6.74,1
P201878,41.04,6.74,1
P202021,64.28,6.74,2
P227392,66.46000000000001,6.74,2
P217799,38.76,6.74,1
P203681,24.13,6.74,1
P234256,40.15,6.74,1
P248756,28.2055,6.74,1
P210933,44.58,6.73,1
P244086,37.86,6.73,1
P219112,33.94349999999999,6.73,1
P243314,236.2265,6.73,2
P213999,145.675,6.73,2
P211155,50.04,6.73,1
P206514,49.5,6.73,1
P243353,48.91,6.73,1
P245078,221.0165,6.7299999999999995,3
P242779,64.15,6.725,2
P211475,89.05,6.723333333333333,3
P236443,205.86149999999998,6.720000000000001,2
P233415,27.17,6.72,1
P236461,35.1025,6.72,1
P225177,150.34449999999998,6.72,2
P225189,117.67,6.72,1
P233545,26.367,6.72,1
P218560,74.119,6.72,2
P200513,36.07,6.72,1
P215078,46.33,6.72,1
P226099,35.61,6.72,1
P210313,35.793000000000006,6.72,1
P224611,24.744,6.71,1
P238222,32.922,6.71,1
P205202,30.59,6.71,1
P209515,184.02550000000002,6.71,2
P248291,56.648500000000006,6.709999999999999,2
P217285,177.17899999999997,6.705,2
P244407,34.083,6.7,1
P216969,22.6,6.7,1
P201132,186.05599999999998,6.7,2
P223502,128.07,6.69,1
P221353,35.6345,6.69,1
P202848,46.7,6.69,1
P224939,100.5955,6.69,1
P222353,33.55,6.69,1
P212095,157.9455,6.6850000000000005,2
P241834,53.8,6.680000000000001,2
P217856,48.09,6.68,1
P239506,45.837,6.68,1
P244217,32.39,6.68,1
P221283,26.49,6.68,1
P221887,97.964,6.68,1
P214815,27.778,6.68,1
P225638,37.908,6.68,1
P244525,33.048,6.68,1
P229230,74.226,6.675,2
P243556,38.3705,6.67,1
P200910,125.343,6.67,1
P223774,25.21,6.67,1
P214033,64.53,6.67,2
P223735,107.4655,6.67,1
P207628,36.803,6.67,1
P234699,40.02,6.66,1
P241860,191.85500000000002,6.66,2
P238891,36.21,6.65,1
P244441,34.22,6.65,1
P205811,100.487,6.65,1
P216418,30.36,6.65,1
P233672,106.704,6.65,1
P241282,125.25,6.65,1
P238626,71.4625,6.6499999999999995,2
P232872,217.667,6.646666666666667,3
P222983,25.28,6.64,1
P237542,30.9225,6.64,1
P243871,35.89,6.64,1
P209564,23.168000000000003,6.64,1
P219044,72.93,6.64,2
P243647,36.07,6.64,1
P210487,84.83,6.635,2
P223808,60.927499999999995,6.635,2
P201905,38.969,6.63,1
P213192,27.056,6.63,1
P212953,35.721,6.63,1
P224861,43.65,6.62,1
P225444,37.373000000000005,6.62,1
P220023,122.76,6.62,1
P227153,123.14399999999998,6.62,1
P237588,25.6,6.62,1
P241897,30.81,6.61,1
P226076,73.32000000000001,6.61,2
P233460,25.677000000000003,6.61,1
P210906,41.27,6.61,1
P234067,40.29,6.61,1
P201796,33.53,6.61,1
P202900,123.22,6.61,1
P203408,23.24,6.61,1
P231498,41.17,6.61,1
P219947,21.6,6.61,1
P204383,48.261,6.6049999999999995,2
P219558,98.156,6.603333333333333,3
P207937,29.488,6.6,1
P248813,44.3785,6.6,1
P234348,32.36,6.6,1
P209974,43.992,6.6,1
P244012,40.37,6.6,1
P237948,112.76,6.6,1
P222690,37.0,6.6,1
P243458,37.86,6.6,1
P245873,47.62,6.6,1
P243639,120.6515,6.596666666666667,3
P202666,180.21499999999997,6.595,2
P202610,32.357,6.59,1
P201381,76.395,6.59,2
P212130,36.366,6.59,1
P236973,33.4495,6.59,1
P237050,42.624,6.59,1
P230846,64.619,6.59,2
P231986,54.129999999999995,6.585000000000001,2
P206461,122.1245,6.585,2
P206669,48.2375,6.58,1
P212915,24.21,6.58,1
P230761,116.78,6.58,1
P207013,108.76,6.58,1
P239730,43.59,6.58,1
P247780,27.846,6.58,1
P249875,36.8125,6.58,1
P240021,63.92100000000001,6.575,2
P235212,206.9,6.575,2
P237466,40.264,6.57,1
P206415,23.868,6.57,1
P203986,64.237,6.57,2
P228655,67.536,6.57,2
P248739,26.265,6.57,1
P200246,17.892500000000002,6.57,1
P244884,31.48,6.57,1
P218984,149.20999999999998,6.565,2
P216325,68.0905,6.5600000000000005,2
P234918,27.95,6.56,1
P234320,22.895,6.56,1
P236645,39.11,6.56,1
P205313,29.4,6.56,1
P217963,33.606,6.56,1
P207152,38.888000000000005,6.56,1
P240235,206.7995,6.555,2
P211058,64.5755,6.555,2
P242179,34.617999999999995,6.55,1
P230567,30.86,6.55,1
P247941,62.89,6.54,2
P245460,37.1,6.54,1
P224990,39.68000000000001,6.53,1
P239674,34.48,6.53,1
P201665,36.3,6.53,1
P231628,46.417,6.53,1
P232538,31.86,6.53,1
P202131,30.06,6.53,1
P225280,30.6,6.53,1
P222182,67.66,6.5200000000000005,2
P239133,24.82,6.52,1
P230544,81.428,6.52,3
P223067,23.904,6.52,1
P232617,31.86,6.52,1
P225821,27.12,6.52,1
P229825,21.6315,6.52,1
P249402,138.25,6.510000000000001,3
P200956,103.92,6.51,1
P234969,24.64,6.51,1
P249567,35.6,6.51,1
P213607,79.74,6.505,2
P228588,37.9,6.5,1
P248747,30.474,6.5,1
P247062,31.96,6.5,1
P205196,64.019,6.5,2
P246984,38.24699999999999,6.5,1
P249081,32.13,6.5,1
P244487,181.786,6.49,2
P226722,33.21,6.49,1
P225339,26.42,6.49,1
P238052,56.288000000000004,6.49,2
P227531,225.26099999999997,6.489999999999999,2
P237111,213.3235,6.484999999999999,2
P211108,80.846,6.48,2
P201394,41.57,6.48,1
P223661,37.9715,6.48,1
P227083,116.1565,6.48,1
P204415,151.38,6.475,2
P209369,65.954,6.47,2
P213078,29.07,6.47,1
P231506,22.916,6.47,1
P242156,76.79999999999998,6.47,2
P229668,49.3495,6.465,2
P239055,29.336,6.46,1
P205341,24.6145,6.46,1
P243800,38.2,6.46,1
P224776,31.97,6.46,1
P225332,53.673500000000004,6.455,2
P218372,57.439,6.455,2
P230712,27.32,6.45,1
P237191,34.28,6.45,1
P203398,29.1365,6.45,1
P207457,101.73,6.45,1
P201677,34.051,6.45,1
P234536,54.296,6.44,2
P214722,54.8975,6.44,2
P244025,37.706,6.44,1
P220545,122.12,6.44,1
P207033,36.8315,6.44,1
P218612,45.711000000000006,6.4399999999999995,2
P235467,33.768,6.43,1
P200418,49.455000000000005,6.43,1
P214825,46.4075,6.43,1
P215895,43.59,6.43,1
P224696,303.72999999999996,6.426666666666667,3
P239142,40.84,6.42,1
P207888,33.41,6.42,1
P209586,103.53,6.42,1
P243209,37.080000000000005,6.42,1
P223507,124.68,6.42,1
P245567,38.38,6.42,1
P249085,104.78299999999999,6.415,2
P230298,62.262,6.415,2
P205098,29.36,6.41,1
P207044,31.6,6.41,1
P213847,21.7685,6.41,1
P249149,23.88,6.41,1
P246696,36.064,6.41,1
P207171,108.37,6.41,1
P238388,28.05,6.4,1
P210357,34.357,6.4,1
P200090,131.436,6.4,1
P227322,26.6095,6.4,1
P228543,29.457,6.4,1
P202667,35.18,6.4,1
P208116,64.046,6.4,2
P221782,24.976,6.4,1
P230023,28.368,6.4,1
P216025,115.91999999999999,6.396666666666667,3
P217112,34.2805,6.39,1
P218832,117.92,6.39,1
P215318,23.382,6.39,1
P227442,29.06,6.39,1
P235305,125.2475,6.39,1
P208493,73.4945,6.39,2
P215641,98.192,6.383333333333333,3
P231395,241.10000000000002,6.38,2
P205889,33.813,6.38,1
P239225,38.46,6.38,1
P214698,126.023,6.379999999999999,2
P237739,135.15800000000002,6.37,2
P202146,42.78,6.37,1
P230517,23.82,6.37,1
P201849,35.78,6.37,1
P247418,69.6965,6.37,2
P214065,122.972,6.366666666666667,3
P204797,32.86,6.36,1
P234852,35.160000000000004,6.36,1
P218980,36.38,6.36,1
P224733,104.13,6.36,1
P200014,57.62,6.355,2
P218040,57.738,6.3549999999999995,2
P236575,173.6205,6.3549999999999995,2
P223620,125.81,6.3549999999999995,2
P213211,52.25,6.35,2
P246064,31.7305,6.35,1
P212746,108.5,6.35,1
P238930,30.56,6.35,1
P207948,70.12,6.345000000000001,2
P225898,48.4595,6.34,1
P240003,233.6085,6.34,3
P214257,42.336,6.34,1
P240725,22.347,6.33,1
P212862,35.19,6.33,1
P235382,37.9185,6.33,1
P218266,21.555,6.33,1
P231428,40.935500000000005,6.33,1
P225914,30.53,6.33,1
P206187,23.805,6.33,1
P220402,107.0595,6.326666666666667,3
P219506,42.17,6.32,1
P223152,25.71,6.32,1
P240517,75.33,6.32,2
P222187,27.38,6.32,1
P219637,30.1,6.32,1
P210485,40.09,6.32,1
P205427,190.922,6.315,2
P211563,95.012,6.315,2
P207316,27.03,6.31,1
P237974,32.2575,6.31,1
P213177,31.9675,6.31,1
P224396,107.65,6.31,1
P212050,24.93,6.31,1
P231548,38.79,6.31,1
P217306,28.713,6.31,1
P228930,38.9,6.31,1
P233686,35.3,6.3,1
P209664,32.22,6.3,1
P238119,26.31,6.3,1
P230232,104.80000000000001,6.3,2
P247011,30.855999999999995,6.3,1
P223128,83.15350000000001,6.295000000000001,2
P205956,80.939,6.295,2
P216576,34.85,6.29,1
P230052,23.94,6.29,1
P213988,26.98,6.29,1
P203792,29.02,6.29,1
P248234,29.257,6.29,1
P236438,32.92,6.29,1
P228991,23.6835,6.29,1
P235691,73.084,6.289999999999999,2
P219015,119.25,6.289999999999999,2
P204355,155.707,6.285,2
P206817,149.66800000000003,6.285,2
P248284,49.589999999999996,6.28,2
P232390,40.8425,6.28,1
P219292,26.130000000000003,6.28,1
P228186,33.8,6.28,1
P216359,44.1,6.28,1
P225975,160.39,6.28,2
P243246,60.260000000000005,6.275,2
P237549,98.38,6.27,1
P220008,17.31,6.27,1
P236487,26.24,6.27,1
P233268,33.72,6.27,1
P249696,68.57,6.265,2
P220866,164.39350000000002,6.260000000000001,3
P243995,170.79,6.260000000000001,2
P233835,58.197,6.26,2
P221019,46.38,6.26,1
P240041,26.96,6.26,1
P201262,42.07,6.26,1
P211004,31.95,6.26,1
P248637,147.346,6.257499999999999,4
P234234,69.568,6.255000000000001,2
P242357,28.864,6.25,1
P225619,25.677000000000003,6.25,1
P235859,117.06450000000001,6.25,3
P218677,36.59,6.25,1
P246498,43.344,6.25,1
P225460,155.4165,6.245,2
P228568,23.7,6.24,1
P219425,28.72,6.24,1
P209770,34.78,6.24,1
P218957,42.5885,6.24,1
P232212,60.875,6.24,2
P220056,41.84,6.24,2
P219724,39.51,6.23,1
P208323,28.422,6.23,1
P210318,106.04,6.23,1
P203567,24.147,6.23,1
P218334,59.8655,6.2250000000000005,2
P238635,39.4,6.22,1
P213376,63.583,6.22,2
P246599,26.01,6.22,1
P221673,37.2875,6.22,1
P212657,23.0565,6.22,1
P247122,35.99,6.22,1
P239288,36.252,6.22,1
P239764,29.4,6.22,1
P212914,36.6,6.22,1
P241214,104.919,6.216666666666666,3
P240724,60.849,6.215,2
P231076,344.0815,6.214,5
P212474,29.716,6.21,1
P211920,125.6485,6.21,2
P203904,24.92,6.21,1
P217239,39.93,6.21,1
P248164,31.01,6.21,1
P242776,34.04,6.21,1
P214451,51.22,6.205,2
P203557,87.2115,6.205,2
P238194,45.24,6.2,1
P236299,22.553,6.2,1
P201835,20.28,6.2,1
P222468,64.51,6.199999999999999,2
P228216,36.232,6.19,1
P202207,26.61,6.19,1
P220185,46.959999999999994,6.19,2
P203334,30.33,6.19,1
P200551,127.37,6.19,1
P233663,22.2105,6.19,1
P202112,29.13,6.19,1
P241250,78.042,6.185,2
P223030,79.60900000000001,6.18,2
P232185,35.976499999999994,6.18,1
P249715,28.27,6.18,1
P205628,116.15,6.18,3
P234269,32.35,6.18,1
P214324,137.29,6.18,2
P225286,48.7685,6.175,2
P234726,170.6565,6.165,2
P248088,79.36999999999999,6.16,2
P227445,26.86,6.16,1
P242588,34.0255,6.16,1
P248478,112.879,6.16,1
P208649,26.962,6.16,1
P241309,40.02,6.16,1
P242595,30.960500000000003,6.16,1
P244896,110.96,6.16,1
P226752,49.69899999999999,6.16,2
P239775,23.08,6.16,1
P222093,41.211,6.16,1
P233741,211.54,6.155,2
P211752,58.765,6.155,2
P228283,56.604,6.154999999999999,2
P233083,24.67,6.15,1
P249436,145.602,6.15,2
P236919,108.4,6.15,1
P224250,37.519,6.15,1
P244910,52.036,6.1499999999999995,2
P237624,81.013,6.145,2
P210461,111.436,6.140000000000001,3
P220136,45.271,6.14,1
P227977,24.13,6.14,1
P244283,37.582,6.14,1
P216062,29.673,6.14,1
P209659,28.323,6.14,1
P234232,91.6925,6.130000000000001,2
P205654,25.2225,6.13,1
P234820,24.78,6.13,1
P212191,54.01049999999999,6.13,2
P247117,34.432,6.13,1
P212324,122.0,6.126666666666668,3
P220250,115.756,6.125,2
P247710,47.598,6.12,2
P235898,107.34,6.12,1
P241655,105.45,6.12,1
P228572,27.16,6.12,1
P226659,74.50999999999999,6.115,2
P208995,62.712,6.114999999999999,2
P200607,25.173,6.11,1
P215657,32.8225,6.11,1
P219233,22.8475,6.11,1
P249897,76.797,6.109999999999999,2
P215913,110.98,6.1,1
P239833,42.05,6.1,1
P244798,100.45,6.1,1
P202297,32.7275,6.09,1
P231126,23.72,6.09,1
P236091,54.84,6.09,2
P213983,28.81,6.09,1
P210862,39.77,6.09,1
P227718,66.89600000000002,6.085,2
P231900,30.447499999999994,6.08,1
P207130,39.748000000000005,6.08,1
P248034,39.94,6.08,1
P209235,32.36,6.08,1
P226395,138.12,6.08,2
P214214,115.285,6.079999999999999,3
P231379,51.2595,6.074999999999999,2
P243848,83.60000000000001,6.073333333333333,3
P219633,24.05,6.07,1
P212124,35.797999999999995,6.07,1
P220251,44.7165,6.07,1
P225266,110.7,6.07,1
P216899,36.5,6.07,1
P210275,66.6865,6.065,2
P200709,29.86,6.06,1
P214770,20.0,6.06,1
P230858,27.39,6.06,1
P219201,23.16,6.06,1
P240198,50.138999999999996,6.055,2
P213950,174.389,6.050000000000001,3
P240083,38.34,6.05,1
P202405,37.984,6.05,1
P224198,32.49,6.05,1
P219941,24.66,6.05,1
P206120,151.257,6.05,2
P240643,51.186,6.05,1
P219617,35.3685,6.05,1
P212236,33.66,6.05,1
P207086,36.33,6.05,1
P240456,69.222,6.045,2
P246051,86.35,6.045,2
P240887,100.306,6.043333333333333,3
P207691,195.65,6.04,2
P205876,29.42,6.04,1
P247284,63.3555,6.035,2
P205057,133.957,6.03,2
P238731,62.6145,6.03,2
P229212,115.28,6.03,1
P229999,47.78,6.03,1
P201240,45.112,6.03,1
P215175,32.49,6.03,1
P238207,25.54,6.02,1
P205566,221.16,6.02,3
P224928,50.356,6.02,2
P221315,105.27,6.02,1
P206043,203.39499999999998,6.015000000000001,2
P246737,86.016,6.01,1
P204540,29.88,6.01,1
P217004,26.809,6.01,1
P212057,38.57,6.01,1
P238334,17.764999999999997,6.01,1
P218210,150.638,6.01,2
P210670,33.9,6.01,1
P241961,97.815,6.005,2
P209121,58.0415,6.005,2
P232922,25.48,6.0,1
P235857,117.0305,6.0,1
P228539,27.21,6.0,1
P203605,35.154,6.0,1
P227739,16.511,6.0,1
P206628,40.831,5.99,1
P232421,66.655,5.99,2
P215676,99.07,5.99,1
P241042,24.3,5.99,1
P249346,105.221,5.986666666666667,3
P239783,51.547000000000004,5.985,2
P225719,28.87,5.98,1
P201429,108.4045,5.98,1
P202770,24.49,5.98,1
P238543,23.44,5.98,1
P207817,95.4165,5.973333333333333,3
P200847,29.121,5.97,1
P207312,32.775,5.97,1
P247105,28.35,5.97,1
P245226,34.34,5.97,1
P238463,74.402,5.97,2
P221876,26.068,5.97,1
P231962,123.09,5.97,1
P244507,60.48349999999999,5.965,2
P243982,41.259,5.96,1
P202468,101.403,5.96,1
P203893,23.902,5.96,1
P214480,25.46,5.96,1
P241302,177.16,5.96,2
P227471,26.72,5.96,1
P211653,123.136,5.95,2
P243962,31.380000000000003,5.95,1
P230206,25.536,5.95,1
P222470,161.42950000000002,5.945,2
P234925,59.081500000000005,5.940000000000001,2
P231454,33.58,5.94,1
P229032,30.71,5.94,1
P235048,253.692,5.94,3
P212338,23.919,5.94,1
P226929,25.175,5.94,1
P232518,34.22,5.94,1
P202897,60.906,5.9399999999999995,2
P235080,67.252,5.9350000000000005,2
P207731,142.97,5.9350000000000005,2
P206608,26.160000000000004,5.93,1
P234195,312.765,5.93,4
P207151,27.96,5.93,1
P218851,61.2205,5.925,2
P227885,30.8275,5.92,1
P249900,21.159,5.92,1
P217309,32.1385,5.92,1
P246389,98.35,5.92,1
P245771,47.448,5.92,1
P245108,23.74,5.92,1
P236183,101.5265,5.91,3
P243648,33.059999999999995,5.91,1
P224601,154.8145,5.91,2
P215571,28.1105,5.91,1
P232408,28.177,5.91,1
P240289,37.992,5.91,1
P249968,34.06,5.9,1
P204423,21.2,5.9,1
P217494,36.404,5.9,1
P249216,27.43,5.9,1
P226777,30.01,5.9,1
P206887,38.5,5.9,1
P216798,45.480000000000004,5.9,2
P206703,235.82049999999998,5.8925,4
P204527,85.2925,5.890000000000001,2
P207510,20.14,5.89,1
P236687,39.46,5.89,1
P212097,22.18,5.89,1
P206005,24.3865,5.89,1
P244838,62.885000000000005,5.885,2
P239438,24.53,5.88,1
P242125,29.45,5.88,1
P249057,29.835,5.88,1
P215473,85.54050000000001,5.876666666666666,3
P227483,166.29749999999996,5.875,2
P246248,45.182,5.87,1
P212115,43.63,5.87,1
P210652,38.029,5.87,1
P230647,27.450000000000003,5.87,1
P244630,87.43,5.87,1
P229200,29.1365,5.87,1
P200056,68.2855,5.865,2
P226839,25.976,5.86,1
P243645,40.8,5.86,1
P219640,97.68199999999999,5.8500000000000005,3
P203114,39.03,5.85,1
P242576,25.46,5.85,1
P212585,25.86,5.85,1
P218165,24.894,5.85,1
P221027,18.2,5.85,1
P235268,29.12,5.85,1
P235497,22.25,5.85,1
P203412,21.28,5.84,1
P202422,103.015,5.84,3
P220463,29.06,5.84,1
P226111,55.487,5.84,2
P210721,18.78,5.83,1
P202573,33.96,5.83,1
P242471,78.4875,5.824999999999999,2
P216712,161.92000000000002,5.823333333333333,3
P222341,40.071,5.82,1
P247190,109.9435,5.82,1
P242161,40.24,5.82,1
P220466,34.695,5.82,1
P227922,101.3365,5.82,1
P236336,23.826,5.82,1
P220399,30.514,5.82,1
P226373,109.136,5.82,1
P239523,33.38,5.82,1
P221889,27.88,5.82,1
P207630,26.334000000000003,5.82,1
P201316,190.85750000000002,5.815,2
P217366,22.4105,5.81,1
P229205,21.85,5.81,1
P230875,68.18,5.81,2
P225692,73.72,5.805,2
P217591,36.9,5.8,1
P232586,107.7965,5.8,1
P213549,34.88,5.8,1
P232107,34.4,5.8,1
P230904,113.95,5.8,1
P230975,28.8,5.8,1
P206300,45.306999999999995,5.8,2
P232406,94.076,5.795,2
P211166,38.808,5.79,1
P239965,24.86,5.79,1
P202283,45.974000000000004,5.79,2
P202858,46.0,5.79,1
P203187,41.48,5.79,1
P204438,27.19,5.78,1
P222395,39.51,5.78,1
P202942,101.01,5.78,1
P224093,41.940000000000005,5.78,1
P213195,28.503000000000004,5.78,1
P242396,33.345,5.78,1
P238709,43.57,5.78,1
P217235,26.01,5.78,1
P216615,23.656,5.78,1
P248526,21.22,5.78,1
P215479,23.36,5.78,1
P239157,56.6345,5.7700000000000005,2
P227386,27.16,5.77,1
P223479,35.79,5.77,1
P212323,27.251,5.77,1
P206131,105.906,5.77,1
P210587,20.94,5.77,1
P218857,108.49949999999998,5.77,1
P243532,54.659,5.765000000000001,2
P244480,195.022,5.760000000000001,3
P202127,63.55,5.76,2
P224419,36.38,5.76,1
P233266,23.294,5.76,1
P209996,26.239,5.76,1
P219060,25.37,5.76,1
P214415,120.05,5.76,1
P206386,32.319,5.76,1
P233622,85.96000000000001,5.756666666666667,3
P223474,227.04,5.755,2
P221865,22.98,5.75,1
P201357,23.845,5.75,1
P245891,39.0165,5.75,1
P212006,38.43,5.75,1
P230361,26.12,5.75,1
P226384,88.28,5.75,1
P247381,62.3625,5.745,2
P229698,56.8245,5.74,2
P213457,51.958,5.74,2
P202575,41.0115,5.74,1
P230441,23.4,5.74,1
P205655,117.9205,5.74,1
P214549,23.698,5.74,1
P218883,166.17,5.73,2
P219177,29.912000000000003,5.73,1
P200721,56.739999999999995,5.7250000000000005,2
P245174,60.539,5.725,2
P241982,74.0365,5.725,2
P221320,189.966,5.72,2
P240263,98.76400000000001,5.716666666666666,3
P216182,127.06,5.715,2
P215314,61.141999999999996,5.715,2
P201085,112.39999999999999,5.713333333333334,3
P216653,39.64,5.71,1
P202030,25.13,5.71,1
P216195,30.87,5.71,1
P219825,108.24,5.71,1
P231373,33.8555,5.71,1
P239644,100.89,5.7,1
P246569,26.74,5.7,1
P224291,26.1885,5.7,1
P225236,102.91,5.7,1
P215008,37.7,5.7,1
P229192,22.1,5.7,1
P236593,35.77,5.7,1
P228452,20.0,5.7,1
P207695,26.888,5.7,1
P225308,78.34,5.695,2
P225708,30.14,5.69,1
P223571,31.581000000000003,5.69,1
P205349,33.269,5.69,1
P247131,46.71,5.69,1
P248855,49.012,5.69,2
P223732,38.12,5.69,1
P210909,44.612,5.69,1
P235431,32.51,5.69,1
P211853,21.64,5.68,1
P204873,104.56,5.68,1
P214176,106.46600000000001,5.676666666666666,3
P249223,58.29050000000001,5.675000000000001,2
P233288,26.733,5.67,1
P203851,30.723000000000003,5.67,1
P229497,39.23,5.67,1
P232688,33.95,5.67,1
P239773,25.57,5.67,1
P236029,27.51,5.67,1
P244404,215.02499999999998,5.665,2
P207252,138.5,5.665,2
P243379,24.48,5.66,1
P207512,26.112,5.66,1
P215526,22.53,5.66,1
P211627,27.15,5.66,1
P222277,22.18,5.66,1
P207445,32.46,5.66,1
P206883,29.16,5.66,1
P205895,20.44,5.66,1
P241034,114.849,5.66,1
P238038,31.1525,5.65,1
P221500,43.4055,5.65,1
P205144,39.77,5.65,1
P224609,40.779,5.65,1
P234608,28.323,5.65,1
P216761,45.847,5.645,2
P235394,55.377500000000005,5.64,2
P238840,30.41,5.64,1
P219622,31.33,5.64,1
P204054,30.064,5.64,1
P218825,20.36,5.64,1
P233757,37.28,5.64,1
P222643,31.5685,5.64,1
P244661,35.1,5.64,1
P200414,24.39,5.63,1
P247508,58.9565,5.63,2
P235976,37.8,5.63,1
P244828,26.76,5.63,1
P206443,21.56,5.63,1
P229336,66.13999999999999,5.63,2
P240585,25.551,5.63,1
P223746,190.73899999999998,5.626666666666668,3
P241494,21.132,5.62,1
P206645,48.943,5.62,2
P236510,27.69,5.62,1
P211776,24.36,5.62,1
P234703,79.941,5.62,3
P237599,64.07,5.619999999999999,2
P230001,34.33,5.61,1
P227079,31.224000000000004,5.61,1
P228879,205.65900000000002,5.61,2
P241930,45.12,5.61,1
P242658,23.823,5.61,1
P211184,151.983,5.609999999999999,2
P214772,196.57500000000002,5.6000000000000005,3
P214025,36.04,5.6,1
P215128,25.9165,5.6,1
P221473,19.2565,5.6,1
P229152,46.290000000000006,5.6,2
P205708,60.55800000000001,5.595,2
P246478,54.386,5.595,2
P247672,133.727,5.593333333333334,3
P235609,100.026,5.59,1
P218197,31.338,5.59,1
P215575,30.16,5.59,1
P204746,29.42,5.59,1
P211825,21.641,5.59,1
P229989,63.743,5.59,2
P217779,22.23,5.59,1
P206626,25.14,5.59,1
P217871,92.862,5.586666666666666,3
P220386,65.76050000000001,5.585,2
P200046,23.6,5.58,1
P246183,32.33,5.58,1
P226409,24.07,5.58,1
P241522,62.4345,5.58,2
P210915,29.106000000000005,5.58,1
P247915,25.35,5.58,1
P226025,244.60349999999997,5.576,5
P214239,54.56,5.575,2
P231478,42.3,5.57,1
P223769,25.0705,5.57,1
P208833,37.89,5.57,1
P200546,34.46,5.57,1
P214992,73.24,5.56,2
P237297,26.11,5.56,1
P217790,36.765,5.56,1
P241481,100.413,5.56,1
P215836,30.456000000000003,5.56,1
P232177,25.88,5.56,1
P235775,19.77,5.56,1
P232246,27.4455,5.56,1
P243267,33.35,5.56,1
P205150,25.14,5.56,1
P216606,66.154,5.555000000000001,2
P242497,54.366,5.555,2
P232241,122.97,5.555,2
P208509,187.221,5.553333333333334,3
P248446,68.32600000000001,5.55,2
P204633,33.1245,5.55,1
P232591,71.108,5.55,2
P203924,23.45,5.55,1
P243017,33.16,5.55,1
P213554,160.66,5.55,2
P230767,133.57,5.545,2
P220783,30.799,5.54,1
P241999,50.7735,5.535,2
P225118,59.585,5.535,2
P219705,36.38,5.53,1
P204987,25.0705,5.53,1
P209542,27.45,5.53,1
P212749,28.22,5.53,1
P245176,26.01,5.53,1
P206870,23.427000000000003,5.53,1
P237944,28.44,5.52,1
P223696,32.832,5.52,1
P229593,26.18,5.52,1
P240316,92.54599999999999,5.516666666666667,3
P246508,97.9925,5.51,1
P226531,33.56,5.51,1
P249025,32.8795,5.51,1
P247539,26.62,5.51,1
P201393,37.2045,5.51,1
P248029,147.708,5.505,2
P227314,23.6645,5.5,1
P242105,56.55800000000001,5.5,2
P215293,32.27,5.5,1
P223999,99.93,5.49,1
P209015,88.712,5.49,1
P228258,100.66,5.49,1
P225549,24.25,5.49,1
P203297,104.405,5.49,1
P233887,117.8865,5.49,1
P245420,38.736,5.49,1
P212016,42.44,5.49,1
P220729,104.31,5.49,1
P236554,59.822500000000005,5.489999999999999,2
P238100,89.091,5.485,2
P207544,101.745,5.48,1
P203791,22.9235,5.48,1
P230507,30.141,5.48,1
P215693,32.604,5.48,1
P223179,29.05,5.48,1
P207124,33.014,5.48,1
P228410,17.79,5.48,1
P219480,64.6095,5.48,2
P230015,40.698,5.48,1
P234609,112.752,5.48,1
P234959,104.41,5.48,1
P222489,94.27,5.476666666666667,3
P249681,62.19,5.4750000000000005,2
P200778,50.496500000000005,5.475,2
P234337,42.076,5.470000000000001,2
P240860,213.61,5.47,2
P224618,39.9755,5.47,1
P220748,22.21,5.47,1
P206856,23.54,5.47,1
P217321,95.166,5.47,1
P202143,25.88,5.47,1
P234594,63.26,5.465,2
P215193,79.131,5.463333333333334,3
P208922,21.2,5.46,1
P230685,31.995,5.46,1
P201024,108.063,5.46,1
P218782,32.878,5.46,1
P231773,52.594,5.455,2
P245974,34.748,5.45,1
P229100,20.08,5.45,1
P243001,83.3345,5.449999999999999,2
P220192,73.01599999999999,5.44,2
P200997,16.983,5.44,1
P245305,26.2,5.43,1
P204514,29.21,5.43,1
P203965,23.18,5.43,1
P200950,102.68,5.43,1
P244353,69.905,5.43,2
P208373,31.13,5.43,1
P247186,34.902,5.43,1
P225427,31.61,5.43,1
P219512,56.980000000000004,5.43,2
P214749,29.431,5.43,1
P234036,79.62049999999999,5.425,2
P212919,88.449,5.423333333333333,3
P239113,69.0175,5.423333333333333,3
P220042,35.173,5.42,1
P220771,117.3115,5.42,2
P209689,24.309,5.42,1
P216021,99.82,5.42,1
P214867,26.59,5.42,1
P220300,18.19,5.42,1
P209973,24.59,5.41,1
P235138,106.86,5.41,1
P235314,95.8515,5.41,3
P207778,23.15,5.41,1
P240631,30.02,5.41,1
P224789,38.0,5.41,1
P216977,32.553000000000004,5.41,1
P237455,31.768,5.41,1
P205105,38.024,5.41,1
P223951,24.054,5.41,1
P224517,32.072,5.41,1
P225099,123.536,5.405,2
P243293,101.0875,5.404999999999999,2
P242290,27.3,5.4,1
P203513,22.815,5.4,1
P240242,24.94,5.4,1
P223308,20.124,5.4,1
P211361,29.1465,5.4,1
P229657,36.869,5.3950000000000005,2
P207536,57.93299999999999,5.395,2
P246653,69.928,5.39,2
P249269,39.3965,5.39,1
P238189,20.6,5.39,1
P206458,71.2615,5.386666666666667,3
P220843,64.3425,5.38,2
P233683,38.02,5.38,1
P240297,59.41,5.38,2
P236874,42.55,5.38,1
P202049,18.9975,5.38,1
P233547,42.264,5.38,1
P218780,17.6375,5.38,1
P232821,310.12350000000004,5.37,3
P236768,22.84,5.37,1
P239004,37.73,5.37,1
P239550,40.28,5.37,1
P214914,21.07,5.37,1
P211547,24.66,5.36,1
P239626,44.523,5.36,1
P229684,21.06,5.36,1
P227528,98.531,5.3566666666666665,3
P235673,47.9645,5.355,2
P228936,43.510000000000005,5.355,2
P207477,26.7,5.35,1
P245618,28.1485,5.35,1
P230202,21.951,5.35,1
P225423,29.678,5.35,1
P207990,46.910000000000004,5.34,2
P218952,36.465,5.34,1
P238684,36.63,5.34,1
P222409,75.568,5.34,2
P230018,30.34,5.34,1
P205059,36.407,5.34,1
P223182,34.63,5.34,1
P243244,121.81,5.34,1
P206469,21.25,5.34,1
P224592,65.292,5.335,2
P235553,26.91,5.33,1
P246311,103.6545,5.33,1
P232029,55.28,5.33,2
P213284,32.66,5.33,1
P227168,17.544,5.33,1
P205805,26.658,5.33,1
P213165,20.1495,5.33,1
P230189,43.924,5.325,2
P227207,55.593,5.325,2
P207138,51.007,5.325,2
P246379,104.4905,5.32,1
P213021,93.82,5.32,1
P218639,22.68,5.32,1
P236467,29.340000000000003,5.32,1
P208727,94.734,5.32,1
P246613,111.033,5.32,1
P219237,20.37,5.32,1
P210517,36.17,5.31,1
P212710,21.92,5.31,1
P201698,107.57,5.31,1
P213084,43.11,5.31,1
P229526,66.09100000000001,5.305,2
P240047,28.0725,5.3,1
P235942,27.404,5.3,1
P248555,95.60949999999998,5.3,3
P230447,53.03,5.29,2
P225823,168.0545,5.29,2
P212425,66.36,5.29,3
P213831,27.2365,5.29,1
P234124,27.43,5.29,1
P202433,19.3705,5.29,1
P232130,27.01,5.29,1
P209953,34.05,5.29,1
P209304,50.4755,5.285,2
P206642,47.23,5.285,2
P230919,37.01,5.28,1
P224475,36.941,5.28,1
P202413,55.099999999999994,5.275,2
P215637,104.67999999999999,5.273333333333333,3
P205230,103.41,5.27,1
P218245,19.513,5.27,1
P205584,94.971,5.27,3
P207414,23.304,5.27,1
P227768,19.58,5.27,1
P240780,128.39,5.265,2
P243819,66.34,5.260000000000001,2
P221991,19.04,5.26,1
P247864,38.05,5.26,1
P230945,96.75,5.26,1
P230183,101.1925,5.26,1
P237246,68.215,5.26,2
P207092,44.50900000000001,5.26,2
P225511,38.608,5.26,1
P204648,28.956,5.25,1
P231693,29.22,5.25,1
P201537,31.311,5.25,1
P235175,46.663,5.245,2
P246573,33.762,5.24,1
P225371,33.079,5.24,1
P246741,34.6085,5.24,1
P241144,139.74,5.24,2
P223042,23.655,5.24,1
P206828,30.304,5.24,1
P242635,65.276,5.234999999999999,2
P204608,26.66,5.23,1
P247470,25.2705,5.23,1
P229801,37.34,5.23,1
P206911,36.33,5.23,1
P227850,27.0,5.23,1
P236037,41.976,5.23,1
P201265,57.03,5.225,2
P219642,39.729,5.22,1
P207090,103.474,5.22,1
P237943,23.92,5.22,1
P205696,24.4,5.22,1
P208353,20.58,5.22,1
P208685,40.6755,5.215,2
P229422,83.467,5.21,1
P217474,36.74,5.21,1
P232458,34.048,5.21,1
P202861,16.317,5.21,1
P217388,23.9495,5.21,1
P214847,49.283,5.205,2
P225729,112.91,5.2,1
P218710,23.375,5.2,1
P225273,23.634,5.2,1
P202002,20.55,5.2,1
P249221,64.2645,5.199999999999999,2
P224020,186.75,5.19,1
P216395,21.352,5.19,1
P212773,21.25,5.19,1
P203595,174.12,5.180000000000001,3
P227082,22.24,5.18,1
P246705,29.3,5.18,1
P242515,26.1345,5.18,1
P207746,20.9855,5.18,1
P246993,21.87,5.18,1
P224816,39.938,5.18,1
P235168,18.33,5.18,1
P210223,72.3275,5.175000000000001,2
P217628,38.3545,5.17,2
P237582,31.131000000000004,5.17,1
P246259,19.142,5.17,1
P203537,28.88,5.17,1
P201168,32.157999999999994,5.17,1
P200538,22.53,5.17,1
P225582,95.6,5.17,1
P202075,20.425,5.17,1
P247192,141.57000000000002,5.16,1
P231824,36.081,5.16,1
P236724,30.85,5.16,1
P215308,104.0,5.16,1
P213322,138.393,5.156666666666666,3
P220118,41.391000000000005,5.15,1
P211120,24.822,5.15,1
P230809,43.263,5.15,1
P241638,42.400000000000006,5.15,1
P201883,45.25,5.145,2
P210919,54.506,5.145,2
P248624,104.8,5.14,1
P235005,83.73299999999999,5.14,1
P209537,63.4735,5.14,2
P241691,33.744,5.14,1
P225480,37.52,5.14,1
P210712,37.62,5.14,1
P243269,35.28,5.135,2
P225185,101.237,5.135,2
P246698,175.15200000000002,5.133333333333334,3
P242305,19.465,5.13,1
P227609,40.416,5.13,1
P235281,50.6,5.13,2
P227945,31.14,5.12,1
P241173,21.8,5.12,1
P244834,30.951,5.12,1
P223849,26.44,5.12,1
P225363,25.137,5.12,1
P247359,25.783,5.11,1
P203063,18.0,5.11,1
P208669,21.59,5.11,1
P211952,25.9,5.11,1
P207587,177.15349999999998,5.109999999999999,2
P221366,68.27,5.105,2
P232222,19.481,5.1,1
P232481,39.2,5.1,1
P203268,90.25,5.1,1
P228741,27.8065,5.1,1
P229932,97.15,5.1,1
P228880,189.177,5.093333333333334,3
P235242,75.2505,5.09,2
P242756,22.041,5.09,1
P208276,35.56,5.09,1
P210767,109.86449999999999,5.085000000000001,2
P200946,42.45,5.085,2
P211969,112.847,5.08,2
P206505,26.91,5.08,1
P245999,22.15,5.08,1
P221335,28.696,5.08,1
P210899,25.05,5.08,1
P217557,17.850499999999997,5.08,1
P235719,34.42,5.08,1
P219726,24.244,5.08,1
P248314,136.543,5.08,2
P228345,28.481,5.07,1
P205484,42.150000000000006,5.07,1
P203450,46.47,5.07,1
P244934,27.19,5.07,1
P207061,94.39,5.07,1
P214989,30.896,5.07,1
P249360,28.464,5.06,1
P233992,28.1295,5.06,1
P212863,84.301,5.06,1
P229837,23.56,5.06,1
P237666,20.78,5.06,1
P228160,40.480000000000004,5.055,2
P222857,173.25,5.055,2
P212756,292.48,5.053333333333334,3
P242184,34.34,5.05,1
P225373,19.482,5.05,1
P217678,99.12,5.05,1
P211009,28.368,5.05,1
P207865,95.4465,5.05,1
P240896,38.934,5.05,1
P247479,25.74,5.05,1
P214849,55.239000000000004,5.045,2
P202003,26.07,5.04,1
P239049,104.321,5.04,2
P229114,23.77,5.04,1
P240118,29.28,5.04,1
P233301,83.827,5.04,1
P249953,15.931499999999998,5.04,1
P237066,33.88,5.04,1
P249259,104.082,5.04,1
P231576,30.375,5.04,1
P207574,134.82999999999998,5.035,2
P207234,33.58,5.03,1
P244228,41.846000000000004,5.03,2
P236539,90.3365,5.03,2
P228188,46.67,5.025,2
P249514,55.29,5.025,2
P218895,39.01,5.02,1
P211167,30.94,5.02,1
P224120,25.94,5.02,1
P232956,19.209,5.02,1
P235623,48.241,5.015000000000001,2
P203302,189.59,5.015000000000001,2
P227493,54.94,5.015000000000001,2
P236027,22.5815,5.01,1
P245456,23.562,5.01,1
P221585,35.39,5.01,2
P223526,24.976,5.01,1
P204702,23.382,5.01,1
P217512,35.13,5.01,1
P231226,21.68,5.01,1
P245374,31.7965,5.0,1
P201615,65.45,5.0,2
P213660,99.637,5.0,1
P205801,31.841,5.0,1
P225393,28.59,5.0,1
P205887,25.65,5.0,1
P245973,32.04,5.0,1
P249353,162.551,4.996666666666666,3
P231260,52.337,4.995,2
P204886,26.77,4.99,1
P237529,22.968,4.99,1
P209072,47.18,4.99,2
P219566,111.58,4.99,1
P248157,24.47,4.99,1
P242064,26.52,4.99,1
P230266,26.46,4.99,1
P209698,78.59,4.99,1
P238240,37.107,4.99,1
P239227,35.44,4.99,1
P231190,135.755,4.9875,4
P245572,18.36,4.98,1
P223765,54.141999999999996,4.98,2
P213264,30.321,4.98,1
P209514,41.292,4.98,1
P204237,167.031,4.975,2
P209880,28.836,4.97,1
P213429,39.59,4.97,1
P226293,57.824999999999996,4.97,2
P216340,26.41,4.97,1
P234313,106.023,4.97,2
P243882,25.974,4.97,1
P217801,143.23800000000003,4.97,2
P224833,53.0,4.96,2
P241566,38.25,4.96,1
P232024,21.35,4.96,1
P245180,32.296,4.96,1
P232953,106.63499999999999,4.955,2
P229113,44.0475,4.955,2
P224992,242.31,4.955,4
P221477,38.456,4.95,1
P207028,40.09,4.95,1
P227947,34.821,4.95,1
P206711,19.4225,4.95,1
P224082,23.88,4.95,1
P243322,37.528,4.944999999999999,2
P244788,27.336,4.94,1
P215924,29.906,4.94,1
P218733,21.008000000000003,4.94,1
P246965,93.6,4.94,1
P232028,19.17,4.94,1
P217947,24.6075,4.94,1
P227472,151.511,4.9399999999999995,2
P206745,85.643,4.9350000000000005,4
P228209,172.8255,4.935,2
P240230,89.901,4.93,1
P209305,100.0635,4.93,1
P215553,28.2,4.93,1
P224934,21.91,4.93,1
P204748,41.02,4.93,1
P211332,20.444,4.93,1
P205132,32.87,4.93,1
P230584,67.0915,4.93,2
P226974,67.4025,4.93,2
P210547,21.22,4.92,1
P204437,20.36,4.92,1
P213885,20.976,4.92,1
P221430,18.891,4.92,1
P234418,30.6945,4.92,1
P218674,57.1065,4.915,2
P241029,25.232,4.91,1
P223324,20.54,4.91,1
P241435,38.02,4.91,1
P209464,28.96,4.91,1
P228212,21.66,4.91,1
P232545,22.12,4.91,1
P215232,26.638,4.91,1
P240425,30.94,4.91,1
P227610,23.77,4.91,1
P222692,114.8535,4.905,2
P241833,22.4105,4.9,1
P206173,107.7715,4.9,1
P205650,19.458,4.9,1
P236350,28.83,4.9,1
P203674,22.219,4.9,1
P220779,23.46,4.9,1
P208263,23.902,4.9,1
P211441,76.708,4.896666666666667,3
P209000,62.067499999999995,4.895,2
P228022,30.59,4.89,1
P211398,105.247,4.89,1
P222436,19.824,4.89,1
P214844,26.676,4.89,1
P221596,22.44,4.89,1
P248452,26.782,4.88,1
P207534,23.26,4.88,1
P213146,111.09,4.88,1
P228131,39.444,4.88,1
P202183,34.82,4.88,1
P249736,18.43,4.88,1
P240686,28.23,4.87,1
P249300,30.98,4.87,1
P201395,27.26,4.87,1
P210655,30.39,4.87,1
P207114,82.70750000000001,4.87,3
P221627,55.8,4.87,2
P218113,57.806999999999995,4.865,2
P200425,104.3345,4.865,2
P245142,20.893,4.86,1
P223885,44.91,4.8549999999999995,2
P208858,20.247,4.85,1
P208141,59.569,4.85,2
P233901,28.368,4.85,1
P213111,26.1715,4.85,1
P220733,32.79,4.85,1
P205378,58.501,4.845,2
P200401,22.428,4.84,1
P204943,24.47,4.84,1
P240096,16.6515,4.84,1
P209215,151.3765,4.835,2
P239332,152.725,4.835,2
P230737,34.3045,4.83,1
P243389,141.05,4.83,1
P241813,32.47,4.83,1
P249619,69.49,4.83,2
P249642,33.235,4.83,1
P203384,19.54,4.83,1
P244431,46.349999999999994,4.83,2
P232337,56.42,4.83,2
P229943,57.553000000000004,4.83,2
P226782,22.816000000000003,4.83,1
P213740,20.4085,4.82,1
P203494,27.3,4.82,1
P240442,25.22,4.82,1
P229203,25.2365,4.82,1
P208704,90.095,4.82,2
P206214,22.15,4.82,1
P205424,19.52,4.82,1
P214234,27.32,4.82,1
P215053,38.864,4.81,1
P201903,25.76,4.81,1
P234064,27.18,4.81,1
P231170,22.4825,4.81,1
P237886,41.61,4.81,1
P215187,29.51,4.81,1
P232804,29.736,4.81,1
P220341,49.400999999999996,4.805,2
P245081,26.44,4.8,1
P226156,20.42,4.8,1
P240609,30.04,4.8,1
P232705,31.2075,4.8,1
P232267,21.29,4.8,1
P206190,76.765,4.8,2
P228698,66.077,4.8,2
P248097,22.743,4.8,1
P233500,42.1205,4.795,2
P222434,23.477,4.79,1
P207897,36.35,4.79,1
P238227,29.342,4.79,1
P218778,42.623999999999995,4.79,2
P247356,183.61499999999998,4.79,3
P244105,85.62,4.79,1
P203486,22.686,4.78,1
P210368,28.05,4.78,1
P221746,14.73,4.78,1
P234757,17.34,4.78,1
P228504,27.12,4.78,1
P214425,22.819,4.78,1
P231586,66.353,4.779999999999999,2
P225167,148.875,4.7700000000000005,2
P243408,22.752,4.77,1
P249630,27.13,4.77,1
P207023,98.631,4.77,1
P200648,27.1915,4.77,1
P203736,95.35,4.77,1
P236119,68.52,4.765000000000001,2
P234482,72.47,4.765,2
P229785,144.8545,4.76,2
P211308,49.859500000000004,4.755,2
P210695,22.439,4.75,1
P232754,17.8,4.75,1
P241032,34.14,4.75,1
P243218,52.181,4.75,2
P235900,23.78,4.75,1
P212745,33.003,4.75,1
P224181,22.39,4.74,1
P210961,38.61,4.74,1
P249428,35.127,4.74,1
P214509,94.87,4.74,1
P205237,40.42,4.74,1
P230928,27.4,4.74,1
P203165,31.336,4.74,1
P204407,42.17,4.74,1
P216988,48.8855,4.73,2
P238954,42.194,4.73,1
P224438,103.73,4.73,1
P247642,28.98,4.73,1
P228359,38.81,4.73,1
P220010,29.05,4.73,1
P215684,70.44,4.7299999999999995,2
P224525,122.881,4.728,5
P207998,39.86,4.72,1
P226649,69.805,4.72,3
P225016,98.63,4.72,1
P231051,49.810500000000005,4.72,2
P228712,27.4,4.72,1
P220148,101.43,4.72,1
P206862,23.166,4.72,1
P216008,21.02,4.72,1
P245657,19.96,4.71,1
P222619,23.6455,4.71,1
P209007,33.7,4.71,1
P242237,30.18,4.71,1
P239057,21.933,4.71,1
P245044,22.04,4.71,1
P226004,23.52,4.71,1
P244488,32.81,4.71,1
P239842,27.32,4.71,1
P209415,43.631,4.705,2
P211780,135.868,4.705,2
P243545,33.99,4.7,1
P226759,97.7645,4.7,1
P201757,128.77100000000002,4.7,2
P214158,83.349,4.7,1
P225526,25.42,4.7,1
P212927,43.767,4.7,1
P219625,25.67,4.7,1
P238551,43.182,4.695,2
P249302,166.0395,4.695,2
P246654,24.156,4.69,1
P202804,25.745,4.69,1
P240954,42.290000000000006,4.69,2
P203246,30.08,4.69,1
P237231,23.87,4.69,1
P247984,159.7875,4.683333333333334,3
P221989,229.768,4.683333333333334,3
P222321,21.55,4.68,1
P218336,31.3,4.68,1
P228660,25.182,4.68,1
P213056,20.92,4.68,1
P209418,28.17,4.68,1
P206549,91.8595,4.68,1
P238464,21.15,4.68,1
P215381,39.1115,4.68,1
P206240,134.47,4.675,2
P230793,41.832,4.675,2
P240159,45.81,4.67,2
P206694,15.984000000000002,4.67,1
P213657,88.0335,4.67,2
P208065,53.2025,4.665,2
P236965,60.16,4.665,2
P230532,63.36,4.665,2
P215303,21.1185,4.66,1
P224454,23.9115,4.66,1
P241313,132.969,4.653333333333333,3
P246992,31.2545,4.65,1
P240703,24.06,4.65,1
P212769,109.36,4.65,1
P244106,24.53,4.65,1
P236064,18.936,4.65,1
P215413,35.71,4.65,1
P231377,109.23,4.65,1
P203869,28.25,4.65,1
P201809,20.85,4.65,1
P209081,26.3245,4.65,1
P223845,131.27999999999997,4.635,2
P201398,57.188,4.635,2
P224513,64.23599999999999,4.635,2
P234226,44.073,4.635,2
P225793,35.41,4.63,1
P231314,22.842,4.63,1
P206857,21.7455,4.63,1
P222897,20.5295,4.63,1
P245326,22.7525,4.62,1
P237770,20.6435,4.62,1
P203917,32.47,4.62,1
P227928,24.99,4.62,1
P204837,54.507000000000005,4.62,2
P247293,26.532,4.62,1
P219999,20.42,4.62,1
P213602,29.493,4.62,1
P202884,68.54299999999999,4.62,2
P245328,34.409,4.62,1
P203286,33.300000000000004,4.62,1
P208892,22.3,4.62,1
P223015,146.49,4.615,2
P216640,101.3,4.613333333333333,3
P210653,94.923,4.61,1
P217126,17.93,4.61,1
P213595,37.854000000000006,4.61,1
P229405,92.02,4.61,1
P201202,25.4745,4.61,1
P209952,27.721,4.61,1
P247797,20.808,4.61,1
P228653,145.07,4.61,2
P200793,29.232,4.61,1
P209160,55.57,4.609999999999999,2
P216257,174.73950000000002,4.609999999999999,4
P246223,35.644,4.6,1
P213035,37.56,4.6,1
P232098,78.8,4.6,1
P213612,78.9225,4.6,1
P207802,29.4215,4.6,1
P225467,35.928,4.59,1
P246387,24.255,4.59,1
P244099,93.19,4.59,1
P248311,22.57,4.59,1
P218426,32.6,4.59,1
P220508,93.28,4.59,1
P249525,31.9005,4.59,1
P226986,98.874,4.59,1
P241748,24.08,4.59,1
P244681,21.53,4.59,1
P238468,48.156000000000006,4.59,2
P240662,27.03,4.59,1
P235373,82.517,4.58,1
P212885,94.46,4.58,1
P235091,31.82,4.58,1
P207099,35.48,4.58,1
P218214,21.26,4.58,1
P218521,81.92000000000002,4.58,1
P249073,20.78,4.58,1
P239736,21.6,4.58,1
P232616,37.54,4.58,1
P204753,69.1295,4.58,2
P232827,44.33,4.575,2
P210309,34.14,4.57,1
P227940,27.33,4.57,1
P215349,25.542,4.57,1
P220436,31.1525,4.57,1
P207676,186.655,4.5675,4
P228651,104.4425,4.565,4
P205101,142.42,4.5600000000000005,2
P217191,40.1865,4.5600000000000005,2
P211772,16.7,4.56,1
P206712,27.378000000000004,4.56,1
P214395,29.659,4.56,1
P224648,52.047000000000004,4.56,2
P205823,23.06,4.56,1
P226321,27.495,4.56,1
P247243,23.292,4.56,1
P236171,23.904,4.56,1
P240787,105.146,4.56,1
P201604,91.76,4.56,1
P249131,23.37,4.56,1
P200502,27.335999999999995,4.55,1
P243469,20.45,4.55,1
P242372,72.8175,4.55,2
P241641,101.32,4.55,1
P244501,20.03,4.55,1
P223391,51.81,4.55,2
P228554,14.25,4.55,1
P225117,49.155,4.545,2
P212917,27.36,4.54,1
P228590,78.77,4.54,2
P215475,31.467,4.53,1
P215461,21.546,4.53,1
P230625,27.65,4.53,1
P222670,32.1,4.53,1
P231103,19.539,4.53,1
P216566,18.42,4.53,1
P211973,23.63,4.53,1
P209029,167.673,4.5249999999999995,2
P241067,37.026,4.52,1
P224613,31.98,4.52,1
P244634,51.02,4.52,2
P203515,22.87,4.52,1
P201649,17.4,4.52,1
P217815,27.32,4.52,1
P235303,34.392,4.52,1
P200791,71.042,4.515000000000001,2
P206162,48.576,4.515000000000001,2
P241587,18.55,4.51,1
P229631,13.914,4.51,1
P240845,36.22,4.51,1
P239355,18.69,4.51,1
P201596,26.41,4.51,1
P241819,21.1565,4.51,1
P243687,17.2805,4.51,1
P213683,45.948499999999996,4.505,2
P234495,135.9995,4.5,2
P217517,46.444,4.5,2
P237707,21.47,4.49,1
P249512,24.13,4.49,1
P229224,24.06,4.49,1
P239887,33.44,4.49,1
P215068,52.84,4.49,2
P224463,106.0375,4.4875,4
P248481,21.45,4.48,1
P222014,23.46,4.48,1
P240412,18.21,4.48,1
P203100,18.62,4.48,1
P204214,25.809,4.48,1
P203044,64.75999999999999,4.4799999999999995,2
P210349,22.55,4.47,1
P246723,37.04,4.47,1
P211681,92.754,4.47,1
P225906,22.374,4.47,1
P229149,21.4225,4.47,1
P227103,33.68,4.47,1
P210362,24.7855,4.47,1
P221851,26.68,4.47,1
P210534,26.67,4.47,1
P225169,28.3475,4.47,1
P203105,20.36,4.47,1
P208438,50.685,4.465,2
P207388,45.644000000000005,4.465,2
P224333,25.44,4.46,1
P228952,26.144,4.46,1
P239824,27.4,4.46,1
P214786,19.23,4.46,1
P203074,28.475,4.46,1
P231667,41.5055,4.455,2
P237214,151.35000000000002,4.455,2
P204814,63.30349999999999,4.455,2
P221963,215.29,4.455,2
P224054,66.8535,4.45,2
P218137,28.11,4.45,1
P231771,28.03,4.45,1
P210100,27.78,4.45,1
P231650,91.8935,4.45,1
P241320,19.15,4.45,1
P214474,29.92,4.44,1
P237009,25.31,4.44,1
P225451,25.64,4.44,1
P246935,54.14,4.44,2
P219513,23.15,4.44,1
P205922,23.18,4.44,1
P202063,46.239999999999995,4.44,2
P208070,48.019999999999996,4.4399999999999995,2
P219124,24.6,4.43,1
P215690,102.03,4.43,1
P224987,139.22,4.43,1
P246815,101.34,4.43,1
P229959,18.468,4.43,1
P226725,20.07,4.43,1
P200547,61.691,4.425,2
P210863,254.60049999999998,4.423333333333333,3
P215452,26.6,4.42,1
P225637,24.586,4.42,1
P210466,13.84,4.42,1
P242167,42.471,4.415,2
P209332,60.9825,4.414999999999999,2
P226074,29.48,4.41,1
P242577,37.43,4.41,2
P222027,58.67,4.41,2
P239790,17.08,4.41,1
P220244,68.814,4.41,3
P243064,20.132,4.41,1
P222431,19.924,4.41,1
P205789,16.94,4.41,1
P221416,40.181,4.405,2
P204482,29.74,4.4,1
P240392,26.792,4.4,1
P213485,65.549,4.4,2
P243934,104.183,4.4,2
P242811,93.951,4.4,1
P210888,26.771,4.4,1
P206874,96.91,4.3950000000000005,2
P247378,40.25,4.3950000000000005,2
P213766,64.61,4.390000000000001,2
P234806,134.9,4.38,2
P205221,53.81,4.375,2
P224449,26.6645,4.37,1
P235989,22.31,4.37,1
P234090,22.92,4.37,1
P233749,25.9065,4.37,1
P203779,34.983,4.37,1
P241013,24.498,4.37,1
P222732,33.573,4.37,1
P212561,20.0345,4.37,1
P221434,35.7765,4.37,1
P205092,133.75,4.365,2
P223720,87.23700000000001,4.36,1
P214999,38.912000000000006,4.36,1
P210116,97.224,4.36,1
P247872,57.343999999999994,4.36,2
P219109,35.33,4.36,1
P218042,105.8965,4.36,1
P215789,98.55,4.36,1
P233837,39.335499999999996,4.359999999999999,2
P228682,60.386,4.3500000000000005,3
P234723,19.81,4.35,1
P227186,21.9925,4.35,1
P241303,26.61,4.35,1
P227366,59.787000000000006,4.35,2
P249215,29.2,4.35,1
P222607,41.02,4.345,2
P248114,55.14,4.345,2
P226418,50.31100000000001,4.34,2
P217797,22.914,4.34,1
P201475,51.35,4.34,2
P242268,15.096,4.34,1
P246138,23.8545,4.34,1
P206085,40.79,4.34,1
P219173,73.37,4.335000000000001,2
P211963,25.61,4.33,1
P236251,51.989,4.33,2
P217674,82.53599999999999,4.33,1
P227196,54.4,4.33,2
P211708,36.85,4.33,1
P219657,23.62,4.33,1
P224061,21.8365,4.33,1
P213113,43.425,4.325,2
P229552,27.360000000000003,4.32,1
P229849,32.46,4.32,1
P214601,19.8645,4.32,1
P248170,38.97,4.32,1
P240805,17.2,4.32,1
P219398,18.162,4.32,1
P215234,25.236,4.32,1
P246005,17.312,4.32,1
P224524,16.04,4.32,1
P214709,20.232,4.32,1
P237363,88.508,4.32,1
P211188,20.44,4.32,1
P230327,19.23,4.32,1
P218982,21.67,4.32,1
P247565,47.57,4.3149999999999995,2
P204480,27.36,4.31,1
P243015,15.659999999999998,4.31,1
P202545,89.89,4.31,1
P235334,32.7275,4.31,1
P208497,14.402,4.31,1
P208699,18.1165,4.31,1
P246404,21.824,4.31,1
P244053,21.915000000000003,4.31,1
P247954,54.91,4.305,2
P239633,25.86,4.3,1
P244289,24.757,4.3,1
P200324,85.68,4.3,1
P200406,19.809,4.3,1
P226826,25.28,4.3,1
P218676,18.15,4.3,1
P240303,108.7085,4.3,1
P204038,43.15650000000001,4.295,2
P218927,22.77,4.29,1
P221740,32.1555,4.29,1
P213538,31.6445,4.29,1
P200375,15.84,4.29,1
P220030,27.1985,4.29,1
P207600,32.166999999999994,4.29,1
P233324,33.480000000000004,4.29,1
P235234,22.38,4.28,1
P200879,55.9185,4.28,2
P209065,108.3475,4.28,1
P234711,44.4995,4.28,2
P238329,60.666,4.276666666666666,3
P201957,18.228,4.27,1
P219698,24.67,4.27,1
P247500,23.5,4.27,1
P217813,148.23000000000005,4.27,2
P242345,19.22,4.27,1
P225562,25.78,4.27,1
P220490,27.395499999999995,4.27,1
P207553,36.822,4.27,1
P205615,191.18,4.266666666666667,3
P231336,119.29,4.265,2
P221528,25.14,4.26,1
P210196,101.65,4.26,1
P205129,21.24,4.26,1
P206686,19.019,4.26,1
P223687,26.4945,4.26,1
P223484,45.814,4.255,2
P204991,184.155,4.2524999999999995,4
P204646,85.302,4.25,1
P215777,34.28,4.25,1
P221413,24.4,4.25,1
P206489,23.332,4.25,1
P210973,116.3055,4.25,1
P212888,72.382,4.25,2
P205802,28.84,4.25,1
P208973,22.24,4.25,1
P205507,65.49000000000001,4.245,2
P204055,22.7525,4.24,1
P208403,23.0435,4.24,1
P243485,58.769000000000005,4.24,2
P246477,20.682,4.24,1
P238726,28.693,4.23,1
P232249,90.83,4.23,1
P212201,18.98,4.23,1
P237138,42.78,4.225,2
P202876,50.359500000000004,4.225,2
P208718,27.4975,4.22,1
P219725,31.380000000000003,4.22,1
P249400,80.7585,4.22,1
P245132,60.739999999999995,4.22,2
P238671,29.961,4.22,1
P224646,56.231500000000004,4.22,2
P240516,98.16,4.22,1
P223358,98.091,4.22,1
P203479,27.82,4.22,1
P221621,199.588,4.22,3
P245650,29.45,4.22,1
P201896,115.14849999999998,4.213333333333332,3
P223524,79.25,4.21,1
P248717,33.96,4.21,1
P244657,16.18,4.21,1
P243117,69.5815,4.21,3
P243530,19.874,4.21,1
P235068,28.48,4.2,1
P225890,21.78,4.2,1
P207020,17.78,4.2,1
P247482,24.32,4.2,1
P216673,23.44,4.2,1
P236652,54.141,4.195,2
P237951,97.78,4.19,1
P210072,31.58,4.19,1
P231950,20.72,4.19,1
P228626,34.94,4.19,1
P238753,33.7685,4.1899999999999995,2
P223501,67.71000000000001,4.1850000000000005,2
P213356,24.0125,4.18,1
P212321,31.032,4.18,1
P225772,90.168,4.18,3
P201636,37.37,4.18,1
P225607,31.54,4.18,1
P211595,107.01,4.18,1
P229811,64.67,4.175,2
P232492,58.239999999999995,4.175,2
P214595,26.1,4.17,1
P201745,28.35,4.17,1
P245986,33.53,4.17,1
P249105,38.17,4.17,1
P215982,24.039,4.17,1
P242342,166.02549999999997,4.17,2
P215464,19.96,4.17,1
P240104,61.489999999999995,4.165,2
P202012,91.103,4.16,1
P228147,99.17,4.16,3
P243674,32.606,4.16,1
P241870,21.357,4.16,1
P227235,41.85,4.16,2
P237896,18.411,4.16,1
P226071,63.798,4.16,3
P238069,22.363,4.16,1
P248392,20.328,4.16,1
P240033,26.2485,4.16,1
P234658,28.3575,4.15,1
P245109,23.87,4.15,1
P213634,80.4935,4.15,1
P238779,25.422,4.14,1
P209614,80.08,4.14,1
P234295,25.194,4.14,1
P206389,20.69,4.14,1
P200464,19.656,4.14,1
P226761,19.42,4.13,1
P220822,109.24400000000001,4.125,2
P207476,22.38,4.12,1
P232928,43.5,4.12,1
P225430,25.62,4.12,1
P249909,24.4035,4.12,1
P222423,33.02,4.12,1
P246645,12.8915,4.12,1
P218847,25.2,4.12,1
P244442,32.37,4.12,1
P234204,65.58,4.114999999999999,2
P227473,166.57999999999998,4.113333333333333,3
P229393,20.52,4.11,1
P247114,16.9,4.11,1
P216362,109.96700000000001,4.11,2
P232282,19.8075,4.11,1
P200076,19.7505,4.11,1
P219542,24.684,4.11,1
P240256,16.528000000000002,4.11,1
P230845,123.5965,4.105,2
P220349,49.844,4.105,2
P227277,82.441,4.105,2
P228975,49.25449999999999,4.1049999999999995,2
P223874,53.5795,4.1049999999999995,2
P200777,30.33,4.1,1
P202326,28.538,4.1,1
P230328,26.48,4.1,1
P217608,16.758,4.1,1
P237783,21.43,4.1,1
P209233,56.5835,4.1,2
P208937,26.45,4.1,1
P220378,164.882,4.096666666666667,3
P201630,24.352000000000004,4.09,1
P220022,46.108000000000004,4.09,2
P215223,258.3535,4.085,4
P209643,20.043,4.08,1
P205736,31.39,4.08,1
P227682,37.82,4.08,1
P225853,19.81,4.08,1
P237633,28.48,4.08,1
P205753,19.57,4.08,1
P205814,28.143,4.08,1
P205527,19.701,4.08,1
P230993,51.989999999999995,4.075,2
P244604,19.224,4.07,1
P215508,91.91,4.07,1
P216924,25.857,4.07,1
P236534,48.339,4.07,1
P220917,19.7,4.07,1
P212589,30.33,4.07,1
P248848,51.620000000000005,4.07,2
P239513,62.846,4.07,2
P217639,106.707,4.0633333333333335,3
P205951,17.15,4.06,1
P231163,13.7,4.06,1
P249045,33.04,4.06,1
P235013,43.24,4.06,2
P212841,36.7,4.06,1
P201742,15.0,4.06,1
P216259,19.12,4.06,1
P201436,24.928,4.06,1
P244782,179.18,4.055,2
P213926,41.308,4.055,2
P206014,25.95,4.05,1
P226340,34.06,4.05,1
P231484,19.31,4.05,1
P247452,31.805999999999997,4.05,1
P233983,100.8,4.05,1
P242983,18.7,4.05,1
P218604,40.1075,4.045,2
P243375,18.28,4.04,1
P219935,24.97,4.04,1
P209200,23.46,4.04,1
P249507,25.434,4.04,1
P227030,90.891,4.04,1
P234695,52.074,4.04,2
P246550,20.496,4.04,1
P207288,17.84,4.04,1
P214843,75.91550000000001,4.04,3
P232524,31.926,4.04,1
P217406,24.62,4.03,1
P245022,22.9045,4.03,1
P217439,40.431999999999995,4.03,2
P216722,22.066,4.03,1
P210875,39.5435,4.025,2
P205980,38.16,4.02,1
P226755,21.06,4.02,1
P202792,92.98,4.02,1
P213130,37.962,4.02,1
P211964,26.29,4.02,1
P231973,17.685,4.02,1
P204541,23.085,4.02,1
P237422,55.7725,4.015000000000001,2
P246414,59.99249999999999,4.015,2
P218549,98.685,4.01,1
P219629,24.0255,4.01,1
P217192,47.0645,4.01,2
P210491,97.92,4.01,1
P212156,27.3785,4.01,1
P206845,33.609,4.01,1
P220956,31.58,4.01,1
P215956,28.05,4.0,1
P222179,31.8915,4.0,1
P220180,21.52,4.0,1
P200816,43.6905,4.0,2
P211843,17.33,4.0,1
P246026,19.8,4.0,1
P206749,21.04,4.0,1
P246952,49.86,3.995,2
P226420,27.0085,3.99,1
P213226,33.49,3.99,1
P247520,29.8,3.99,1
P227204,28.04,3.99,1
P201789,40.56399999999999,3.99,2
P243913,19.091,3.98,1
P205420,134.35,3.98,1
P221874,19.188,3.98,1
P234750,93.213,3.98,1
P206532,18.73,3.98,1
P208232,19.37,3.98,1
P229737,45.429,3.98,2
P227377,29.14,3.98,1
P219449,60.45,3.98,2
P209876,148.9905,3.9774999999999996,4
P221072,45.58,3.975,2
P201177,74.9265,3.9700000000000006,2
P202501,21.51,3.97,1
P229215,39.58,3.97,1
P205778,20.6055,3.97,1
P240318,27.95,3.97,1
P222081,57.25,3.97,2
P223103,108.5295,3.9666666666666663,3
P244275,37.94,3.965,2
P238392,24.96,3.96,1
P219834,84.924,3.96,1
P214053,19.16,3.96,1
P236217,19.14,3.96,1
P227881,177.594,3.96,2
P212620,133.99649999999997,3.96,2
P221859,20.1875,3.96,1
P247576,18.680000000000003,3.96,1
P234935,70.54799999999999,3.96,2
P248987,67.1375,3.955,2
P228820,45.14,3.95,2
P229797,21.755,3.95,1
P207962,110.466,3.95,1
P211655,68.16,3.95,1
P231943,54.300000000000004,3.95,2
P218117,23.2845,3.95,1
P202521,37.42,3.94,1
P247974,23.37,3.94,1
P237070,121.112,3.94,2
P214331,18.403,3.94,1
P218050,39.091,3.9350000000000005,2
P235690,32.424,3.93,1
P223713,23.960000000000004,3.93,1
P248413,22.32,3.93,1
P228842,59.227999999999994,3.9250000000000003,2
P210929,12.36,3.92,1
P204062,35.802,3.92,1
P240905,17.94,3.92,1
P225316,45.980000000000004,3.915,2
P249962,33.003,3.915,2
P228385,22.515,3.91,1
P226902,21.69,3.91,1
P216622,23.312,3.91,1
P224806,22.53,3.91,1
P228677,19.551,3.91,1
P219422,21.71,3.9,1
P217001,36.185500000000005,3.9,1
P242969,76.096,3.9,3
P200382,24.129,3.9,1
P216561,30.016,3.9,1
P241404,26.19,3.9,1
P210388,88.79,3.9,1
P206690,19.77,3.9,1
P242160,104.275,3.8999999999999995,2
P219408,93.072,3.89,1
P222068,32.696,3.89,1
P234955,35.2735,3.89,1
P215968,23.978,3.89,1
P237397,56.53,3.8899999999999997,2
P221352,38.352000000000004,3.885,2
P235503,19.494,3.88,1
P226278,24.18,3.88,1
P247675,33.894,3.88,1
P229936,21.527,3.88,1
P237572,19.665,3.88,1
P227793,35.7105,3.88,1
P243195,21.56,3.88,1
P220653,24.52,3.88,1
P221892,15.51,3.88,1
P243014,99.6455,3.88,1
P229027,26.75,3.88,1
P211922,24.83,3.88,1
P207341,144.99,3.88,1
P200173,123.54,3.88,1
P224702,29.403,3.87,1
P243133,39.94,3.87,1
P205661,19.62,3.87,1
P247538,82.637,3.87,1
P201899,25.3555,3.87,1
P235456,21.834000000000003,3.87,1
P239278,30.80700000000001,3.87,1
P247210,62.173,3.8699999999999997,2
P231704,83.9,3.86,1
P221370,19.89,3.86,1
P202293,23.4175,3.86,1
P215775,90.3465,3.86,1
P210091,29.597,3.86,1
P247327,22.83,3.86,1
P228750,40.2305,3.86,2
P246255,67.368,3.856666666666667,3
P249134,26.1725,3.85,1
P208637,19.8,3.85,1
P238663,21.148,3.85,1
P234299,24.89,3.85,1
P248201,19.28,3.85,1
P222533,21.014,3.85,1
P209154,53.28,3.8499999999999996,2
P222683,22.59,3.8499999999999996,2
P231955,101.348,3.846666666666667,3
P205456,124.063,3.845,2
P205804,42.198,3.8449999999999998,2
P203678,136.534,3.8400000000000003,2
P219996,41.39,3.8400000000000003,2
P236301,28.384,3.84,1
P232457,17.616,3.84,1
P213777,22.95,3.84,1
P226957,19.66,3.84,1
P243183,18.275,3.84,1
P208679,192.762,3.84,4
P203577,33.5,3.84,1
P222393,23.868,3.84,1
P233484,107.47999999999999,3.835,2
P235590,67.7965,3.835,2
P247244,30.996,3.83,1
P210594,81.7275,3.83,1
P219074,24.32,3.83,1
P217482,19.37,3.83,1
P229616,20.16,3.83,1
P246892,29.127,3.83,1
P235793,24.64,3.82,1
P241108,27.056,3.82,1
P222497,15.2,3.82,1
P240271,48.841,3.82,2
P232736,23.508000000000003,3.82,1
P204218,33.82,3.82,1
P221140,47.384,3.81,2
P214375,96.33,3.81,1
P229562,22.7145,3.81,1
P236767,29.903,3.81,1
P203429,29.1,3.81,1
P221131,29.15,3.81,1
P229073,21.25,3.81,1
P245993,16.22,3.81,1
P203164,109.908,3.81,1
P217431,28.2,3.81,1
P200174,26.81,3.81,1
P237917,25.587,3.81,1
P240574,66.98,3.805,2
P220103,48.4,3.8049999999999997,2
P234783,29.06,3.8049999999999997,2
P217261,60.339999999999996,3.8049999999999997,2
P242046,17.001,3.8,1
P231715,48.663999999999994,3.8,2
P219152,31.35,3.8,1
P202023,32.96,3.8,2
P226728,19.14,3.8,1
P215034,22.423,3.8,1
P231734,59.717,3.8,2
P201125,42.94,3.7950000000000004,2
P209533,114.808,3.793333333333333,3
P234157,46.1785,3.79,2
P211328,21.8785,3.79,1
P205468,60.781,3.79,2
P236241,15.0195,3.79,1
P245123,21.496,3.79,1
P210263,24.372,3.79,1
P203551,15.8525,3.79,1
P237719,27.27,3.79,1
P200635,13.47,3.79,1
P239701,70.0235,3.7849999999999997,2
P236409,33.4275,3.7800000000000002,2
P222131,27.52,3.78,1
P232251,63.2655,3.78,1
P222500,37.0725,3.78,2
P232676,31.16,3.78,1
P203293,21.42,3.78,1
P207639,15.56,3.78,1
P236745,14.553000000000004,3.78,1
P228972,25.272,3.78,1
P236009,30.1,3.78,1
P245450,24.86,3.77,1
P214610,28.611,3.77,1
P203708,28.4,3.77,1
P243508,29.04,3.77,1
P234221,21.75,3.77,1
P231342,70.03,3.7633333333333336,3
P237126,177.96,3.7600000000000002,2
P243942,97.136,3.76,1
P202706,82.9065,3.76,1
P205963,17.51,3.76,1
P235705,24.23,3.76,1
P234442,79.22,3.76,1
P214960,26.315,3.76,1
P247379,17.631999999999998,3.76,1
P228507,19.89,3.76,1
P234611,34.24,3.76,1
P230711,51.083999999999996,3.7550000000000003,2
P243124,93.35,3.755,2
P215833,29.052000000000003,3.75,1
P206760,35.70099999999999,3.75,1
P249807,19.62,3.75,1
P206246,39.864,3.745,2
P212032,85.96000000000001,3.7433333333333336,3
P207571,60.873000000000005,3.7433333333333336,3
P208877,22.83,3.74,1
P205570,18.01,3.74,1
P213142,33.668,3.74,1
P208205,25.12,3.74,1
P239873,25.177,3.74,1
P235222,30.11,3.74,1
P218363,157.77,3.74,2
P218917,23.22,3.74,1
P203523,25.0,3.74,1
P216679,20.5,3.74,1
P222297,12.89,3.74,1
P233094,43.569,3.735,2
P221294,32.528,3.73,1
P231912,24.4055,3.73,1
P230574,17.84,3.73,1
P212195,23.522,3.73,1
P231387,20.349,3.73,1
P214099,78.66,3.73,1
P202456,22.239,3.73,1
P206557,82.75399999999999,3.73,1
P219494,17.221,3.73,1
P214573,108.239,3.73,1
P220431,159.543,3.7250000000000005,2
P224831,41.088,3.7250000000000005,2
P228777,38.767,3.725,2
P238120,26.07,3.72,1
P243729,16.880000000000003,3.72,1
P230109,31.15,3.72,1
P232601,22.78,3.72,1
P224807,177.88400000000001,3.72,3
P212397,17.328,3.71,1
P237880,18.6675,3.71,1
P236537,21.8,3.71,1
P247911,27.21,3.71,1
P213244,20.32,3.71,1
P226736,38.749,3.705,2
P244331,19.62,3.7,1
P222026,26.486,3.7,1
P231318,28.608,3.7,1
P231674,30.44,3.7,1
P225070,21.42,3.7,1
P241343,16.85,3.7,1
P218704,30.222,3.7,1
P209291,19.1,3.7,1
P231723,44.343,3.6999999999999993,2
P226935,141.909,3.6999999999999993,2
P208868,56.366,3.6950000000000003,2
P239602,80.554,3.695,2
P217448,21.78,3.69,1
P225931,28.6,3.69,1
P233027,120.388,3.69,3
P227535,25.8,3.69,1
P205328,21.39,3.69,1
P233162,14.78,3.69,1
P209380,17.28,3.69,1
P220358,21.147,3.69,1
P241462,45.69,3.685,2
P246515,88.32000000000001,3.6833333333333336,3
P201415,81.89,3.683333333333333,3
P218815,13.908,3.68,1
P227615,18.396,3.68,1
P212735,20.384,3.68,1
P247736,175.3795,3.68,3
P202537,19.93,3.68,1
P244117,28.443,3.68,1
P216858,112.5405,3.6799999999999997,3
P214443,79.91,3.67,1
P242235,23.18,3.67,1
P247848,21.71,3.67,1
P237310,30.17,3.67,1
P239659,20.406,3.67,1
P200583,34.6155,3.665,2
P213198,57.5665,3.6649999999999996,2
P248455,75.488,3.6633333333333336,3
P210544,30.19,3.66,1
P211810,22.29,3.66,1
P220630,18.99,3.66,1
P241119,25.38,3.66,1
P222718,26.22,3.66,1
P233118,18.43,3.66,1
P244552,15.11,3.66,1
P231352,29.16,3.66,1
P220996,23.01,3.66,1
P209044,34.4505,3.66,1
P208830,23.24,3.66,1
P209270,48.168,3.6599999999999997,2
P231767,113.644,3.6566666666666663,3
P209219,53.52,3.6550000000000002,2
P237226,38.5065,3.6550000000000002,2
P202070,41.184,3.6500000000000004,2
P221251,19.209,3.65,1
P221813,39.707,3.65,2
P237684,33.732,3.65,1
P208905,155.067,3.65,2
P210136,73.5595,3.6466666666666665,3
P226374,53.44,3.645,2
P243496,45.936,3.645,2
P212711,23.24,3.64,1
P234151,35.226,3.64,1
P210691,103.756,3.64,2
P239129,28.78,3.64,1
P223053,26.6815,3.64,1
P201585,32.319,3.64,1
P223500,51.945,3.6399999999999997,2
P248734,58.153999999999996,3.6399999999999997,2
P221878,88.236,3.6350000000000007,2
P204312,110.6,3.6350000000000002,2
P236469,46.25,3.635,2
P222121,174.756,3.6333333333333333,3
P201722,214.5015,3.6333333333333333,3
P208871,18.648,3.63,1
P207365,30.952,3.63,1
P243501,16.596,3.63,1
P226790,26.1915,3.63,1
P216217,22.12,3.63,1
P230289,15.98,3.63,1
P246123,51.32600000000001,3.625,2
P205622,90.909,3.62,1
P212177,67.95,3.6149999999999998,2
P227826,209.56,3.6149999999999993,2
P220336,42.98,3.6100000000000003,2
P215908,17.0,3.61,1
P247923,26.27200000000001,3.61,1
P207381,18.012,3.61,1
P219532,35.052,3.605,2
P211891,130.041,3.605,2
P207050,33.971,3.605,2
P228412,28.706,3.605,2
P218169,13.97,3.6,1
P209245,19.575,3.6,1
P242032,24.29,3.6,1
P207206,28.91,3.6,1
P226662,32.1765,3.6,1
P231592,24.82,3.6,1
P206025,39.722,3.6,2
P243415,25.32,3.6,1
P241530,26.082,3.6,1
P202227,26.361,3.6,1
P220706,36.932,3.595,2
P217778,94.75,3.5900000000000003,2
P208067,31.781499999999998,3.59,2
P215695,20.976,3.59,1
P214991,19.59,3.59,1
P212587,24.123,3.59,1
P217938,22.374,3.59,1
P245755,95.97,3.59,1
P230595,184.514,3.585,2
P218901,23.978,3.58,1
P202588,19.45,3.58,1
P207380,16.63,3.58,1
P240897,26.77,3.58,1
P232986,22.23,3.58,1
P212540,16.22,3.58,1
P236501,30.67,3.58,1
P204988,23.6,3.58,1
P234134,35.88,3.575,2
P227706,44.640499999999996,3.57,2
P214647,22.5,3.57,1
P212135,57.037,3.57,2
P229945,24.876,3.57,1
P202768,16.08,3.57,1
P229185,22.01,3.57,1
P210467,56.983999999999995,3.5666666666666664,3
P245468,39.96,3.565,2
P236194,56.87050000000001,3.5649999999999995,2
P245740,23.664,3.56,1
P241732,28.427,3.56,1
P205344,47.629999999999995,3.56,2
P224233,65.71,3.56,1
P211727,28.25,3.56,1
P228601,37.34,3.56,1
P241497,38.011,3.5549999999999997,2
P225247,27.236999999999995,3.55,1
P245737,26.08,3.55,1
P247456,26.57,3.55,1
P247815,16.05,3.55,1
P210883,23.62,3.55,1
P214927,26.181,3.55,1
P225010,30.26,3.55,1
P222307,49.09,3.55,2
P204825,51.132000000000005,3.55,2
P207605,58.945,3.545,2
P200125,48.39,3.54,2
P239665,15.771,3.54,1
P239982,16.083000000000002,3.54,1
P243657,89.75,3.54,1
P203864,35.8395,3.54,2
P217325,94.78,3.54,1
P248589,21.69,3.54,1
P248547,24.246,3.54,1
P220850,72.53249999999998,3.53,1
P225583,21.528,3.53,1
P217907,19.5795,3.53,1
P240575,88.97,3.53,1
P203990,16.74,3.53,1
P240937,16.1,3.53,1
P201255,23.5,3.53,1
P218036,28.77,3.53,1
P225343,16.5,3.53,1
P226108,44.6,3.5250000000000004,2
P203880,113.84,3.525,2
P222157,39.168000000000006,3.52,1
P239573,21.16,3.52,1
P225586,21.9545,3.52,1
P228546,18.639,3.52,1
P231614,25.8,3.52,2
P231458,22.952,3.52,1
P213993,39.634,3.5149999999999997,2
P208552,55.42700000000001,3.5149999999999997,2
P233375,69.1355,3.513333333333333,3
P232284,22.4,3.51,1
P234843,30.98,3.51,1
P208843,32.800000000000004,3.51,1
P203305,22.869,3.51,1
P216140,33.079,3.51,1
P225525,21.03,3.51,1
P210865,24.094,3.51,1
P238273,17.584,3.51,1
P206499,62.38499999999999,3.5050000000000003,2
P235521,35.8185,3.5050000000000003,2
P217744,51.495999999999995,3.505,2
P242043,28.96,3.5,1
P220820,23.42,3.5,1
P218557,37.963499999999996,3.5,2
P233651,18.54,3.5,1
P221671,34.816,3.5,1
P213690,43.928,3.495,2
P240927,160.92,3.4949999999999997,2
P242964,78.844,3.4933333333333327,3
P226153,90.573,3.49,1
P236589,28.4,3.49,1
P201352,31.27,3.49,1
P201273,14.4,3.49,1
P221819,19.54,3.49,1
P207305,94.367,3.49,1
P222639,20.5,3.49,1
P218542,89.1005,3.48,1
P229048,117.2,3.48,2
P231513,20.566,3.48,1
P230291,15.82,3.48,1
P241000,30.62,3.48,1
P215138,23.22,3.48,1
P221402,122.06,3.4799999999999995,2
P221264,77.805,3.47,1
P243751,23.076,3.47,1
P208303,23.74,3.47,1
P241198,32.85,3.47,1
P244391,41.933,3.47,2
P223118,57.404,3.465,2
P222120,50.33,3.465,2
P216334,16.188,3.46,1
P223923,24.04,3.46,1
P204357,17.58,3.46,1
P222879,54.14,3.455,2
P207721,38.304,3.455,2
P211073,100.41,3.45,1
P232104,17.037,3.45,1
P237460,15.0,3.45,1
P208975,170.214,3.4450000000000003,2
P235357,63.620000000000005,3.4450000000000003,2
P218135,85.63799999999999,3.44,1
P216090,18.04,3.44,1
P240854,20.39,3.44,1
P245690,28.611,3.44,1
P201706,31.3,3.44,1
P212516,24.62,3.44,1
P240347,31.24,3.44,1
P245569,21.59,3.44,1
P222132,48.27949999999999,3.435,2
P201143,21.94,3.43,1
P208794,25.7975,3.43,1
P221341,28.413,3.43,1
P248270,27.585,3.43,1
P248028,99.85,3.4274999999999998,4
P233341,25.31,3.42,1
P202961,23.41,3.42,1
P214068,17.86,3.42,1
P247043,36.598,3.42,2
P220640,20.790000000000003,3.42,1
P238960,22.9615,3.41,1
P204562,15.68,3.41,1
P202018,20.14,3.41,1
P208356,26.42,3.41,1
P214920,15.0765,3.41,1
P232037,22.971,3.41,1
P201215,13.04,3.41,1
P234045,93.231,3.4099999999999997,4
P218788,36.242,3.4050000000000002,2
P229965,16.371000000000002,3.4,1
P234531,23.463,3.4,1
P213679,26.48,3.4,1
P202382,38.96,3.4,1
P200455,90.95249999999999,3.395,2
P244819,15.36,3.39,1
P231263,21.69,3.39,1
P217854,17.3,3.39,1
P206126,30.47,3.39,1
P223060,21.0805,3.39,1
P241858,26.27,3.39,1
P229332,20.73,3.39,1
P238197,128.19299999999998,3.3850000000000002,2
P249178,33.436,3.385,2
P236354,18.984,3.38,1
P204176,40.6195,3.38,2
P246687,26.558,3.38,1
P235086,22.14,3.38,1
P213214,30.4045,3.38,1
P243725,26.095,3.38,1
P248588,72.4805,3.38,2
P232615,20.5675,3.38,1
P207076,68.616,3.37,1
P202642,17.71,3.37,1
P215926,93.9675,3.37,1
P205387,38.14,3.37,1
P241560,17.54,3.37,1
P203046,34.13,3.37,1
P213167,29.115,3.37,1
P210551,11.3,3.37,1
P217416,35.318,3.37,2
P220854,19.7695,3.37,1
P219271,15.63,3.37,1
P239135,32.46,3.37,1
P207708,28.02,3.37,1
P201782,17.2805,3.37,1
P246057,71.93,3.37,1
P236934,108.63650000000001,3.37,2
P216911,18.23,3.36,1
P216872,22.71,3.36,1
P235292,19.9,3.36,1
P228093,38.620000000000005,3.36,2
P204969,18.207,3.36,1
P248968,28.747,3.36,1
P220606,20.16,3.36,1
P236425,26.57,3.36,1
P203014,27.13,3.36,1
P210663,25.9,3.35,1
P214691,25.3,3.35,1
P228735,24.37,3.35,1
P225080,31.483,3.35,1
P217538,20.417,3.35,1
P204994,30.26,3.35,1
P203255,25.78,3.35,1
P239970,72.058,3.3499999999999996,2
P225715,99.91799999999999,3.345,2
P237945,19.62,3.34,1
P237776,94.1575,3.34,2
P207816,62.997,3.3350000000000004,2
P242794,26.89,3.33,1
P248002,19.05,3.33,1
P218507,31.38,3.33,1
P228104,17.88,3.33,1
P246986,13.4235,3.33,1
P201050,37.74,3.325,2
P245281,112.655,3.325,2
P223005,34.8255,3.3200000000000003,2
P221784,91.28,3.32,1
P214782,35.289,3.32,2
P244260,21.67,3.32,1
P224440,12.852,3.32,1
P220766,75.18299999999999,3.32,1
P203967,17.584500000000002,3.32,1
P223562,83.45,3.31,1
P213185,21.5555,3.31,1
P225485,16.31,3.31,1
P200514,14.06,3.31,1
P236059,17.051,3.31,1
P229546,19.79,3.31,1
P231668,29.409,3.3049999999999997,2
P226601,30.78,3.3,1
P210325,17.09,3.3,1
P221213,15.880000000000004,3.3,1
P236528,16.2,3.3,1
P213219,48.55,3.3,2
P232800,24.74,3.3,1
P229454,14.5,3.3,1
P237235,39.16,3.3,1
P214102,21.648,3.3,1
P204852,231.564,3.296666666666667,3
P200744,78.53,3.296666666666667,3
P244467,97.66999999999999,3.2933333333333334,3
P245411,102.02799999999999,3.2900000000000005,3
P244632,22.54,3.29,1
P229220,134.56,3.29,2
P230480,14.839,3.29,1
P219538,24.111,3.29,1
P236655,23.9,3.28,1
P227353,29.51,3.28,1
P211794,29.84,3.28,1
P242477,89.38,3.28,1
P202277,26.28,3.28,1
P239592,18.0,3.28,1
P234934,26.757,3.28,1
P215868,23.058,3.27,1
P225524,57.37,3.27,2
P247919,32.453,3.27,1
P200348,123.916,3.27,2
P216495,12.76,3.27,1
P244510,18.955,3.27,1
P231320,19.19,3.27,1
P239807,41.821,3.265,2
P210058,15.998,3.26,1
P231709,49.67,3.26,2
P208903,17.676000000000002,3.26,1
P246520,16.11,3.26,1
P205446,36.436499999999995,3.255,2
P216623,19.0475,3.25,1
P215494,28.1,3.25,1
P234321,14.84,3.25,1
P234693,57.303000000000004,3.25,2
P219951,18.729,3.25,1
P225499,23.96,3.25,1
P212436,28.57,3.25,1
P213830,31.67,3.245,2
P241237,37.3245,3.24,2
P243369,104.49000000000001,3.24,2
P209640,121.65799999999999,3.24,2
P225276,49.17,3.24,2
P242143,20.91,3.24,1
P212150,39.417,3.2399999999999998,2
P239866,56.963,3.2366666666666664,3
P203659,114.12899999999999,3.2350000000000003,2
P223099,35.5,3.2350000000000003,2
P207839,99.32,3.233333333333333,3
P230264,16.054999999999996,3.23,1
P215200,85.6885,3.23,1
P202500,41.846999999999994,3.23,2
P248879,29.5355,3.23,1
P244698,85.095,3.23,1
P215542,80.11,3.23,1
P204386,48.935500000000005,3.23,2
P213040,97.32,3.22,1
P231847,17.78,3.22,1
P218381,71.11,3.22,1
P232513,76.57,3.22,1
P209132,78.5935,3.22,1
P205659,52.724500000000006,3.2199999999999998,2
P233620,34.1305,3.2150000000000003,2
P216903,43.5,3.2100000000000004,2
P219713,49.076,3.2100000000000004,2
P218193,22.5,3.21,1
P208853,18.6675,3.21,1
P228696,19.8455,3.21,1
P228616,25.25,3.21,1
P204358,49.56,3.21,2
P209179,27.4295,3.21,1
P210046,28.98,3.21,1
P223027,38.60999999999999,3.205,2
P205322,41.877,3.2,2
P203339,16.69,3.2,1
P217365,53.114000000000004,3.2,2
P238355,22.423,3.2,1
P213626,16.36,3.2,1
P223095,56.479,3.1999999999999997,2
P202656,101.061,3.1999999999999997,2
P206868,37.959,3.195,2
P220404,58.518,3.195,2
P222523,39.7595,3.195,2
P214344,18.414,3.19,1
P238116,20.577,3.19,1
P206503,27.873,3.19,1
P200172,16.529999999999998,3.19,1
P240491,26.145,3.19,1
P210425,33.251999999999995,3.19,1
P229374,16.101000000000003,3.19,1
P201703,33.35,3.19,2
P223098,19.27,3.19,1
P243460,19.32,3.19,1
P240373,32.654,3.19,2
P230783,70.042,3.19,1
P221013,35.4015,3.19,2
P224512,41.217,3.18,2
P227654,31.81,3.18,1
P219684,22.048,3.18,1
P221953,21.216,3.18,1
P211635,56.69,3.1799999999999997,2
P227924,18.56,3.17,1
P201183,24.795,3.17,1
P204636,16.5965,3.17,1
P228857,13.194,3.17,1
P206917,26.25,3.17,1
P232116,38.432,3.17,2
P246169,52.010000000000005,3.17,2
P223263,19.34,3.17,1
P202037,18.309,3.17,1
P240197,64.21,3.17,1
P242431,27.2555,3.17,1
P243038,56.261,3.165,2
P242229,64.6,3.165,2
P240053,51.039,3.16,2
P229324,26.64,3.16,1
P224043,25.34,3.16,1
P234572,68.976,3.153333333333333,3
P212208,22.632,3.15,1
P230211,69.44,3.15,1
P244377,19.095,3.15,1
P209524,21.46,3.15,1
P203755,21.88,3.15,1
P221653,33.28,3.1450000000000005,2
P242935,21.22,3.14,1
P224427,25.01,3.14,1
P212379,73.131,3.14,1
P242055,22.097,3.14,1
P237011,27.666,3.14,1
P239978,18.4,3.14,1
P207276,18.86,3.13,1
P236822,22.158,3.13,1
P202808,17.93,3.13,1
P231501,21.15,3.13,1
P200517,71.74,3.13,1
P244499,18.9,3.13,1
P231173,27.37,3.13,1
P238711,25.34,3.13,1
P212151,34.257,3.12,1
P241941,31.05,3.12,2
P212848,7.81,3.12,1
P232522,27.12,3.12,1
P241418,16.61,3.12,1
P236245,58.151,3.1149999999999998,2
P227191,65.777,3.1100000000000003,2
P229517,17.051,3.11,1
P202041,27.576,3.11,1
P210124,13.775,3.11,1
P220593,19.6,3.11,1
P218852,16.29,3.11,1
P210892,69.485,3.105,2
P209333,55.612,3.105,2
P241921,29.58,3.105,2
P240276,41.003,3.105,2
P202613,36.573,3.105,2
P249059,28.016000000000005,3.1,1
P209070,19.091,3.1,1
P246220,34.571,3.1,2
P237327,23.96,3.1,1
P213243,22.18,3.1,1
P209037,13.71,3.1,1
P219067,25.614,3.1,1
P205869,74.772,3.1,1
P244108,67.22,3.1,1
P235512,17.7735,3.1,1
P248256,22.89,3.1,1
P215586,23.59,3.1,1
P239806,63.239999999999995,3.0933333333333333,3
P201110,24.282,3.09,1
P243109,91.215,3.09,1
P203722,13.08,3.09,1
P211026,19.75,3.09,1
P249076,22.44,3.09,1
P218302,48.772,3.085,2
P246385,14.4755,3.08,1
P234602,14.52,3.08,1
P228520,20.817,3.08,1
P237920,20.64,3.08,1
P232860,32.15,3.08,2
P221645,163.6,3.0766666666666667,3
P240851,20.995,3.07,1
P247160,14.52,3.07,1
P208421,21.573,3.07,1
P238859,56.047,3.0666666666666664,3
P245238,111.89,3.065,2
P205116,43.0925,3.063333333333333,3
P207526,22.46,3.06,1
P207621,16.09,3.06,1
P200598,10.848,3.06,1
P235867,13.17,3.06,1
P214919,18.16,3.06,1
P211991,13.9,3.06,1
P217958,104.445,3.06,1
P223457,114.107,3.055,2
P236283,15.79,3.05,1
P223217,19.5225,3.05,1
P229071,20.43,3.05,1
P219868,21.49,3.05,1
P219068,17.067999999999998,3.05,1
P230115,14.02,3.04,1
P228914,12.23,3.04,1
P232892,30.571,3.04,1
P227863,35.658,3.04,2
P243552,62.23,3.04,1
P238278,34.751,3.04,1
P200061,15.896,3.04,1
P200796,18.72,3.04,1
P227231,22.0,3.04,1
P208267,139.32000000000002,3.035,2
P249008,40.35,3.035,2
P244927,50.4315,3.0300000000000002,2
P206823,18.11,3.03,1
P237548,18.547,3.03,1
P235649,22.832,3.03,1
P238902,24.15,3.03,1
P202319,128.04,3.0250000000000004,2
P248469,75.215,3.02,2
P246944,19.23,3.02,1
P222055,25.46,3.02,1
P208983,21.84,3.02,1
P235065,31.66,3.02,2
P242207,20.83,3.02,1
P209164,35.283,3.02,1
P227917,102.48,3.02,1
P233553,21.627,3.02,1
P200941,98.196,3.0100000000000002,2
P210771,21.840000000000003,3.01,1
P238490,20.24,3.01,1
P222958,22.895,3.01,1
P204848,16.264,3.01,1
P220110,82.12,3.01,1
P241876,32.737,3.01,1
P245006,20.92,3.01,1
P218003,97.027,3.01,2
P209124,109.45,3.005,2
P214307,46.439,3.0033333333333334,3
P235883,19.0095,3.0,1
P209397,17.717499999999998,3.0,1
P211222,17.85,3.0,1
P246153,17.824499999999997,3.0,1
P229227,10.233,3.0,1
P222113,18.32,3.0,1
P205045,24.72,3.0,1
P205530,27.683,3.0,1
P248678,28.26,2.99,1
P216147,19.37,2.99,1
P222428,30.305,2.99,1
P217569,44.324,2.99,2
P218327,22.85,2.99,1
P207898,35.87,2.98,2
P234143,72.922,2.98,1
P239226,105.28,2.98,1
P218972,20.340000000000003,2.98,1
P242434,22.42,2.98,1
P221752,8.72,2.98,1
P236704,126.88,2.9799999999999995,2
P244254,37.95,2.9749999999999996,2
P217581,54.42400000000001,2.973333333333333,3
P245605,28.9085,2.97,1
P210002,25.93,2.97,1
P233988,26.1,2.97,1
P203368,12.7585,2.97,1
P222211,21.4035,2.97,1
P232150,13.015,2.97,1
P221263,14.9435,2.97,1
P223928,14.174,2.97,1
P246635,43.8245,2.9699999999999998,2
P220633,85.88,2.9600000000000004,2
P227124,10.2,2.96,1
P205471,26.226000000000003,2.96,1
P248003,26.85,2.96,1
P211148,19.665,2.96,1
P246178,24.06,2.96,1
P220557,18.924,2.96,1
P245235,16.51,2.96,1
P240779,23.049,2.96,1
P219638,60.28,2.9550000000000005,2
P228575,40.02649999999999,2.955,2
P229703,58.74,2.955,2
P224870,79.83,2.95,1
P213596,23.3,2.95,1
P205213,15.922,2.95,1
P203643,17.046000000000003,2.95,1
P229607,14.376,2.95,1
P222575,44.775999999999996,2.9450000000000003,2
P247733,42.27,2.945,2
P238824,15.314,2.94,1
P201713,26.7235,2.94,1
P222148,207.6315,2.94,3
P214201,47.564,2.94,2
P209757,11.832,2.94,1
P215929,27.1985,2.94,1
P243153,60.45,2.94,1
P230185,49.9985,2.935,2
P214206,36.518,2.935,2
P211801,45.3545,2.935,2
P233669,18.258,2.93,1
P204047,23.47,2.93,1
P231544,27.62,2.93,1
P248382,20.26,2.93,1
P246841,88.28099999999999,2.93,1
P227982,38.259,2.93,2
P223256,21.81,2.93,1
P220131,59.32,2.925,2
P235297,51.003,2.925,2
P206902,59.419,2.925,2
P200977,33.61,2.925,2
P226968,22.27,2.92,1
P243623,19.006,2.92,1
P228782,31.5,2.92,1
P234281,22.38,2.92,1
P205174,82.56,2.92,1
P241088,29.232,2.92,1
P204377,87.48,2.92,1
P235938,58.508,2.915,2
P200710,98.6765,2.915,2
P217288,14.32,2.91,1
P220982,20.61,2.91,1
P237601,20.06,2.91,1
P201986,15.0955,2.91,1
P238434,17.708,2.91,1
P243887,18.56,2.91,1
P240077,16.002000000000002,2.91,1
P242913,17.95,2.91,1
P202264,24.12,2.91,1
P203612,21.48,2.91,1
P248509,110.8535,2.91,3
P213675,18.128,2.9,1
P246400,22.45,2.9,1
P205964,74.2995,2.9,1
P231376,11.763,2.9,1
P200521,9.975,2.9,1
P242623,102.0,2.9,1
P228266,22.857,2.9,1
P212304,21.01,2.9,1
P209448,119.57849999999998,2.895,2
P238294,47.384,2.895,2
P242982,29.28,2.89,1
P202303,20.62,2.89,1
P210086,33.914,2.89,2
P241898,14.649,2.89,1
P230442,91.936,2.89,1
P225712,20.62,2.89,1
P240494,20.26,2.89,1
P212837,16.64,2.89,1
P239754,8.757000000000001,2.89,1
P228557,131.413,2.8866666666666667,3
P221021,191.429,2.885,2
P238821,17.07,2.88,1
P246706,19.08,2.88,1
P211041,19.75,2.88,1
P248513,26.529999999999998,2.88,2
P207669,35.928,2.875,2
P228484,46.342,2.875,2
P217787,42.868,2.875,2
P203668,29.85,2.87,2
P214538,132.73,2.87,2
P212515,20.81,2.87,1
P239967,131.64,2.87,1
P239994,29.648000000000003,2.8649999999999998,2
P238154,132.9,2.86,2
P249443,19.05,2.86,1
P217694,25.55,2.86,1
P240378,28.786499999999997,2.86,2
P228678,19.08,2.86,1
P241408,13.186,2.86,1
P239740,24.49,2.86,1
P210237,53.17,2.86,1
P215389,48.22,2.86,2
P207564,27.7,2.86,1
P243728,190.8315,2.855,4
P233428,48.116,2.855,2
P245076,57.6485,2.8533333333333335,3
P211300,46.97,2.85,2
P242804,13.347,2.85,1
P224357,35.367,2.8400000000000003,2
P214392,18.153,2.84,1
P239213,20.17,2.84,1
P217750,14.05,2.84,1
P232530,85.9775,2.84,1
P235047,26.253000000000004,2.84,1
P248198,82.224,2.84,1
P242519,13.7,2.84,1
P220071,13.38,2.83,1
P218763,12.18,2.83,1
P244545,22.421,2.83,1
P248033,42.8445,2.83,2
P204876,195.71099999999998,2.8200000000000003,4
P200703,93.43,2.82,1
P220202,71.06,2.82,1
P207827,16.22,2.82,1
P234000,13.566,2.82,1
P214907,22.496,2.82,1
P244654,21.216,2.82,1
P219301,16.35,2.82,1
P242225,78.77,2.82,1
P226165,15.217999999999998,2.81,1
P215123,16.074,2.81,1
P225347,38.511500000000005,2.81,2
P229942,21.91,2.81,1
P214006,11.21,2.81,1
P201521,29.34,2.81,1
P212394,23.29,2.81,1
P228294,20.178,2.81,1
P247563,24.02,2.81,1
P237751,24.28,2.81,1
P221086,178.877,2.8066666666666666,3
P224162,17.308999999999997,2.8,1
P248965,15.4375,2.8,1
P221516,13.0,2.8,1
P236020,23.274,2.8,1
P245000,24.561,2.8,1
P208969,14.66,2.8,1
P212475,62.8425,2.8,1
P229022,11.932,2.8,1
P244408,19.92,2.8,1
P226447,9.994,2.8,1
P243689,15.03,2.8,1
P214754,43.074999999999996,2.795,2
P241476,71.59,2.79,1
P228965,13.44,2.79,1
P245242,51.074,2.79,2
P240399,26.4,2.79,1
P208111,9.59,2.79,1
P203525,33.036,2.79,2
P225527,19.35,2.79,1
P249023,44.89,2.785,2
P202344,33.174,2.78,1
P211433,24.678,2.78,1
P214328,16.1025,2.78,1
P245953,61.085,2.776666666666667,3
P217265,41.7415,2.775,2
P213514,26.990000000000002,2.775,2
P223777,21.996,2.77,1
P205151,19.4395,2.77,1
P226896,20.14,2.77,1
P202612,86.11,2.77,1
P204550,15.09,2.77,1
P202607,19.24,2.77,1
P230032,128.2155,2.765,2
P213106,109.24,2.76,1
P227435,13.3,2.76,1
P200468,18.117,2.76,1
P232506,17.94,2.76,1
P222253,11.9985,2.76,1
P210106,15.96,2.76,1
P205122,16.93,2.76,1
P215297,19.14,2.76,1
P200792,29.93,2.755,2
P224996,16.32,2.75,1
P234319,65.61,2.75,1
P239476,21.52,2.75,1
P247971,14.94,2.75,1
P212767,15.51,2.75,1
P241809,65.31400000000001,2.75,1
P236077,29.740000000000002,2.7449999999999997,2
P210864,58.94,2.74,3
P228793,23.91,2.74,1
P215298,24.8045,2.74,1
P240923,37.335,2.74,1
P237895,69.07,2.74,1
P202651,21.9385,2.74,1
P221943,18.2305,2.74,1
P240116,18.1305,2.74,1
P241553,16.56,2.74,1
P228634,34.711,2.74,2
P233599,16.56,2.74,1
P227330,15.903000000000002,2.74,1
P208602,59.868,2.733333333333333,3
P222676,10.61,2.73,1
P214715,23.49,2.73,1
P232719,59.689,2.73,2
P211351,68.99,2.73,1
P238484,17.55,2.73,1
P230655,15.33,2.73,1
P227557,15.426,2.73,1
P247999,111.965,2.73,2
P209379,65.36,2.73,1
P223276,75.4,2.725,2
P240835,63.2995,2.723333333333333,3
P242737,22.626,2.72,1
P248352,20.11,2.72,1
P209256,22.92,2.72,1
P247124,11.98,2.72,1
P224984,26.56,2.72,1
P203610,84.375,2.72,1
P219734,138.00400000000002,2.72,3
P203901,26.694,2.72,1
P209229,11.34,2.72,1
P246913,24.0635,2.72,1
P211569,26.809,2.715,2
P231475,14.65,2.71,1
P242514,11.33,2.71,1
P210998,20.6125,2.71,1
P218284,20.96,2.71,1
P215890,21.76,2.71,1
P248512,15.24,2.71,1
P205275,27.216,2.71,1
P228395,78.129,2.71,1
P201992,18.214,2.71,1
P229644,13.46,2.71,1
P230489,11.547,2.71,1
P225379,139.278,2.705,2
P211877,12.71,2.7,1
P229409,16.66,2.7,1
P210135,17.69,2.7,1
P219549,136.22400000000002,2.7,1
P215934,83.87,2.7,1
P215899,17.376,2.7,1
P218897,24.6,2.7,1
P247531,18.26,2.7,1
P232234,15.53,2.7,1
P200857,25.66,2.7,1
P240459,39.829,2.6950000000000003,2
P246012,22.99,2.69,1
P242292,20.748,2.69,1
P223916,27.01,2.69,1
P236671,17.44,2.69,1
P222817,22.763,2.69,1
P207184,62.19,2.69,2
P208527,103.668,2.6899999999999995,2
P205909,29.114,2.685,2
P215765,62.568,2.6849999999999996,2
P214265,106.40450000000001,2.6833333333333336,3
P231976,15.27,2.68,1
P208779,87.02,2.68,1
P232862,76.959,2.68,1
P248956,20.366,2.68,1
P214666,93.30000000000001,2.6799999999999997,2
P225811,203.2915,2.6775,4
P207009,37.916000000000004,2.675,2
P236927,21.833,2.67,1
P248472,31.616,2.67,1
P202855,17.658,2.67,1
P216095,24.51,2.67,1
P244466,20.25,2.67,1
P221780,21.3,2.67,1
P213412,15.34,2.67,1
P205450,12.26,2.67,1
P226214,15.73,2.67,1
P241128,44.4045,2.67,2
P211917,14.73,2.67,1
P217057,36.794,2.67,2
P237240,14.52,2.67,1
P217986,36.42,2.67,1
P227026,27.126,2.67,1
P235324,12.3405,2.67,1
P210830,18.126,2.67,1
P230235,91.971,2.6666666666666665,3
P218141,20.881,2.66,1
P232118,18.6065,2.66,1
P232898,79.61099999999999,2.66,1
P219822,16.796,2.66,1
P247838,26.9895,2.66,1
P224920,54.013000000000005,2.6550000000000002,2
P246358,23.87,2.65,1
P224106,16.358999999999998,2.65,1
P224868,17.1,2.65,1
P204979,20.634,2.65,1
P234529,23.31,2.65,1
P225272,68.292,2.65,1
P219547,10.98,2.65,1
P248511,27.02,2.65,1
P209545,33.8865,2.65,1
P206112,29.43,2.65,1
P227224,33.849000000000004,2.645,2
P243831,47.425000000000004,2.645,2
P247156,50.089,2.64,2
P246083,12.7,2.64,1
P248149,28.395,2.64,1
P219986,21.3275,2.64,1
P227937,22.083,2.64,1
P204925,32.699,2.6350000000000002,2
P212531,34.5845,2.635,2
P247505,16.915,2.63,1
P235947,24.2915,2.63,1
P217096,15.06,2.63,1
P231316,31.905999999999995,2.63,1
P235190,19.16,2.63,1
P208094,17.537,2.63,1
P225553,14.84,2.63,1
P241973,121.3,2.63,1
P227205,85.072,2.625,2
P247982,33.244,2.625,2
P227240,11.367,2.62,1
P227319,57.096,2.62,1
P245162,19.04,2.62,1
P207284,58.160000000000004,2.62,2
P230198,13.77,2.62,1
P243492,102.65,2.62,1
P236386,25.2875,2.62,1
P208340,9.33,2.62,1
P235627,36.666,2.62,2
P240849,47.03,2.615,2
P206715,29.41,2.6149999999999998,2
P213256,15.513499999999995,2.61,1
P221277,18.672,2.61,1
P217993,23.88,2.61,1
P228008,65.193,2.61,3
P218962,65.9,2.6099999999999994,2
P239338,79.6885,2.606666666666667,3
P217034,41.78,2.605,2
P230172,37.879999999999995,2.605,2
P248824,23.877,2.6,1
P223108,59.63,2.6,1
P227853,14.17,2.6,1
P205646,19.51,2.6,1
P217105,21.36,2.6,1
P201017,8.549999999999999,2.6,1
P201971,85.14099999999999,2.596666666666667,3
P212655,44.400000000000006,2.595,2
P214058,29.758000000000003,2.595,2
P207449,15.46,2.59,1
P244232,11.8,2.59,1
P231726,15.588,2.59,1
P246694,22.65,2.59,1
P211623,19.01,2.59,1
P221471,46.41,2.59,2
P216462,21.35,2.59,1
P249861,14.652,2.59,1
P204025,143.413,2.59,3
P242300,12.78,2.59,1
P246390,52.64,2.59,2
P204743,29.0225,2.59,1
P226137,19.44,2.59,1
P243883,19.854,2.58,1
P217427,21.06,2.58,1
P239349,11.5,2.58,1
P238909,35.2305,2.58,2
P241709,22.287,2.58,1
P215455,101.376,2.58,1
P235151,28.4525,2.58,1
P238597,53.9075,2.5766666666666667,3
P224307,203.6115,2.575,2
P215040,43.472,2.575,2
P248055,28.762,2.5749999999999997,2
P228868,38.709999999999994,2.5749999999999997,2
P200603,51.84,2.5700000000000003,2
P212666,31.75,2.57,1
P208487,84.5,2.57,1
P226940,30.186,2.57,1
P207785,22.2445,2.57,1
P206878,20.55,2.57,1
P201601,43.995000000000005,2.565,2
P222394,113.75,2.56,1
P206836,23.1515,2.56,1
P227957,44.94,2.56,2
P235547,12.3165,2.56,1
P232263,27.76,2.56,1
P205425,22.72,2.56,1
P231980,23.48,2.56,1
P219562,60.462,2.56,3
P215801,58.15,2.56,1
P227164,47.89,2.5549999999999997,2
P224063,35.1335,2.5549999999999997,2
P211456,15.79,2.55,1
P237795,79.84,2.55,1
P210083,31.05,2.55,1
P242029,26.4945,2.55,1
P227737,70.83,2.55,1
P234216,21.91,2.55,1
P237463,14.45,2.55,1
P242245,21.02,2.54,1
P211851,15.68,2.54,1
P238672,17.27,2.54,1
P232213,17.93,2.54,1
P223091,24.111,2.54,1
P208439,15.0955,2.54,1
P218638,8.65,2.54,1
P245388,70.16,2.54,1
P234475,22.761,2.54,1
P204768,21.54,2.54,1
P245940,9.75,2.54,1
P237118,61.899499999999996,2.5366666666666666,3
P233673,77.1885,2.535,2
P226250,36.802,2.53,2
P233910,21.06,2.53,1
P243062,17.505,2.53,1
P224899,24.69,2.53,1
P207165,14.004,2.53,1
P222362,17.518,2.53,1
P226361,161.56,2.526666666666667,3
P221871,25.94,2.5250000000000004,2
P205934,33.554,2.525,2
P209220,65.402,2.5200000000000005,2
P201302,30.81,2.52,1
P224575,66.57,2.52,1
P217117,11.74,2.52,1
P225534,14.28,2.52,1
P221633,24.58,2.52,1
P239715,44.25,2.52,2
P202760,15.6,2.52,1
P212350,16.616,2.52,1
P238946,30.502500000000005,2.5149999999999997,2
P239021,68.569,2.513333333333333,3
P210722,111.899,2.5100000000000002,2
P226091,59.755,2.51,1
P238775,71.41499999999999,2.51,1
P225837,18.7625,2.51,1
P223940,14.08,2.51,1
P208422,70.27149999999999,2.51,1
P221053,18.95,2.51,1
P211030,16.541,2.51,1
P225416,92.794,2.505,2
P224177,67.718,2.505,2
P220926,101.269,2.505,2
P208461,140.70999999999998,2.505,2
P216551,29.441,2.505,2
P248981,18.56,2.5,1
P228764,65.08,2.5,1
P247899,74.4705,2.5,1
P216149,20.907,2.5,1
P232236,16.3965,2.5,1
P233823,37.03,2.5,2
P241281,22.6005,2.5,1
P212811,33.196,2.495,2
P218894,105.0985,2.495,2
P235433,8.352,2.49,1
P229268,12.13,2.49,1
P223983,16.19,2.49,1
P230144,16.785,2.49,1
P202681,15.03,2.49,1
P234537,89.47,2.49,1
P224195,15.57,2.49,1
P230961,45.0,2.49,2
P206164,17.604,2.49,1
P206876,36.95,2.4899999999999998,2
P230541,37.045,2.4899999999999998,3
P235455,132.689,2.4850000000000003,2
P211276,24.918,2.485,2
P216919,44.627,2.485,2
P220752,14.36,2.48,1
P242660,17.35,2.48,1
P205709,8.984,2.48,1
P227641,12.901,2.48,1
P209571,24.6,2.48,1
P240091,18.14,2.48,1
P237752,107.8375,2.475,2
P226619,13.69,2.47,1
P224762,31.53,2.47,1
P218039,22.446,2.47,1
P220384,20.21,2.47,1
P200381,23.74,2.47,1
P201889,30.07,2.47,1
P246418,103.484,2.4699999999999998,2
P246081,17.343,2.46,1
P238805,16.23,2.46,1
P201474,24.444,2.46,1
P228300,19.278,2.46,1
P206028,53.921,2.46,2
P211545,17.17,2.46,1
P201066,26.466500000000003,2.46,2
P233947,14.8105,2.46,1
P218663,53.629999999999995,2.455,2
P247668,44.45,2.455,2
P202071,18.43,2.45,1
P221775,16.074,2.45,1
P205593,24.19,2.45,1
P235831,16.1,2.45,1
P210764,25.29,2.45,1
P208293,74.352,2.45,2
P217926,29.700000000000003,2.445,2
P228436,61.2605,2.4400000000000004,2
P247038,12.62,2.44,1
P223527,24.32,2.44,1
P219535,14.263,2.44,1
P243152,18.306,2.44,1
P231677,17.18,2.44,1
P242406,9.1035,2.44,1
P230752,18.09,2.44,1
P233457,15.342499999999998,2.44,1
P204647,15.165,2.43,1
P249999,11.03,2.43,1
P216860,16.22,2.43,1
P218996,17.104,2.43,1
P215239,14.22,2.43,1
P231157,39.482,2.43,2
P231872,76.38,2.43,1
P236962,28.557,2.43,1
P219643,19.0,2.43,1
P204084,9.01,2.43,1
P201589,20.28,2.43,1
P236716,22.65,2.43,1
P214932,42.230000000000004,2.4250000000000003,2
P221524,32.728500000000004,2.425,2
P202964,36.658,2.4200000000000004,2
P244176,24.79,2.42,1
P246683,23.085,2.42,1
P245961,63.41,2.42,1
P212072,14.5255,2.42,1
P233211,18.88,2.42,1
P244851,28.98,2.42,1
P248787,59.83,2.4166666666666665,3
P235742,31.1,2.415,2
P202239,18.259,2.41,1
P202657,20.12,2.41,1
P205368,9.0915,2.41,1
P211007,24.4,2.41,1
P219336,92.5,2.4050000000000002,2
P207747,81.088,2.405,2
P240944,29.58,2.4,1
P205679,23.3415,2.4,1
P223819,19.413,2.4,1
P242751,21.52,2.4,1
P233028,23.6835,2.4,1
P241179,23.544,2.4,1
P207137,21.28,2.4,1
P212569,15.92,2.4,1
P206011,16.1025,2.4,1
P219344,18.612,2.4,1
P219188,81.14,2.3966666666666665,3
P241499,60.59,2.395,2
P210168,45.18299999999999,2.3949999999999996,2
P239093,130.03,2.393333333333333,3
P232265,23.71,2.39,1
P215952,18.39,2.39,1
P206156,17.347,2.39,1
P243280,24.64,2.38,1
P216857,18.090000000000003,2.38,1
P221772,12.89,2.38,1
P217371,10.737,2.38,1
P223781,14.546,2.38,1
P234152,20.421000000000003,2.38,1
P203332,19.12,2.38,1
P235846,87.02000000000001,2.375,2
P239693,13.54,2.37,1
P218476,11.26,2.37,1
P211074,24.01,2.37,1
P227439,24.72,2.37,1
P241155,19.59,2.37,1
P247271,20.898,2.37,1
P211070,110.61699999999999,2.3666666666666667,3
P234515,32.8155,2.365,2
P203228,92.56299999999999,2.3600000000000003,2
P203641,21.951,2.36,1
P212918,14.112,2.36,1
P218020,12.9675,2.36,1
P205731,42.358,2.36,2
P201365,101.64,2.3575,4
P211509,37.96,2.355,2
P225282,134.5,2.355,2
P232582,83.57,2.35,1
P222172,22.8225,2.35,1
P219029,69.42,2.35,1
P246393,14.88,2.35,1
P206221,11.408,2.35,1
P221116,62.730000000000004,2.35,3
P245352,85.3655,2.35,1
P210050,17.95,2.35,1
P226337,17.4,2.35,1
P226686,16.169999999999998,2.35,1
P219003,87.501,2.3449999999999998,2
P240861,24.87,2.34,1
P213732,26.724,2.34,1
P244379,20.1,2.34,1
P203198,16.092,2.34,1
P219134,10.71,2.34,1
P237579,16.1025,2.34,1
P249587,11.76,2.33,1
P221662,14.68,2.33,1
P220744,33.7195,2.33,2
P216741,21.794,2.33,1
P237432,12.56,2.33,1
P238685,9.216,2.33,1
P245939,69.22,2.33,1
P203683,34.87200000000001,2.33,1
P234799,36.431,2.325,2
P201209,69.9615,2.3249999999999997,2
P220509,51.597,2.3233333333333333,3
P201781,94.6995,2.3200000000000003,2
P207724,57.07599999999999,2.32,1
P214699,14.26,2.32,1
P232693,19.72,2.32,1
P225808,19.8,2.32,1
P214150,43.81,2.315,2
P228401,20.31,2.31,1
P210747,18.677,2.31,1
P229258,73.53,2.31,1
P218695,45.576499999999996,2.3099999999999996,2
P239826,37.121,2.3049999999999997,2
P217018,62.3945,2.3033333333333332,3
P229584,28.81,2.3,2
P217660,16.8,2.3,1
P205632,20.3,2.3,1
P205831,74.34,2.3,1
P220272,21.57,2.3,1
P209080,16.56,2.3,1
P232146,45.83,2.3,2
P245091,13.737,2.29,1
P233072,9.792,2.29,1
P214746,15.21,2.29,1
P213700,19.584000000000003,2.29,1
P242828,24.529,2.29,1
P234514,7.512,2.29,1
P220715,13.122,2.29,1
P202022,85.37,2.29,1
P248730,20.88,2.29,1
P201450,18.45,2.29,1
P247770,65.167,2.2866666666666666,3
P232559,35.980000000000004,2.285,2
P215253,21.539,2.28,1
P245417,13.88,2.28,1
P239749,13.41,2.28,1
P223191,26.02,2.28,1
P238087,28.83,2.28,1
P221786,90.29,2.28,1
P210924,20.0165,2.28,1
P215579,77.09,2.28,1
P249371,15.84,2.28,1
P217789,13.63,2.28,1
P220410,46.06,2.2750000000000004,2
P241978,33.6695,2.275,2
P203275,113.0,2.27,1
P244528,32.37,2.27,1
P238280,18.5915,2.27,1
P227889,15.58,2.27,1
P246611,14.571000000000002,2.27,1
P242419,15.2665,2.27,1
P235179,16.56,2.27,1
P240740,11.72,2.27,1
P228721,46.845,2.265,2
P228215,33.01,2.26,1
P238291,17.99,2.26,1
P231432,16.8,2.26,1
P204213,11.8085,2.26,1
P233556,77.57,2.26,1
P221530,12.92,2.26,1
P231023,35.782000000000004,2.26,2
P249232,15.31,2.26,1
P212316,15.78,2.26,1
P227220,76.71249999999999,2.26,1
P212810,37.683499999999995,2.25,2
P232488,19.16,2.25,1
P219790,16.71,2.25,1
P206805,20.7,2.25,1
P220555,16.02,2.25,1
P227064,9.27,2.25,1
P203686,37.626,2.25,2
P242145,30.0105,2.25,2
P233148,13.35,2.25,1
P240481,24.08,2.25,1
P227861,83.079,2.2466666666666666,3
P220139,23.5365,2.24,1
P204589,19.14,2.24,1
P233275,19.74,2.24,1
P207195,23.898,2.24,1
P217988,82.082,2.24,1
P243468,9.96,2.24,1
P240482,14.136,2.24,1
P225206,17.746,2.24,1
P201746,20.2825,2.24,1
P244804,24.3675,2.24,1
P225704,34.742999999999995,2.2399999999999998,2
P203646,70.226,2.2350000000000003,2
P212138,146.414,2.2333333333333334,3
P244312,59.876000000000005,2.2333333333333334,3
P213000,15.04,2.23,1
P224656,17.332,2.23,1
P208723,15.86,2.23,1
P207391,16.650000000000002,2.23,1
P234340,15.17,2.23,1
P205544,20.09,2.23,1
P203588,68.63,2.23,1
P220688,28.883499999999998,2.225,2
P218471,19.019,2.22,1
P216134,18.38,2.22,1
P211253,14.9,2.22,1
P230496,11.73,2.22,1
P230652,21.32,2.22,1
P242621,34.34,2.2199999999999998,2
P227014,18.224,2.21,1
P245583,14.490000000000002,2.21,1
P237846,17.537,2.21,1
P206892,12.37,2.21,1
P204535,17.6035,2.21,1
P234120,8.908,2.2,1
P221965,17.98,2.2,1
P233298,31.29,2.2,2
P215971,14.722,2.2,1
P244938,16.235,2.2,1
P208732,31.7055,2.2,2
P228277,17.18,2.2,1
P203133,11.55,2.2,1
P233044,23.97,2.2,1
P239123,35.456,2.1950000000000003,2
P209112,34.239,2.195,2
P223206,31.832,2.195,2
P204578,146.6855,2.195,2
P232831,146.452,2.1949999999999994,2
P220511,98.52,2.19,1
P231476,16.27,2.19,1
P200187,14.9005,2.19,1
P248745,66.08,2.19,1
P219624,27.89,2.19,1
P225753,30.28,2.185,2
P240079,61.76,2.1849999999999996,2
P249828,93.7535,2.183333333333333,3
P215173,79.91,2.18,2
P205413,60.260000000000005,2.18,3
P202871,29.47,2.18,1
P214707,16.731,2.18,1
P219118,27.85,2.18,1
P238559,18.72,2.18,1
P208933,73.33,2.18,2
P232323,16.473,2.18,1
P215145,29.2825,2.18,1
P240601,36.924,2.175,2
P242924,25.668999999999997,2.175,2
P204206,32.760000000000005,2.175,2
P245736,35.78,2.1700000000000004,2
P229214,67.2435,2.17,1
P239488,12.06,2.17,1
P235374,18.632,2.17,1
P207214,90.32000000000001,2.165,2
P224466,24.11,2.165,2
P208226,13.573,2.16,1
P230900,24.9135,2.16,1
P214299,11.8655,2.16,1
P248640,35.88,2.16,2
P200770,14.656,2.16,1
P207645,20.876,2.16,1
P207212,18.648,2.16,1
P211575,33.156,2.1550000000000002,2
P210750,14.36,2.15,1
P228391,15.15,2.15,1
P224527,19.1045,2.15,1
P241768,93.6,2.15,1
P204090,6.8115,2.15,1
P231408,15.74,2.15,1
P242272,19.2,2.15,1
P247341,18.9145,2.15,1
P214383,12.2,2.14,1
P230622,12.712,2.14,1
P208689,63.67,2.14,1
P206880,10.91,2.14,1
P224166,43.251999999999995,2.1399999999999997,2
P244597,42.8995,2.1350000000000002,2
P212370,38.59,2.135,2
P211127,41.506,2.1300000000000003,2
P223936,64.67,2.1300000000000003,3
P217994,11.135,2.13,1
P248336,19.95,2.13,1
P244405,11.349,2.13,1
P245640,13.66,2.13,1
P207196,29.17,2.13,1
P206202,12.3,2.13,1
P240966,73.812,2.13,2
P225256,9.936,2.13,1
P234360,22.38,2.13,1
P249769,12.578,2.12,1
P213074,69.083,2.12,2
P226933,13.72,2.12,1
P224809,88.91999999999999,2.12,2
P208578,81.89,2.12,1
P241850,14.535,2.12,1
P240186,23.41,2.12,1
P218480,16.711,2.12,1
P220006,18.36,2.12,1
P218403,15.872,2.12,1
P204453,22.99,2.11,1
P219938,10.5165,2.11,1
P234362,15.56,2.11,1
P201247,18.26,2.11,1
P224959,69.79,2.11,1
P216463,15.31,2.11,1
P244722,11.394,2.11,1
P231903,32.7495,2.105,2
P234128,61.88,2.1049999999999995,2
P210096,69.79,2.1,1
P203141,30.648,2.0949999999999998,2
P228724,39.004000000000005,2.09,2
P242874,26.95,2.09,1
P236761,9.14,2.09,1
P200915,17.95,2.09,1
P204102,11.17,2.09,1
P223250,19.3135,2.09,1
P219105,26.67,2.09,1
P211870,19.01,2.09,1
P211783,45.309999999999995,2.085,2
P234494,21.375,2.08,1
P231601,14.78,2.08,1
P235153,22.586999999999996,2.08,2
P226600,15.73,2.08,1
P247817,117.7115,2.08,2
P234770,10.846,2.08,1
P233602,27.776,2.08,1
P207228,8.39,2.08,1
P230593,37.15,2.075,2
P246503,34.82,2.075,2
P213539,87.70899999999999,2.0700000000000003,2
P235693,13.28,2.07,1
P214156,13.5,2.07,1
P202074,18.95,2.07,1
P248205,17.94,2.07,1
P238493,13.481,2.07,1
P249340,16.9,2.07,1
P239230,10.824,2.07,1
P207872,17.009999999999998,2.07,1
P247659,42.208,2.066666666666667,3
P238807,83.42,2.065,2
P201989,20.43,2.06,1
P234789,15.24,2.06,1
P219361,17.82,2.06,1
P230421,20.7575,2.06,1
P231842,20.96,2.05,1
P236057,16.9575,2.05,1
P219202,15.7985,2.05,1
P218430,12.02,2.05,1
P202148,19.93,2.05,1
P215535,20.3065,2.05,1
P209056,6.6895,2.05,1
P231311,21.928,2.05,1
P220769,13.7,2.04,1
P219572,19.68,2.04,1
P211683,17.41,2.04,1
P207038,21.29,2.04,1
P221313,19.05,2.04,1
P223033,119.76,2.04,1
P218588,14.5,2.04,1
P242721,31.55,2.04,2
P210169,91.99849999999999,2.035,2
P218882,27.03,2.03,1
P214142,71.63,2.03,1
P231242,21.55,2.03,1
P240550,12.82,2.03,1
P210669,13.244,2.03,1
P230478,29.07,2.03,1
P213937,12.546,2.03,1
P222669,15.11,2.03,1
P235925,27.027,2.03,1
P245751,116.48,2.03,1
P243367,82.131,2.03,1
P225452,12.393,2.02,1
P248691,32.3955,2.02,2
P223356,9.6425,2.02,1
P217646,25.86,2.02,1
P235848,7.637999999999999,2.02,1
P248581,16.34,2.02,1
P233984,37.38,2.02,2
P216027,7.51,2.02,1
P200200,15.333,2.02,1
P226477,55.376,2.015,2
P242383,158.72949999999997,2.013333333333333,3
P244640,87.39049999999999,2.01,1
P211238,17.23,2.01,1
P235739,78.84800000000001,2.01,1
P214386,16.872500000000002,2.01,1
P217225,16.71,2.01,1
P220672,17.14,2.01,1
P246870,28.74,2.01,1
P203892,14.2885,2.01,1
P217621,17.08,2.01,1
P210896,42.6385,2.0050000000000003,2
P247415,92.975,2.005,4
P247484,81.73,2.0,1
P206813,13.41,2.0,1
P244007,14.64,2.0,1
P230079,21.301,2.0,1
P235462,20.26,2.0,1
P249120,20.0355,2.0,1
P206918,14.32,2.0,1
P207094,17.919999999999998,2.0,1
P213780,20.53,2.0,1
P247905,16.92,2.0,1
P217705,29.131999999999998,1.995,2
P210937,24.657,1.9949999999999999,2
P203409,34.185,1.9900000000000002,2
P231817,60.1375,1.99,1
P214788,13.203,1.99,1
P208739,23.576,1.99,1
P249268,17.64,1.99,1
P222600,22.266,1.99,1
P215527,16.22,1.99,1
P230444,31.228,1.9849999999999999,2
P248614,21.67,1.98,1
P226927,12.77,1.98,1
P232570,19.56,1.98,1
P237694,17.18,1.98,1
P223111,7.272,1.98,1
P203212,94.1,1.98,1
P206747,28.16,1.975,2
P235109,17.935000000000002,1.97,1
P206464,13.85,1.97,1
P215768,18.82,1.97,1
P205247,166.5635,1.9699999999999998,3
P217331,32.821,1.96,2
P222870,36.302,1.96,2
P231385,12.5,1.96,1
P229926,18.7255,1.96,1
P247777,110.82000000000002,1.9580000000000002,5
P244401,24.62,1.95,1
P221691,19.557,1.95,1
P234821,17.08,1.95,1
P210647,29.64,1.95,1
P244735,18.46,1.95,1
P218070,10.155499999999998,1.95,1
P220609,17.9455,1.95,1
P209867,25.96,1.95,1
P239799,18.627,1.95,1
P245308,18.35,1.95,1
P237213,41.023,1.945,2
P207930,15.98,1.94,1
P220083,15.96,1.94,1
P226009,8.39,1.94,1
P218922,11.42,1.94,1
P204412,56.917500000000004,1.9300000000000004,3
P242871,45.836,1.93,3
P247013,12.01,1.93,1
P230570,16.7535,1.93,1
P200424,14.85,1.93,1
P245754,72.14,1.93,1
P212723,6.73,1.93,1
P211591,15.28,1.93,1
P235810,24.64,1.93,1
P200360,8.88,1.93,1
P229840,101.394,1.9233333333333336,3
P213137,36.31999999999999,1.9200000000000002,2
P228560,14.776000000000003,1.9200000000000002,2
P210638,14.82,1.92,1
P227307,9.4,1.92,1
P213785,27.94,1.92,1
P204953,28.891499999999997,1.915,2
P209599,73.952,1.91,1
P240683,117.54,1.91,1
P248442,16.3495,1.91,1
P232568,15.26,1.91,1
P213725,55.70399999999999,1.9099999999999997,2
P219983,28.4895,1.9049999999999998,2
P246903,20.128,1.9,1
P218740,72.63,1.9,1
P233146,29.4025,1.9,1
P210780,11.36,1.9,1
P244821,10.17,1.9,1
P213513,14.61,1.9,1
P239768,10.539,1.9,1
P216611,21.69,1.9,1
P227002,17.83,1.9,1
P227013,21.27,1.9,1
P249739,61.96,1.9,1
P240873,16.14,1.895,2
P218030,66.12,1.895,2
P248543,41.977999999999994,1.895,2
P213377,13.69,1.89,1
P200599,17.137999999999998,1.89,1
P236955,35.208,1.89,1
P217088,19.0285,1.89,1
P237819,17.0935,1.89,1
P219219,14.615999999999998,1.89,1
P229178,17.69,1.89,1
P230968,12.787,1.89,1
P237177,18.582,1.89,1
P229675,71.836,1.89,2
P228841,20.311,1.88,1
P235878,59.772000000000006,1.8750000000000002,2
P211326,109.64699999999999,1.875,2
P233105,32.508,1.87,1
P200084,82.328,1.87,1
P213996,64.03500000000001,1.87,1
P201156,14.06,1.87,1
P236376,12.07,1.87,1
P201980,25.587,1.87,1
P248004,14.63,1.87,1
P249383,95.585,1.8699999999999999,2
P241185,33.153999999999996,1.8699999999999999,2
P203709,70.10249999999999,1.8633333333333333,3
P235551,12.288,1.86,1
P214996,47.027,1.86,2
P236078,13.3,1.86,1
P212566,22.13,1.86,1
P230110,76.16,1.86,1
P208920,20.76,1.86,1
P244707,15.615000000000002,1.86,1
P239077,11.84,1.86,1
P237827,17.388,1.86,1
P203809,40.086,1.855,2
P206732,24.822,1.85,1
P217289,11.93,1.85,1
P234343,20.34,1.85,1
P207866,27.6,1.85,1
P237840,13.06,1.85,1
P226988,17.993000000000002,1.85,1
P235916,12.76,1.85,1
P241911,14.0,1.85,1
P213901,29.822000000000003,1.8450000000000002,2
P236794,34.79,1.8449999999999998,2
P210422,69.08399999999999,1.84,1
P221205,13.1385,1.84,1
P218408,30.5365,1.8399999999999999,2
P239426,67.68,1.83,1
P206163,19.666000000000004,1.83,2
P227089,14.611,1.83,1
P214449,20.87,1.83,1
P213787,11.1815,1.83,1
P216281,12.427,1.83,1
P249544,15.7335,1.83,1
P219993,30.627,1.83,1
P249977,11.305,1.83,1
P212483,37.71,1.8249999999999997,2
P218378,29.484,1.8200000000000003,2
P204716,61.02,1.82,1
P215245,11.0295,1.82,1
P241394,22.24,1.82,1
P221873,27.835,1.82,1
P212525,8.65,1.82,1
P208835,12.32,1.82,1
P205968,47.620000000000005,1.815,2
P230145,15.81,1.81,1
P243477,16.439,1.81,1
P214517,16.0075,1.81,1
P223889,17.16,1.81,1
P240181,68.7225,1.81,1
P206185,6.95,1.81,1
P234175,8.721,1.81,1
P216647,27.1,1.81,1
P207623,16.73,1.8,1
P218155,17.17,1.8,1
P238766,7.43,1.8,1
P211412,14.0,1.8,1
P232641,11.8085,1.8,1
P249279,12.869,1.8,1
P244997,23.2085,1.8,1
P247880,15.696000000000002,1.8,1
P226618,30.813,1.8,2
P249779,16.659000000000002,1.8,1
P229434,17.7225,1.8,1
P220014,23.52,1.8,1
P238455,13.243,1.8,1
P232605,127.05,1.795,2
P234526,24.16,1.79,1
P221533,21.43,1.79,1
P238183,22.36,1.79,1
P244881,19.35,1.79,1
P203458,70.21,1.79,1
P205198,37.44,1.79,2
P219162,32.7535,1.7850000000000001,2
P211403,33.47,1.7850000000000001,2
P221203,10.716,1.78,1
P232441,9.2735,1.78,1
P220575,75.64,1.78,1
P225057,17.67,1.78,1
P248623,14.1865,1.78,1
P223511,22.48,1.78,1
P214211,42.345,1.7733333333333334,3
P228797,29.8015,1.77,1
P206743,21.798,1.77,1
P244953,14.46,1.77,1
P246155,20.916,1.77,1
P238315,16.88,1.77,1
P214232,17.45,1.77,1
P244054,14.55,1.77,1
P211879,19.197000000000003,1.77,1
P222522,50.370000000000005,1.7650000000000001,2
P220883,35.45,1.765,2
P236777,141.862,1.763333333333333,3
P238783,135.54,1.7600000000000002,2
P204640,10.638,1.76,1
P229836,11.0,1.76,1
P202475,13.08,1.76,1
P222684,21.366,1.76,1
P201428,15.98,1.76,1
P217410,32.65,1.7599999999999998,2
P230311,84.45599999999999,1.7566666666666668,3
P247952,14.32,1.75,1
P234812,13.806,1.75,1
P200723,15.24,1.74,1
P239979,11.176000000000002,1.74,1
P222559,18.36,1.74,1
P244046,43.614000000000004,1.7349999999999999,2
P240865,11.68,1.73,1
P211198,16.686,1.73,1
P236446,18.717,1.73,1
P231172,23.3225,1.73,1
P233235,6.511,1.72,1
P208951,15.7985,1.72,1
P212926,18.21,1.72,1
P236203,18.29,1.72,1
P246760,15.44,1.72,1
P230016,102.79,1.72,1
P219970,34.34,1.72,2
P207183,11.798,1.72,1
P242778,22.17,1.72,1
P221017,15.66,1.71,1
P235444,10.216,1.71,1
P240760,16.512,1.71,1
P203856,73.9575,1.71,2
P219756,17.46,1.71,1
P215383,43.717999999999996,1.71,3
P219267,119.282,1.7099999999999997,2
P212505,41.947,1.7049999999999998,2
P242341,5.64,1.7,1
P202406,20.2065,1.7,1
P240329,13.93,1.7,1
P220929,56.15849999999999,1.7,2
P205942,15.858,1.7,1
P221796,101.53450000000001,1.6966666666666665,3
P231092,39.8015,1.6949999999999998,2
P238550,17.1665,1.69,1
P206455,10.65,1.69,1
P220916,19.6365,1.69,1
P202304,24.738,1.68,1
P247188,4.131,1.68,1
P212794,10.206,1.68,1
P220616,54.4,1.68,1
P221155,21.528,1.68,1
P229824,14.15,1.68,1
P231347,69.3785,1.68,1
P207224,25.109,1.68,1
P215955,9.5,1.68,1
P210236,104.67,1.68,2
P208300,44.82000000000001,1.6749999999999998,2
P224130,23.16,1.67,1
P212601,11.03,1.67,1
P212455,16.2,1.67,1
P226089,15.77,1.67,1
P238191,11.18,1.67,1
P213778,8.3125,1.67,1
P244777,11.1815,1.67,1
P224168,15.624,1.67,1
P234005,14.508,1.67,1
P243134,17.3565,1.67,1
P226469,26.5215,1.6600000000000001,2
P207062,20.8,1.66,1
P241765,20.34,1.66,1
P247157,12.76,1.66,1
P206494,13.5235,1.66,1
P235629,20.9475,1.66,1
P228070,11.4495,1.66,1
P236380,15.792999999999996,1.66,1
P205261,10.19,1.66,1
P242126,32.8,1.655,2
P234047,60.417,1.6500000000000001,2
P215229,112.86949999999999,1.6500000000000001,2
P239324,40.0875,1.6500000000000001,3
P236815,18.8445,1.65,1
P220863,12.78,1.65,1
P221988,19.7695,1.65,1
P214756,13.13,1.65,1
P226696,93.551,1.65,2
P201920,13.212,1.65,1
P205032,22.23,1.65,1
P236324,13.8,1.65,1
P238065,3.66,1.65,1
P218656,135.8025,1.645,2
P248056,32.699,1.645,2
P221799,19.4085,1.64,1
P247035,24.6715,1.64,1
P234987,10.3265,1.64,1
P223707,113.72999999999999,1.635,2
P221875,41.192499999999995,1.635,2
P203532,58.06,1.635,2
P246827,40.9705,1.6349999999999998,2
P249390,23.755000000000003,1.6349999999999998,2
P216049,14.99,1.63,1
P217398,16.6,1.63,1
P201101,11.543,1.63,1
P204002,5.6525,1.63,1
P239528,79.53,1.63,1
P200661,31.496000000000002,1.63,2
P239618,15.471000000000002,1.63,1
P225049,10.296,1.63,1
P211740,20.04,1.63,1
P210453,18.252,1.63,1
P224780,76.35600000000001,1.63,1
P231926,37.74,1.63,2
P242314,7.24,1.63,1
P239708,19.990000000000002,1.625,2
P245371,72.105,1.62,1
P219955,19.33,1.62,1
P228489,13.32,1.62,1
P230128,10.6685,1.62,1
P210142,12.331,1.62,1
P208384,10.21,1.62,1
P247890,9.184,1.62,1
P248545,15.16,1.62,1
P237962,14.454,1.62,1
P217666,12.293,1.62,1
P230663,73.44,1.61,1
P240090,8.49,1.61,1
P238098,25.916,1.61,1
P220962,22.527,1.61,1
P239992,39.429,1.6099999999999999,2
P239241,83.75649999999999,1.6099999999999999,2
P229590,58.998000000000005,1.6066666666666667,3
P244230,15.96,1.6,1
P224551,15.18,1.6,1
P226480,17.86,1.6,1
P227318,8.81,1.6,1
P232078,11.571,1.6,1
P232739,29.24,1.6,1
P246959,14.8,1.6,1
P236743,15.18,1.6,1
P227811,14.07,1.6,1
P245749,24.07,1.6,1
P214577,9.3755,1.6,1
P232981,10.25,1.6,1
P202261,70.465,1.595,2
P226604,64.44,1.59,1
P239598,97.71,1.59,2
P232649,13.384,1.59,1
P244933,23.744,1.59,1
P243429,9.214,1.59,1
P240767,21.94,1.59,1
P210117,36.86,1.59,2
P230892,12.95,1.59,1
P248532,17.576,1.59,1
P249333,9.6475,1.59,1
P247698,25.156,1.5899999999999999,2
P213916,12.36,1.58,1
P239448,62.3805,1.58,2
P222150,15.16,1.58,1
P247116,14.87,1.58,1
P213991,20.7,1.58,1
P218204,30.646,1.58,2
P205623,28.406499999999998,1.58,2
P223172,13.04,1.58,1
P241346,71.658,1.58,1
P225920,16.48,1.58,1
P238907,45.692,1.58,2
P242456,15.9125,1.58,1
P240348,8.778,1.58,1
P225642,56.665,1.5750000000000002,2
P224286,11.781,1.57,1
P201594,20.26,1.57,1
P215450,10.24,1.57,1
P234988,18.03,1.57,1
P249211,18.98,1.57,1
P242905,15.68,1.57,1
P228468,19.09,1.57,1
P228633,17.41,1.57,1
P227462,12.72,1.57,1
P239877,9.842,1.57,1
P210905,10.4,1.57,1
P238351,14.76,1.57,1
P212937,10.46,1.57,1
P236961,23.13,1.56,1
P226261,17.04,1.56,1
P246461,7.07,1.56,1
P242054,3.46,1.56,1
P204493,10.72,1.56,1
P233037,17.005,1.56,1
P231245,13.005,1.56,1
P226188,12.78,1.56,1
P214898,14.69,1.56,1
P231087,45.9255,1.56,1
P216482,9.38,1.56,1
P201011,44.34,1.5599999999999998,3
P204641,27.0745,1.5550000000000002,2
P224688,38.437999999999995,1.555,2
P201340,7.162999999999999,1.55,1
P245780,16.09,1.55,1
P219522,17.028000000000002,1.55,1
P214497,78.71,1.55,1
P212433,8.94,1.55,1
P206239,23.16,1.55,1
P242203,52.68299999999999,1.55,1
P229672,24.899,1.55,2
P237659,38.484,1.5499999999999998,2
P246106,56.37,1.54,2
P229476,20.272,1.54,1
P223659,14.26,1.54,1
P238974,14.566999999999998,1.54,1
P202516,12.36,1.54,1
P248609,10.6685,1.54,1
P238627,13.141,1.54,1
P203203,26.915,1.54,1
P219905,17.936,1.54,1
P236100,9.93,1.54,1
P216691,30.253,1.535,2
P246622,43.540000000000006,1.5300000000000002,2
P238121,24.73,1.53,1
P217935,9.22,1.53,1
P236654,17.378999999999998,1.53,1
P246742,12.226499999999998,1.53,1
P215367,26.619,1.53,1
P236300,10.4465,1.53,1
P222871,23.265,1.53,1
P246184,18.69,1.53,1
P231430,58.406000000000006,1.5266666666666666,3
P223840,16.35,1.52,1
P201451,28.314,1.52,1
P205472,98.05,1.52,1
P225429,19.684,1.52,1
P239724,11.672,1.52,1
P248820,17.888499999999997,1.52,1
P231182,13.2905,1.52,1
P235142,11.54,1.52,1
P248470,69.822,1.51,1
P247671,14.9175,1.51,1
P229105,11.571,1.51,1
P219196,10.39,1.51,1
P232945,23.13,1.51,1
P223948,13.657,1.51,1
P213729,11.9,1.51,1
P202117,14.02,1.51,1
P209457,61.51499999999999,1.51,1
P238867,10.6495,1.51,1
P212166,36.74,1.5099999999999998,2
P206332,19.147,1.5099999999999998,2
P215515,30.7,1.505,2
P236819,121.26,1.5000000000000002,2
P209325,24.48,1.5,2
P201502,25.088,1.5,1
P245254,12.57,1.5,1
P239388,23.75,1.5,1
P209071,24.82,1.5,1
P214627,27.626,1.5,2
P222214,16.200999999999997,1.5,1
P224633,65.322,1.5,1
P204171,11.616,1.5,1
P217340,12.25,1.5,1
P242971,67.8685,1.4966666666666668,3
P200509,61.98,1.4966666666666668,3
P220997,28.053,1.49,1
P231038,18.98,1.49,1
P224756,15.902999999999995,1.49,1
P228992,12.74,1.48,1
P213201,14.81,1.48,1
P215950,21.24,1.48,1
P230288,13.86,1.48,1
P203373,13.312,1.48,1
P203966,10.24,1.48,1
P249596,22.96,1.48,1
P246964,7.48,1.48,1
P214686,102.06,1.48,1
P229036,34.922,1.48,2
P229955,29.046,1.475,2
P221422,37.858,1.4749999999999999,2
P211931,33.5985,1.4749999999999996,2
P242461,19.1845,1.47,1
P202043,63.04,1.47,1
P236646,19.97,1.47,1
P203392,19.629,1.47,1
P228230,20.192,1.47,1
P223052,10.02,1.47,1
P233371,27.8065,1.47,1
P239176,73.4485,1.47,1
P205113,99.58,1.47,1
P217480,48.66,1.4649999999999999,2
P218556,104.684,1.4600000000000002,2
P246887,14.157,1.46,1
P213105,13.97,1.46,1
P222474,192.73000000000002,1.46,4
P243334,19.63,1.46,1
P200850,11.2,1.46,1
P208299,10.58,1.46,1
P233633,12.798,1.46,1
P223092,64.06,1.455,2
P214748,15.896,1.45,1
P240641,10.73,1.45,1
P241383,15.31,1.45,1
P223440,16.7485,1.45,1
P203751,99.08,1.45,1
P221050,18.08,1.45,1
P230735,39.8,1.45,2
P241036,22.57,1.45,1
P225120,12.699,1.45,1
P237303,77.21,1.45,1
P213175,74.988,1.45,1
P216486,61.67999999999999,1.4475,4
P207385,119.394,1.4449999999999998,2
P236675,17.07,1.4449999999999998,2
P239107,15.776,1.44,1
P202407,14.11,1.44,1
P211620,23.604,1.44,2
P213036,15.4955,1.44,1
P218289,16.62,1.44,1
P209872,12.495,1.44,1
P248326,9.74,1.44,1
P204396,20.332,1.44,1
P211159,18.86,1.435,2
P217504,61.93000000000001,1.4300000000000002,2
P203875,16.576,1.43,1
P202950,17.906,1.43,1
P206709,23.975,1.43,1
P247536,48.5735,1.42,1
P216518,71.383,1.42,2
P205127,17.3,1.42,1
P236260,10.0415,1.42,1
P243003,41.42,1.42,2
P201723,12.1,1.42,1
P232004,22.62,1.42,1
P218089,20.14,1.42,1
P216035,20.254,1.42,1
P225711,6.579,1.42,1
P219265,51.298,1.42,2
P206581,18.96,1.42,1
P211842,17.328,1.42,1
P244420,37.21,1.42,2
P246577,11.36,1.42,1
P219804,30.8385,1.415,2
P234618,17.308999999999997,1.41,1
P244547,11.504,1.41,1
P228106,12.87,1.41,1
P237615,16.42,1.41,1
P208321,26.6,1.41,1
P200843,9.176,1.41,1
P218861,8.18,1.41,1
P222757,8.802,1.41,1
P233420,13.39,1.41,1
P214197,51.411,1.4000000000000001,2
P217048,24.65,1.4,2
P213604,14.47,1.4,1
P217615,4.94,1.4,1
P200113,54.86599999999999,1.4,1
P206613,18.547,1.4,1
P206237,16.14,1.4,1
P246197,51.41,1.4,1
P236935,15.584,1.4,1
P214839,12.37,1.4,1
P216963,12.39,1.4,1
P201237,42.801500000000004,1.395,2
P213170,30.659,1.395,2
P214256,85.357,1.395,4
P204224,9.31,1.39,1
P224081,15.84,1.39,1
P235144,64.251,1.39,1
P238322,6.0,1.39,1
P245252,65.315,1.3866666666666667,3
P248008,68.815,1.385,2
P201562,13.22,1.38,1
P213680,13.87,1.38,1
P222993,65.392,1.38,3
P241057,15.134,1.38,1
P200764,6.29,1.38,1
P211603,12.07,1.38,1
P231080,7.34,1.38,1
P240535,27.69,1.38,1
P247419,30.917,1.38,2
P218904,21.356,1.38,1
P207070,19.096,1.38,1
P215126,33.98,1.375,2
P243524,102.56549999999999,1.375,2
P221497,144.2775,1.375,2
P243186,8.88,1.37,1
P221721,64.37,1.37,1
P204076,10.927,1.37,1
P227600,65.26,1.37,1
P246754,62.223,1.37,2
P229070,21.38,1.37,1
P239348,21.709,1.37,1
P215566,27.509499999999996,1.37,2
P218315,66.591,1.37,1
P220084,27.18,1.3699999999999999,2
P244905,108.66,1.365,2
P230396,72.52,1.365,2
P245550,72.2,1.36,1
P218055,16.803,1.36,1
P223806,10.3455,1.36,1
P210954,19.602,1.36,1
P216378,10.98,1.36,1
P214532,3.41,1.36,1
P234802,20.59,1.36,1
P242059,19.224,1.36,1
P226680,16.473,1.36,1
P210428,8.064000000000002,1.36,1
P240561,17.742,1.35,2
P225856,21.337,1.35,1
P207039,5.05,1.35,1
P220029,7.38,1.35,1
P214358,17.689,1.35,1
P249757,16.46,1.35,1
P200305,94.271,1.35,2
P245348,111.104,1.35,1
P211771,11.63,1.35,1
P233384,6.89,1.35,1
P242951,14.152499999999998,1.35,1
P237682,11.88,1.35,1
P230795,8.63,1.35,1
P213223,82.118,1.343333333333333,3
P203741,34.162000000000006,1.34,2
P211232,8.32,1.34,1
P200483,15.65,1.34,1
P211837,22.198999999999998,1.34,2
P237515,25.45,1.34,1
P225209,27.93,1.34,2
P209743,126.113,1.34,2
P234317,24.2725,1.34,1
P213922,16.74,1.34,1
P247904,22.0685,1.34,1
P232359,68.333,1.335,2
P215813,11.96,1.33,1
P215828,22.6265,1.33,2
P222323,19.161,1.33,1
P233897,44.922,1.33,2
P221450,44.13,1.325,2
P205647,23.7595,1.325,2
P232207,32.351,1.325,2
P202965,15.3,1.32,1
P236793,16.443,1.32,1
P241262,15.138,1.32,1
P229712,36.36,1.32,2
P210586,14.643,1.32,1
P225809,66.67,1.32,1
P202655,12.66,1.32,1
P204178,14.63,1.32,1
P204489,17.3825,1.31,1
P230374,11.609,1.31,1
P244639,6.01,1.31,1
P226073,12.47,1.31,1
P213488,8.440000000000001,1.31,1
P239501,18.28,1.31,1
P239336,8.11,1.31,1
P205033,196.86599999999999,1.303333333333333,3
P216843,16.9405,1.3,1
P240546,11.78,1.3,1
P242848,21.0615,1.3,1
P234674,10.674,1.3,1
P231825,8.469999999999999,1.3,1
P232083,16.137,1.3,1
P214978,26.43,1.2950000000000002,2
P246715,20.7,1.29,1
P227544,12.492,1.29,1
P207035,14.671,1.29,1
P230401,10.91,1.29,1
P226066,3.51,1.29,1
P200814,20.96,1.29,1
P230613,10.935,1.29,1
P230427,12.86,1.29,1
P241345,18.72,1.29,1
P236903,11.16,1.29,1
P213199,65.166,1.2875,4
P237851,17.7225,1.28,1
P222285,11.29,1.28,1
P239942,12.573,1.28,1
P237813,19.13,1.28,1
P203770,12.96,1.28,1
P242094,17.96,1.28,1
P203067,11.381,1.28,1
P213704,54.777,1.28,1
P228577,34.094,1.275,2
P243211,32.2165,1.275,2
P205665,13.8225,1.27,1
P218082,39.267,1.27,2
P233066,43.342,1.27,2
P246893,12.52,1.27,1
P220461,11.097,1.27,1
P208377,10.35,1.27,1
P202488,20.0,1.27,1
P248233,18.03,1.27,2
P220678,17.45,1.27,1
P221575,13.2915,1.27,2
P236937,8.8,1.27,1
P216154,29.0575,1.2699999999999998,2
P233946,18.36,1.26,1
P227572,15.1385,1.26,1
P238992,10.89,1.26,1
P231948,5.98,1.26,1
P218902,25.96,1.26,1
P208060,8.33,1.26,1
P236116,12.02,1.26,1
P208009,11.97,1.26,1
P222807,18.1925,1.26,1
P221677,11.7,1.26,1
P246702,123.635,1.2599999999999998,2
P206544,24.58,1.25,1
P201377,23.579,1.25,1
P209500,62.10900000000001,1.25,1
P249229,17.99,1.25,1
P239844,13.2,1.25,1
P242193,105.619,1.25,2
P200840,33.64,1.25,2
P226032,22.2,1.25,1
P227374,10.539,1.25,1
P213811,10.65,1.25,1
P211641,23.453000000000003,1.245,2
P229917,32.8505,1.2449999999999999,2
P240522,73.83,1.24,1
P206721,16.984,1.24,1
P202024,11.03,1.24,1
P248915,15.878,1.24,1
P212721,9.723,1.24,1
P207438,8.37,1.24,1
P218753,27.27,1.24,1
P234428,8.95,1.24,1
P249917,27.914,1.24,1
P248774,14.88,1.24,1
P247336,11.8085,1.23,1
P243184,87.35500000000002,1.23,2
P212152,22.854,1.23,2
P231069,19.08,1.23,1
P206158,11.24,1.23,1
P242039,5.976,1.23,1
P246232,13.22,1.23,1
P235753,9.17,1.23,1
P249869,10.6495,1.23,1
P249990,8.47,1.23,1
P214525,20.77,1.225,2
P204773,12.0,1.22,1
P206242,27.7825,1.22,2
P240364,22.83,1.22,1
P209742,103.158,1.22,1
P215948,37.123000000000005,1.22,2
P220203,5.39,1.22,1
P240274,12.25,1.22,1
P205478,142.17000000000002,1.215,2
P240910,68.583,1.2125000000000001,4
P211763,13.85,1.21,1
P202292,13.3665,1.21,1
P246946,7.882,1.21,1
P202157,25.848000000000003,1.21,1
P207068,13.3,1.21,1
P238142,11.59,1.21,1
P209623,9.68,1.21,1
P223681,37.23,1.2000000000000002,2
P222555,14.0695,1.2,1
P209408,13.43,1.2,1
P248353,70.659,1.2,1
P209919,8.806,1.2,1
P211720,12.5545,1.2,1
P200451,17.4,1.2,1
P211590,79.21,1.2,2
P238374,20.1875,1.2,1
P240701,20.33,1.2,1
P216519,45.0815,1.2,2
P227640,7.979999999999999,1.2,1
P234311,69.59700000000001,1.2,1
P201517,64.899,1.19,1
P210300,15.144,1.19,1
P202852,17.784000000000002,1.19,1
P248667,17.032,1.19,1
P218339,7.61,1.19,1
P209034,22.8,1.19,1
P226419,5.37,1.19,1
P226685,80.632,1.19,2
P207768,9.927,1.19,1
P204138,14.84,1.19,1
P224060,23.94,1.19,1
P242393,16.16,1.19,1
P244438,14.637,1.19,1
P224744,31.124499999999998,1.185,2
P247787,26.942,1.1800000000000002,2
P210030,15.0705,1.18,1
P231417,12.7,1.18,1
P211194,28.671,1.18,2
P223523,23.118,1.18,2
P220505,9.43,1.18,1
P212843,7.45,1.18,1
P238133,16.8815,1.18,1
P224153,10.521,1.18,1
P245712,39.1995,1.1749999999999998,2
P235094,21.59,1.17,1
P207603,35.17,1.17,2
P246996,5.25,1.17,1
P242006,11.232,1.17,1
P243404,12.801,1.17,1
P221074,13.888,1.17,1
P215136,16.1405,1.17,1
P242130,20.295,1.17,1
P200005,12.92,1.17,1
P215563,17.304,1.17,1
P219680,81.18699999999998,1.17,1
P247458,32.9105,1.17,2
P215332,18.84,1.17,1
P232700,29.84,1.165,2
P239352,32.603,1.165,2
P212002,30.418,1.165,2
P213512,58.46399999999999,1.16,1
P242213,18.504,1.16,1
P249484,13.12,1.16,1
P208981,13.693499999999998,1.16,1
P221571,8.59,1.16,1
P239980,10.29,1.16,1
P243840,12.123,1.16,1
P203582,15.687,1.16,1
P213961,9.36,1.16,1
P212596,10.56,1.16,1
P233359,17.52,1.15,1
P239346,9.98,1.15,1
P235608,8.99,1.15,1
P215865,18.396,1.15,1
P204006,48.7025,1.1449999999999998,2
P216315,95.404,1.1433333333333333,3
P200714,55.345,1.1400000000000001,2
P228897,54.0515,1.14,1
P246480,8.27,1.14,1
P215747,13.168,1.14,1
P203979,6.0515,1.14,1
P240160,12.36,1.14,1
P230880,8.152,1.14,1
P236160,62.671,1.1366666666666667,3
P201136,46.1895,1.1366666666666667,3
P237953,10.948,1.13,1
P208059,11.571,1.13,1
P247390,21.03,1.13,1
P207674,9.85,1.13,1
P202724,8.88,1.13,1
P204755,3.24,1.13,1
P226972,20.292,1.13,1
P248380,23.432,1.13,1
P242232,14.4,1.13,1
P220804,19.314,1.13,1
P239232,27.08,1.12,2
P223583,21.12,1.12,1
P217397,4.3020000000000005,1.12,1
P234219,3.8855,1.12,1
P222537,18.2575,1.12,2
P238789,11.95,1.12,1
P202410,16.576,1.12,1
P228652,14.78,1.12,1
P249600,10.526,1.12,1
P221748,16.813,1.12,1
P206674,12.07,1.12,1
P233832,18.972,1.12,1
P226859,26.9255,1.115,2
P203905,13.95,1.115,2
P225300,8.208,1.11,1
P242110,12.537,1.11,1
P232807,7.58,1.11,1
P210798,42.83,1.11,2
P233462,10.61,1.11,1
P245241,6.41,1.11,1
P240226,18.92,1.1,1
P242827,16.59,1.1,1
P228360,18.62,1.1,1
P222703,18.036,1.1,1
P209440,11.853,1.1,1
P215805,3.61,1.1,1
P232869,33.266,1.1,2
P248546,14.730499999999996,1.1,1
P232991,21.2,1.095,2
P238302,28.531999999999996,1.095,2
P215560,23.143,1.095,2
P249480,14.14,1.09,1
P221415,15.49,1.09,1
P247164,53.8935,1.09,1
P232081,11.3135,1.09,1
P224879,12.255,1.09,1
P213315,13.13,1.09,1
P206521,10.81,1.08,1
P215441,15.555,1.08,1
P208376,5.976,1.08,1
P214783,12.217,1.08,1
P247310,9.342,1.08,1
P203166,53.11,1.08,1
P201885,4.56,1.08,1
P230832,15.32,1.08,1
P211571,4.44,1.08,1
P207496,16.71,1.08,1
P207943,8.892000000000001,1.08,1
P231764,30.14,1.0750000000000002,2
P206176,29.758499999999998,1.075,2
P244153,14.56,1.07,1
P225061,11.798,1.07,1
P224379,19.200000000000003,1.07,1
P248443,9.315,1.07,1
P227246,10.46,1.07,1
P230141,13.176,1.07,1
P236165,13.712000000000002,1.07,1
P212461,22.400000000000002,1.0650000000000002,2
P223379,81.5965,1.0633333333333335,3
P217886,71.64,1.06,1
P223756,14.36,1.06,1
P200937,47.6125,1.06,3
P245855,14.7,1.06,1
P241286,25.66,1.06,2
P206637,13.04,1.06,1
P238773,15.08,1.06,1
P228798,28.89,1.05,1
P238733,18.972,1.05,1
P201369,12.502,1.05,1
P202635,6.49,1.05,1
P230591,14.49,1.05,1
P205616,11.576999999999998,1.05,1
P231444,8.7,1.05,1
P241287,13.26,1.05,1
P223242,57.502500000000005,1.05,1
P204061,13.89,1.05,1
P202943,5.18,1.05,1
P234760,28.4695,1.04,2
P247042,7.391,1.04,1
P205999,21.41,1.04,1
P247951,10.02,1.04,1
P236497,95.22399999999999,1.0366666666666666,3
P239586,6.77,1.03,1
P238261,67.76100000000001,1.03,1
P246557,8.924999999999999,1.03,1
P249305,10.45,1.03,1
P235122,22.819,1.03,1
P230571,38.4405,1.03,3
P216457,18.829,1.03,1
P209585,72.08500000000001,1.0299999999999998,2
P200291,18.3515,1.02,1
P229814,26.939,1.02,2
P215422,9.79,1.02,1
P247530,11.6,1.02,1
P200907,13.356,1.02,1
P248312,26.299999999999997,1.02,2
P220457,46.778000000000006,1.02,2
P240478,5.55,1.02,1
P236212,74.56,1.02,1
P247091,11.13,1.02,1
P240436,27.322,1.01,1
P201100,11.808,1.01,1
P214758,9.8,1.01,1
P240326,28.134,1.01,2
P241989,18.3635,1.01,1
P249047,13.122000000000002,1.01,1
P217447,11.48,1.01,1
P228453,9.253,1.01,1
P219221,15.67,1.01,1
P247724,8.072000000000001,1.01,1
P226360,11.6025,1.01,1
P242502,24.586,1.01,1
P248759,18.9335,1.01,1
P210228,39.803,1.0099999999999998,2
P230022,212.34799999999998,1.005,2
P214566,5.51,1.0,1
P235311,17.067999999999998,1.0,1
P244270,65.23649999999999,1.0,1
P217294,16.422,1.0,1
P219934,9.32,1.0,1
P248954,15.7415,1.0,1
P213849,14.411499999999998,1.0,1
P214382,11.65,1.0,1
P212022,21.81,1.0,2
P214078,2.5,1.0,1
P203023,16.76,1.0,1
P247206,18.39,0.995,2
P222579,34.646,0.995,2
P200059,13.39,0.9949999999999999,2
P245256,43.2535,0.9949999999999997,2
P239805,4.208,0.99,1
P234687,7.16,0.99,1
P203600,19.06,0.99,1
P244459,6.92,0.99,1
P247027,4.52,0.99,1
P228036,14.8325,0.99,1
P227787,15.72,0.99,1
P229545,16.17,0.99,1
P242800,10.92,0.99,1
P203717,19.66,0.98,1
P224971,14.144,0.98,1
P247362,8.492999999999999,0.98,1
P217036,8.3555,0.98,1
P220881,7.616,0.98,1
P240281,13.85,0.98,1
P207738,13.3,0.98,1
P208433,18.78,0.98,1
P205179,28.114,0.98,2
P240140,7.318499999999999,0.98,1
P227612,8.74,0.98,1
P202455,20.313999999999997,0.9750000000000001,2
P213559,34.56,0.9733333333333333,3
P200641,6.18,0.97,1
P225557,108.813,0.97,1
P247041,58.92,0.97,1
P248702,66.5285,0.97,1
P232979,10.07,0.97,1
P216834,12.44,0.97,1
P209525,14.44,0.97,1
P233119,19.57,0.97,1
P229371,10.312,0.97,1
P217072,39.74,0.9699999999999998,2
P245013,43.519999999999996,0.9633333333333333,3
P220184,10.592,0.96,1
P211294,84.87,0.96,1
P236742,12.308,0.96,1
P249427,59.148,0.96,1
P224124,9.05,0.96,1
P238173,18.0275,0.96,2
P217120,14.126499999999998,0.96,1
P215271,28.6025,0.96,2
P246693,12.36,0.96,1
P217843,16.07,0.96,1
P206671,32.2625,0.9550000000000001,2
P244311,113.013,0.9500000000000001,2
P218340,14.228999999999996,0.95,1
P213899,11.0,0.95,1
P239058,24.339,0.95,1
P226084,13.96,0.95,1
P210675,54.73,0.95,1
P217487,63.81,0.94,1
P201280,17.289,0.94,1
P234639,16.79,0.94,1
P237357,13.005,0.94,1
P248966,5.99,0.94,1
P233367,17.0905,0.94,1
P211450,53.97,0.94,1
P216942,13.46,0.94,1
P238390,16.131,0.94,1
P238377,15.03,0.94,1
P207378,14.238,0.94,1
P246600,5.28,0.94,1
P203529,44.857,0.935,2
P214739,19.35,0.93,1
P209827,9.842,0.93,1
P220019,12.79,0.93,1
P218495,15.19,0.93,1
P214163,19.31,0.93,1
P215369,9.0,0.93,1
P228398,23.6,0.93,1
P249182,12.123,0.93,1
P231140,2.33,0.93,1
P215256,6.93,0.93,1
P210013,11.84,0.93,1
P212215,17.156999999999996,0.93,1
P244248,3.5245,0.93,1
P206090,10.678,0.93,1
P224819,15.111,0.92,1
P222874,10.45,0.92,1
P204261,62.633500000000005,0.92,1
P242633,8.584999999999999,0.92,1
P213340,9.009,0.92,1
P212188,12.91,0.92,1
P231564,13.604,0.92,1
P245935,12.55,0.92,1
P203314,10.47,0.92,1
P214287,37.11,0.9199999999999999,2
P244414,41.16,0.9149999999999999,2
P207970,51.114,0.91,1
P218312,2.28,0.91,1
P245295,6.03,0.91,1
P248606,3.58,0.91,1
P201353,3.13,0.91,1
P204003,19.92,0.91,1
P246929,9.78,0.91,1
P228057,7.2,0.91,1
P213984,12.419999999999998,0.91,1
P216966,7.39,0.91,1
P242285,28.39,0.9099999999999999,2
P200249,7.42,0.9,1
P227015,17.14,0.9,1
P247115,14.824000000000002,0.9,1
P201873,14.88,0.9,1
P207896,13.41,0.9,1
P213196,7.49,0.9,1
P217977,19.998,0.9,1
P246432,21.1,0.9,1
P211900,5.86,0.9,1
P238397,15.96,0.9,1
P215902,75.57,0.895,2
P244344,26.698,0.8900000000000001,2
P237225,63.17,0.89,1
P220105,11.07,0.89,1
P242313,6.36,0.89,1
P208719,44.44800000000001,0.89,1
P211171,5.433999999999999,0.89,1
P238099,9.5855,0.89,1
P248792,54.25,0.89,1
P214660,8.47,0.89,1
P200133,112.57650000000001,0.885,2
P214469,31.990000000000002,0.885,2
P214940,5.933,0.88,1
P247006,21.623,0.88,1
P230323,17.305999999999997,0.88,1
P241952,9.23,0.88,1
P201347,83.14,0.875,2
P239187,3.648,0.87,1
P200123,57.64699999999999,0.87,1
P204999,4.077,0.87,1
P229327,12.53,0.87,1
P227290,12.26,0.87,1
P239900,6.75,0.87,1
P234727,10.86,0.87,1
P240452,26.07,0.87,2
P244446,35.887,0.865,2
P221348,96.69,0.86,1
P205673,7.03,0.86,1
P239852,21.8405,0.86,1
P221049,12.7965,0.86,1
P232361,22.86,0.86,1
P212414,10.469,0.86,1
P208401,27.88,0.86,1
P238842,17.19,0.86,1
P218961,12.103,0.86,1
P237448,53.894499999999994,0.855,2
P215491,66.55499999999999,0.85,1
P222840,3.717,0.85,1
P248344,11.09,0.85,1
P206777,54.134,0.845,2
P225824,47.104,0.8400000000000001,2
P221750,35.989000000000004,0.8400000000000001,2
P210605,14.478,0.84,1
P240278,3.3534999999999995,0.84,1
P238078,15.29,0.84,1
P212190,7.61,0.84,1
P210128,11.7135,0.84,1
P214868,17.58,0.84,1
P237342,11.362,0.84,1
P208574,10.8,0.84,1
P211264,28.01,0.835,2
P220936,42.0,0.8300000000000001,2
P207517,25.69,0.83,1
P232766,16.95,0.83,1
P221132,6.17,0.83,1
P212104,18.513,0.83,1
P212541,13.284,0.83,1
P238229,11.798,0.83,1
P245125,67.3455,0.83,1
P218650,12.672,0.83,1
P248384,33.91,0.825,2
P210613,13.879499999999998,0.82,1
P233758,13.71,0.82,1
P248795,7.69,0.82,1
P236639,7.792000000000001,0.82,1
P245369,4.54,0.82,1
P219852,75.46,0.82,1
P210464,9.49,0.82,1
P226333,46.251,0.82,3
P200357,53.93,0.8199999999999998,2
P204388,41.585499999999996,0.8199999999999998,2
P207353,61.8885,0.8199999999999998,3
P237759,84.18,0.8166666666666668,3
P202453,17.955000000000002,0.815,2
P205236,15.23,0.81,1
P203285,4.132499999999999,0.81,1
P228731,6.213,0.81,1
P204906,9.17,0.81,1
P218976,2.2355,0.81,1
P232849,78.48,0.81,1
P231793,14.04,0.81,1
P249166,10.845,0.81,1
P246493,9.6645,0.81,1
P210705,10.74,0.81,1
P216732,10.27,0.81,1
P209964,13.166999999999998,0.81,1
P234363,12.02,0.81,1
P224070,9.248,0.81,1
P225470,13.1385,0.81,1
P214166,5.111,0.81,1
P239737,17.53,0.81,1
P216795,63.202000000000005,0.8049999999999999,2
P244482,10.881,0.8,1
P204262,7.52,0.8,1
P220258,21.02,0.8,1
P237908,8.44,0.8,1
P237204,66.04,0.8,1
P200409,17.62,0.8,1
P205997,11.92,0.8,1
P210879,8.91,0.8,1
P226645,8.57,0.8,1
P206462,60.342,0.7933333333333333,3
P210633,4.55,0.79,1
P245134,16.1925,0.79,1
P220655,12.85,0.79,1
P227929,48.05,0.79,1
P230887,10.7015,0.79,1
P239996,56.0975,0.79,1
P245160,50.46600000000001,0.7866666666666667,3
P219039,52.30500000000001,0.7866666666666666,3
P241555,42.6015,0.7850000000000001,2
P246304,33.1835,0.7850000000000001,2
P215386,46.519999999999996,0.7800000000000001,2
P235966,24.44,0.78,1
P244341,15.38,0.78,1
P209218,14.562,0.78,1
P227794,16.457,0.78,1
P228661,22.34,0.78,1
P226503,65.01,0.78,1
P214713,45.0085,0.775,2
P206574,20.646,0.7749999999999999,2
P242541,49.826,0.7749999999999999,2
P238610,10.626,0.77,1
P248010,23.0945,0.77,1
P202251,22.07,0.77,1
P241848,5.8425,0.77,1
P204762,14.314,0.77,1
P216153,12.4165,0.77,1
P221853,18.7435,0.77,1
P217393,17.89,0.77,1
P225978,9.74,0.77,1
P229122,16.38,0.77,1
P212356,7.344,0.76,1
P233220,9.2625,0.76,1
P208212,6.494,0.76,1
P226256,16.497,0.76,1
P207289,10.576,0.76,1
P207762,4.896,0.76,1
P244714,40.6875,0.7566666666666667,3
P218187,8.93,0.75,1
P235818,12.83,0.75,1
P206337,10.23,0.75,1
P201328,9.46,0.75,1
P203201,12.288,0.75,1
P234984,10.125,0.75,1
P238978,8.29,0.75,1
P217845,16.58,0.75,1
P222830,21.29,0.75,1
P222947,34.95,0.75,2
P249203,9.911,0.74,1
P247914,7.314999999999999,0.74,1
P238555,4.91,0.74,1
P243250,11.979499999999998,0.74,1
P207226,12.27,0.74,1
P245021,116.22,0.74,1
P238508,12.2655,0.74,1
P203781,12.105,0.74,1
P205670,96.368,0.74,1
P213096,67.891,0.74,2
P217162,11.44,0.74,1
P202346,8.26,0.74,1
P231064,9.282,0.74,1
P200413,12.81,0.74,1
P240225,28.700000000000003,0.735,2
P200372,16.8995,0.7349999999999999,2
P226513,15.8695,0.73,1
P216970,10.32,0.73,1
P226138,12.49,0.73,1
P201961,20.16,0.73,1
P241004,10.512,0.73,1
P240313,4.52,0.73,1
P200751,22.35,0.73,1
P246962,19.2695,0.73,1
P217614,11.798,0.73,1
P246022,3.892,0.73,1
P231153,7.33,0.72,1
P209449,4.997,0.72,1
P230112,28.686,0.72,2
P225435,21.501,0.72,1
P244683,22.78,0.72,2
P208828,32.01,0.72,2
P222264,10.824,0.72,1
P226508,16.659000000000002,0.72,1
P223105,16.0735,0.72,1
P219564,9.75,0.72,1
P239119,59.983,0.72,1
P225901,8.3125,0.72,1
P226770,14.13,0.72,1
P228313,14.155,0.72,1
P240290,86.92,0.7199999999999999,2
P204147,42.522999999999996,0.713333333333333,3
P248303,7.01,0.71,1
P200621,4.54,0.71,1
P207843,10.1405,0.71,1
P218184,27.97,0.71,1
P230780,5.01,0.71,1
P223014,53.39,0.71,1
P235446,24.515499999999996,0.71,2
P240300,14.36,0.7,1
P233147,13.376,0.7,1
P243542,13.33,0.7,1
P213544,8.88,0.7,1
P235194,4.88,0.7,1
P239800,12.6445,0.7,1
P239702,7.685999999999999,0.7,1
P207591,37.345,0.6966666666666667,3
P221545,88.79,0.6950000000000001,2
P205906,32.4145,0.6900000000000001,2
P235409,15.824000000000002,0.69,1
P235411,7.31,0.69,1
P218160,12.9455,0.69,1
P203178,4.14,0.69,1
P214950,18.12,0.69,1
P218148,17.27,0.69,1
P228432,11.56,0.69,1
P240898,5.738,0.69,1
P245143,3.451,0.69,1
P210501,21.03,0.69,1
P206605,10.22,0.69,1
P209485,11.538,0.69,1
P248215,54.2425,0.685,2
P228063,84.9005,0.6849999999999999,2
P239522,10.197,0.68,1
P204495,8.57,0.68,1
P233338,14.77,0.68,1
P207800,10.13,0.68,1
P244994,6.27,0.68,1
P203042,15.8555,0.68,1
P236276,21.1395,0.675,2
P216032,72.745,0.6700000000000002,2
P200387,35.555,0.67,3
P221517,10.55,0.67,1
P200684,2.45,0.67,1
P219748,11.088,0.67,1
P241562,18.43,0.66,2
P211610,12.464,0.66,1
P202695,64.125,0.66,1
P249111,10.79,0.66,1
P240073,7.370999999999999,0.66,1
P215003,16.59,0.66,1
P248522,21.46,0.66,1
P233050,14.36,0.66,1
P229520,9.76,0.66,1
P244907,15.44,0.66,1
P204451,21.811,0.66,1
P237063,10.746,0.66,1
P244815,22.72,0.66,1
P209870,15.327000000000002,0.66,1
P243671,65.809,0.6599999999999999,2
P208651,38.5535,0.6599999999999997,2
P222234,125.418,0.6566666666666665,3
P234968,23.180500000000002,0.655,2
P226226,45.7995,0.655,2
P230225,22.043,0.655,2
P218522,38.3515,0.65,1
P232266,18.44,0.65,1
P237469,10.86,0.65,1
P219495,3.16,0.65,1
P247395,57.019,0.65,1
P249898,22.368,0.65,1
P249918,15.53,0.65,1
P222487,10.62,0.65,1
P207749,4.17,0.65,1
P231621,12.32,0.64,1
P247501,13.329,0.64,1
P242925,11.96,0.64,1
P236967,8.23,0.64,1
P227855,26.79,0.635,2
P243162,29.54,0.635,2
P219985,6.69,0.63,1
P228491,16.0565,0.63,1
P225489,58.8,0.63,1
P205042,3.52,0.63,1
P200334,78.78,0.63,1
P220930,71.2305,0.63,2
P237761,5.6610000000000005,0.63,1
P233570,13.041,0.63,1
P243636,74.94,0.6200000000000001,2
P229435,7.85,0.62,1
P224189,6.66,0.62,1
P223208,10.94,0.62,1
P220700,11.6,0.62,1
P223567,11.96,0.62,1
P228122,12.69,0.62,1
P236582,10.053,0.62,1
P209914,69.584,0.6174999999999999,4
P239260,33.98,0.615,2
P203591,5.6,0.61,1
P249766,9.994,0.61,1
P234777,14.98,0.61,1
P233144,99.417,0.6049999999999998,2
P242823,2.862,0.6,1
P206380,19.92,0.6,1
P209182,20.541999999999994,0.6,2
P235725,10.1745,0.6,1
P244029,8.966999999999999,0.6,1
P237120,13.22,0.6,1
P213493,2.071,0.6,1
P205018,13.86,0.6,1
P208342,28.043,0.6,2
P235313,33.561,0.595,2
P248951,76.42999999999999,0.5900000000000001,2
P238977,23.84,0.5900000000000001,2
P222303,14.792,0.59,1
P238097,13.3665,0.59,1
P214059,5.64,0.59,1
P242186,70.452,0.59,1
P245742,11.39,0.59,1
P214520,9.74,0.59,1
P242530,3.97,0.59,1
P216652,48.31,0.5850000000000001,2
P248752,19.369999999999997,0.5850000000000001,2
P211432,30.026999999999997,0.5800000000000001,2
P225532,82.6,0.58,1
P249415,8.959,0.58,1
P208984,11.09,0.58,1
P240498,16.416,0.58,1
P243305,11.424,0.58,1
P210814,16.83,0.58,1
P230387,13.26,0.58,1
P236813,12.36,0.58,1
P218445,34.382,0.5766666666666667,3
P208511,52.588,0.5733333333333334,3
P229790,78.44,0.57,1
P209806,6.59,0.57,1
P218930,14.39,0.57,1
P206983,14.48,0.57,1
P222538,7.26,0.57,1
P231892,8.43,0.57,1
P208947,35.899,0.5650000000000002,2
P208484,100.67,0.565,2
P229396,34.576,0.565,2
P237010,28.803,0.5633333333333334,3
P230086,17.203999999999997,0.56,1
P205388,9.07,0.56,1
P224854,11.06,0.56,1
P209144,13.2525,0.56,1
P212315,7.821,0.56,1
P244321,7.106,0.56,1
P219374,5.07,0.56,1
P216428,94.8745,0.5549999999999999,2
P202857,8.11,0.55,1
P223824,17.062,0.55,1
P207788,10.155499999999998,0.55,1
P203895,4.2415,0.55,1
P203151,16.68,0.55,1
P223536,6.96,0.55,1
P234486,122.05000000000001,0.55,2
P226259,3.0,0.54,1
P219775,67.644,0.54,1
P215999,14.152499999999998,0.54,1
P231545,14.418,0.54,1
P226644,6.984,0.54,1
P218749,13.1,0.54,1
P209984,15.89,0.54,1
P241900,8.739999999999998,0.54,1
P234883,12.9,0.54,1
P239369,5.13,0.54,1
P207001,10.675,0.54,1
P205873,58.94749999999999,0.54,1
P216944,29.123,0.54,3
P211818,12.663,0.54,1
P202628,68.544,0.54,1
P231407,69.62,0.54,1
P232717,4.392,0.54,1
P214186,62.442,0.5350000000000001,2
P214863,10.63,0.53,1
P228942,9.198,0.53,1
P204471,13.87,0.53,1
P202154,12.41,0.53,1
P217644,21.9355,0.53,1
P210995,13.85,0.53,1
P247676,13.2715,0.53,1
P240492,20.248,0.525,2
P244729,23.625000000000004,0.5200000000000001,2
P208118,1.9095,0.52,1
P200888,6.53,0.52,1
P208632,7.1155,0.52,1
P229574,2.223,0.52,1
P217648,5.949000000000001,0.52,1
P222929,19.12,0.52,1
P238694,17.36,0.52,1
P242886,13.512,0.52,1
P224131,41.394,0.5150000000000001,2
P201871,9.747,0.51,1
P211342,55.321,0.51,1
P244505,43.32,0.5033333333333333,3
P214094,6.28,0.5,1
P220530,3.71,0.5,1
P235229,35.152,0.5,2
P233975,9.81,0.5,1
P235016,8.264999999999999,0.5,1
P202140,69.445,0.5,1
P209456,6.73,0.5,1
P216620,47.75,0.4949999999999999,2
P206744,33.854,0.49499999999999966,2
P209726,19.78,0.49,1
P203884,22.657999999999998,0.49,2
P203634,20.61,0.49,1
P241087,17.9,0.49,1
P226265,9.24,0.49,1
P221253,4.218,0.49,1
P219857,10.11,0.49,1
P229828,18.2875,0.49,1
P242171,13.68,0.48,1
P249845,7.53,0.48,1
P241610,23.346,0.48,1
P246880,9.144,0.48,1
P240167,6.613,0.48,1
P210861,11.33,0.48,1
P210288,4.545,0.48,1
P215306,13.376,0.48,1
P241310,15.813,0.48,1
P201732,64.251,0.48,1
P230114,15.512,0.48,1
P246718,6.68,0.48,1
P244010,13.92,0.47,1
P249902,14.67,0.47,1
P206344,8.6,0.47,1
P223130,7.973999999999999,0.47,1
P209243,10.22,0.47,1
P234289,25.18,0.47,1
P243226,6.0,0.47,1
P226094,19.703,0.47,1
P226454,5.51,0.47,1
P206230,11.985,0.47,1
P214977,8.491,0.47,1
P237490,20.46,0.47,1
P248996,12.15,0.47,1
P200126,10.55,0.47,1
P247509,5.0915,0.47,1
P229553,12.620000000000001,0.46499999999999997,2
P221385,10.332,0.46,1
P220380,9.0,0.46,1
P203472,9.86,0.46,1
P223049,7.52,0.46,1
P243166,5.73,0.46,1
P212717,24.72,0.46,1
P222360,3.114,0.46,1
P227568,12.672,0.46,1
P218840,8.056,0.46,1
P229134,17.867,0.46,1
P222053,9.3,0.46,1
P220694,24.959999999999997,0.45999999999999996,2
P236540,16.326000000000004,0.45999999999999996,2
P241539,23.98,0.45499999999999985,2
P221670,15.462,0.45000000000000007,2
P210805,8.9,0.45,1
P219026,8.4,0.45,1
P227145,21.1905,0.45,1
P208867,10.6685,0.45,1
P249694,6.88,0.45,1
P200047,5.643,0.45,1
P222463,20.08,0.45,1
P202402,18.513,0.45,1
P224711,5.681,0.45,1
P211290,14.97,0.45,1
P244814,10.72,0.45,1
P232135,3.15,0.44,1
P247680,5.46,0.44,1
P236779,12.6,0.44,1
P214661,5.0,0.44,1
P242759,17.1,0.44,1
P248278,7.318499999999999,0.44,1
P249375,7.632000000000001,0.44,1
P225903,50.84,0.44,1
P219063,9.837,0.44,1
P216212,10.868,0.44,1
P220893,28.2895,0.4366666666666667,3
P233410,15.769000000000002,0.43500000000000005,2
P221026,33.362,0.43500000000000005,2
P227668,5.74,0.43,1
P204729,19.908,0.43,1
P242360,16.74,0.43,1
P246531,7.82,0.43,1
P239212,18.56,0.43,1
P213489,7.472,0.43,1
P229168,88.44,0.43,1
P215203,9.28,0.43,1
P229592,60.516,0.43,1
P200533,6.21,0.43,1
P206934,9.975000000000001,0.425,2
P237007,5.0255,0.42,1
P209223,11.46,0.42,1
P213478,4.24,0.42,1
P211063,7.09,0.42,1
P211054,16.497,0.42,1
P204110,24.96,0.415,2
P201946,37.0905,0.4133333333333333,3
P200861,12.45,0.41,1
P223860,17.2615,0.41,1
P209143,14.01,0.41,1
P245065,13.34,0.41,1
P244366,15.85,0.41,1
P245386,14.95,0.41,1
P211685,29.11,0.41,1
P206768,66.32400000000001,0.41,3
P212384,37.89,0.4066666666666667,3
P227175,12.445,0.4,1
P209593,52.95,0.4,1
P205380,13.74,0.4,1
P214744,21.490000000000002,0.395,2
P217887,7.592,0.39,1
P203485,8.87,0.39,1
P247227,6.27,0.39,1
P212754,9.13,0.39,1
P230426,14.13,0.39,1
P201350,2.3885,0.39,1
P230555,48.059,0.39,1
P221323,18.639000000000003,0.39,1
P208491,7.4005,0.39,1
P236109,15.35,0.39,1
P226877,20.89,0.3899999999999999,2
P245806,28.267000000000003,0.385,2
P219154,31.224000000000004,0.385,2
P222499,124.346,0.3800000000000001,2
P231438,8.09,0.38,1
P227193,20.71,0.38,1
P206583,7.47,0.38,1
P237573,3.96,0.38,1
P201479,26.322000000000003,0.375,2
P212219,49.9995,0.37333333333333324,3
P208743,10.488,0.37,1
P224057,8.2705,0.37,1
P248731,3.14,0.37,1
P204466,9.24,0.37,1
P221736,12.564000000000002,0.37,1
P244679,7.74,0.37,1
P229074,5.488,0.37,1
P202764,68.623,0.3699999999999999,2
P219467,10.89,0.36,1
P239497,85.62,0.36,1
P220759,6.7410000000000005,0.36,1
P240792,7.456,0.36,1
P226399,8.29,0.36,1
P249666,16.795499999999997,0.3550000000000001,2
P209362,26.914,0.355,2
P248049,32.730000000000004,0.35000000000000003,2
P249697,8.736,0.35,1
P214427,7.5735,0.35,1
P226352,8.1345,0.35,1
P200498,4.85,0.35,1
P200350,14.01,0.35,1
P238076,4.26,0.35,1
P210868,6.137,0.35,1
P229252,5.62,0.35,1
P242923,22.98,0.35,1
P225579,9.979,0.35,1
P240345,47.7025,0.34999999999999987,2
P217114,8.65,0.3450000000000001,2
P230632,10.83,0.34,1
P212013,21.04,0.34,1
P232380,2.3375,0.34,1
P239032,22.3345,0.34,1
P222291,4.25,0.34,1
P200153,11.8,0.34,1
P230325,10.34,0.34,1
P206098,9.79,0.34,1
P228298,8.892,0.34,1
P215211,58.246,0.33999999999999986,2
P239984,15.541,0.33499999999999985,2
P247191,14.29,0.33,1
P211999,69.44500000000001,0.33,1
P204504,3.44,0.33,1
P239362,10.85,0.33,1
P210508,17.14,0.33,1
P242802,16.101000000000003,0.33,1
P237202,17.89,0.33,1
P238205,97.85,0.32999999999999996,2
P245577,21.057499999999997,0.32499999999999996,2
P230033,14.62,0.32,1
P220987,3.992,0.32,1
P233871,8.7805,0.32,1
P208172,11.628,0.32,1
P223181,6.802,0.32,1
P230511,67.22,0.32,1
P244014,13.100499999999998,0.32,1
P208000,15.34,0.32,1
P233611,13.19,0.32,1
P200541,9.684,0.32,1
P219359,45.543,0.31499999999999995,2
P206740,14.31,0.31,1
P215180,7.829999999999999,0.31,1
P228364,9.2435,0.31,1
P229356,12.3405,0.31,1
P206292,3.3534999999999995,0.31,1
P211658,12.798,0.31,1
P234665,6.8115,0.31,1
P212591,12.44,0.31,1
P241747,16.567,0.30999999999999994,2
P233218,19.202,0.30999999999999994,2
P215228,40.726,0.30499999999999994,2
P225336,58.301,0.30000000000000004,2
P224156,14.360000000000001,0.30000000000000004,2
P221828,10.38,0.3,1
P245588,17.57,0.3,1
P220201,8.595,0.3,1
P222061,27.337,0.3,2
P222091,55.233,0.3,1
P222254,13.205,0.3,1
P225998,13.25,0.3,1
P204052,3.173,0.3,1
P221015,7.979999999999999,0.3,1
P217412,8.264999999999999,0.3,1
P211344,11.04,0.3,1
P203633,13.617,0.3,1
P202690,10.56,0.3,1
P233433,22.848,0.29999999999999993,2
P245734,8.052,0.29500000000000004,2
P239840,9.13,0.29,1
P233155,18.5,0.29,1
P212652,12.37,0.29,1
P237459,5.94,0.29,1
P242137,2.61,0.29,1
P246917,47.836,0.28500000000000014,2
P248091,47.381,0.2825,4
P214971,8.19,0.28,1
P205844,9.9705,0.28,1
P238185,6.84,0.28,1
P229910,3.1445,0.28,1
P207463,6.336,0.28,1
P230775,10.59,0.28,1
P230214,6.426,0.28,1
P227361,9.384,0.28,1
P229162,6.8,0.28,1
P238990,8.13,0.28,1
P220516,15.6,0.28,1
P231654,5.8565,0.28,1
P237071,5.48,0.28,1
P223922,15.333,0.28,1
P203827,32.242000000000004,0.28,2
P221637,4.91,0.28,1
P204546,7.78,0.28,1
P229669,10.01,0.27,1
P203069,3.087,0.27,1
P216875,17.71,0.27,1
P220620,14.2785,0.27,1
P220705,7.27,0.27,1
P205258,33.9045,0.265,2
P248799,10.35,0.26,1
P248426,9.333,0.26,1
P233501,3.05,0.26,1
P223651,5.8,0.26,1
P216734,29.92,0.26,3
P206485,12.393,0.26,1
P205911,12.16,0.26,1
P205901,22.45,0.26,2
P222788,3.25,0.26,1
P203695,12.6,0.26,1
P203640,9.851499999999998,0.26,1
P231680,11.286,0.26,1
P243718,4.734,0.25,1
P229799,9.02,0.25,1
P211561,8.9205,0.25,1
P240205,9.54,0.25,1
P224377,11.44,0.25,1
P231848,77.01950000000001,0.25,2
P234924,6.87,0.25,1
P230759,46.491,0.25,2
P232552,15.6085,0.25,1
P202569,5.949000000000001,0.25,1
P241159,65.07,0.25,2
P249067,9.53,0.25,1
P204757,8.33,0.25,1
P204257,72.88,0.25,1
P228474,100.32799999999999,0.24500000000000002,2
P225131,53.400000000000006,0.24,2
P241723,2.99,0.24,1
P233084,10.98,0.24,1
P237131,26.09,0.24,1
P220830,17.97,0.24,1
P209577,17.5995,0.24,2
P233342,16.44,0.24,1
P247529,18.83,0.24,1
P244622,15.743,0.24,1
P249421,24.45,0.23499999999999988,2
P239569,8.7635,0.23,1
P210745,2.61,0.23,1
P233546,10.8965,0.23,1
P217015,5.67,0.23,1
P222427,17.72,0.23,1
P247580,7.685499999999999,0.23,1
P215719,5.94,0.23,1
P239892,10.06,0.23,1
P243525,7.68,0.23,1
P213568,2.763,0.23,1
P236286,11.172,0.23,1
P215106,69.44,0.22999999999999998,2
P207763,93.872,0.22499999999999998,2
P235937,5.67,0.22,1
P219419,14.016,0.22,1
P242252,7.21,0.22,1
P221432,9.558,0.22,1
P222210,51.36,0.22,1
P219893,2.712,0.22,1
P233994,12.969,0.22,1
P225832,62.32000000000001,0.22,1
P246394,15.52,0.22,1
P209137,95.96,0.21999999999999997,2
P218582,33.833,0.21999999999999997,2
P239962,24.486,0.21499999999999997,2
P202728,22.015,0.21000000000000002,2
P236992,100.45,0.21,1
P235968,10.0415,0.21,1
P217074,6.992,0.21,1
P203336,19.96,0.21,1
P246416,17.29,0.21,1
P209749,2.73,0.21,1
P231845,8.15,0.21,1
P239234,77.65,0.21,1
P221914,7.92,0.21,1
P230397,18.25,0.20500000000000002,2
P201915,23.406,0.20000000000000007,2
P220808,3.95,0.2,1
P214269,5.0825,0.2,1
P247953,9.435,0.2,1
P211048,6.811,0.2,1
P218049,14.377999999999998,0.2,1
P239895,7.9985,0.2,1
P200747,3.65,0.2,1
P237230,2.4415,0.2,1
P232206,11.0585,0.2,1
P205371,2.48,0.2,1
P214106,2.51,0.2,1
P210429,96.263,0.19499999999999998,2
P210921,27.892000000000003,0.19499999999999995,2
P231106,13.532,0.19,1
P222315,14.08,0.19,1
P224905,16.67,0.19,1
P232856,7.8625,0.19,1
P200948,10.05,0.19,1
P217473,10.521,0.19,1
P212759,85.392,0.19,1
P221467,3.25,0.19,1
P221387,5.61,0.19,1
P248960,4.664000000000001,0.19,1
P218939,67.362,0.18000000000000016,2
P235833,10.812,0.18,1
P206535,2.27,0.18,1
P246382,8.82,0.18,1
P230068,12.31,0.18,1
P243069,10.73,0.18,1
P205238,2.1945,0.18,1
P227775,12.8185,0.18,2
P247204,55.53,0.1766666666666666,3
P221327,12.65,0.17,1
P248925,2.18,0.17,1
P249604,6.5840000000000005,0.17,1
P226904,10.61,0.17,1
P242701,9.93,0.17,1
P244653,9.595,0.17,1
P248664,5.201,0.17,1
P202418,18.225,0.17,1
P234236,8.59,0.17,1
P229529,90.6,0.16999999999999998,2
P226627,65.884,0.16499999999999998,2
P201407,9.29,0.16,1
P209627,9.63,0.16,1
P207906,9.225,0.16,1
P218311,24.15,0.16,1
P213248,10.27,0.16,1
P218061,7.010999999999999,0.16,1
P245969,1.99,0.16,1
P208940,56.952000000000005,0.16,1
P245949,8.93,0.16,1
P235934,85.168,0.15333333333333332,3
P238267,14.14,0.15,1
P207871,1.82,0.15,1
P249121,20.04,0.15,1
P246517,25.69,0.15,2
P244949,8.02,0.15,1
P221570,9.87,0.15,1
P208012,1.9,0.15,1
P217175,10.521,0.15,1
P222292,4.61,0.15,1
P213414,1.88,0.15,1
P224907,3.42,0.15,1
P241741,13.74,0.15,1
P225866,35.785000000000004,0.14999999999999997,2
P217511,57.537499999999994,0.1449999999999998,2
P216605,34.12,0.1449999999999998,2
P202879,19.07,0.14000000000000012,2
P225678,5.605,0.14,1
P234126,26.739,0.14,2
P220464,14.34,0.14,1
P248188,8.341,0.14,1
P243426,20.9,0.14,1
P208502,18.35,0.14,1
P208532,11.55,0.14,1
P211715,2.87,0.14,1
P208209,7.0,0.14,1
P242950,4.27,0.14,1
P200449,4.800000000000001,0.14,1
P237631,1.7195,0.14,1
P211828,28.6925,0.1399999999999999,2
P245555,5.3675,0.13,1
P226088,22.819000000000003,0.13,2
P244338,16.9765,0.13,1
P222459,17.88,0.13,1
P238257,4.64,0.13,1
P244278,13.75,0.13,1
P211616,2.6910000000000003,0.13,1
P216243,9.44,0.13,1
P220826,4.38,0.13,1
P204247,2.926,0.13,1
P201540,7.5,0.12,1
P218613,8.26,0.12,1
P203062,16.721,0.12,2
P248017,21.0885,0.12,1
P201662,1.48,0.12,1
P242172,5.24,0.12,1
P246318,13.09,0.11499999999999999,2
P213834,23.476999999999997,0.11499999999999999,2
P214467,16.814999999999998,0.11,1
P222185,38.4275,0.11,1
P214015,2.091,0.11,1
P201874,14.3565,0.11,1
P221425,4.48,0.11,1
P222467,8.363999999999999,0.11,1
P212833,2.4035,0.11,1
P223007,11.71,0.11,1
P219115,9.594,0.11,1
P205078,23.33,0.11,1
P209787,75.19,0.10999999999999999,2
P230865,27.104,0.10500000000000001,2
P246112,51.6,0.1,1
P222316,1.254,0.1,1
P224829,78.2775,0.1,2
P202709,7.047000000000001,0.1,1
P202675,7.826,0.1,1
P220588,5.45,0.1,1
P221365,47.6255,0.1,1
P205571,4.5,0.1,1
P248883,10.47,0.1,1
P206364,11.76,0.1,1
P225399,9.48,0.1,1
P249322,3.96,0.1,1
P243951,1.27,0.1,1
P230043,8.645,0.1,1
P244807,1.102,0.09,1
P248886,8.549999999999999,0.09,1
P249212,5.344,0.09,1
P228497,8.879999999999999,0.09,1
P204742,15.02,0.09,1
P239073,16.47,0.09,1
P236905,8.09,0.09,1
P234172,2.07,0.09,1
P243740,10.863,0.09,1
P211110,19.950499999999998,0.08499999999999999,2
P238427,1.0165,0.08,1
P224193,13.61,0.08,1
P249460,14.4,0.08,1
P215038,8.704,0.08,1
P241395,0.935,0.08,1
P207618,4.7405,0.08,1
P222325,15.3425,0.08,1
P224520,4.5695,0.08,1
P207250,10.6305,0.07,1
P216010,31.32,0.07,2
P237263,9.12,0.07,1
P226852,16.3305,0.07,1
P225606,60.42400000000001,0.07,1
P233380,12.787,0.07,1
P212080,6.65,0.07,1
P213928,34.02,0.07,1
P214484,13.113,0.07,1
P205575,10.69,0.07,1
P203623,8.528,0.07,1
P242976,14.39,0.07,1
P249981,31.054000000000002,0.06999999999999999,2
P211323,22.57,0.06499999999999999,2
P210442,3.76,0.06,1
P204326,76.212,0.06,1
P241702,3.393,0.06,1
P218163,9.13,0.06,1
P239219,7.05,0.06,1
P245965,16.511,0.06,1
P211345,12.94,0.06,1
P248918,2.59,0.06,1
P235817,7.89,0.06,1
P209373,49.28,0.06,1
P227228,12.834499999999998,0.06,1
P205812,24.6415,0.06,1
P240720,11.249,0.06,1
P222922,66.337,0.05999999999999994,2
P215265,40.104,0.055,2
P237820,29.5985,0.05499999999999994,2
P220102,35.6315,0.050000000000000044,2
P211474,5.37,0.05,1
P225078,7.6475,0.05,1
P213762,11.196,0.05,1
P225744,14.724,0.05,1
P207469,40.624,0.05,1
P208659,7.41,0.05,1
P214559,14.706,0.05,1
P230677,46.368,0.05,1
P206773,12.664,0.05,1
P214177,13.432,0.05,1
P202194,3.17,0.04,1
P229209,3.45,0.04,1
P225730,13.99,0.04,1
P236309,16.26,0.04,1
P213639,7.88,0.04,1
P234100,2.205,0.04,1
P217338,7.4005,0.04,1
P209997,36.9895,0.03500000000000003,2
P218390,114.22,0.03499999999999992,2
P227563,19.7595,0.033333333333333326,3
P240037,9.657,0.03,1
P216684,5.47,0.03,1
P240323,0.847,0.03,1
P203959,16.53,0.03,1
P209635,10.302,0.03,1
P225314,12.59,0.03,1
P218877,10.386,0.03,1
P200887,55.223499999999994,0.03,2
P221893,8.436,0.03,1
P208849,5.01,0.03,1
P207085,21.875,0.03,2
P205339,18.76,0.025000000000000022,2
P203107,17.11,0.020000000000000018,2
P218609,21.657,0.020000000000000018,2
P201076,1.207,0.02,1
P241160,8.094,0.02,1
P235421,2.14,0.02,1
P224951,14.81,0.02,1
P220151,7.83,0.02,1
P241196,12.4,0.02,1
P223584,3.46,0.02,1
P213628,13.45,0.02,1
P224598,2.73,0.02,1
P216674,14.1835,0.02,1
P222763,6.777,0.02,1
P211426,12.84,0.02,1
P239104,5.9945,0.01,1
P213808,5.82,0.01,1
P204236,20.768,0.01,1
P213845,6.678,0.01,1
P219193,7.146000000000001,0.01,1
P207593,11.67,0.01,1
P229088,17.746,0.0,1
P239070,12.276000000000002,0.0,1
P212859,5.968,0.0,1
P223572,9.7,0.0,1
P249165,7.88,0.0,1
P236240,15.615000000000002,0.0,1
P202751,18.5155,0.0,2
P224889,5.06,0.0,1
P243780,10.29,0.0,1
P228765,42.81,-0.009999999999999934,3
P243516,10.999,-0.01,1
P244687,9.979,-0.01,1
P213442,11.61,-0.01,1
P243612,67.694,-0.01,1
P212680,13.4,-0.01,1
P206679,10.0,-0.01,1
P202719,13.813,-0.01,1
P219634,12.350499999999998,-0.01,1
P200497,7.48,-0.01,1
P205267,25.46,-0.02,1
P226851,17.048,-0.02,1
P237610,9.045000000000002,-0.02,1
P217721,11.0755,-0.02,1
P224462,10.33,-0.02,1
P248680,64.70100000000001,-0.02,1
P243289,9.279,-0.02,1
P205602,6.76,-0.02,1
P222178,6.4175,-0.02,1
P241729,5.908,-0.02,1
P218134,68.898,-0.02333333333333328,3
P208407,8.64,-0.03,1
P208010,2.43,-0.03,1
P207387,11.77,-0.03,1
P218649,6.52,-0.03,1
P201533,5.14,-0.03,1
P217704,6.99,-0.03,1
P243060,8.2025,-0.03,1
P237106,83.88900000000001,-0.03,1
P221214,27.35,-0.030000000000000027,2
P239204,17.183,-0.035,2
P249372,33.81,-0.03500000000000003,2
P207894,6.803999999999999,-0.04,1
P239706,67.52,-0.04,1
P224041,10.53,-0.04,1
P235586,6.376,-0.04,1
P235656,10.05,-0.04,1
P222156,16.36,-0.04,1
P216972,10.13,-0.04,1
P245661,9.506,-0.04,1
P213209,4.48,-0.04,1
P226453,33.84,-0.040000000000000036,2
P201259,27.069,-0.0433333333333333,3
P221492,67.05199999999999,-0.04500000000000015,2
P241170,31.0095,-0.04999999999999993,2
P200011,11.58,-0.04999999999999999,2
P202967,16.605999999999998,-0.05,1
P245876,71.5275,-0.05,1
P216496,7.22,-0.05,1
P212148,4.218,-0.05,1
P218605,6.8,-0.05,1
P202870,47.9275,-0.05,1
P245639,9.9,-0.05,1
P240801,7.556500000000001,-0.05,1
P200339,8.8,-0.05,1
P240994,4.7685,-0.05,1
P216041,39.174,-0.05999999999999998,3
P226006,3.21,-0.06,1
P210776,14.07,-0.06,1
P247147,6.0,-0.06,1
P209549,10.1065,-0.06,1
P228670,9.843,-0.06,2
P237345,3.44,-0.06,1
P247839,2.702,-0.06,1
P202278,9.94,-0.06,1
P232085,71.7725,-0.06,1
P237714,5.87,-0.06,1
P226609,7.370999999999999,-0.06,1
P221135,5.03,-0.06,1
P245560,15.45,-0.06,1
P218668,30.341,-0.06000000000000005,2
P216023,20.582,-0.06000000000000005,2
P249496,97.44,-0.06499999999999995,2
P227963,20.77,-0.06500000000000006,2
P230806,25.9,-0.06500000000000006,2
P218754,10.176000000000002,-0.07,1
P247702,5.9375,-0.07,1
P231593,49.1555,-0.07,1
P248825,7.182,-0.07,1
P215075,9.12,-0.07,1
P218308,17.93,-0.07,1
P238763,6.0895,-0.07,1
P238729,65.31400000000001,-0.07,1
P234547,16.283,-0.07,1
P244517,17.12,-0.07,1
P237136,57.463,-0.07000000000000006,2
P219103,15.9095,-0.07999999999999985,2
P226914,27.842,-0.07999999999999996,2
P227195,4.45,-0.08,1
P244185,2.62,-0.08,1
P222458,3.3915,-0.08,1
P202464,2.09,-0.08,1
P232914,10.467,-0.08,1
P222804,64.296,-0.08,1
P245179,8.488,-0.08,1
P203818,5.54,-0.08,1
P202026,78.66,-0.08,1
P222471,4.882999999999999,-0.08,1
P243591,72.675,-0.08,1
P243159,37.445499999999996,-0.08999999999999997,2
P249612,27.369999999999997,-0.08999999999999997,2
P215258,8.654499999999999,-0.09,1
P239801,5.841,-0.09,1
P246701,6.237,-0.09,1
P205908,50.6825,-0.09,1
P241551,9.98,-0.09,1
P246814,73.768,-0.09999999999999994,3
P223165,2.81,-0.1,1
P202714,7.0,-0.1,1
P218751,2.07,-0.1,1
P221629,15.750999999999998,-0.1,1
P222678,4.109,-0.1,1
P238405,4.1,-0.1,1
P241644,8.89,-0.1,1
P240499,13.75,-0.1,1
P238102,6.715,-0.1,1
P221761,8.14,-0.1,1
P206064,8.66,-0.1,1
P203998,2.18,-0.1,1
P247325,8.531,-0.1,1
P217574,24.115000000000002,-0.10499999999999998,2
P200660,15.558,-0.10500000000000001,2
P234377,7.776000000000001,-0.11,1
P248524,21.22,-0.11,1
P228635,1.23,-0.11,1
P205817,12.44,-0.11,1
P241730,69.97,-0.11,1
P231510,61.05,-0.11,1
P236542,10.456,-0.11,1
P236974,7.82,-0.11,1
P245098,18.365000000000002,-0.11499999999999988,2
P233578,15.35,-0.11499999999999999,2
P229623,6.16,-0.12,1
P213449,83.67,-0.12,1
P214826,15.51,-0.12,1
P231412,8.352,-0.12,1
P247024,11.594,-0.12,1
P216884,11.944,-0.12,1
P221518,7.049,-0.12,1
P246921,8.75,-0.12,1
P212137,4.53,-0.12,1
P242791,1.692,-0.12,1
P206795,7.22,-0.12,1
P212027,6.7925,-0.12,1
P231528,50.393,-0.12333333333333331,3
P240791,36.17,-0.125,2
P231185,3.838,-0.13,1
P206595,7.92,-0.13,1
P241290,7.462,-0.13,1
P219678,5.71,-0.13,1
P200411,6.425999999999999,-0.13,1
P245924,8.614,-0.13,2
P204892,4.8705,-0.13,1
P210367,11.0,-0.13,1
P228564,3.72,-0.13,1
P227735,8.98,-0.13,1
P205025,17.262,-0.135,2
P234589,1.938,-0.14,1
P246127,15.066,-0.14,1
P214742,2.18,-0.14,1
P211252,10.2,-0.14,1
P221347,15.498,-0.14,1
P203460,25.48,-0.1449999999999999,2
P231477,33.506,-0.14999999999999997,2
P229860,58.45,-0.15,1
P230603,59.03,-0.15,1
P203119,6.06,-0.15,1
P216985,4.0375,-0.15,1
P226345,4.1515,-0.15,1
P242692,1.017,-0.15,1
P236797,16.24,-0.15,1
P219653,3.176,-0.15,1
P216448,69.0,-0.15,1
P201493,15.0195,-0.15,1
P222645,16.0565,-0.15,1
P206741,9.897,-0.15500000000000003,2
P203764,72.58,-0.16,1
P211918,11.2955,-0.16,1
P231269,9.657,-0.16,1
P248210,2.58,-0.16,1
P214160,15.988499999999998,-0.16,1
P218014,6.8,-0.16,1
P208112,8.36,-0.16,1
P237409,2.55,-0.16,1
P234105,10.697,-0.16,1
P232702,13.3855,-0.16,1
P230190,10.79,-0.16,1
P249991,3.38,-0.16,1
P244187,9.045000000000002,-0.16,1
P212466,78.34,-0.16000000000000014,2
P204695,30.419,-0.16999999999999993,2
P204367,9.7,-0.17,1
P216939,6.802,-0.17,1
P206616,6.39,-0.17,1
P203457,6.72,-0.17,1
P230729,18.61,-0.17,1
P226208,2.35,-0.17,1
P239933,91.5,-0.17,1
P222447,110.501,-0.17400000000000002,5
P243531,21.52,-0.18,1
P217670,7.14,-0.18,1
P228874,5.112,-0.18,1
P231298,56.601,-0.18,1
P212755,1.82,-0.18,1
P232039,7.34,-0.18,1
P244280,8.8445,-0.18,1
P233344,5.32,-0.18,1
P210740,5.4815,-0.18,1
P243461,13.42,-0.18,1
P238247,13.9315,-0.18,1
P237982,70.9965,-0.18999999999999995,2
P219505,58.843,-0.19,1
P204529,9.279,-0.19,1
P224316,21.6495,-0.19,1
P216273,7.239,-0.19,1
P207636,20.0715,-0.19,2
P208752,1.768,-0.19,1
P236439,8.28,-0.19,1
P233343,16.74,-0.19,1
P245536,56.012,-0.19,1
P214077,13.03,-0.19,1
P208549,18.4895,-0.195,2
P200768,29.866000000000003,-0.19500000000000006,2
P222608,89.6905,-0.2,2
P220367,7.57,-0.2,1
P213384,62.077999999999996,-0.2,2
P218655,11.4155,-0.2,1
P231863,43.23,-0.2,1
P204732,10.45,-0.2,1
P222090,10.056,-0.2,1
P207825,21.192,-0.20000000000000007,2
P245884,9.072,-0.21,1
P240521,7.9,-0.21,1
P205409,18.81,-0.21,1
P209704,5.98,-0.21,1
P216563,6.878,-0.21,1
P221754,2.85,-0.21,1
P207279,15.26,-0.21,1
P231443,10.8,-0.21,1
P242837,3.2395,-0.21,1
P207637,9.4,-0.21,1
P229339,1.01,-0.21,1
P248943,83.955,-0.2133333333333333,3
P241565,18.459,-0.21999999999999997,2
P235380,47.376000000000005,-0.21999999999999997,2
P203931,8.51,-0.22,1
P214132,2.754,-0.22,1
P207118,9.88,-0.22,1
P209885,10.59,-0.22,1
P212707,11.63,-0.22,1
P238498,12.2825,-0.22,1
P246202,1.926,-0.22,1
P237667,17.073,-0.22,1
P203185,10.379000000000001,-0.22000000000000008,2
P208948,54.323,-0.225,2
P200134,9.63,-0.23,1
P206815,54.288,-0.23,1
P213871,8.59,-0.23,1
P209583,4.55,-0.23,1
P249338,5.933,-0.23,1
P221584,7.010999999999999,-0.23,1
P208379,18.45,-0.23499999999999993,2
P244689,18.433,-0.235,2
P225191,31.321,-0.2350000000000001,2
P227617,4.7,-0.24,1
P239673,29.386000000000003,-0.24,2
P247220,51.357,-0.24,1
P220085,9.68,-0.24,1
P229016,6.56,-0.24,1
P207408,37.82,-0.24,2
P218868,10.2695,-0.24,1
P202374,9.65,-0.24,1
P224431,3.549,-0.24,1
P227423,1.944,-0.24,1
P239404,2.88,-0.24,1
P230002,3.29,-0.24,1
P218344,37.72,-0.24499999999999988,2
P236285,56.1735,-0.25,1
P236421,10.35,-0.25,1
P235625,62.56,-0.25,1
P221767,9.6995,-0.25,1
P226285,13.56,-0.25,1
P210507,9.416,-0.25,1
P210490,6.0325,-0.25,1
P213372,136.952,-0.25999999999999995,3
P221302,2.3545,-0.26,1
P228007,3.8,-0.26,1
P200666,54.036,-0.26,1
P218932,29.24,-0.26,2
P241624,3.11,-0.26,1
P244126,16.06,-0.26,1
P213566,6.46,-0.26,1
P216504,22.009999999999998,-0.26,2
P232840,21.4635,-0.26,2
P237727,6.574,-0.26,1
P210603,46.416,-0.26,1
P238157,5.31,-0.26,1
P210219,4.6930000000000005,-0.26,1
P211663,56.74,-0.27,1
P227337,7.4,-0.27,1
P213990,8.8635,-0.27,1
P232347,14.12,-0.27,1
P207245,5.11,-0.27,1
P212556,5.562,-0.27,1
P242398,5.53,-0.27,1
P209014,7.66,-0.27,1
P213968,10.35,-0.27,1
P241845,106.0,-0.27333333333333326,3
P221103,28.7735,-0.27333333333333326,3
P200442,7.54,-0.28,1
P213335,3.47,-0.28,1
P218379,12.9295,-0.28,1
P223878,2.727,-0.28,1
P229437,1.3204999999999998,-0.28,1
P248099,8.19,-0.28,1
P245151,55.04299999999999,-0.28,1
P223728,53.92,-0.28,1
P244789,7.24,-0.28,1
P231072,8.19,-0.28,1
P226939,65.6885,-0.2849999999999999,2
P218876,97.14,-0.2849999999999999,2
P239653,14.9665,-0.2849999999999999,2
P242693,3.3745000000000003,-0.29,1
P217894,6.936,-0.29,1
P235344,6.1275,-0.29,1
P211554,7.2675,-0.29,1
P240151,6.73,-0.29,1
P214092,5.319999999999999,-0.29,1
P203303,13.07,-0.29,1
P219603,1.92,-0.29,1
P245802,8.188999999999998,-0.29,1
P223026,37.096,-0.29000000000000004,2
P208324,8.17,-0.29000000000000015,2
P244739,14.010000000000002,-0.29500000000000004,2
P219728,29.963,-0.3,1
P235842,4.921,-0.3,1
P201708,5.4270000000000005,-0.3,1
P229974,4.807,-0.3,1
P217248,15.105,-0.3,1
P213841,3.116,-0.3,1
P241571,9.518999999999998,-0.3,1
P215390,15.29,-0.3,1
P206395,4.75,-0.3,1
P224552,8.64,-0.3,1
P208087,82.74,-0.3,1
P231232,1.4195,-0.31,1
P249636,5.5765,-0.31,1
P200193,8.35,-0.31,1
P233780,10.22,-0.31,1
P219024,24.109499999999997,-0.31499999999999995,2
P224721,122.0205,-0.31666666666666643,3
P244159,151.926,-0.3166666666666667,3
P220946,3.344,-0.32,1
P242450,13.968,-0.32,1
P248973,2.8475,-0.32,1
P200813,11.72,-0.32,1
P228408,2.23,-0.32,1
P202882,1.6,-0.32,1
P239882,13.376,-0.32,1
P240130,30.851999999999997,-0.32499999999999996,2
P212595,26.346,-0.32499999999999996,2
P234616,3.98,-0.33,1
P219333,7.2,-0.33,1
P213034,4.84,-0.33,1
P200657,9.232,-0.33,1
P213500,54.621,-0.33,1
P230999,3.5010000000000003,-0.33,1
P230164,11.6945,-0.33,1
P203750,9.8,-0.33,1
P235310,3.49,-0.33,1
P218419,4.997,-0.33,1
P237608,6.6,-0.33,1
P214356,7.875,-0.33,1
P225212,69.88999999999999,-0.33499999999999996,2
P229884,83.274,-0.335,2
P246571,8.13,-0.34,1
P222866,66.93,-0.34,1
P226903,53.0315,-0.34,1
P216316,10.45,-0.34,1
P245060,15.14,-0.34,1
P245032,20.268,-0.34,1
P245563,14.983,-0.3400000000000001,2
P241264,34.787,-0.34999999999999987,2
P245685,18.5345,-0.35,1
P222115,13.58,-0.35,1
P233601,5.81,-0.35,1
P218454,85.8,-0.35,1
P206147,8.712,-0.35,1
P202204,16.5,-0.35,1
P225639,10.5825,-0.35,1
P245923,50.2475,-0.35499999999999976,2
P220722,69.12,-0.36,1
P219798,4.9875,-0.36,1
P201775,6.098999999999999,-0.36,1
P214985,3.06,-0.36,1
P245475,6.48,-0.36,1
P200872,6.0515,-0.36,1
P215107,16.26,-0.36,1
P231472,5.61,-0.36,1
P240434,74.2,-0.36,1
P231066,5.11,-0.36,1
P201626,4.05,-0.36,1
P202668,11.35,-0.36,1
P245763,12.96,-0.37,1
P219453,12.293,-0.37,1
P234992,7.51,-0.37,1
P244279,3.46,-0.38,1
P248768,12.11,-0.38,1
P228425,8.001000000000001,-0.38,1
P223653,4.64,-0.38,1
P246076,17.409,-0.38,1
P202866,22.21,-0.385,2
P238890,10.363,-0.38999999999999996,2
P238604,7.09,-0.39,1
P233785,4.21,-0.39,1
P200229,13.51,-0.39,1
P213454,27.024,-0.39,1
P226832,6.69,-0.39,1
P245334,10.07,-0.39,1
P246584,16.57,-0.39,1
P207282,24.976,-0.3900000000000001,2
P204531,4.256,-0.4,1
P226448,7.236,-0.4,1
P200214,12.046,-0.4,1
P224354,10.4,-0.4,1
P209350,10.8205,-0.4,1
P205578,14.013,-0.4,1
P226209,5.678,-0.4,1
P215195,19.791,-0.4,1
P243123,35.980000000000004,-0.4099999999999999,2
P221529,11.088,-0.41,1
P236445,13.1,-0.41,1
P211279,3.1445,-0.41,1
P240123,10.815,-0.41,1
P208861,11.4475,-0.41,1
P222381,50.2755,-0.41000000000000014,3
P200559,2.81,-0.42,1
P239812,9.53,-0.42,1
P210983,1.66,-0.42,1
P220328,2.46,-0.42,1
P218229,7.02,-0.42,1
P217258,8.882499999999999,-0.42,1
P242271,47.115,-0.42,1
P212363,10.45,-0.42,1
P214681,6.821,-0.42,1
P234615,6.669,-0.42,1
P248666,4.64,-0.42,1
P238349,19.744999999999997,-0.42000000000000004,2
P226628,17.203,-0.42499999999999993,2
P222975,64.34400000000001,-0.42500000000000004,2
P237639,10.3105,-0.43,1
P233172,10.773,-0.43,1
P205595,4.484,-0.43,1
P224373,9.84,-0.43,1
P226574,1.44,-0.43,1
P215817,2.5935,-0.43,1
P229890,16.89,-0.43,1
P212025,4.76,-0.43,1
P241703,9.18,-0.43,1
P226983,8.595,-0.43,1
P222318,6.574,-0.43,1
P203273,9.576,-0.44,1
P220695,4.984000000000001,-0.44,1
P202896,16.377999999999997,-0.44,1
P231085,10.215,-0.44,1
P217286,3.636,-0.44,1
P202672,53.55,-0.44,1
P225257,39.59,-0.44,1
P248556,38.998000000000005,-0.445,2
P222019,59.484,-0.44999999999999996,2
P226012,8.94,-0.44999999999999996,2
P231860,13.42,-0.45,1
P216119,59.400000000000006,-0.45,1
P211880,3.74,-0.45,1
P241871,71.42,-0.45,1
P200085,4.95,-0.45,1
P228065,3.65,-0.45,1
P218837,13.88,-0.45,1
P219171,61.6455,-0.45,1
P203639,8.29,-0.45,1
P210339,15.042,-0.45,2
P204588,53.08,-0.45,1
P229101,35.296,-0.45499999999999985,2
P220554,28.8185,-0.45500000000000007,2
P247461,102.0255,-0.46,1
P243120,2.169,-0.46,1
P233647,2.6095,-0.46,1
P216297,15.59,-0.46,1
P212903,6.507000000000001,-0.46,1
P240410,11.01,-0.46,1
P228644,12.66,-0.46,1
P232193,6.18,-0.46,1
P221245,17.84,-0.46499999999999997,2
P232714,4.156499999999999,-0.47,1
P223164,5.87,-0.47,1
P247635,16.0565,-0.47,1
P240537,2.128,-0.47,1
P233411,7.65,-0.47,1
P212473,13.346,-0.47000000000000003,2
P218267,17.797,-0.4700000000000001,2
P218707,63.047,-0.475,2
P245316,57.92,-0.48,1
P213952,56.639,-0.48,1
P210256,4.4555,-0.48,1
P207178,9.112,-0.48,1
P248934,8.76,-0.48,1
P241498,4.47,-0.48,1
P216239,9.5855,-0.48,1
P219650,3.08,-0.48,1
P227898,2.37,-0.48,1
P246234,18.6105,-0.48,1
P236261,1.27,-0.48,1
P230247,8.755,-0.48,1
P242169,7.53,-0.48,1
P224504,3.79,-0.48,1
P234246,7.54,-0.48,1
P248917,4.12,-0.48,1
P202829,5.69,-0.48,1
P225350,5.61,-0.49,1
P238325,1.343,-0.49,1
P246094,15.741,-0.49,1
P219968,13.58,-0.49,1
P237566,10.94,-0.49,1
P234936,20.673,-0.49,2
P249441,14.29,-0.49,1
P226941,1.04,-0.49,1
P242735,1.8,-0.49,1
P243703,4.484,-0.49,1
P246205,5.3,-0.49,1
P241334,1.35,-0.49,1
P239035,14.625,-0.49,1
P212704,6.910500000000001,-0.49,1
P244855,5.44,-0.49,1
P212479,59.75,-0.5,1
P224732,30.7135,-0.5,1
P218440,6.95,-0.5,1
P206161,1.49,-0.5,1
P231623,10.412,-0.5,1
P218869,5.36,-0.5,1
P202116,4.5,-0.5,1
P241098,16.07,-0.5,1
P200299,64.24,-0.5,1
P231019,4.7215,-0.5,1
P235156,5.73,-0.5,1
P224238,15.1795,-0.505,2
P227369,65.64,-0.51,1
P246209,1.2255,-0.51,1
P214419,9.595,-0.51,1
P235252,37.2875,-0.51,2
P220493,7.56,-0.51,1
P223792,10.68,-0.51,1
P210980,20.57,-0.51,1
P247834,51.85,-0.51,1
P243992,10.0225,-0.51,1
P225973,51.452,-0.5133333333333333,3
P219049,7.35,-0.52,1
P245190,2.8815,-0.52,1
P239384,10.66,-0.52,1
P237272,10.36,-0.52,1
P206680,72.00999999999999,-0.52,1
P228392,2.2705,-0.52,1
P203666,11.742,-0.52,1
P219982,2.1945,-0.52,1
P248144,9.47,-0.52,1
P239299,37.63,-0.5249999999999999,2
P229746,12.350000000000001,-0.525,2
P246957,27.184,-0.53,1
P233534,7.12,-0.53,1
P231295,10.507,-0.53,1
P217711,9.36,-0.53,1
P231292,45.69,-0.53,1
P229469,64.8,-0.53,1
P211909,6.88,-0.53,1
P240723,4.26,-0.53,1
P201412,50.049,-0.535,2
P205973,86.38749999999999,-0.54,3
P226499,2.17,-0.54,1
P215904,6.8,-0.54,1
P238794,7.353,-0.54,1
P241080,11.697,-0.54,1
P247867,4.113,-0.54,1
P204007,17.78,-0.5449999999999999,2
P218634,1.845,-0.55,1
P229181,8.12,-0.55,1
P209153,3.59,-0.55,1
P224825,2.08,-0.55,1
P213295,10.773,-0.55,1
P216067,8.46,-0.55,1
P201660,8.792,-0.55,1
P221280,5.51,-0.55,1
P209487,1.368,-0.55,1
P214370,9.082,-0.55,1
P230572,3.77,-0.55,1
P231876,1.862,-0.55,1
P212989,66.7,-0.55,1
P229445,7.6,-0.55,1
P225035,14.308,-0.5599999999999998,2
P249303,4.5305,-0.56,1
P219189,66.0615,-0.56,2
P231118,11.5515,-0.56,1
P228289,48.37,-0.56,1
P210366,12.8265,-0.56,1
P241704,10.381,-0.56,1
P229921,7.06,-0.56,1
P222605,7.495499999999999,-0.56,1
P241936,1.026,-0.56,1
P248334,7.41,-0.56,1
P233216,9.09,-0.56,1
P231983,4.8925,-0.565,2
P216660,78.81199999999998,-0.57,2
P234261,8.4075,-0.57,1
P213629,2.7455,-0.57,1
P243338,10.77,-0.57,1
P223453,17.612,-0.57,1
P213402,25.87,-0.57,1
P218453,7.216,-0.57,1
P242988,2.84,-0.57,1
P232563,54.659000000000006,-0.57,2
P238658,12.901,-0.57,1
P211028,1.4535,-0.58,1
P218166,3.825,-0.58,1
P233562,2.3,-0.58,1
P230492,5.28,-0.58,1
P211246,12.5115,-0.58,1
P237741,13.76,-0.58,1
P211485,12.971,-0.58,1
P231911,5.34,-0.58,1
P210749,12.1885,-0.58,1
P202572,7.9135,-0.58,1
P229844,1.2255,-0.58,1
P228511,12.21,-0.58,1
P225682,5.97,-0.58,1
P228264,23.183,-0.585,2
P235453,20.827,-0.5850000000000001,2
P242683,5.07,-0.59,1
P226400,4.882999999999999,-0.59,1
P207442,8.0465,-0.59,1
P231450,5.678999999999999,-0.59,1
P249834,8.721,-0.59,1
P209641,14.73,-0.59,1
P201294,8.474,-0.59,1
P220411,7.54,-0.59,1
P231401,5.24,-0.59,1
P209588,2.67,-0.59,1
P207649,23.768,-0.595,2
P229471,5.418,-0.6,1
P247346,15.291,-0.6,1
P243895,34.05,-0.6,1
P201188,64.19,-0.6,1
P249961,7.72,-0.6,1
P216550,14.328,-0.6,1
P203973,7.44,-0.6,1
P217755,15.83,-0.6,1
P213029,24.162,-0.6,2
P234775,99.85,-0.6,2
P240030,7.85,-0.6,1
P220038,7.95,-0.6,1
P234660,2.65,-0.6,1
P241992,10.0985,-0.6,1
P247721,7.03,-0.6,1
P242866,8.13,-0.6,1
P242918,2.6,-0.6,1
P240784,5.08,-0.6,1
P243435,2.871,-0.61,1
P245728,16.21,-0.61,1
P207832,16.353,-0.61,1
P215577,7.54,-0.61,1
P219754,5.54,-0.61,1
P201391,14.940000000000001,-0.61,2
P246988,6.19,-0.61,1
P248628,15.95,-0.61,1
P224467,8.99,-0.61,1
P217354,9.976,-0.61,1
P235714,12.49,-0.61,1
P240330,13.717999999999998,-0.61,1
P222852,1.7935,-0.62,1
P209944,14.2,-0.62,2
P205518,3.31,-0.62,1
P236327,4.22,-0.62,1
P235037,6.9635,-0.62,1
P223622,4.2,-0.63,1
P227272,6.32,-0.63,1
P218492,6.66,-0.63,1
P232656,1.27,-0.63,1
P231561,2.7075,-0.63,1
P230148,10.16,-0.63,1
P222137,14.500999999999998,-0.63,1
P235070,8.132,-0.63,1
P216756,77.8005,-0.63,1
P240562,23.024,-0.6399999999999999,2
P208541,2.27,-0.64,1
P228603,14.067,-0.64,1
P211369,11.64,-0.64,1
P230343,10.39,-0.64,1
P220984,53.732,-0.64,1
P232749,13.899999999999999,-0.64,2
P227347,8.883,-0.64,1
P242281,1.06,-0.64,1
P209227,6.21,-0.64,1
P218242,3.914,-0.64,1
P208990,6.042,-0.64,1
P227931,5.1775,-0.64,1
P224839,21.7305,-0.6449999999999999,2
P240753,95.28,-0.645,2
P239024,18.052999999999997,-0.645,2
P222943,37.126000000000005,-0.645,2
P213423,4.16,-0.65,1
P236958,3.58,-0.65,1
P207854,4.8735,-0.65,1
P219420,26.879,-0.6549999999999998,2
P235396,23.380000000000003,-0.6549999999999999,2
P230286,31.205,-0.655,2
P235049,10.035,-0.66,1
P242851,51.0,-0.66,1
P243078,7.042,-0.66,1
P223136,13.99,-0.66,1
P244213,1.16,-0.66,1
P212055,5.69,-0.66,1
P206427,7.440000000000001,-0.66,1
P218998,5.6,-0.66,1
P212129,7.6049999999999995,-0.665,2
P234075,16.3915,-0.6666666666666666,3
P232358,6.5,-0.67,1
P219371,8.65,-0.67,1
P215605,7.136,-0.67,1
P245922,2.2895,-0.67,1
P213718,14.624000000000002,-0.67,1
P223221,2.926,-0.67,1
P239137,5.72,-0.67,1
P241516,7.74,-0.67,1
P222592,9.1865,-0.67,1
P245870,6.912,-0.67,1
P200529,4.44,-0.67,1
P235657,39.046499999999995,-0.6700000000000002,2
P219492,24.377000000000002,-0.675,2
P248445,25.136,-0.6799999999999999,2
P231575,6.02,-0.68,1
P203017,7.123,-0.68,1
P236481,5.04,-0.68,1
P221106,46.3,-0.68,1
P201015,84.892,-0.68,1
P234587,15.2285,-0.68,1
P211840,12.17,-0.68,1
P213684,4.09,-0.68,1
P243292,2.7,-0.68,1
P218000,7.71,-0.68,1
P249513,3.411,-0.68,1
P241880,5.0,-0.68,1
P233306,1.87,-0.68,1
P213748,4.608,-0.68,1
P231335,51.456,-0.685,2
P219093,10.87,-0.69,1
P249862,10.47,-0.69,1
P225492,48.2695,-0.69,1
P229641,4.52,-0.69,1
P208906,10.87,-0.69,1
P224109,12.576,-0.69,1
P229709,53.964,-0.69,1
P229591,8.578499999999998,-0.7,1
P244555,57.2,-0.7,1
P208168,9.04,-0.7,1
P241152,1.368,-0.7,1
P217207,12.938999999999998,-0.7,1
P212146,11.91,-0.7,1
P220273,5.24,-0.7,1
P230136,13.39,-0.7,1
P228355,3.48,-0.7,1
P224108,13.19,-0.7,1
P237308,2.338,-0.7,1
P235896,53.6395,-0.7033333333333335,3
P224339,17.308999999999997,-0.705,2
P217889,21.764,-0.71,2
P213985,4.0565,-0.71,1
P235996,8.688,-0.71,1
P213103,64.68,-0.71,1
P239273,63.324,-0.71,1
P223371,50.948499999999996,-0.7166666666666668,3
P203097,6.6215,-0.72,1
P246966,10.3,-0.72,1
P205800,5.699999999999999,-0.72,1
P235136,5.032,-0.72,1
P202597,1.767,-0.72,1
P246743,3.38,-0.72,1
P200495,1.24,-0.72,1
P238797,2.603,-0.73,1
P238661,3.87,-0.73,1
P208661,4.4,-0.73,1
P249204,2.669,-0.73,1
P236322,11.86,-0.73,1
P224144,45.466,-0.73,3
P217862,7.111999999999999,-0.73,1
P239150,10.3275,-0.73,1
P207657,14.345,-0.73,1
P236760,6.706999999999999,-0.73,1
P210056,10.87,-0.74,1
P224253,6.0,-0.74,1
P228898,3.298,-0.74,1
P212889,58.672,-0.74,1
P237992,20.268,-0.745,2
P201467,5.1935,-0.75,1
P209663,12.25,-0.75,1
P242365,4.21,-0.75,1
P228587,6.44,-0.75,1
P203411,10.88,-0.75,1
P204508,9.129,-0.75,1
P214537,6.9,-0.75,1
P215758,11.24,-0.75,1
P235308,19.38,-0.7549999999999999,2
P248185,4.862,-0.76,1
P208269,12.97,-0.76,1
P242445,10.04,-0.76,1
P212861,51.24,-0.76,1
P201062,67.455,-0.76,2
P208580,1.1115,-0.76,1
P235008,4.512,-0.76,1
P234946,10.23,-0.76,1
P212365,4.96,-0.76,1
P249155,9.905000000000001,-0.76,2
P224214,6.369999999999999,-0.76,1
P205600,8.835,-0.76,1
P204683,35.132,-0.7649999999999999,2
P220189,1.57,-0.77,1
P226583,1.84,-0.77,1
P232844,3.54,-0.77,1
P208773,6.193999999999999,-0.77,1
P248901,62.57599999999999,-0.77,2
P235573,2.853,-0.77,1
P235592,53.4375,-0.77,1
P203435,5.28,-0.77,1
P207559,8.3405,-0.7749999999999999,2
P242733,33.6295,-0.7749999999999999,2
P231702,30.78,-0.775,2
P235658,8.14,-0.78,1
P236866,6.404999999999999,-0.78,1
P235350,62.6195,-0.78,1
P205143,5.25,-0.78,1
P201918,24.757,-0.78,1
P221453,10.78,-0.78,1
P249593,6.52,-0.78,1
P245823,5.78,-0.78,1
P211938,22.2615,-0.78,1
P235022,10.41,-0.78,1
P201530,19.296,-0.7849999999999999,2
P214928,60.466499999999996,-0.785,2
P222134,6.248,-0.79,1
P206591,11.818,-0.79,1
P210208,4.760000000000001,-0.79,1
P237306,14.79,-0.79,1
P247665,13.356,-0.79,1
P235761,7.31,-0.79,1
P241942,89.989,-0.7950000000000002,2
P209312,54.378,-0.8,1
P205091,7.94,-0.8,1
P246970,12.818,-0.8,1
P202250,1.89,-0.8,1
P243013,5.8615,-0.8,1
P222949,4.199999999999999,-0.8,1
P217390,35.826499999999996,-0.8,2
P249341,3.34,-0.8,1
P244332,11.9595,-0.8,1
P210931,87.21000000000001,-0.8,1
P218446,6.43,-0.8,1
P215049,7.92,-0.8,1
P233098,4.79,-0.8,1
P200825,7.18,-0.81,1
P242997,1.57,-0.81,1
P241398,53.96,-0.81,1
P231108,8.08,-0.81,1
P223291,5.5440000000000005,-0.81,1
P236384,15.092,-0.82,1
P200275,8.857,-0.82,1
P220794,4.1895,-0.82,1
P200982,3.89,-0.82,1
P214110,10.953499999999998,-0.82,1
P243102,3.14,-0.82,1
P227575,23.8085,-0.82,1
P226888,75.06,-0.82,1
P244382,44.82,-0.82,1
P230490,6.22,-0.83,1
P230248,11.4,-0.83,1
P212276,6.968000000000001,-0.83,1
P213324,75.225,-0.83,1
P242966,9.4,-0.83,1
P205008,9.198,-0.83,1
P216784,15.487,-0.835,2
P200104,38.35,-0.84,1
P205477,6.497999999999999,-0.84,1
P229843,14.613,-0.84,2
P209498,2.278,-0.84,1
P234278,9.78,-0.84,1
P241452,48.57000000000001,-0.85,1
P248537,5.07,-0.85,1
P233939,7.13,-0.85,1
P202694,22.629,-0.85,1
P213070,42.18,-0.85,1
P239167,10.563999999999998,-0.85,1
P232297,2.536,-0.85,1
P232701,11.37,-0.85,1
P241623,20.6295,-0.8500000000000001,2
P225000,14.824000000000002,-0.855,2
P231781,8.36,-0.86,1
P217000,25.137,-0.86,1
P248776,7.542000000000001,-0.86,1
P226358,3.686,-0.86,1
P206460,54.269999999999996,-0.86,2
P248945,1.1135,-0.86,1
P247903,2.8974999999999995,-0.86,1
P203739,25.79,-0.86,1
P224027,5.044499999999999,-0.86,1
P243349,5.218999999999999,-0.86,1
P220712,55.13,-0.865,2
P244326,22.842,-0.865,2
P214535,12.879,-0.87,1
P240525,8.13,-0.87,1
P203756,1.314,-0.87,1
P232786,3.93,-0.87,1
P216214,22.24,-0.87,1
P247408,6.79,-0.87,1
P223543,5.56,-0.87,1
P247894,58.13999999999999,-0.87,1
P222430,8.62,-0.87,1
P245216,17.239,-0.875,2
P236460,32.432500000000005,-0.8766666666666666,3
P214546,52.404,-0.8799999999999999,3
P219133,6.66,-0.88,1
P241077,35.112,-0.88,2
P241750,7.37,-0.88,1
P217392,38.095,-0.88,1
P241220,2.42,-0.88,1
P223621,13.96,-0.88,1
P211428,18.16,-0.88,1
P209400,4.0,-0.88,1
P224636,8.36,-0.88,1
P218728,6.075,-0.88,1
P234798,6.213000000000001,-0.88,1
P238208,4.545,-0.88,1
P214182,32.1005,-0.88,2
P204949,5.0235,-0.88,1
P215569,5.34,-0.88,1
P224800,3.5245,-0.89,1
P223266,5.83,-0.89,1
P215784,11.98,-0.89,1
P216236,20.421,-0.89,2
P233068,9.248,-0.89,1
P245030,3.79,-0.89,1
P243441,11.81,-0.89,1
P226769,4.004,-0.895,2
P212101,13.450000000000001,-0.895,2
P236102,4.313,-0.9,1
P249036,1.8145,-0.9,1
P201382,15.22,-0.9,2
P224102,6.42,-0.9,1
P208371,12.2455,-0.9,1
P232746,5.38,-0.9,1
P247246,16.2,-0.9,1
P222248,2.43,-0.91,1
P236678,3.507,-0.91,1
P233761,11.98,-0.91,1
P205985,5.396,-0.91,1
P220607,4.691999999999999,-0.91,1
P227856,14.352,-0.9149999999999999,2
P201690,4.27,-0.92,1
P234972,3.819,-0.92,1
P236331,10.7,-0.92,1
P229006,12.274,-0.92,1
P234568,20.11,-0.92,1
P228941,4.0375,-0.92,1
P242634,15.704,-0.92,1
P208884,77.22,-0.92,1
P248771,2.755,-0.92,1
P241447,28.23,-0.92,1
P249720,38.229,-0.9249999999999999,2
P203592,21.25,-0.925,2
P238509,9.954,-0.93,1
P228280,0.936,-0.93,1
P243993,6.56,-0.93,1
P209337,7.33,-0.93,1
P217548,26.59,-0.93,1
P246166,11.38,-0.93,1
P212306,8.17,-0.93,1
P244558,2.61,-0.93,1
P229576,1.8785,-0.93,1
P240296,5.88,-0.93,1
P205555,36.839,-0.9349999999999999,2
P210109,6.58,-0.94,1
P227158,12.177,-0.94,1
P202367,1.7280000000000002,-0.94,1
P232599,10.725499999999998,-0.94,1
P208234,9.52,-0.94,1
P213158,5.95,-0.94,1
P215077,6.27,-0.94,1
P227180,3.92,-0.94,1
P239302,2.421,-0.94,1
P213805,39.150000000000006,-0.9400000000000001,2
P226376,18.659,-0.9450000000000001,2
P226998,87.39,-0.9474999999999999,4
P240584,21.771499999999996,-0.9499999999999998,3
P237260,43.51,-0.95,1
P222129,11.207,-0.95,1
P207003,6.75,-0.95,1
P238474,1.9635,-0.95,1
P201387,4.85,-0.95,1
P229720,10.848,-0.95,1
P240099,13.204,-0.95,2
P247317,4.216,-0.95,1
P242586,2.53,-0.95,1
P248638,15.716499999999998,-0.95,1
P249913,30.0525,-0.955,2
P240728,28.294,-0.9550000000000001,2
P214851,58.25,-0.96,1
P217066,11.41,-0.96,1
P214200,11.25,-0.96,1
P234043,12.42,-0.96,1
P218721,5.306,-0.96,1
P222240,5.84,-0.96,1
P236269,69.16,-0.96,2
P204349,8.305,-0.965,2
P201408,50.188,-0.9666666666666667,3
P234101,7.105999999999999,-0.97,1
P228990,10.072,-0.97,1
P202006,32.400000000000006,-0.97,1
P241247,6.392,-0.97,1
P248671,62.48,-0.97,1
P216202,49.248000000000005,-0.97,1
P244716,0.9975,-0.97,1
P217953,4.446,-0.97,1
P239034,7.38,-0.98,1
P217812,16.8215,-0.98,1
P202379,2.46,-0.98,1
P223146,11.61,-0.98,1
P237986,7.79,-0.98,1
P244036,4.22,-0.985,2
P238904,2.28,-0.99,1
P246506,3.798,-0.99,1
P240257,4.011,-0.99,1
P203556,7.657,-0.99,1
P231455,7.26,-0.99,1
P227245,6.9,-0.99,1
P233416,44.352,-0.99,1
P224265,36.95,-0.995,2
P204792,3.856,-1.0,1
P246408,46.224,-1.0,1
P212458,10.18,-1.0,1
P221249,11.06,-1.0,1
P208290,3.5275000000000003,-1.0,1
P233013,1.254,-1.0,1
P216087,5.8565,-1.0,1
P240059,3.42,-1.0,1
P200755,15.858,-1.01,1
P202603,5.85,-1.01,1
P220721,19.7585,-1.01,2
P218079,3.01,-1.01,1
P223632,4.23,-1.01,1
P240477,3.5529999999999995,-1.01,1
P206653,50.022,-1.02,1
P211556,5.111,-1.02,1
P239532,6.4,-1.02,1
P241162,2.71,-1.02,1
P219448,52.9055,-1.02,1
P226260,31.654,-1.02,1
P212226,4.56,-1.02,1
P207992,39.392,-1.025,2
P201511,8.6275,-1.03,1
P248573,9.15,-1.03,1
P237806,6.2,-1.03,1
P205917,21.13,-1.03,1
P231411,6.95,-1.03,1
P247592,6.74,-1.03,1
P209859,7.827999999999999,-1.03,1
P214789,21.198999999999998,-1.035,2
P237891,67.792,-1.04,3
P205733,22.92,-1.04,1
P210659,1.58,-1.04,1
P236346,6.18,-1.04,1
P245858,11.358,-1.04,1
P240718,1.29,-1.04,1
P243905,19.397,-1.04,1
P248486,4.21,-1.04,1
P244996,21.1945,-1.04,1
P205700,92.08600000000001,-1.04,2
P248633,8.95,-1.04,1
P218835,6.23,-1.04,1
P212206,22.515,-1.04,1
P207063,2.08,-1.04,1
P249801,2.22,-1.04,1
P203359,8.59,-1.04,1
P218216,2.85,-1.04,1
P216091,4.88,-1.04,1
P236806,18.7025,-1.045,2
P202130,13.96,-1.05,1
P246819,6.04,-1.05,1
P242717,3.05,-1.05,1
P232335,6.112,-1.05,1
P246636,5.865,-1.05,1
P226820,9.07,-1.05,1
P223028,22.33,-1.05,1
P207123,11.3,-1.055,2
P218747,12.236,-1.06,1
P233793,5.85,-1.06,1
P216729,39.13,-1.06,1
P202670,4.376,-1.06,1
P224074,1.6,-1.06,1
P218349,19.28,-1.06,1
P227763,2.13,-1.06,1
P222849,3.57,-1.06,1
P203766,36.176,-1.06,1
P230683,7.69,-1.06,1
P210535,11.44,-1.065,2
P214628,61.38,-1.0650000000000002,2
P218761,13.0555,-1.0699999999999998,2
P247786,37.98,-1.07,1
P201082,53.21,-1.07,1
P213232,1.21,-1.07,1
P214309,4.104,-1.07,1
P205023,11.25,-1.07,1
P244624,5.65,-1.07,1
P210677,54.04,-1.07,1
P218697,4.84,-1.07,1
P211339,32.784499999999994,-1.07,1
P218259,7.79,-1.07,1
P208387,20.5845,-1.075,2
P223854,27.417,-1.0799999999999998,2
P206938,5.07,-1.08,1
P226880,4.850999999999999,-1.08,1
P246588,2.81,-1.08,1
P204491,56.164,-1.08,1
P233528,2.736,-1.08,1
P245237,6.784000000000001,-1.08,1
P205397,4.3795,-1.08,1
P246537,1.7009999999999998,-1.08,1
P216578,14.88,-1.08,1
P207543,10.71,-1.08,1
P224256,26.503,-1.085,2
P216746,6.004,-1.09,1
P225472,2.59,-1.09,1
P244137,7.556500000000001,-1.09,1
P216797,7.286499999999999,-1.09,1
P245604,11.581,-1.1,2
P211579,62.98499999999999,-1.1,1
P200993,2.1755,-1.1,1
P219766,8.216,-1.1,1
P224275,10.19,-1.1,1
P222363,3.789,-1.1,1
P201959,7.2,-1.1,1
P231014,3.021,-1.1,1
P246906,7.82,-1.1,1
P205556,27.788000000000004,-1.1066666666666667,3
P248259,23.389000000000003,-1.1099999999999999,2
P223918,3.35,-1.11,1
P247358,18.12,-1.11,1
P211406,2.8960000000000004,-1.11,1
P218291,6.05,-1.11,1
P233114,2.727,-1.11,1
P234027,15.92,-1.11,1
P236155,3.08,-1.11,1
P218156,3.91,-1.11,1
P232003,26.94,-1.11,1
P209404,3.51,-1.11,1
P229512,3.8505,-1.11,1
P220897,11.55,-1.11,1
P246340,3.196,-1.11,1
P237861,23.5285,-1.1199999999999999,2
P242518,3.0345,-1.12,1
P202036,13.46,-1.12,1
P211305,10.569999999999999,-1.12,2
P233470,10.42,-1.12,1
P202491,8.622,-1.12,1
P243067,38.74,-1.12,1
P226433,6.422,-1.12,1
P212246,6.21,-1.12,1
P204477,6.05,-1.12,1
P233724,4.2,-1.12,1
P208982,51.89,-1.13,1
P205916,7.38,-1.13,1
P215500,1.99,-1.13,1
P247003,7.524,-1.13,1
P246691,2.9610000000000003,-1.13,1
P215231,4.689,-1.13,1
P247145,44.68,-1.13,1
P202661,41.6,-1.13,1
P243346,27.933999999999997,-1.135,2
P248351,93.45,-1.135,2
P225320,5.609999999999999,-1.14,1
P200332,6.72,-1.14,1
P212614,15.47,-1.14,1
P235108,4.13,-1.14,1
P237522,4.220999999999999,-1.14,1
P240722,5.22,-1.14,1
P230244,9.38,-1.14,1
P230219,5.0235,-1.14,1
P225047,1.512,-1.14,1
P248991,21.279,-1.145,2
P245304,52.049499999999995,-1.145,2
P239642,3.5010000000000003,-1.15,1
P208047,7.068,-1.15,1
P216978,8.672,-1.15,1
P201466,8.363999999999999,-1.15,1
P203391,9.45,-1.15,1
P201497,4.5,-1.15,1
P248651,73.0,-1.15,1
P242328,4.24,-1.15,1
P243903,4.22,-1.15,1
P239752,7.637999999999999,-1.15,1
P248761,7.99,-1.15,1
P220242,12.714,-1.155,2
P217211,27.689999999999998,-1.1550000000000002,2
P237926,7.800000000000001,-1.16,1
P227748,5.406,-1.16,1
P228202,9.7,-1.16,1
P225002,6.802,-1.16,1
P248520,6.24,-1.16,1
P237164,4.3,-1.16,1
P230301,1.54,-1.16,1
P242578,2.5555,-1.17,1
P204479,2.95,-1.17,1
P224416,10.88,-1.17,1
P228154,6.696,-1.17,2
P217142,49.14,-1.17,1
P243630,35.44,-1.17,1
P205316,7.45,-1.17,1
P207455,10.6305,-1.17,1
P248411,10.557,-1.17,1
P218830,29.579,-1.1749999999999998,2
P222720,6.4005,-1.18,1
P214064,14.66,-1.18,1
P240272,3.227,-1.18,1
P219528,4.74,-1.18,1
P203487,11.786999999999999,-1.18,2
P226981,3.3,-1.18,1
P215516,3.9,-1.18,1
P230370,20.212,-1.1849999999999998,2
P244978,18.9975,-1.1849999999999998,2
P247567,9.718499999999999,-1.185,2
P232835,3.15,-1.19,1
P211224,4.6,-1.19,1
P221080,34.6,-1.19,1
P223398,9.87,-1.19,1
P241795,7.979999999999999,-1.19,1
P246397,20.49,-1.19,1
P208016,10.26,-1.19,1
P219961,3.25,-1.19,1
P232964,2.24,-1.19,1
P221233,8.87,-1.19,1
P236765,3.672,-1.19,1
P224997,3.564,-1.19,1
P207697,5.776,-1.19,1
P206844,4.78,-1.2,1
P214423,9.26,-1.2,1
P231460,10.8,-1.2,1
P220333,10.15,-1.2,1
P202799,5.73,-1.2,1
P228638,5.98,-1.2,1
P249173,7.353,-1.21,1
P228946,33.72,-1.21,1
P233517,8.5215,-1.21,1
P235819,2.96,-1.21,1
P243313,8.68,-1.21,1
P213783,5.35,-1.21,1
P211672,28.88,-1.21,1
P203440,63.88,-1.21,1
P223712,38.4465,-1.2149999999999999,2
P215737,2.35,-1.22,1
P232070,3.468,-1.22,1
P204185,48.2315,-1.22,1
P220639,96.5365,-1.22,3
P240599,13.1155,-1.22,1
P233442,4.599,-1.22,1
P219126,9.14,-1.22,1
P201374,21.321,-1.22,1
P240483,1.03,-1.22,1
P228069,7.34,-1.22,1
P230534,91.82,-1.22,2
P203679,24.287499999999998,-1.2249999999999999,2
P223426,12.927,-1.225,2
P237218,12.129999999999999,-1.225,2
P210181,5.64,-1.23,1
P204233,33.51,-1.23,1
P218203,3.51,-1.23,1
P204323,47.79,-1.23,1
P242086,10.26,-1.23,1
P206177,5.128,-1.23,1
P214334,6.04,-1.23,1
P226567,9.6805,-1.23,1
P213234,31.76,-1.24,1
P214143,5.18,-1.24,1
P231686,66.88799999999999,-1.24,1
P231036,18.49,-1.24,2
P223480,2.94,-1.24,1
P216687,27.44,-1.24,1
P200355,5.148,-1.24,1
P204726,2.8440000000000003,-1.24,1
P207624,74.233,-1.24,1
P242612,5.281999999999999,-1.24,1
P234074,14.32,-1.24,1
P226102,17.73,-1.24,1
P230992,34.9515,-1.2449999999999999,2
P203658,25.71,-1.2449999999999999,2
P208921,62.7525,-1.2466666666666668,3
P206089,9.5795,-1.25,1
P233582,13.11,-1.25,1
P236590,7.46,-1.25,1
P242251,32.6,-1.25,2
P216792,29.23,-1.25,1
P218140,9.198,-1.25,1
P246315,10.24,-1.25,1
P215931,9.728,-1.25,1
P205022,44.628499999999995,-1.25,2
P213658,2.73,-1.26,1
P209341,5.76,-1.26,1
P231500,43.8,-1.26,1
P213728,2.29,-1.26,1
P225262,3.015,-1.26,1
P236746,46.316500000000005,-1.2650000000000001,2
P238084,12.45,-1.27,1
P235692,6.066000000000001,-1.27,1
P243624,5.634,-1.27,1
P244123,3.699,-1.27,1
P227562,100.18,-1.27,2
P226457,35.35,-1.2766666666666666,3
P215300,20.97,-1.2799999999999998,2
P219875,4.237,-1.28,1
P204545,7.17,-1.28,1
P239503,4.347,-1.28,1
P239888,7.96,-1.28,1
P215322,3.92,-1.28,1
P200337,30.689,-1.28,2
P205079,3.06,-1.28,1
P228466,5.01,-1.28,1
P210416,16.566499999999998,-1.28,1
P223337,7.46,-1.28,1
P202887,3.1065,-1.28,1
P210455,35.87,-1.28,1
P210248,1.97,-1.28,1
P204365,5.13,-1.28,1
P222614,55.75549999999999,-1.285,2
P207502,3.84,-1.29,1
P231034,5.344,-1.29,1
P229689,39.2635,-1.29,2
P248958,3.09,-1.29,1
P203710,12.14,-1.29,1
P241045,24.456000000000003,-1.29,1
P242523,3.26,-1.29,1
P214260,2.672,-1.29,1
P245760,4.68,-1.29,1
P227518,58.48,-1.29,1
P202302,6.55,-1.29,1
P241174,5.149,-1.29,1
P216964,12.092,-1.295,2
P207254,2.21,-1.3,1
P202067,2.387,-1.3,1
P223385,8.058,-1.3,1
P206786,4.389,-1.3,1
P218116,5.391,-1.3,1
P204184,4.095,-1.3,1
P216663,2.5365,-1.3,1
P204035,4.768999999999999,-1.3,1
P201434,4.59,-1.3,1
P241387,54.621,-1.3,1
P203468,12.2075,-1.31,1
P228714,33.75,-1.31,1
P223848,2.65,-1.31,1
P204362,5.763,-1.31,1
P218424,26.826,-1.31,1
P242098,2.63,-1.31,1
P245533,2.745,-1.32,1
P224273,27.599,-1.32,3
P248096,1.692,-1.32,1
P216753,3.94,-1.32,1
P249253,57.7305,-1.32,2
P226982,3.86,-1.32,1
P213045,7.587,-1.32,1
P222247,1.97,-1.32,1
P203597,9.15,-1.32,1
P211805,2.53,-1.32,1
P240496,34.2465,-1.325,2
P228026,12.16,-1.325,2
P213859,12.673,-1.33,1
P233227,2.77,-1.33,1
P224539,3.41,-1.33,1
P223609,11.62,-1.33,1
P242243,3.74,-1.33,1
P235236,2.31,-1.33,1
P234864,8.829,-1.33,1
P203015,9.544,-1.33,1
P211318,6.04,-1.33,1
P238008,2.72,-1.33,1
P212098,8.34,-1.33,1
P227767,10.53,-1.33,1
P224549,8.304,-1.34,1
P238435,4.768999999999999,-1.34,1
P246238,10.85,-1.34,1
P230281,9.744,-1.34,1
P205175,6.72,-1.34,1
P211559,47.8,-1.34,1
P239019,3.84,-1.34,1
P227163,5.643,-1.34,1
P227332,5.54,-1.34,1
P203996,57.34,-1.34,1
P237655,48.9725,-1.34,1
P207753,5.2955000000000005,-1.34,1
P228970,1.93,-1.34,1
P217327,2.664,-1.35,1
P213242,1.3345,-1.35,1
P235166,22.3465,-1.35,2
P200496,4.43,-1.35,1
P226921,8.037,-1.35,1
P215759,3.96,-1.35,1
P200488,10.41,-1.35,1
P220389,28.881000000000004,-1.35,1
P238742,51.159,-1.3599999999999999,2
P224100,7.27,-1.36,1
P217645,5.2955000000000005,-1.36,1
P226039,8.83,-1.36,1
P227907,7.854,-1.36,1
P226573,4.6240000000000006,-1.36,1
P224740,5.24,-1.36,1
P234884,42.55,-1.36,1
P226356,10.6115,-1.36,1
P207461,10.15,-1.36,1
P209923,46.648999999999994,-1.3699999999999999,2
P218095,4.9305,-1.37,1
P236834,5.71,-1.37,1
P218777,10.386,-1.37,1
P206303,10.953499999999998,-1.37,1
P247837,3.01,-1.37,1
P213350,13.52,-1.37,1
P205188,7.31,-1.37,1
P216818,19.764000000000003,-1.37,1
P244430,66.06,-1.37,1
P211612,7.495499999999999,-1.37,1
P248030,7.57,-1.37,1
P247462,10.32,-1.37,1
P247422,22.616999999999997,-1.375,2
P230090,8.712,-1.38,2
P208989,4.16,-1.38,1
P236126,3.04,-1.38,1
P223403,44.631,-1.38,1
P248130,6.04,-1.38,1
P227519,5.83,-1.38,1
P226483,9.639,-1.38,1
P222820,9.436,-1.38,1
P217276,47.300000000000004,-1.3833333333333335,3
P229967,107.58949999999999,-1.39,2
P205305,66.63,-1.39,1
P237470,6.8,-1.39,1
P214227,5.8,-1.39,1
P204662,5.39,-1.39,1
P219658,2.268,-1.39,1
P242042,32.620999999999995,-1.39,3
P215804,12.76,-1.39,1
P231531,3.29,-1.39,1
P220055,2.54,-1.39,1
P201752,5.2,-1.39,1
P205939,4.607499999999999,-1.39,1
P231995,3.5245,-1.4,1
P210122,11.98,-1.4,1
P221574,6.15,-1.4,1
P232198,17.109,-1.4,1
P232447,6.52,-1.4,1
P217035,2.7795000000000005,-1.4,1
P219904,31.977,-1.4,1
P215771,3.285,-1.4,1
P208814,2.147,-1.4,1
P230459,3.77,-1.4,1
P236888,17.64,-1.4,2
P228935,38.66,-1.4,2
P220998,7.08,-1.4,1
P203244,4.827999999999999,-1.41,1
P236637,10.984000000000002,-1.41,1
P239339,6.417,-1.41,1
P234336,6.34,-1.41,1
P202589,12.841999999999999,-1.41,2
P243465,18.4995,-1.4100000000000001,2
P235890,26.96,-1.415,2
P201828,3.99,-1.42,1
P231246,10.166,-1.42,1
P225673,6.759,-1.42,1
P228927,11.3645,-1.42,1
P202919,5.5385,-1.42,1
P245928,4.15,-1.42,1
P213280,13.7685,-1.42,2
P225081,3.79,-1.42,1
P210245,2.0,-1.42,1
P223212,43.719,-1.42,1
P248183,2.5120000000000005,-1.42,1
P220043,8.309999999999999,-1.425,2
P204031,8.63,-1.43,1
P231636,16.101000000000003,-1.43,1
P203093,25.82,-1.43,1
P244035,12.6,-1.43,1
P234736,5.168,-1.43,1
P228854,7.39,-1.43,1
P227244,8.55,-1.43,1
P237486,59.72,-1.43,1
P231602,8.4555,-1.435,2
P246739,19.6015,-1.435,2
P206103,3.434,-1.44,1
P221896,1.125,-1.44,1
P228152,9.12,-1.44,1
P248337,2.268,-1.44,1
P248685,23.08,-1.44,1
P226580,4.26,-1.44,1
P245389,16.6345,-1.44,1
P221225,45.28,-1.44,1
P218262,10.558,-1.4400000000000002,2
P242906,2.5925,-1.45,1
P212776,2.682,-1.45,1
P202268,4.361,-1.45,1
P230416,10.6115,-1.45,1
P246489,12.0,-1.45,1
P228108,55.432,-1.45,2
P243352,18.279,-1.46,1
P230560,57.78,-1.46,1
P208765,4.14,-1.46,1
P215477,3.51,-1.46,1
P201080,9.62,-1.46,1
P219128,4.43,-1.46,1
P227645,18.69,-1.46,1
P202976,20.09,-1.4649999999999999,2
P217668,13.210999999999999,-1.4649999999999999,2
P244155,3.123,-1.47,1
P239387,17.1115,-1.47,2
P208019,5.26,-1.47,1
P225918,10.37,-1.47,1
P236885,22.4295,-1.47,1
P220223,2.4000000000000004,-1.47,1
P228210,14.21,-1.48,1
P245797,5.66,-1.48,1
P238620,38.5045,-1.48,2
P214695,2.9545,-1.48,1
P221551,36.666,-1.48,1
P209027,7.344,-1.48,1
P238169,22.29,-1.48,2
P206726,52.26,-1.48,1
P203018,35.57,-1.4849999999999999,2
P241176,4.88,-1.49,1
P203903,5.202,-1.49,1
P237261,9.56,-1.49,1
P203724,5.6185,-1.49,1
P226582,3.84,-1.49,1
P213386,13.841999999999999,-1.495,2
P240640,4.0755,-1.5,1
P217842,3.52,-1.5,1
P214857,3.621,-1.5,1
P209049,3.1825,-1.5,1
P207447,11.951,-1.5,1
P238088,2.38,-1.5,1
P225072,13.74,-1.5,1
P220177,6.78,-1.5,1
P238767,7.21,-1.5,1
P207870,13.969999999999999,-1.5,2
P215154,19.747999999999998,-1.5050000000000001,2
P205852,3.64,-1.51,1
P222997,3.26,-1.51,1
P248769,6.057,-1.51,1
P228498,3.57,-1.51,1
P225299,5.96,-1.51,1
P235873,3.9235,-1.51,1
P221149,4.728000000000001,-1.51,1
P234396,5.2275,-1.51,1
P215436,1.35,-1.51,1
P232846,76.95,-1.51,1
P224133,2.85,-1.51,1
P216545,7.300000000000001,-1.515,2
P209370,14.1865,-1.52,1
P230279,21.65,-1.52,1
P241227,17.84,-1.52,1
P215111,10.32,-1.52,1
P216351,1.37,-1.52,1
P207651,10.402499999999998,-1.52,1
P249756,34.47,-1.52,1
P215848,1.56,-1.52,1
P219279,1.9665,-1.52,1
P216042,4.14,-1.52,1
P235256,5.84,-1.53,1
P240726,9.531,-1.53,2
P206901,5.699999999999999,-1.53,1
P215189,16.852999999999998,-1.53,1
P233777,12.35,-1.53,2
P208673,11.35,-1.53,1
P234037,4.52,-1.53,1
P207413,3.185,-1.53,1
P247388,85.16,-1.53,1
P215574,5.8,-1.53,1
P208851,9.48,-1.53,1
P202981,3.952,-1.54,1
P224632,11.76,-1.54,1
P229228,7.713999999999999,-1.54,1
P245413,6.768999999999999,-1.54,1
P224835,3.83,-1.54,1
P232624,7.13,-1.54,1
P235863,2.38,-1.55,1
P236615,10.507,-1.55,1
P201104,7.11,-1.55,1
P249684,19.1425,-1.55,1
P203374,8.469999999999999,-1.55,1
P208944,3.24,-1.55,1
P233506,2.02,-1.55,1
P237887,12.44,-1.55,1
P244497,15.35,-1.55,1
P225939,16.587,-1.55,1
P217656,12.818999999999999,-1.5550000000000002,2
P237043,4.246499999999999,-1.56,1
P231881,74.82000000000001,-1.56,1
P230208,5.066,-1.56,1
P239603,16.700999999999997,-1.56,1
P202458,3.366,-1.56,1
P222375,10.638,-1.56,1
P201473,2.862,-1.56,1
P230772,10.355,-1.56,1
P207018,40.02,-1.56,1
P221602,72.2955,-1.565,2
P223183,19.119,-1.5650000000000002,2
P242217,30.204,-1.5666666666666667,3
P240180,7.46,-1.57,1
P204957,10.998,-1.57,1
P243232,3.3200000000000003,-1.57,1
P243436,5.19,-1.57,1
P215016,1.1875,-1.57,1
P200220,13.7655,-1.57,1
P223625,2.408,-1.57,1
P246877,5.508,-1.57,1
P239489,6.78,-1.57,1
P220069,56.135,-1.575,2
P247518,7.38,-1.58,1
P221063,13.376,-1.58,1
P238216,20.893,-1.58,1
P229749,3.3,-1.58,1
P204895,8.76,-1.58,1
P210964,10.165,-1.58,1
P226302,6.422,-1.58,1
P218180,8.091000000000001,-1.58,1
P247882,3.705,-1.58,1
P212988,48.32,-1.585,2
P215647,11.1245,-1.59,1
P246615,13.09,-1.59,1
P230061,51.67,-1.59,1
P203019,12.32,-1.59,1
P206618,6.84,-1.6,1
P204929,11.589999999999998,-1.6,1
P210944,3.952,-1.6,1
P245649,2.812,-1.6,1
P224541,30.37,-1.6,1
P237148,20.825,-1.6,1
P224911,1.6815,-1.6,1
P200026,7.22,-1.61,1
P244945,12.65,-1.61,1
P221563,4.88,-1.61,1
P205375,11.335,-1.615,2
P240924,4.43,-1.62,1
P219052,10.55,-1.62,1
P248601,3.3745000000000003,-1.62,1
P235353,8.8,-1.62,1
P221723,23.25,-1.62,1
P227546,9.468,-1.62,1
P248560,2.06,-1.62,1
P207996,18.03,-1.625,2
P204839,3.9,-1.63,1
P222305,7.608,-1.63,1
P247812,10.364,-1.63,2
P230646,25.91,-1.63,1
P204946,31.219,-1.63,2
P211679,27.5,-1.63,1
P246339,5.14,-1.63,1
P237040,10.45,-1.63,1
P234533,5.46,-1.63,1
P222590,8.78,-1.63,1
P239417,7.46,-1.64,1
P211379,9.03,-1.64,1
P231852,40.65,-1.64,1
P222114,2.4120000000000004,-1.64,1
P217798,5.491,-1.64,1
P205521,23.134,-1.6400000000000001,2
P222795,8.31,-1.65,1
P223059,48.186,-1.65,1
P203663,2.22,-1.65,1
P205606,26.7045,-1.65,1
P234378,22.5845,-1.65,1
P219249,1.3,-1.65,1
P226131,3.16,-1.65,1
P205430,6.992,-1.65,1
P235381,5.0745,-1.65,1
P219009,72.44999999999999,-1.65,1
P214306,71.8,-1.65,1
P241112,6.369999999999999,-1.65,1
P230261,2.0315,-1.65,1
P231461,26.3885,-1.6550000000000002,2
P224051,13.642499999999997,-1.66,1
P226519,28.08,-1.66,1
P244753,1.2060000000000002,-1.66,1
P221350,9.557,-1.66,1
P210423,14.25,-1.66,1
P241951,5.94,-1.66,1
P249378,1.28,-1.66,1
P229808,5.463,-1.66,1
P241607,4.37,-1.66,1
P222450,2.01,-1.66,1
P249887,46.835,-1.6666666666666667,3
P237930,21.978,-1.67,1
P210418,14.5,-1.67,2
P227844,24.735,-1.67,1
P204115,1.3515,-1.67,1
P225060,37.8375,-1.67,2
P229281,2.698,-1.67,1
P243347,4.9495,-1.67,1
P247612,4.518,-1.67,1
P219086,5.994000000000001,-1.67,1
P240109,2.31,-1.67,1
P220983,1.99,-1.67,1
P202186,4.959,-1.67,1
P219305,20.259999999999998,-1.675,2
P227428,34.854,-1.675,2
P231536,76.394,-1.675,2
P218158,3.27,-1.68,1
P224487,37.755,-1.68,1
P209013,9.851499999999998,-1.68,1
P203182,6.744999999999999,-1.68,1
P205481,14.879999999999999,-1.685,2
P227400,20.064,-1.685,2
P249562,2.4,-1.69,1
P247285,3.04,-1.69,1
P249366,42.02,-1.69,1
P229667,30.18,-1.69,1
P228054,2.356,-1.69,1
P202420,37.184,-1.7,1
P221284,9.01,-1.7,1
P239312,3.006,-1.7,1
P239789,2.03,-1.7,1
P247829,12.711,-1.7,1
P239423,4.616,-1.7,1
P224078,11.1835,-1.7,2
P218793,14.53,-1.705,2
P246638,6.95,-1.71,1
P227759,1.768,-1.71,1
P220720,14.09,-1.71,1
P207924,6.88,-1.71,1
P226520,31.66,-1.71,1
P207503,40.55,-1.71,1
P206086,14.838000000000001,-1.71,2
P229778,5.02,-1.71,1
P207794,10.89,-1.72,1
P205813,3.02,-1.72,1
P209052,17.82,-1.72,1
P218413,66.97,-1.72,1
P226416,1.5105,-1.72,1
P218469,1.29,-1.72,1
P223982,3.0305,-1.72,1
P238649,54.43,-1.72,1
P241337,8.829,-1.72,1
P205697,3.91,-1.72,1
P215272,7.488,-1.72,1
P215627,40.68000000000001,-1.72,1
P244587,44.7855,-1.7233333333333334,3
P238736,3.6765,-1.73,1
P204235,3.1050000000000004,-1.73,1
P225127,5.211,-1.73,1
P234728,20.28,-1.73,1
P246361,69.5,-1.73,1
P206818,5.2345,-1.73,1
P229872,6.192,-1.73,1
P204353,6.060499999999999,-1.73,1
P228848,8.69,-1.73,1
P213795,30.18,-1.735,2
P232061,5.5,-1.74,1
P212960,7.04,-1.74,1
P205755,14.38,-1.74,1
P241288,43.848000000000006,-1.74,1
P225895,2.546,-1.74,1
P213987,23.256,-1.74,1
P222334,15.8555,-1.74,1
P227973,11.48,-1.75,1
P247713,6.621499999999999,-1.75,1
P234707,5.39,-1.75,1
P202759,1.22,-1.75,1
P224749,21.526,-1.75,2
P206808,6.31,-1.75,1
P207537,37.8505,-1.75,1
P202533,8.331499999999998,-1.75,1
P232987,6.23,-1.76,1
P210564,6.6895,-1.76,1
P235832,7.62,-1.76,1
P209271,3.306,-1.76,1
P206865,3.192,-1.76,1
P249444,17.01,-1.76,1
P226092,5.22,-1.76,1
P220561,14.51,-1.7600000000000002,2
P209502,41.408,-1.7650000000000001,2
P204826,4.34,-1.77,1
P227501,8.075,-1.77,1
P204450,14.905499999999998,-1.77,1
P202810,11.42,-1.77,1
P204080,56.68,-1.77,1
P207879,28.696,-1.77,2
P234209,2.49,-1.77,1
P239782,2.73,-1.77,1
P204140,75.96600000000001,-1.77,2
P237968,8.4275,-1.775,2
P244659,17.456,-1.7799999999999998,2
P203146,10.42,-1.78,1
P211225,2.583,-1.78,1
P212434,4.6495,-1.78,1
P225992,29.1,-1.78,1
P214864,12.951,-1.78,1
P230230,5.814,-1.78,1
P227108,37.69,-1.78,1
P207728,4.51,-1.78,1
P249162,3.726,-1.78,1
P203210,2.68,-1.78,1
P240295,3.5010000000000003,-1.78,1
P212248,22.482,-1.78,1
P233928,4.8355,-1.78,1
P225801,1.989,-1.79,1
P202015,2.768,-1.79,1
P246861,4.18,-1.79,1
P247926,15.7985,-1.79,1
P242075,4.69,-1.79,1
P249063,39.19,-1.79,1
P205742,5.86,-1.79,1
P247018,75.09,-1.795,2
P242877,10.674,-1.8,1
P233750,1.74,-1.8,1
P236892,2.96,-1.8,1
P207057,32.39,-1.8,2
P208184,49.32000000000001,-1.8,1
P225861,6.023,-1.8,1
P215707,19.4085,-1.8,1
P200990,46.68,-1.81,1
P246152,39.9,-1.81,1
P244817,2.8160000000000003,-1.81,1
P249434,5.33,-1.81,1
P210203,9.39,-1.815,2
P230278,34.377,-1.8166666666666664,3
P210066,2.38,-1.82,1
P218772,4.73,-1.82,1
P230207,7.61,-1.82,1
P215361,19.86,-1.82,1
P203004,2.68,-1.82,1
P239356,4.54,-1.83,1
P209540,50.806,-1.83,1
P220246,27.05,-1.83,1
P236016,27.4465,-1.83,1
P210174,10.2315,-1.83,1
P240185,57.46,-1.83,1
P240518,18.53,-1.83,1
P246522,7.2295,-1.83,1
P243271,9.74,-1.83,1
P226052,12.138,-1.83,1
P201075,18.799,-1.8399999999999999,2
P222989,14.2,-1.84,1
P225097,54.63,-1.84,1
P242057,5.172999999999999,-1.84,1
P208166,2.69,-1.84,1
P204547,5.31,-1.84,1
P207796,4.2,-1.84,1
P231236,16.758000000000003,-1.84,1
P201157,6.29,-1.84,1
P237771,5.3,-1.84,1
P205685,3.63,-1.84,1
P200188,5.63,-1.84,1
P205475,2.109,-1.85,1
P242936,4.048,-1.85,1
P203699,33.03,-1.85,1
P201567,4.599,-1.85,1
P245206,7.42,-1.85,1
P214113,13.347,-1.85,1
P208474,22.9,-1.85,1
P212220,3.3155,-1.86,1
P222578,0.9775,-1.86,1
P238041,6.03,-1.86,1
P223704,4.29,-1.86,1
P240566,16.97,-1.86,1
P246003,18.0,-1.86,1
P238289,8.97,-1.86,1
P206295,8.874,-1.86,1
P234764,7.2735,-1.8649999999999998,2
P216328,20.284,-1.865,2
P232771,45.93,-1.865,2
P206567,29.851,-1.8650000000000002,2
P207540,11.01,-1.87,1
P233064,8.685,-1.87,1
P226509,41.82,-1.87,1
P216475,11.65,-1.87,1
P249891,46.531499999999994,-1.87,2
P228833,34.59,-1.87,1
P248726,33.839,-1.87,1
P212058,10.13,-1.87,1
P220190,3.58,-1.87,1
P229998,19.72,-1.87,1
P208149,32.3695,-1.875,2
P203331,26.727,-1.88,2
P225149,15.06,-1.88,1
P232566,4.52,-1.88,1
P223414,9.191,-1.88,1
P224271,2.907,-1.88,1
P216425,22.249,-1.88,1
P244956,36.7795,-1.8850000000000002,2
P234108,7.41,-1.89,1
P227251,10.71,-1.89,1
P209479,4.5305,-1.89,1
P213333,13.3,-1.89,1
P240386,18.83,-1.89,1
P207782,10.91,-1.89,1
P212720,7.56,-1.89,1
P235428,21.66,-1.89,1
P214602,5.5200000000000005,-1.89,1
P209323,1.952,-1.89,1
P245239,19.6745,-1.89,1
P231805,2.22,-1.9,1
P212517,4.9,-1.9,1
P226369,55.66,-1.9,1
P203060,9.576,-1.9,1
P241193,5.9375,-1.9,1
P211859,6.9825,-1.9,2
P241040,40.71,-1.9,1
P225150,82.67349999999999,-1.9033333333333333,3
P244125,4.52,-1.91,1
P239934,4.389,-1.91,1
P207557,23.328000000000003,-1.91,1
P213176,37.836,-1.91,1
P203517,20.7765,-1.91,1
P205627,5.65,-1.91,1
P245187,17.595000000000002,-1.91,1
P230888,30.104000000000003,-1.9100000000000001,2
P232666,55.910000000000004,-1.915,2
P238546,8.037,-1.92,1
P235195,5.32,-1.92,1
P237656,4.788,-1.92,1
P243240,8.496,-1.92,1
P217488,26.51,-1.92,1
P216086,3.25,-1.92,1
P243105,54.03,-1.92,1
P243874,3.94,-1.92,1
P247922,36.879,-1.92,1
P246943,32.11,-1.92,1
P232923,2.82,-1.92,1
P244097,14.66,-1.92,1
P228807,6.001,-1.92,1
P207939,46.976,-1.93,1
P221787,3.2015,-1.93,1
P228829,30.0135,-1.93,1
P219091,30.5915,-1.93,1
P200968,9.88,-1.93,1
P233136,9.006,-1.93,1
P227116,9.7665,-1.93,1
P235385,23.02,-1.94,1
P223775,5.006499999999999,-1.94,1
P239140,1.6435,-1.94,1
P214472,13.0985,-1.94,1
P222249,10.74,-1.94,1
P227897,16.44,-1.94,1
P232919,4.152,-1.94,1
P215816,21.0425,-1.94,1
P236255,7.07,-1.94,1
P212291,3.6295,-1.94,1
P208904,6.31,-1.95,1
P236208,3.6,-1.95,1
P222617,47.899,-1.95,1
P227004,2.77,-1.95,1
P238600,1.33,-1.96,1
P231010,14.568,-1.96,1
P203687,5.121,-1.96,1
P212043,8.05,-1.96,1
P231419,2.23,-1.96,1
P247264,4.46,-1.96,1
P222526,8.06,-1.96,1
P203988,3.3534999999999995,-1.96,1
P205085,24.543,-1.96,1
P213815,52.398,-1.96,2
P231086,9.25,-1.96,1
P217658,14.858,-1.97,1
P229198,2.84,-1.97,1
P247823,6.137,-1.97,1
P216327,4.842,-1.97,1
P202289,2.02,-1.97,1
P237163,8.43,-1.97,1
P231711,48.83,-1.97,1
P203622,18.4,-1.97,1
P221265,5.36,-1.97,1
P219920,4.98,-1.97,1
P230093,12.059999999999999,-1.98,2
P221635,5.168,-1.98,1
P245133,11.362,-1.98,1
P239079,3.177,-1.98,1
P228514,30.44,-1.98,1
P213261,14.62,-1.98,1
P240036,10.374,-1.98,1
P242713,4.753,-1.98,1
P243473,26.486,-1.98,1
P200900,30.1645,-1.9800000000000002,3
P235877,60.28,-1.99,1
P201218,2.56,-1.99,1
P233385,3.61,-1.99,1
P208233,18.3255,-1.99,1
P241006,37.0785,-1.99,1
P205822,1.14,-1.99,1
P200753,2.052,-1.99,1
P217874,18.68,-1.99,1
P224295,2.39,-2.0,1
P223758,6.2,-2.0,1
P207617,4.51,-2.0,1
P244209,20.4,-2.0,1
P236944,0.963,-2.0,1
P204432,4.06,-2.0,1
P246084,4.3020000000000005,-2.0,1
P227915,9.7755,-2.0,1
P221031,19.988999999999997,-2.005,2
P225565,41.02,-2.01,1
P216887,4.4365,-2.01,1
P222046,6.048,-2.01,1
P234250,2.508,-2.01,1
P246349,50.63,-2.01,1
P222151,16.2,-2.01,1
P224169,14.8675,-2.01,1
P223016,1.13,-2.01,1
P210078,6.58,-2.01,1
P231129,25.02,-2.01,1
P204607,3.09,-2.01,1
P211710,36.24,-2.01,1
P217401,4.06,-2.01,1
P239224,9.85,-2.01,1
P215631,32.019999999999996,-2.0100000000000002,2
P208895,11.07,-2.02,1
P217753,4.2,-2.02,1
P238986,27.456000000000003,-2.03,1
P215704,7.569,-2.03,1
P207004,52.782,-2.03,1
P212538,9.1,-2.03,1
P221511,28.44,-2.03,1
P233117,44.388000000000005,-2.03,1
P240275,7.12,-2.03,1
P241464,8.02,-2.03,1
P224003,3.122,-2.04,1
P223317,10.43,-2.04,1
P207655,7.19,-2.04,1
P233085,58.64,-2.04,3
P205251,10.24,-2.04,1
P227398,3.84,-2.04,1
P200743,11.416,-2.04,2
P229625,12.35,-2.04,1
P229962,12.76,-2.04,1
P209409,2.6315,-2.04,1
P232519,7.12,-2.04,1
P239794,3.42,-2.05,1
P223018,3.636,-2.05,1
P241657,31.6,-2.05,1
P244211,68.3025,-2.055,2
P227517,11.6565,-2.06,1
P249220,6.23,-2.06,1
P231794,8.928,-2.06,1
P203980,30.34,-2.06,1
P229384,3.01,-2.06,1
P219613,4.18,-2.06,1
P234229,4.8925,-2.06,1
P247223,40.318,-2.06,1
P238283,2.502,-2.06,1
P223021,11.31,-2.07,1
P249667,6.291,-2.07,1
P224381,33.624,-2.07,1
P216298,14.14,-2.07,1
P208897,16.2825,-2.0733333333333333,3
P242855,54.07,-2.075,2
P221355,3.98,-2.08,1
P242096,5.8425,-2.08,1
P219885,41.26,-2.08,1
P237901,2.52,-2.08,1
P208031,8.32,-2.08,1
P217866,9.92,-2.08,1
P212766,6.1,-2.08,1
P206258,4.343500000000001,-2.08,1
P224050,7.44,-2.08,1
P240557,12.07,-2.08,1
P220046,17.427,-2.085,2
P240795,1.05,-2.09,1
P218809,4.56,-2.09,1
P212491,35.36,-2.09,1
P209625,48.9,-2.09,1
P209849,21.86,-2.1,2
P230654,1.74,-2.1,1
P220876,6.982499999999999,-2.1,1
P214312,8.001000000000001,-2.1,1
P243902,16.1595,-2.1,1
P233101,4.9,-2.1,1
P241475,22.363,-2.1,1
P249040,12.546,-2.1,1
P208730,6.808,-2.1,1
P222861,9.5475,-2.1,1
P246359,2.55,-2.1,1
P214433,15.084999999999999,-2.1,2
P231834,38.67,-2.1,1
P225382,2.652,-2.1,1
P212026,7.092,-2.11,1
P204964,5.168,-2.11,1
P223227,1.533,-2.11,1
P243638,8.911,-2.11,1
P240103,30.22,-2.11,1
P209943,17.35,-2.11,1
P236259,4.959,-2.11,1
P218007,28.24,-2.11,1
P203858,1.349,-2.11,1
P245682,20.25,-2.11,1
P205458,11.56,-2.11,1
P202411,5.328,-2.11,1
P205029,3.42,-2.11,1
P203448,13.0815,-2.12,1
P241529,17.1,-2.12,1
P225508,2.85,-2.12,1
P213116,3.18,-2.12,1
P248122,5.31,-2.12,1
P229487,1.02,-2.12,1
P245783,2.07,-2.12,1
P235522,8.683,-2.12,1
P211156,2.42,-2.12,1
P229839,10.913499999999999,-2.125,2
P249598,2.07,-2.13,1
P209828,12.42,-2.13,1
P222865,20.5,-2.13,1
P249051,7.398000000000001,-2.13,1
P206621,12.91,-2.13,1
P215098,18.954,-2.135,2
P234986,31.85,-2.14,1
P222049,16.6535,-2.14,1
P245672,4.826,-2.14,1
P226310,28.4,-2.14,1
P234110,24.17,-2.14,1
P229111,6.783,-2.14,1
P243861,9.3575,-2.14,1
P223539,13.464,-2.14,1
P203407,6.7545,-2.14,1
P226246,2.5600000000000005,-2.14,1
P241372,6.03,-2.14,1
P214071,8.245,-2.15,1
P229905,13.226,-2.15,1
P220417,2.09,-2.15,1
P245261,32.7,-2.15,1
P213166,11.2795,-2.15,1
P224279,12.73,-2.16,1
P208812,8.11,-2.16,1
P226834,3.52,-2.16,1
P224509,5.14,-2.16,1
P222570,7.0,-2.16,1
P238202,16.206,-2.16,2
P209328,7.02,-2.16,1
P202385,1.3204999999999998,-2.16,1
P241798,33.14,-2.16,1
P246511,33.64,-2.16,1
P228006,9.19,-2.17,1
P222566,30.61,-2.17,1
P211793,9.225,-2.17,1
P224053,52.519999999999996,-2.17,2
P225632,52.778999999999996,-2.1766666666666667,3
P213221,5.01,-2.18,1
P227427,6.471,-2.18,1
P211242,8.18,-2.18,1
P231259,33.8,-2.18,1
P232573,7.335000000000001,-2.18,1
P233133,35.296,-2.18,1
P223596,1.91,-2.18,1
P232338,4.42,-2.18,1
P212045,11.32,-2.18,1
P233941,13.43,-2.18,1
P222355,27.696,-2.185,2
P244752,5.529,-2.19,1
P231716,3.4255,-2.19,1
P237893,1.12,-2.19,1
P209374,12.4,-2.19,1
P224191,18.488,-2.2,1
P235480,9.621,-2.2,1
P231935,5.56,-2.2,1
P235176,7.5,-2.2,1
P220932,5.2915,-2.2,1
P224610,12.6055,-2.2,1
P210621,51.73,-2.2,1
P211957,9.47,-2.2,1
P234018,4.237,-2.21,1
P237465,6.51,-2.21,1
P209931,14.107499999999998,-2.21,1
P228379,22.688,-2.21,1
P200311,31.788,-2.21,1
P200152,12.82,-2.21,1
P232401,15.453,-2.21,1
P232836,16.66,-2.21,1
P223097,3.401,-2.21,1
P211325,22.329,-2.21,1
P226427,4.05,-2.22,1
P236397,1.887,-2.22,1
P206753,44.622,-2.22,1
P220450,6.001,-2.22,1
P232990,51.794,-2.22,1
P208570,21.84,-2.22,1
P237872,11.4475,-2.22,1
P207797,49.32,-2.22,1
P211271,23.9565,-2.2249999999999996,2
P210167,5.168,-2.23,1
P210283,2.1945,-2.23,1
P203281,3.77,-2.23,1
P229197,10.98,-2.23,1
P231835,3.81,-2.23,1
P235582,26.478,-2.23,1
P204713,8.48,-2.23,1
P209392,2.992,-2.23,1
P202877,8.029,-2.23,1
P220472,7.91,-2.23,1
P205094,20.65,-2.24,1
P218543,15.78,-2.24,1
P224937,14.1835,-2.24,1
P233293,7.5905,-2.24,1
P207944,5.092,-2.24,1
P248780,6.192,-2.24,1
P242873,3.09,-2.24,1
P207075,25.11,-2.24,1
P233128,62.98,-2.245,2
P231216,25.1515,-2.25,1
P231394,2.6505,-2.25,1
P210770,9.26,-2.25,1
P220935,3.789,-2.25,1
P247683,17.866,-2.25,2
P207338,2.07,-2.25,1
P235183,9.728,-2.25,1
P245002,10.6045,-2.25,2
P227650,27.417,-2.26,1
P226185,6.45,-2.26,1
P215246,17.57,-2.26,1
P216000,29.3,-2.26,1
P232975,30.0,-2.26,1
P205794,15.28,-2.26,1
P211741,23.171999999999997,-2.2649999999999997,2
P226862,11.26,-2.265,2
P227791,24.72,-2.27,1
P216920,30.5745,-2.27,1
P234153,6.9445,-2.27,1
P238416,6.706999999999999,-2.27,1
P225911,7.2485,-2.27,1
P218080,28.126500000000004,-2.27,1
P226411,11.6185,-2.27,1
P248025,1.5579999999999998,-2.28,1
P212558,5.44,-2.28,1
P212133,52.547,-2.28,1
P231957,10.05,-2.28,1
P227066,12.04,-2.28,1
P217099,10.1365,-2.28,1
P238698,4.6530000000000005,-2.28,1
P208820,10.188,-2.28,1
P237056,33.687,-2.28,1
P203876,43.7,-2.28,1
P202467,21.672,-2.28,1
P235470,4.75,-2.28,1
P248105,79.922,-2.285,2
P210353,63.162,-2.2866666666666666,3
P214403,4.386,-2.29,1
P232350,6.44,-2.29,1
P237025,45.633,-2.295,2
P226951,13.5565,-2.3,1
P220924,11.03,-2.3,1
P240837,54.916000000000004,-2.3,2
P220145,17.352,-2.3,1
P226354,12.226499999999998,-2.3,1
P249148,11.232,-2.3,1
P204706,7.495499999999999,-2.3,1
P206452,15.694,-2.3,1
P204759,24.1965,-2.3,1
P203810,37.3375,-2.3,2
P207286,34.3715,-2.3049999999999997,2
P211734,2.7645,-2.31,1
P226997,16.8,-2.31,1
P241355,9.896,-2.31,1
P233401,8.702,-2.31,1
P206619,3.645,-2.31,1
P234561,8.43,-2.31,1
P200570,6.22,-2.31,1
P249107,3.89,-2.31,1
P222739,3.09,-2.31,1
P205490,27.93,-2.3150000000000004,2
P228694,24.516,-2.32,1
P214814,32.861999999999995,-2.32,2
P237812,9.91,-2.32,1
P204630,18.03,-2.32,1
P207308,8.08,-2.32,1
P211656,6.45,-2.32,1
P221577,2.737,-2.32,1
P231560,9.405,-2.32,1
P203508,7.120000000000001,-2.32,1
P218435,27.86,-2.32,1
P233770,17.838,-2.33,1
P245102,35.82,-2.33,1
P215141,28.28,-2.33,1
P224435,6.39,-2.33,1
P240857,5.34,-2.33,1
P236688,30.646999999999995,-2.33,1
P235084,10.309999999999999,-2.33,2
P229093,27.8065,-2.335,2
P207271,14.008000000000004,-2.34,1
P215392,3.88,-2.34,1
P209036,28.62,-2.34,1
P244929,44.8,-2.34,1
P219389,34.31399999999999,-2.34,1
P240528,14.12,-2.34,1
P249104,1.938,-2.34,1
P200991,9.027,-2.34,1
P238421,7.79,-2.34,1
P224204,45.7995,-2.34,1
P200865,4.07,-2.34,1
P249228,5.0,-2.35,1
P223872,26.163,-2.35,1
P243377,3.42,-2.35,1
P221045,32.202000000000005,-2.35,1
P218026,17.09,-2.35,1
P249172,11.88,-2.35,1
P218175,4.029,-2.35,1
P205648,6.16,-2.35,1
P223647,13.0135,-2.35,1
P206600,46.88,-2.35,1
P210097,1.29,-2.35,1
P234567,42.79749999999999,-2.36,1
P214505,2.108,-2.36,1
P206772,2.983,-2.36,1
P211568,9.47,-2.36,1
P216900,13.38,-2.36,1
P211281,3.2395,-2.36,1
P235685,30.716,-2.36,1
P215601,4.0375,-2.36,1
P237150,20.28,-2.36,1
P244271,8.74,-2.36,1
P235021,3.3345,-2.36,1
P241525,59.470000000000006,-2.36,2
P225395,18.592,-2.37,1
P208272,22.572,-2.37,1
P207121,27.59,-2.37,1
P241295,4.07,-2.37,1
P220526,4.55,-2.37,1
P245839,6.16,-2.37,1
P243114,6.315499999999999,-2.37,1
P202601,3.73,-2.37,1
P238815,20.729,-2.37,1
P207810,4.38,-2.37,1
P211408,10.373,-2.375,2
P215665,14.658499999999998,-2.38,1
P233904,5.28,-2.38,1
P226159,38.44,-2.38,1
P246876,34.561,-2.38,1
P223261,33.255,-2.38,1
P227766,12.77,-2.38,1
P213613,13.26,-2.38,1
P239163,25.270000000000003,-2.3899999999999997,2
P213515,8.759,-2.39,1
P217610,35.96,-2.39,1
P207524,3.135,-2.39,1
P245983,2.97,-2.39,1
P216501,29.3455,-2.39,1
P229330,26.7425,-2.39,1
P246578,6.62,-2.39,1
P227569,36.8305,-2.39,1
P238687,6.03,-2.4,1
P219608,44.848000000000006,-2.4,1
P210061,15.645,-2.4,1
P205332,11.12,-2.4,1
P215640,11.76,-2.4,1
P223040,3.667,-2.4,1
P209063,20.43,-2.4,1
P201271,23.54,-2.4,1
P201884,5.72,-2.41,1
P244111,3.026,-2.41,1
P213866,20.54,-2.41,1
P217368,8.2995,-2.41,2
P234951,15.485,-2.41,1
P236623,5.84,-2.41,1
P221831,16.78,-2.41,1
P236388,10.269,-2.41,1
P245321,11.21,-2.41,1
P238599,2.457,-2.41,1
P237815,3.0,-2.41,1
P207402,21.843,-2.42,1
P218270,2.516,-2.42,1
P249854,1.998,-2.42,1
P215917,12.6,-2.42,1
P220152,21.792,-2.42,2
P210414,3.776,-2.42,1
P220372,8.100499999999998,-2.42,1
P203730,5.5,-2.42,1
P227560,20.44,-2.425,2
P217489,6.868500000000001,-2.425,2
P239580,10.946000000000002,-2.425,2
P206099,31.71,-2.4299999999999997,2
P217647,7.5,-2.43,1
P245163,9.3415,-2.43,1
P200201,10.503,-2.43,1
P241503,3.75,-2.43,1
P234187,45.6,-2.43,1
P218785,18.316,-2.43,1
P239289,29.522,-2.43,2
P215735,3.45,-2.43,1
P202650,3.42,-2.43,1
P240168,8.17,-2.43,1
P222755,18.66,-2.44,1
P244928,10.21,-2.44,1
P205412,8.118,-2.44,1
P249905,2.59,-2.45,1
P246643,13.357,-2.45,1
P216555,2.85,-2.45,1
P232915,14.28,-2.45,1
P218873,15.19,-2.45,1
P238371,10.032,-2.45,1
P220599,11.989,-2.45,1
P223877,18.373,-2.45,1
P245205,8.68,-2.45,1
P216867,21.096,-2.455,2
P220828,4.15,-2.46,1
P224853,8.48,-2.46,1
P210760,15.72,-2.46,1
P231516,47.56,-2.46,1
P243911,4.78,-2.46,1
P240952,7.929,-2.46,1
P224694,32.835,-2.4699999999999998,2
P204770,8.06,-2.47,1
P201646,32.83,-2.47,1
P228308,3.34,-2.47,1
P219042,7.82,-2.47,1
P240790,30.481,-2.47,1
P245196,6.813000000000001,-2.48,1
P209294,2.259,-2.48,1
P208327,4.0565,-2.48,1
P201872,19.22,-2.48,1
P217426,20.18,-2.48,1
P205160,2.59,-2.48,1
P201754,6.49,-2.48,1
P201194,11.844,-2.49,1
P221727,11.723,-2.49,1
P226216,12.7,-2.49,1
P243111,1.4720000000000002,-2.49,1
P228041,7.407000000000001,-2.5,1
P213635,6.21,-2.5,1
P227340,7.361,-2.5,1
P223162,12.682,-2.5,1
P201651,9.652,-2.5,1
P227088,17.39,-2.5,1
P245329,31.82,-2.5,1
P236508,7.460999999999999,-2.5,1
P236617,43.62,-2.5,1
P245738,2.47,-2.5,1
P209834,6.612,-2.5,1
P205959,19.17,-2.5,1
P201716,13.48,-2.505,2
P247863,30.64,-2.51,1
P217979,6.8100000000000005,-2.51,1
P220600,9.801,-2.51,1
P208825,14.35,-2.51,1
P234734,2.226,-2.51,1
P205594,21.76,-2.51,1
P238856,14.86,-2.51,1
P219137,11.736,-2.51,1
P201310,8.68,-2.51,1
P202614,15.624,-2.51,1
P235061,10.008,-2.5100000000000002,2
P211800,15.174,-2.52,1
P245689,10.4405,-2.52,1
P211596,4.22,-2.52,1
P246518,3.116,-2.52,1
P211043,11.24,-2.52,1
P246453,4.369999999999999,-2.52,1
P210736,2.8640000000000003,-2.53,1
P211808,13.752,-2.53,1
P203316,44.163,-2.53,1
P235800,22.05,-2.53,1
P211908,18.441000000000003,-2.5399999999999996,2
P240903,13.489999999999998,-2.54,1
P212962,26.0775,-2.54,1
P240602,17.18,-2.54,2
P215552,2.072,-2.54,1
P201726,19.89,-2.54,1
P217524,6.35,-2.54,1
P236462,39.42,-2.54,1
P210498,6.8,-2.54,1
P246823,7.59,-2.54,1
P212778,8.746,-2.545,2
P213796,49.18,-2.55,1
P235046,12.331,-2.55,1
P231749,17.92,-2.55,1
P243324,5.867999999999999,-2.55,1
P226669,32.84,-2.55,1
P245220,13.75,-2.55,1
P237352,23.841,-2.55,1
P246658,17.833,-2.55,1
P217690,27.8885,-2.55,1
P217686,4.7215,-2.55,1
P226439,8.7,-2.55,1
P205856,28.74,-2.55,1
P218921,7.26,-2.55,1
P200038,14.85,-2.55,1
P248479,8.492999999999999,-2.56,1
P218097,5.47,-2.56,1
P212781,32.691,-2.56,1
P243224,4.672,-2.56,1
P231493,47.443,-2.57,1
P246049,5.048,-2.57,1
P200292,9.603,-2.57,1
P205393,13.056,-2.57,1
P248826,6.5265,-2.57,1
P217912,15.485,-2.57,1
P215088,3.686,-2.57,1
P205840,27.36,-2.57,1
P214720,14.778000000000002,-2.58,1
P201384,38.574,-2.58,1
P206411,5.031,-2.58,1
P205851,9.5,-2.58,1
P207772,15.694,-2.58,1
P217222,9.87,-2.58,1
P219059,3.1705,-2.58,1
P246373,5.3805,-2.59,1
P246989,5.32,-2.59,1
P214492,4.24,-2.59,1
P241913,12.24,-2.59,1
P227023,4.68,-2.59,1
P245746,11.92,-2.6,1
P236491,11.13,-2.6,1
P204290,9.5,-2.6,1
P244538,43.87,-2.6,1
P206362,5.304,-2.6,1
P227586,9.495,-2.6,1
P223867,6.09,-2.6,1
P222099,1.853,-2.6,1
P243904,31.9485,-2.61,1
P200610,40.812,-2.61,1
P223528,10.3105,-2.61,1
P216219,8.93,-2.61,1
P241634,14.59,-2.61,1
P230856,7.668,-2.61,1
P211414,1.045,-2.61,1
P217754,74.39500000000001,-2.6100000000000003,2
P209559,9.469000000000001,-2.6100000000000003,2
P248797,13.19,-2.62,1
P213382,19.044,-2.62,1
P222987,2.81,-2.62,1
P248997,10.792,-2.62,1
P228781,16.02,-2.62,1
P213638,18.976,-2.62,1
P244584,23.427,-2.62,1
P249972,2.592,-2.62,1
P228204,24.73,-2.62,1
P219397,5.33,-2.62,1
P233482,14.875,-2.62,1
P248719,37.83,-2.62,1
P210620,24.55,-2.63,1
P249973,11.14,-2.63,1
P223244,5.39,-2.63,1
P226608,2.52,-2.63,1
P220767,6.42,-2.63,1
P216852,9.88,-2.63,1
P241147,51.05,-2.63,1
P219895,24.624,-2.63,1
P215555,16.12,-2.64,1
P232629,3.83,-2.64,1
P212202,2.98,-2.64,1
P224703,58.57,-2.64,1
P219047,9.728,-2.65,1
P202886,10.49,-2.65,1
P242442,9.6805,-2.65,1
P213482,18.18,-2.65,1
P203974,3.82,-2.65,1
P223419,14.17,-2.65,1
P233954,46.478,-2.65,1
P238006,50.274,-2.65,1
P237680,3.59,-2.65,1
P205690,3.395,-2.65,1
P216507,26.1,-2.65,1
P202427,42.93,-2.6550000000000002,2
P249639,3.306,-2.66,1
P219076,2.9610000000000003,-2.66,1
P243034,6.02,-2.66,1
P202178,7.63,-2.66,1
P209528,7.208,-2.66,1
P218460,18.35,-2.66,1
P202048,16.08,-2.66,1
P244665,4.69,-2.66,1
P231155,7.73,-2.66,1
P228340,2.964,-2.66,1
P218506,9.23,-2.66,1
P230125,25.84,-2.67,1
P206317,10.134,-2.67,1
P201376,20.043,-2.67,1
P237405,80.06,-2.675,2
P215304,42.02,-2.68,1
P241958,3.07,-2.68,1
P203061,45.16,-2.68,1
P215581,11.52,-2.68,1
P226218,5.108499999999999,-2.68,1
P202802,33.04,-2.68,1
P225036,12.749,-2.68,1
P201704,18.05,-2.68,1
P249671,6.399,-2.69,1
P236656,28.953000000000003,-2.69,1
P203520,5.18,-2.69,1
P238171,17.2,-2.69,1
P232957,3.51,-2.69,1
P215116,6.118,-2.69,1
P228691,1.539,-2.69,1
P227971,18.496,-2.69,1
P220656,5.57,-2.69,1
P240455,12.28,-2.69,1
P207153,9.792000000000002,-2.69,1
P203571,2.1335,-2.69,1
P239051,8.28,-2.7,1
P221068,13.66,-2.7,1
P228729,14.04,-2.7,1
P237936,40.565,-2.7,1
P238304,7.45,-2.7,1
P224502,16.614,-2.7,1
P233152,46.04,-2.71,1
P243866,29.48,-2.71,1
P209426,7.33,-2.71,1
P211071,42.7595,-2.71,1
P226920,3.8,-2.71,1
P205164,4.959,-2.72,1
P213617,7.03,-2.72,1
P211480,5.75,-2.72,1
P238020,18.03,-2.72,1
P231049,47.855,-2.72,1
P201790,20.88,-2.72,1
P249556,43.260000000000005,-2.7249999999999996,2
P206550,4.44,-2.73,1
P213328,32.034,-2.73,1
P248903,13.95,-2.73,1
P231115,26.55,-2.73,1
P229794,27.531,-2.73,1
P243182,4.68,-2.73,1
P242682,27.61,-2.73,1
P209532,51.048,-2.73,1
P249069,21.9165,-2.73,1
P217242,58.62,-2.73,1
P247429,4.7025,-2.74,1
P238760,53.85,-2.74,1
P203176,10.22,-2.75,1
P238441,9.12,-2.75,1
P245824,8.48,-2.75,1
P232742,13.650999999999998,-2.75,1
P213827,18.490000000000002,-2.75,2
P245181,33.73,-2.75,1
P231874,45.05,-2.75,1
P246922,5.1015,-2.75,1
P218004,2.08,-2.75,1
P234811,5.751,-2.76,1
P216897,20.93,-2.76,1
P217433,17.33,-2.76,1
P249714,12.53,-2.76,1
P221797,46.23,-2.76,1
P236562,36.41,-2.76,1
P246553,13.398,-2.765,2
P205257,35.519999999999996,-2.77,2
P208325,5.796,-2.77,1
P210041,13.17,-2.77,1
P247934,14.0695,-2.77,1
P217425,39.63,-2.77,1
P233731,24.16,-2.77,1
P235454,15.55,-2.77,1
P220263,12.376,-2.77,1
P247184,11.058,-2.77,1
P237621,35.14,-2.77,1
P210175,1.8905,-2.78,1
P200122,22.383000000000003,-2.78,1
P220708,3.72,-2.78,1
P237251,27.72,-2.78,1
P239940,10.88,-2.78,1
P220899,42.064,-2.78,1
P249522,23.202,-2.78,1
P244809,4.79,-2.78,1
P226173,8.33,-2.78,1
P201937,14.97,-2.78,1
P215370,4.8355,-2.79,1
P243464,15.093,-2.79,1
P214658,21.546,-2.79,1
P240211,46.62,-2.79,1
P215923,3.79,-2.79,1
P247089,8.2365,-2.79,1
P226527,10.166,-2.79,1
P239082,4.32,-2.79,1
P229566,21.386,-2.8,1
P235035,23.013,-2.8,1
P211643,6.09,-2.8,1
P204736,32.32,-2.8,1
P230624,32.6705,-2.8,1
P213825,20.349,-2.8,1
P214734,42.997,-2.805,2
P203877,3.168,-2.81,1
P230087,5.864000000000001,-2.81,1
P233102,3.82,-2.81,1
P223417,48.1175,-2.81,1
P236170,8.06,-2.81,1
P234042,9.588,-2.81,1
P244107,15.14,-2.81,1
P209173,6.632,-2.81,1
P214367,49.457,-2.82,1
P237193,1.11,-2.82,1
P230152,11.153,-2.82,1
P245232,30.168000000000003,-2.82,1
P248416,67.4,-2.82,1
P210470,48.04,-2.82,1
P231565,11.846,-2.8200000000000003,2
P232187,3.6005,-2.83,1
P227879,22.764,-2.83,1
P200438,30.974,-2.83,1
P233828,14.5635,-2.83,1
P227648,19.998,-2.83,1
P216347,27.872000000000003,-2.83,1
P210347,21.09,-2.83,1
P224862,16.36,-2.84,1
P203922,19.06,-2.84,1
P215353,6.59,-2.84,1
P227055,5.88,-2.85,1
P220089,10.18,-2.85,1
P228414,13.851,-2.85,1
P219741,14.85,-2.85,1
P217461,2.43,-2.85,1
P204776,29.868,-2.85,1
P207103,54.045,-2.85,1
P215055,8.3,-2.86,1
P224742,12.078,-2.86,1
P226607,18.468,-2.86,1
P228058,14.43,-2.86,1
P225567,43.23,-2.86,1
P212685,6.18,-2.86,1
P202175,4.1,-2.86,1
P202497,20.1705,-2.8699999999999997,2
P215498,27.48,-2.87,1
P241289,7.24,-2.87,1
P225398,2.295,-2.87,1
P217558,34.629,-2.88,1
P236433,3.36,-2.88,1
P249314,28.671,-2.88,1
P213998,8.082,-2.88,1
P216216,6.26,-2.89,1
P214873,14.2595,-2.89,1
P233655,20.24,-2.9,1
P203981,6.04,-2.9,1
P207025,11.457,-2.9,1
P208091,15.941,-2.91,1
P235688,2.603,-2.91,1
P224658,9.39,-2.91,1
P233744,4.199,-2.91,1
P246240,20.48,-2.91,1
P218398,32.2335,-2.91,1
P242790,7.231999999999999,-2.91,1
P230805,24.677999999999997,-2.915,2
P239913,6.034999999999999,-2.92,1
P201979,9.14,-2.92,1
P247689,29.984,-2.92,1
P212463,61.104000000000006,-2.92,1
P234619,6.9,-2.92,1
P231583,38.842,-2.9299999999999997,2
P229390,35.017,-2.93,1
P240794,6.41,-2.93,1
P234470,7.78,-2.93,1
P201958,9.4335,-2.93,1
P235605,20.12,-2.93,1
P245910,18.156,-2.93,1
P205177,37.05,-2.93,1
P227854,19.78,-2.93,1
P210542,2.92,-2.93,1
P231760,33.4795,-2.935,2
P204749,19.9,-2.94,1
P220628,34.29,-2.95,1
P223155,3.0,-2.95,1
P227046,9.2,-2.95,1
P234415,8.08,-2.95,1
P206609,42.352,-2.95,1
P212642,7.407000000000001,-2.95,1
P229155,41.37,-2.95,1
P218171,26.4005,-2.95,1
P204576,3.1,-2.95,1
P247756,96.07650000000001,-2.955,2
P206986,8.873,-2.96,1
P241052,14.4585,-2.96,1
P235102,14.364,-2.96,1
P213960,10.3,-2.96,1
P221123,59.641999999999996,-2.96,2
P245286,2.07,-2.96,1
P242722,9.7185,-2.96,1
P225957,21.0235,-2.96,1
P205429,4.142,-2.96,1
P221187,44.991,-2.965,2
P229194,37.145,-2.97,1
P223350,4.04,-2.97,1
P236498,5.168,-2.97,1
P201337,12.5,-2.97,1
P222517,21.88,-2.97,1
P217509,4.76,-2.97,1
P239454,3.2,-2.97,1
P239635,4.12,-2.97,1
P220835,11.1,-2.98,1
P218801,19.03,-2.98,1
P208802,11.45,-2.98,1
P204865,6.612,-2.99,1
P238231,22.005000000000003,-2.99,1
P203162,7.98,-2.99,1
P214834,19.82,-2.99,1
P218968,3.5245,-2.99,1
P219433,9.33,-2.99,1
P209982,7.57,-2.99,1
P204045,17.68,-2.99,1
P216494,10.71,-2.99,1
P241584,8.86,-3.0,1
P233831,2.87,-3.0,1
P200234,3.01,-3.0,1
P201555,3.08,-3.0,1
P205504,21.8705,-3.0,2
P225724,8.544,-3.0,1
P223825,9.747,-3.0,1
P211488,1.5,-3.0,1
P220119,17.12,-3.0,1
P202817,5.872,-3.0,1
P224817,16.49,-3.0,1
P211481,5.23,-3.0,1
P233038,2.91,-3.0,1
P232977,30.504000000000005,-3.01,1
P241528,20.2555,-3.01,1
P215028,24.18,-3.01,1
P239514,30.666,-3.01,1
P246825,52.63,-3.01,1
P242448,23.65,-3.02,1
P216927,4.24,-3.02,1
P202392,19.17,-3.02,1
P231833,16.67,-3.02,1
P216788,33.782000000000004,-3.02,1
P248789,28.0915,-3.02,1
P217735,35.01,-3.02,1
P229940,28.69,-3.02,1
P246278,16.245,-3.02,1
P215658,25.96,-3.03,1
P241154,4.99,-3.03,1
P237874,5.27,-3.03,1
P234747,3.4,-3.04,1
P242298,14.62,-3.04,1
P238830,19.9405,-3.04,1
P203478,19.6,-3.04,1
P235006,7.23,-3.04,1
P209650,11.122,-3.05,2
P227808,10.43,-3.05,1
P224588,33.309,-3.05,1
P239995,13.408,-3.05,1
P210903,16.22,-3.05,1
P232453,20.89,-3.055,2
P211229,16.352,-3.06,1
P208418,48.0755,-3.06,3
P203746,4.6000000000000005,-3.06,1
P225575,17.841,-3.06,1
P203572,6.78,-3.06,1
P247201,24.04,-3.06,1
P224362,16.044,-3.065,2
P221687,38.92,-3.07,1
P203389,12.825,-3.07,1
P228566,13.129,-3.07,1
P237721,19.32,-3.07,1
P236334,5.54,-3.07,1
P231110,19.6,-3.07,1
P223133,6.84,-3.07,1
P230224,15.124,-3.07,1
P222416,35.73,-3.08,1
P235451,38.214,-3.08,1
P229296,15.8015,-3.08,1
P232797,6.3,-3.09,1
P204064,5.77,-3.09,1
P242927,5.83,-3.09,1
P229298,26.43,-3.09,1
P248083,30.25,-3.09,1
P248087,13.734,-3.09,1
P212648,22.284,-3.09,1
P231275,10.305,-3.1,1
P215791,42.84,-3.1,1
P221486,10.404,-3.1,1
P217870,6.07,-3.1,1
P216683,14.496000000000002,-3.1,1
P219793,12.69,-3.1,1
P204037,15.15,-3.1,1
P205352,4.428,-3.11,1
P241124,14.178,-3.11,1
P242351,35.58,-3.11,1
P207396,20.31,-3.11,1
P235105,12.83,-3.11,1
P205423,29.76,-3.11,1
P239874,8.721,-3.11,1
P239847,18.86,-3.11,1
P228760,3.09,-3.11,1
P211105,33.031499999999994,-3.12,1
P236294,18.612,-3.12,1
P233598,20.24,-3.12,1
P235486,26.9025,-3.12,1
P230135,11.7325,-3.12,1
P228464,5.47,-3.12,1
P218075,24.79,-3.12,1
P224072,4.114,-3.12,1
P225780,14.1835,-3.12,1
P219990,6.19,-3.12,1
P213520,49.35,-3.13,1
P220742,11.419,-3.13,1
P217456,7.01,-3.13,1
P203183,4.152,-3.13,1
P209021,69.03,-3.13,1
P249770,25.28,-3.13,1
P242028,17.13,-3.14,1
P241324,23.6,-3.14,1
P205067,7.68,-3.14,1
P242423,24.28,-3.14,1
P210738,42.94,-3.145,2
P239216,23.36,-3.15,1
P241817,24.48,-3.15,1
P237332,18.94,-3.15,1
P235264,34.926500000000004,-3.15,1
P205825,6.456,-3.15,1
P231786,13.1,-3.15,1
P235812,16.77,-3.16,1
P245211,13.3,-3.16,1
P243806,5.598,-3.16,1
P224978,6.93,-3.16,1
P233169,4.541,-3.16,1
P225112,21.200000000000003,-3.16,1
P245339,2.5935,-3.17,1
P222078,29.7,-3.17,1
P209786,29.48,-3.17,1
P244374,4.49,-3.17,1
P245941,13.23,-3.17,1
P201908,17.9645,-3.17,1
P238358,44.9,-3.17,1
P216130,15.9375,-3.18,1
P243897,20.54,-3.18,1
P234003,39.24,-3.18,1
P221507,10.39,-3.18,1
P241583,19.21,-3.18,1
P230319,18.696,-3.19,1
P224683,5.6015,-3.19,1
P244859,36.064,-3.19,1
P225450,6.24,-3.19,1
P247328,12.55,-3.19,1
P226843,3.159,-3.2,1
P208656,27.303,-3.2,1
P200596,37.1365,-3.2,1
P220532,7.16,-3.2,1
P230824,13.06,-3.2,1
P236142,49.11,-3.2,2
P206142,54.79,-3.2,2
P248783,34.188,-3.21,1
P208678,11.43,-3.21,1
P242280,15.295,-3.21,1
P247411,45.0,-3.21,1
P216371,14.892,-3.21,1
P217460,46.67,-3.215,2
P222047,15.2575,-3.22,1
P233905,16.082,-3.22,1
P215547,35.76,-3.22,1
P240806,7.21,-3.23,1
P216628,4.674,-3.23,1
P232857,31.086,-3.23,1
P206646,32.421,-3.2350000000000003,2
P211601,26.562,-3.24,1
P222167,10.24,-3.24,1
P240836,8.68,-3.24,1
P229523,12.2075,-3.24,1
P212793,18.09,-3.24,2
P224811,14.04,-3.24,1
P213875,37.088,-3.24,1
P238735,13.635,-3.24,1
P203318,13.813,-3.24,1
P225346,15.939000000000002,-3.24,1
P200846,41.85999999999999,-3.24,1
P201787,14.025,-3.25,1
P245457,9.72,-3.25,1
P235754,8.79,-3.25,1
P209275,8.04,-3.25,1
P206244,44.55,-3.25,1
P210147,29.184,-3.26,1
P209978,4.63,-3.26,1
P214887,36.38,-3.26,1
P228274,30.628,-3.26,1
P225888,7.71,-3.27,1
P204866,29.92,-3.27,1
P229067,30.19,-3.27,1
P200602,47.766,-3.27,1
P230955,24.51,-3.27,1
P223277,25.44,-3.28,1
P217355,6.156,-3.28,1
P225235,16.3875,-3.28,1
P239066,8.316,-3.28,1
P211898,12.67,-3.28,1
P220366,11.137,-3.28,1
P240377,29.29,-3.29,1
P232683,9.71,-3.29,1
P219168,15.34,-3.29,1
P231551,5.99,-3.29,1
P204867,9.804,-3.3,1
P212924,44.497499999999995,-3.3,2
P220869,19.722,-3.3,1
P229697,10.28,-3.3,1
P210581,38.0095,-3.3,1
P223658,24.757,-3.3,1
P221219,13.205,-3.3,1
P213042,25.74,-3.31,1
P244865,13.99,-3.31,1
P247185,4.44,-3.31,1
P235993,8.13,-3.31,1
P246321,1.809,-3.31,1
P202800,22.743,-3.31,1
P203961,39.018,-3.32,1
P226807,19.66,-3.32,1
P231895,20.216,-3.32,1
P248646,19.9,-3.33,1
P243097,11.93,-3.33,1
P215312,16.9575,-3.33,1
P202649,10.737,-3.34,1
P214460,4.8025,-3.34,1
P227899,33.3,-3.34,2
P202835,27.85,-3.34,1
P223978,18.11,-3.34,1
P220583,6.56,-3.34,1
P221206,10.948,-3.35,1
P208368,15.25,-3.35,1
P209840,8.949,-3.35,1
P229735,19.062,-3.35,1
P213855,16.1,-3.35,1
P238814,5.1,-3.36,1
P201542,10.9395,-3.36,1
P225156,1.9665,-3.36,1
P222863,11.526,-3.36,1
P204701,38.64,-3.36,1
P223863,22.08,-3.36,1
P209427,15.97,-3.36,1
P204177,14.38,-3.37,1
P210178,33.0,-3.37,1
P226412,3.528,-3.37,1
P244397,29.979000000000003,-3.37,1
P226284,11.05,-3.37,1
P201178,12.711,-3.38,1
P231979,3.3120000000000003,-3.38,1
P232627,6.9750000000000005,-3.38,1
P223360,51.78,-3.38,1
P203347,14.530000000000001,-3.385,2
P237098,29.872000000000003,-3.39,1
P220740,4.947,-3.39,1
P227274,5.83,-3.39,1
P240568,19.45,-3.39,1
P242378,10.38,-3.39,1
P201600,12.078,-3.4,1
P208611,3.91,-3.4,1
P239932,31.896,-3.4,1
P220469,19.5925,-3.4,1
P242917,20.16,-3.4,1
P227809,6.9,-3.4,1
P244591,5.336,-3.4,1
P245904,22.84,-3.41,1
P214203,14.705,-3.42,1
P229096,13.69,-3.42,1
P207489,5.149,-3.43,1
P248200,15.32,-3.43,1
P204483,10.51,-3.43,1
P207509,8.541,-3.43,1
P219675,32.11,-3.43,1
P239487,33.68,-3.44,1
P214027,6.03,-3.44,1
P236314,19.53,-3.44,1
P207918,5.36,-3.44,1
P205948,6.27,-3.45,1
P237320,8.136,-3.45,1
P205756,6.440000000000001,-3.45,1
P243488,8.2,-3.46,1
P245262,12.24,-3.46,1
P238592,20.88,-3.46,1
P236080,4.74,-3.46,1
P204610,35.31,-3.46,1
P222714,29.1,-3.46,1
P245995,25.8,-3.46,1
P234887,29.97,-3.46,1
P221478,3.54,-3.46,1
P242605,33.34,-3.4699999999999998,2
P235349,10.55,-3.47,1
P209554,35.62,-3.47,1
P225883,4.58,-3.47,1
P228537,6.066000000000001,-3.47,1
P222390,35.48,-3.47,1
P221905,13.44,-3.47,1
P237698,13.311,-3.48,1
P221901,13.671,-3.48,1
P246839,13.243,-3.48,1
P207614,14.18,-3.48,1
P229196,15.181,-3.49,1
P246960,19.5,-3.49,1
P237472,7.4,-3.49,1
P209688,7.713,-3.49,1
P210204,8.99,-3.49,1
P208715,28.101,-3.495,2
P230816,3.087,-3.5,1
P230979,21.3,-3.5,1
P240192,22.68,-3.5,1
P219390,11.02,-3.5,1
P228409,22.08,-3.5,1
P248098,11.25,-3.51,1
P245166,9.567,-3.51,1
P228155,34.722,-3.51,1
P245542,8.5,-3.51,1
P213773,5.45,-3.52,1
P225547,15.85,-3.52,1
P229603,8.4405,-3.52,1
P218900,10.431,-3.52,1
P205494,11.4,-3.52,1
P239029,2.337,-3.52,1
P208537,2.926,-3.52,1
P235055,12.76,-3.52,1
P228305,16.549,-3.53,1
P214471,3.04,-3.53,1
P216432,5.7205,-3.53,1
P236295,2.529,-3.53,1
P248650,12.04,-3.53,1
P231801,17.408,-3.53,1
P232091,32.8,-3.53,1
P209438,31.52,-3.54,1
P221726,16.644,-3.54,1
P203503,21.9215,-3.54,1
P216999,23.68,-3.54,1
P227018,9.18,-3.55,1
P230140,8.71,-3.55,1
P244362,31.626,-3.55,1
P236375,5.788499999999999,-3.55,1
P225961,24.0,-3.56,1
P228025,11.43,-3.56,1
P231363,22.464,-3.56,1
P245275,6.43,-3.56,1
P215457,4.36,-3.57,1
P241633,7.279999999999999,-3.57,1
P246431,27.45,-3.57,1
P247360,6.41,-3.57,1
P242687,30.87,-3.58,1
P231917,2.22,-3.58,1
P234174,26.69,-3.58,1
P204617,6.43,-3.58,1
P236213,2.59,-3.58,1
P204758,24.985,-3.58,1
P248339,4.21,-3.58,1
P233116,10.188,-3.58,1
P232793,5.699999999999999,-3.58,1
P230058,14.913,-3.58,1
P202081,28.04,-3.58,1
P249452,19.057,-3.59,1
P200947,9.99,-3.59,1
P223988,11.03,-3.59,1
P233583,7.391,-3.59,1
P232769,36.68,-3.59,1
P226719,9.1485,-3.59,1
P200437,6.720000000000001,-3.59,1
P245285,10.863,-3.6,1
P211080,11.57,-3.6,1
P203443,1.9125,-3.6,1
P217083,23.256,-3.6,1
P235271,21.456,-3.6,1
P248860,16.96,-3.6,1
P230241,6.4885,-3.6,1
P202191,19.04,-3.6,1
P229532,28.8,-3.61,1
P236014,24.05,-3.61,1
P225874,9.27,-3.61,1
P243952,7.7,-3.61,1
P234999,9.0355,-3.61,1
P206968,13.94,-3.61,1
P209795,14.73,-3.61,1
P231942,24.55,-3.62,1
P205100,3.927,-3.62,1
P238190,3.5010000000000003,-3.63,1
P229333,6.65,-3.63,1
P206302,10.469,-3.63,1
P206801,31.15,-3.63,1
P200705,11.5,-3.63,1
P220760,14.2405,-3.64,1
P217710,7.344,-3.64,1
P236665,14.33,-3.64,1
P247001,10.71,-3.64,1
P232801,5.0235,-3.64,1
P233510,12.33,-3.65,1
P230639,18.3,-3.65,1
P242833,17.2,-3.65,1
P244268,19.12,-3.65,1
P220780,47.22,-3.65,1
P217186,20.96,-3.65,1
P240417,8.635499999999999,-3.66,1
P236949,11.88,-3.66,1
P229755,12.537,-3.66,1
P202371,4.311,-3.67,1
P229864,22.0305,-3.68,1
P245307,29.733,-3.68,1
P246787,9.77,-3.68,1
P242103,21.8,-3.68,1
P206490,10.9,-3.69,1
P247052,30.6,-3.69,1
P206127,27.82,-3.69,1
P221514,13.04,-3.69,1
P242880,15.01,-3.69,1
P230879,28.86,-3.69,1
P200640,34.06,-3.7,1
P243675,24.71,-3.7,1
P218133,20.385,-3.71,1
P231766,14.33,-3.72,1
P248093,33.7,-3.72,1
P222102,6.77,-3.72,1
P213066,20.49,-3.72,1
P203671,14.248,-3.72,1
P213586,21.15,-3.72,1
P227523,3.762,-3.73,1
P239300,21.33,-3.73,1
P233256,23.72,-3.73,1
P245982,25.648000000000003,-3.74,1
P221309,6.656000000000001,-3.74,1
P245764,44.16,-3.74,1
P247331,20.29,-3.74,1
P220815,20.2635,-3.74,1
P224408,10.098,-3.75,1
P231340,11.285999999999998,-3.75,1
P213455,11.475,-3.76,1
P201712,27.56,-3.76,1
P247434,21.62,-3.76,1
P208734,13.6,-3.76,1
P218579,6.12,-3.77,1
P231150,14.328,-3.77,1
P233846,13.272,-3.77,1
P228310,53.998,-3.77,1
P224356,16.6175,-3.78,1
P233668,8.14,-3.78,1
P218491,57.88,-3.78,1
P206799,5.81,-3.78,1
P209094,28.044000000000004,-3.7800000000000002,2
P216601,15.54,-3.79,1
P249940,7.99,-3.79,1
P204320,6.58,-3.8,1
P212513,21.01,-3.8,1
P205857,13.851,-3.8,1
P247936,5.95,-3.81,1
P233022,10.0555,-3.81,1
P221192,4.5695,-3.81,1
P248461,49.028,-3.81,1
P225377,12.3,-3.81,1
P223490,9.99,-3.82,1
P207880,34.171499999999995,-3.82,1
P207419,3.51,-3.82,1
P222170,21.726000000000003,-3.82,1
P237038,17.1,-3.82,1
P202358,28.296000000000003,-3.82,1
P202713,39.97,-3.82,1
P234808,35.54,-3.82,1
P212295,22.448,-3.83,1
P222855,9.835,-3.83,1
P227456,18.408,-3.83,1
P238316,17.02,-3.83,1
P223132,20.94,-3.83,1
P214216,18.031,-3.84,1
P209357,14.44,-3.84,1
P241111,4.1,-3.84,1
P248077,7.803,-3.84,1
P241826,8.12,-3.84,1
P234193,10.2885,-3.84,1
P248559,8.93,-3.85,1
P203553,4.06,-3.85,1
P247820,11.342999999999998,-3.85,1
P204300,8.41,-3.85,1
P212453,28.14,-3.86,1
P202459,19.02,-3.86,1
P201482,20.7,-3.86,1
P206200,7.34,-3.87,1
P206307,34.65,-3.87,1
P233463,31.712000000000003,-3.87,1
P224654,10.47,-3.87,1
P244955,8.77,-3.87,1
P228433,23.4,-3.87,1
P226702,40.58,-3.88,1
P238118,16.26,-3.88,1
P238772,22.52,-3.89,1
P202704,8.86,-3.89,1
P238360,15.66,-3.89,1
P228737,3.51,-3.89,1
P239894,1.57,-3.9,1
P223138,12.24,-3.9,1
P228964,14.76,-3.9,1
P216723,18.63,-3.9,1
P245173,6.264999999999999,-3.9,1
P210051,17.928,-3.9,1
P231303,15.23,-3.9,1
P234897,29.0,-3.9,1
P229798,36.39,-3.9,1
P223685,3.8475,-3.91,1
P207612,21.64,-3.91,1
P244835,21.9,-3.92,1
P242048,4.64,-3.92,1
P201127,6.63,-3.92,1
P222446,20.8905,-3.92,1
P200774,11.53,-3.93,1
P218526,20.0355,-3.94,1
P249806,16.536,-3.95,1
P216560,12.98,-3.95,1
P218768,13.25,-3.95,1
P216819,11.8085,-3.95,1
P232451,5.201,-3.96,1
P216572,29.46,-3.96,1
P215580,20.672,-3.96,1
P204798,7.733,-3.97,1
P231675,31.01,-3.98,1
P231664,18.23,-3.98,1
P211038,17.96,-3.98,1
P208575,30.915000000000003,-3.99,1
P234713,25.07,-3.99,1
P214962,13.5185,-3.99,1
P243390,38.4,-4.0,1
P201735,6.356,-4.0,1
P209788,21.432,-4.0,1
P247865,15.54,-4.0,1
P208360,15.093,-4.0,1
P209715,21.6,-4.01,1
P224845,12.09,-4.01,1
P239202,5.72,-4.01,1
P200230,16.08,-4.02,1
P243691,34.24,-4.03,1
P226151,18.66,-4.03,1
P241739,28.88,-4.03,1
P246242,16.929,-4.04,1
P214228,16.5,-4.05,1
P235923,22.211,-4.05,1
P215358,26.5,-4.05,1
P203463,13.509,-4.06,1
P247827,18.64,-4.1,1
P201308,15.427999999999995,-4.11,1
P228418,6.735499999999999,-4.11,1
P213687,30.56,-4.11,1
P244816,4.4365,-4.11,1
P241743,10.41,-4.11,1
P231879,6.66,-4.12,1
P219450,27.36,-4.12,1
P223695,16.93,-4.13,1
P245061,6.469499999999999,-4.13,1
P218309,18.48,-4.13,1
P213288,6.12,-4.14,1
P205021,4.43,-4.14,1
P219423,27.322,-4.14,1
P229645,31.0175,-4.14,1
P234595,27.26,-4.15,1
P249762,16.04,-4.16,1
P225979,20.881,-4.16,1
P208090,2.6910000000000003,-4.16,1
P202766,15.2,-4.16,1
P238913,33.0225,-4.17,1
P205145,9.849,-4.17,1
P241882,21.46,-4.17,1
P205460,6.12,-4.17,1
P200408,17.802999999999997,-4.17,1
P219907,18.12,-4.18,1
P222419,8.172,-4.18,1
P241070,3.24,-4.19,1
P244196,6.384,-4.19,1
P235844,5.488,-4.19,1
P206922,9.14,-4.2,1
P216479,20.995,-4.2,1
P209109,7.34,-4.2,1
P233074,24.42,-4.2,1
P207030,31.14,-4.21,1
P212654,10.336,-4.21,1
P213341,13.96,-4.21,1
P203542,11.893999999999998,-4.21,1
P228883,21.84,-4.22,1
P245991,9.504,-4.23,1
P240294,25.776,-4.24,1
P228906,15.67,-4.24,1
P235747,30.15,-4.25,1
P222783,11.5615,-4.26,1
P204354,25.68,-4.27,1
P223134,8.304499999999999,-4.28,1
P222312,12.461,-4.28,1
P237053,13.63,-4.29,1
P248438,13.7,-4.29,1
P217161,3.876,-4.3,1
P208763,17.88,-4.31,1
P205930,7.14,-4.32,1
P211598,17.93,-4.32,1
P216664,12.3,-4.32,1
P232596,9.28,-4.32,1
P241211,17.102,-4.32,1
P240839,4.91,-4.33,1
P203311,5.175,-4.34,1
P240864,12.33,-4.34,1
P219949,25.574,-4.37,1
P245066,16.014,-4.37,1
P242394,15.342499999999998,-4.38,1
P231671,5.95,-4.39,1
P205474,12.445,-4.39,1
P242941,14.9685,-4.41,1
P214850,13.335,-4.42,1
P211618,23.97,-4.42,1
P237329,33.1,-4.42,1
P200876,46.86,-4.42,1
P204965,23.15,-4.43,1
P247476,11.118,-4.43,1
P225784,37.0215,-4.43,1
P243584,17.81,-4.44,1
P248024,16.83,-4.45,1
P246597,4.266,-4.45,1
P227941,14.076,-4.45,1
P212845,23.43,-4.46,1
P230126,8.2365,-4.46,1
P228687,6.92,-4.46,1
P236345,42.03,-4.46,1
P204661,13.311,-4.46,1
P211158,33.117,-4.48,1
P241448,36.8,-4.48,1
P240705,47.8,-4.49,1
P223652,21.38,-4.49,1
P212726,13.35,-4.5,1
P206607,43.316,-4.5,1
P233660,15.295,-4.5,1
P208318,23.517,-4.51,1
P247473,13.84,-4.51,1
P212099,27.18,-4.52,1
P208028,8.01,-4.52,1
P217373,18.411,-4.54,1
P234641,32.79,-4.54,1
P203812,23.07,-4.54,1
P234339,22.51,-4.55,1
P229783,23.94,-4.56,1
P209419,13.21,-4.57,1
P211203,9.345,-4.58,1
P244282,10.33,-4.6,1
P239529,10.233999999999998,-4.63,1
P246801,25.614,-4.65,1
P200116,2.814,-4.67,1
P248417,16.119,-4.67,1
P239364,28.5285,-4.67,1
P225229,7.7,-4.67,1
P225755,7.88,-4.67,1
P225274,35.289,-4.68,1
P238888,10.74,-4.68,1
P226429,19.73,-4.69,1
P248225,5.871,-4.7,1
P220107,7.24,-4.71,1
P215114,11.23,-4.71,1
P232728,20.485,-4.72,1
P208515,14.637,-4.73,1
P204494,8.36,-4.74,1
P246023,8.95,-4.74,1
P222539,13.26,-4.75,1
P230175,8.19,-4.76,1
P216928,15.2,-4.76,1
P225937,8.6,-4.77,1
P247037,7.377999999999999,-4.82,1
P207081,14.04,-4.82,1
P225091,12.75,-4.83,1
P220447,9.66,-4.91,1
P230653,13.12,-4.93,1
P229439,9.29,-4.94,1
P217451,12.61,-4.94,1
P243016,26.328,-5.0,1
P243328,13.09,-5.02,1
P232228,7.524,-5.03,1
P207561,13.470999999999998,-5.07,1
P214812,13.5375,-5.07,1
P212204,22.95,-5.07,1
P240577,13.97,-5.07,1
P203581,9.42,-5.11,1
P236404,31.05,-5.12,1
P246475,23.928000000000004,-5.12,1
P214874,13.794,-5.13,1
P213371,11.178,-5.13,1
P235192,31.787,-5.14,1
P219270,8.380999999999998,-5.14,1
P234583,5.55,-5.16,1
P246203,12.61,-5.17,1
P222339,16.48,-5.29,1
P220454,20.6245,-5.29,1
P217528,4.89,-5.3,1
P230445,6.22,-5.33,1
P207113,5.96,-5.43,1
P223234,21.2925,-5.43,1
P236302,15.76,-5.45,1
P239637,23.256,-5.46,1
P230100,15.876,-5.49,1
P230842,19.908,-5.52,1
P206082,12.357,-5.55,1
P201020,12.573,-5.56,1
P230847,18.48,-5.77,1
P229784,16.680000000000003,-5.87,1
P227243,13.29,-6.2,1
