customer_id,total_orders,total_net_sales,customer_value
C10000,2,210.5845,105.29225
C10001,5,3246.0175,649.2035
C10002,5,216.8545,43.3709
C10003,3,154.296,51.431999999999995
C10004,3,716.99,238.99666666666667
C10005,3,216.26,72.08666666666666
C10006,2,355.736,177.868
C10007,6,734.633,122.43883333333333
C10008,2,276.65999999999997,138.32999999999998
C10009,5,659.552,131.9104
C10010,3,1578.0024999999998,526.0008333333333
C10011,6,1381.0645,230.17741666666666
C10012,5,1801.6490000000001,360.32980000000003
C10013,4,681.3265,170.331625
C10014,2,215.05149999999998,107.52574999999999
C10015,5,1865.8980000000001,373.17960000000005
C10016,6,796.4335,132.73891666666665
C10017,2,68.11,34.055
C10018,12,728.1015,60.675125
C10019,1,4.398499999999999,4.398499999999999
C10020,5,627.31,125.46199999999999
C10021,3,1079.1135,359.7045
C10022,4,914.7740000000001,228.69350000000003
C10023,6,376.536,62.756
C10024,5,237.693,47.5386
C10025,4,720.361,180.09025
C10026,3,283.2965,94.43216666666666
C10027,10,963.563,96.3563
C10028,5,317.22349999999994,63.44469999999999
C10029,4,170.053,42.51325
C10030,3,273.56399999999996,91.18799999999999
C10031,2,137.2745,68.63725
C10032,3,91.03450000000001,30.344833333333337
C10033,1,39.018,39.018
C10034,3,177.51999999999998,59.173333333333325
C10035,1,97.72,97.72
C10036,3,54.0925,18.030833333333334
C10037,4,1035.9655,258.991375
C10038,5,146.088,29.217599999999997
C10039,1,166.464,166.464
C10040,5,180.979,36.195800000000006
C10041,2,330.6445,165.32225
C10042,5,185.70000000000002,37.14
C10043,5,1675.4560000000001,335.0912
C10044,4,2698.5340000000006,674.6335000000001
C10045,4,376.72,94.18
C10046,1,54.621,54.621
C10047,3,718.652,239.55066666666667
C10048,3,64.923,21.641000000000002
C10049,2,77.23,38.615
C10050,4,563.2445,140.811125
C10051,6,779.8965,129.98274999999998
C10052,3,56.101,18.700333333333333
C10053,3,93.19999999999999,31.066666666666663
C10054,4,381.182,95.2955
C10055,4,1018.722,254.6805
C10056,3,838.348,279.4493333333333
C10057,2,94.43249999999999,47.216249999999995
C10058,7,1290.281,184.32585714285713
C10059,2,802.0799999999999,401.03999999999996
C10060,8,2044.1305,255.5163125
C10061,4,1039.966,259.9915
C10062,5,302.8955,60.579100000000004
C10063,3,420.26499999999993,140.0883333333333
C10064,5,413.46,82.692
C10065,5,245.355,49.071
C10066,8,2920.104,365.013
C10067,4,489.21000000000004,122.30250000000001
C10068,5,923.342,184.6684
C10069,4,384.07849999999996,96.01962499999999
C10070,4,799.3530000000001,199.83825000000002
C10071,10,902.4755,90.24755
C10072,6,1261.1295,210.18825
C10073,5,1091.0715,218.2143
C10074,5,175.83,35.166000000000004
C10075,2,22.852,11.426
C10076,4,256.446,64.1115
C10077,3,188.578,62.85933333333333
C10078,4,1240.397,310.09925
C10079,6,988.2700000000001,164.71166666666667
C10080,5,339.2515,67.8503
C10081,6,176.8475,29.47458333333333
C10082,2,94.856,47.428
C10083,4,1610.285,402.57125
C10084,6,303.6145,50.60241666666667
C10085,5,144.976,28.9952
C10086,2,23.154000000000003,11.577000000000002
C10087,2,130.633,65.3165
C10088,4,376.7435,94.185875
C10089,7,1392.8045,198.9720714285714
C10090,3,1452.6945,484.23150000000004
C10091,7,939.496,134.21371428571427
C10092,4,776.732,194.183
C10093,2,37.33,18.665
C10094,4,1045.518,261.3795
C10095,5,106.61,21.322
C10096,1,3.11,3.11
C10097,5,174.4,34.88
C10098,7,1435.149,205.0212857142857
C10099,2,63.153999999999996,31.576999999999998
C10100,3,228.57,76.19
C10101,1,2.499,2.499
C10102,7,655.678,93.66828571428572
C10103,1,17.12,17.12
C10104,6,374.37350000000004,62.39558333333334
C10105,8,486.6365,60.8295625
C10106,10,2057.5695,205.75695000000002
C10107,4,323.6,80.9
C10108,1,46.71,46.71
C10109,8,523.498,65.43725
C10110,9,401.563,44.61811111111111
C10111,6,1099.551,183.2585
C10112,3,27.430500000000002,9.143500000000001
C10113,3,65.08,21.69333333333333
C10114,6,230.0335,38.33891666666667
C10115,6,203.234,33.87233333333334
C10116,7,817.543,116.79185714285714
C10117,3,94.703,31.567666666666668
C10118,2,288.45000000000005,144.22500000000002
C10119,2,79.71000000000001,39.855000000000004
C10120,3,119.775,39.925000000000004
C10121,2,244.29850000000002,122.14925000000001
C10122,4,493.6345,123.408625
C10123,4,278.6495,69.662375
C10124,4,1567.662,391.9155
C10125,6,2549.8285,424.9714166666667
C10126,2,116.90299999999999,58.451499999999996
C10127,2,202.10999999999999,101.05499999999999
C10128,5,568.191,113.63820000000001
C10129,5,436.82250000000005,87.3645
C10130,4,164.99200000000002,41.248000000000005
C10131,5,181.967,36.3934
C10132,3,741.55,247.1833333333333
C10133,7,2256.379,322.3398571428571
C10134,3,774.117,258.039
C10135,4,238.947,59.73675
C10136,5,423.662,84.7324
C10137,4,187.668,46.917
C10138,7,331.255,47.32214285714286
C10139,3,148.34199999999998,49.447333333333326
C10140,5,1308.6395,261.7279
C10141,5,409.8325,81.9665
C10142,7,379.746,54.24942857142857
C10143,6,2263.231,377.2051666666667
C10144,1,64.704,64.704
C10145,4,721.9665000000001,180.49162500000003
C10146,5,912.164,182.4328
C10147,4,606.772,151.693
C10148,8,847.4775,105.9346875
C10149,4,1560.375,390.09375
C10150,2,612.3389999999999,306.16949999999997
C10151,6,3336.5290000000005,556.0881666666668
C10152,2,119.00250000000001,59.501250000000006
C10153,7,843.527,120.50385714285714
C10154,7,826.992,118.14171428571429
C10155,4,930.015,232.50375
C10156,3,64.644,21.548000000000002
C10157,2,16.990000000000002,8.495000000000001
C10158,4,834.435,208.60875
C10159,4,622.6065,155.651625
C10160,5,4703.2895,940.6578999999999
C10161,8,1280.739,160.092375
C10162,3,1165.2285,388.4095
C10163,3,425.175,141.725
C10164,4,373.479,93.36975
C10165,4,656.238,164.0595
C10166,3,371.0585,123.68616666666667
C10167,1,163.59300000000002,163.59300000000002
C10168,2,619.413,309.7065
C10169,3,549.53,183.17666666666665
C10170,4,388.286,97.0715
C10171,6,699.618,116.60300000000001
C10172,2,85.03,42.515
C10173,3,743.6595,247.88649999999998
C10174,3,703.6615,234.55383333333336
C10175,5,549.028,109.8056
C10176,5,791.5125,158.3025
C10177,2,131.05,65.525
C10178,6,812.0174999999999,135.33624999999998
C10179,3,1223.4864999999998,407.82883333333325
C10180,2,24.064,12.032
C10181,2,368.724,184.362
C10182,3,448.7315,149.57716666666667
C10183,2,34.68,17.34
C10184,9,1160.1745,128.90827777777778
C10185,3,417.548,139.18266666666668
C10186,8,599.1279999999999,74.89099999999999
C10187,5,486.2525,97.2505
C10188,2,79.1285,39.56425
C10189,4,571.9475,142.986875
C10190,7,420.973,60.139
C10191,7,941.7565,134.53664285714285
C10192,4,1342.489,335.62225
C10193,5,963.6935,192.7387
C10194,3,129.253,43.084333333333326
C10195,5,240.965,48.193
C10196,2,326.37,163.185
C10197,5,612.5965,122.5193
C10198,2,102.59,51.295
C10199,2,903.091,451.5455
C10200,4,540.3675000000001,135.09187500000002
C10201,7,412.408,58.91542857142857
C10202,2,128.56900000000002,64.28450000000001
C10203,3,655.51,218.50333333333333
C10204,5,299.5115,59.902300000000004
C10205,3,298.71950000000004,99.57316666666668
C10206,3,182.0405,60.68016666666667
C10207,7,400.65,57.23571428571428
C10208,5,510.51149999999996,102.10229999999999
C10209,9,891.7095,99.07883333333334
C10210,1,10.2885,10.2885
C10211,2,128.4955,64.24775
C10212,2,34.265499999999996,17.132749999999998
C10213,4,119.684,29.921
C10214,3,171.633,57.211000000000006
C10215,3,71.57,23.856666666666666
C10216,3,1073.6005,357.8668333333333
C10218,2,147.2245,73.61225
C10219,8,721.8695,90.2336875
C10220,5,319.349,63.8698
C10222,5,966.1105,193.2221
C10223,4,974.44,243.61
C10224,5,210.716,42.1432
C10225,7,727.5339999999999,103.93342857142855
C10226,7,356.22499999999997,50.88928571428571
C10227,5,499.527,99.9054
C10228,4,66.9305,16.732625
C10229,3,219.1485,73.04950000000001
C10230,1,4.75,4.75
C10231,2,220.4705,110.23525
C10232,6,1192.202,198.70033333333333
C10233,5,548.9214999999999,109.78429999999999
C10234,5,418.948,83.7896
C10235,4,112.964,28.241
C10236,6,933.897,155.64950000000002
C10237,4,65.5135,16.378375
C10238,7,1725.0955000000001,246.4422142857143
C10239,6,694.9159999999999,115.81933333333332
C10240,6,645.2344999999999,107.53908333333332
C10241,7,279.23600000000005,39.89085714285715
C10242,5,920.4915,184.0983
C10243,3,260.7,86.89999999999999
C10244,9,1339.8220000000001,148.86911111111112
C10245,6,223.8465,37.30775
C10246,5,78.91,15.782
C10248,4,810.8309999999999,202.70774999999998
C10249,6,275.4225,45.90375
C10250,4,200.06,50.015
C10251,2,737.45,368.725
C10252,6,294.935,49.155833333333334
C10253,7,803.8499999999999,114.83571428571427
C10254,4,787.845,196.96125
C10255,5,356.067,71.21340000000001
C10256,11,1574.8745,143.1704090909091
C10257,3,1135.953,378.651
C10258,4,203.096,50.774
C10260,4,1476.796,369.199
C10261,3,601.64,200.54666666666665
C10262,3,251.84300000000002,83.94766666666668
C10263,2,128.45,64.225
C10264,8,1053.571,131.696375
C10265,4,745.5,186.375
C10266,3,548.2065,182.7355
C10267,3,332.0285,110.67616666666667
C10268,3,382.075,127.35833333333333
C10269,6,789.3919999999999,131.5653333333333
C10270,8,1965.135,245.641875
C10271,7,646.894,92.41342857142857
C10272,7,1415.304,202.18628571428573
C10273,4,426.445,106.61125
C10275,6,461.6785,76.94641666666666
C10276,5,639.087,127.81739999999999
C10277,11,1472.7425,133.88568181818184
C10278,1,287.71,287.71
C10279,4,707.096,176.774
C10280,3,94.21000000000001,31.403333333333336
C10281,3,105.4975,35.16583333333333
C10282,4,485.76700000000005,121.44175000000001
C10283,3,41.9005,13.966833333333334
C10284,3,182.2375,60.74583333333334
C10285,4,149.83350000000002,37.458375000000004
C10286,1,97.61,97.61
C10287,4,1246.804,311.701
C10288,3,151.56,50.52
C10289,5,1334.4895,266.8979
C10290,1,187.408,187.408
C10292,7,2399.709,342.8155714285714
C10293,2,36.323,18.1615
C10294,7,796.813,113.83042857142857
C10295,3,669.567,223.189
C10296,4,118.898,29.7245
C10297,2,153.936,76.968
C10298,6,167.916,27.986
C10299,3,356.13050000000004,118.71016666666668
C10300,2,509.51,254.755
C10301,7,143.754,20.536285714285714
C10302,5,410.64599999999996,82.1292
C10303,6,3126.5885,521.0980833333333
C10304,2,186.076,93.038
C10305,8,1276.8465,159.6058125
C10306,7,640.594,91.51342857142858
C10307,6,251.936,41.989333333333335
C10308,3,250.63,83.54333333333334
C10309,5,198.34900000000002,39.6698
C10310,4,406.36800000000005,101.59200000000001
C10311,5,585.762,117.15239999999999
C10312,2,92.2655,46.13275
C10313,3,374.344,124.78133333333334
C10314,4,1042.24,260.56
C10315,1,34.926500000000004,34.926500000000004
C10316,4,721.0,180.25
C10317,4,489.024,122.256
C10318,3,1308.44,436.1466666666667
C10319,4,324.129,81.03225
C10320,4,151.8075,37.951875
C10321,1,21.84,21.84
C10322,2,798.6985,399.34925
C10323,1,33.782000000000004,33.782000000000004
C10324,5,858.4804999999999,171.69609999999997
C10325,6,2064.768,344.128
C10326,2,388.38,194.19
C10327,4,421.56,105.39
C10328,6,1104.638,184.1063333333333
C10329,8,1312.1444999999999,164.01806249999998
C10330,2,2522.1,1261.05
C10331,6,1007.2330000000001,167.8721666666667
C10332,6,2755.6325,459.27208333333334
C10333,3,118.39249999999998,39.464166666666664
C10334,3,567.068,189.02266666666665
C10335,5,1398.066,279.6132
C10336,2,78.994,39.497
C10337,4,295.639,73.90975
C10338,8,1379.9195,172.4899375
C10339,3,196.55,65.51666666666667
C10340,8,2040.137,255.017125
C10341,5,1396.6200000000001,279.324
C10342,5,117.688,23.5376
C10343,6,664.175,110.69583333333333
C10344,3,639.716,213.23866666666666
C10345,2,355.53800000000007,177.76900000000003
C10347,5,528.956,105.7912
C10348,4,468.74449999999996,117.18612499999999
C10349,3,445.45500000000004,148.485
C10350,2,38.6525,19.32625
C10351,1,24.4,24.4
C10352,3,443.15,147.71666666666667
C10353,3,202.754,67.58466666666666
C10354,6,3088.9995,514.83325
C10355,4,318.33199999999994,79.58299999999998
C10356,5,624.826,124.96520000000001
C10357,5,250.7355,50.1471
C10358,5,498.22999999999996,99.64599999999999
C10359,7,249.17849999999999,35.59692857142857
C10360,4,793.308,198.327
C10361,4,224.225,56.05625
C10362,5,703.3509999999999,140.67019999999997
C10363,4,130.2105,32.552625
C10364,10,2209.691,220.96909999999997
C10365,3,470.39,156.79666666666665
C10366,5,167.67000000000002,33.534000000000006
C10367,2,182.88,91.44
C10368,4,256.6355,64.158875
C10369,5,190.79,38.158
C10370,7,882.474,126.06771428571429
C10371,5,727.828,145.5656
C10372,6,626.6645,104.44408333333332
C10373,2,176.262,88.131
C10374,7,3286.1199999999994,469.4457142857142
C10375,10,1481.598,148.1598
C10376,3,199.215,66.405
C10377,3,116.605,38.86833333333333
C10378,3,407.68,135.89333333333335
C10379,2,12.957,6.4785
C10380,4,439.85650000000004,109.96412500000001
C10381,4,694.11,173.5275
C10382,3,826.2429999999999,275.41433333333333
C10383,4,120.60699999999999,30.151749999999996
C10384,3,1280.343,426.781
C10385,2,99.73,49.865
C10386,9,2511.5205,279.05783333333335
C10387,2,733.461,366.7305
C10388,5,785.6300000000001,157.12600000000003
C10389,4,233.25,58.3125
C10390,6,315.4235,52.57058333333333
C10391,8,497.75,62.21875
C10392,9,743.2885,82.58761111111112
C10393,8,1016.6965,127.0870625
C10394,4,65.39,16.3475
C10395,5,463.502,92.7004
C10396,3,208.56,69.52
C10397,1,182.05,182.05
C10398,5,498.98600000000005,99.7972
C10399,4,325.65999999999997,81.41499999999999
C10400,6,1429.2385,238.20641666666666
C10401,3,81.41499999999999,27.138333333333332
C10402,6,245.7525,40.95875
C10403,2,216.82100000000003,108.41050000000001
C10404,5,400.036,80.0072
C10405,4,197.94,49.485
C10406,6,848.3045,141.38408333333334
C10407,4,62.3365,15.584125
C10408,2,215.001,107.5005
C10409,1,60.477500000000006,60.477500000000006
C10410,1,7.34,7.34
C10411,2,1172.96,586.48
C10412,1,58.04,58.04
C10413,5,388.943,77.7886
C10414,3,509.998,169.99933333333334
C10415,4,3874.919,968.72975
C10416,3,986.1780000000001,328.72600000000006
C10417,4,2719.5,679.875
C10418,3,217.01,72.33666666666666
C10419,9,2880.63,320.07
C10420,3,474.69,158.23
C10421,5,356.10800000000006,71.22160000000001
C10422,5,538.64,107.728
C10423,2,620.586,310.293
C10424,4,1146.78,286.695
C10425,3,149.038,49.67933333333334
C10426,1,254.41,254.41
C10427,6,670.8275,111.80458333333333
C10428,2,263.7,131.85
C10429,4,477.378,119.3445
C10430,2,441.6015,220.80075
C10431,4,1146.7785,286.694625
C10432,5,361.0095,72.2019
C10433,6,598.43,99.73833333333333
C10434,4,185.06799999999998,46.266999999999996
C10435,4,249.01,62.2525
C10436,3,129.185,43.06166666666667
C10437,3,344.172,114.724
C10438,2,27.540000000000003,13.770000000000001
C10439,3,350.726,116.90866666666666
C10440,7,1719.81,245.68714285714285
C10441,7,754.0604999999999,107.72292857142857
C10442,5,905.533,181.10660000000001
C10443,6,709.779,118.2965
C10444,5,300.818,60.163599999999995
C10445,4,1864.962,466.2405
C10446,8,571.96,71.495
C10448,8,1004.961,125.620125
C10449,5,304.0595,60.8119
C10450,1,39.2,39.2
C10451,4,106.577,26.64425
C10452,7,545.302,77.90028571428572
C10453,4,531.06,132.765
C10454,5,901.926,180.3852
C10455,3,199.88150000000002,66.62716666666667
C10456,4,417.36,104.34
C10457,2,67.89,33.945
C10458,4,303.523,75.88075
C10459,3,1571.467,523.8223333333334
C10460,6,505.113,84.1855
C10461,6,650.9835,108.49725000000001
C10462,3,112.995,37.665
C10463,4,639.351,159.83775
C10464,7,206.82,29.545714285714286
C10465,4,1276.041,319.01025
C10466,2,45.528999999999996,22.764499999999998
C10467,4,958.995,239.74875
C10468,2,404.95099999999996,202.47549999999998
C10469,3,277.53999999999996,92.51333333333332
C10470,8,1854.326,231.79075
C10471,3,333.87,111.29
C10472,3,1254.577,418.19233333333335
C10473,3,986.81,328.93666666666667
C10474,2,605.4735000000001,302.73675000000003
C10475,6,393.1785,65.52974999999999
C10476,1,24.681,24.681
C10477,5,1263.1755,252.63510000000002
C10478,2,22.6175,11.30875
C10479,4,1302.664,325.666
C10480,2,34.685,17.3425
C10481,4,376.4155,94.103875
C10482,3,43.3895,14.463166666666666
C10483,3,1475.2005000000001,491.73350000000005
C10484,6,1231.1045000000001,205.18408333333335
C10485,2,42.169999999999995,21.084999999999997
C10486,4,701.2295,175.307375
C10487,1,57.792,57.792
C10488,6,990.08,165.01333333333335
C10489,6,1426.6999999999998,237.7833333333333
C10490,4,242.05699999999996,60.51424999999999
C10491,2,353.896,176.948
C10492,7,1388.2575,198.3225
C10493,4,827.8515,206.962875
C10494,3,441.43899999999996,147.14633333333333
C10495,3,849.032,283.0106666666667
C10496,3,226.6465,75.54883333333333
C10497,8,2222.811,277.851375
C10498,5,486.9915,97.39829999999999
C10499,4,189.16750000000002,47.291875000000005
C10500,4,1063.0,265.75
C10501,2,1175.3200000000002,587.6600000000001
C10502,3,828.8555,276.28516666666667
C10503,1,25.84,25.84
C10504,3,663.7065,221.2355
C10505,5,2185.4094999999998,437.08189999999996
C10506,3,233.294,77.76466666666667
C10507,4,976.3494999999998,244.08737499999995
C10508,6,673.5795,112.26325000000001
C10509,3,855.1500000000001,285.05
C10510,5,394.832,78.9664
C10511,3,2208.3109999999997,736.1036666666665
C10512,2,7.1685,3.58425
C10513,5,609.8240000000001,121.96480000000001
C10514,8,863.7864999999999,107.97331249999999
C10515,6,244.7335,40.788916666666665
C10516,5,1078.3435,215.6687
C10517,6,325.5065,54.251083333333334
C10518,2,287.9125,143.95625
C10519,6,941.8129999999999,156.96883333333332
C10520,5,727.1765,145.4353
C10521,6,1039.332,173.222
C10522,5,1357.8455,271.5691
C10523,3,216.38850000000002,72.12950000000001
C10524,4,193.32999999999998,48.332499999999996
C10525,5,334.90299999999996,66.9806
C10526,9,611.9345000000001,67.99272222222223
C10527,7,308.5775,44.082499999999996
C10528,5,325.28000000000003,65.05600000000001
C10529,8,320.6155,40.0769375
C10530,6,731.1,121.85000000000001
C10531,4,684.932,171.233
C10532,3,216.48,72.16
C10533,2,488.199,244.0995
C10534,3,764.5140000000001,254.83800000000005
C10535,6,313.8865,52.314416666666666
C10536,5,334.53700000000003,66.90740000000001
C10537,3,398.159,132.71966666666665
C10538,1,58.59,58.59
C10539,5,277.7785,55.5557
C10540,5,1490.3065,298.06129999999996
C10541,7,3515.932,502.27599999999995
C10542,4,275.5015,68.875375
C10543,2,128.492,64.246
C10544,6,1174.8955,195.81591666666668
C10545,10,6238.819,623.8819000000001
C10546,4,1226.2655,306.566375
C10547,2,260.22,130.11
C10548,4,277.301,69.32525
C10549,4,652.379,163.09475
C10550,2,171.515,85.7575
C10551,4,584.3325,146.083125
C10552,6,473.5365,78.92275
C10553,4,538.885,134.72125
C10554,4,132.8345,33.208625
C10555,6,434.18600000000004,72.36433333333333
C10556,6,872.973,145.4955
C10557,6,1611.6525,268.60875
C10558,2,464.55199999999996,232.27599999999998
C10559,9,372.241,41.36011111111111
C10560,7,2278.758,325.5368571428571
C10561,8,3758.574,469.82175
C10562,5,754.25,150.85
C10563,2,226.5235,113.26175
C10564,4,388.884,97.221
C10565,5,295.009,59.0018
C10566,5,1001.85,200.37
C10567,6,1521.6165,253.60275000000001
C10568,3,171.14,57.04666666666666
C10569,6,1307.185,217.86416666666665
C10570,5,591.39,118.27799999999999
C10571,6,329.22249999999997,54.870416666666664
C10572,5,175.357,35.0714
C10573,1,112.12,112.12
C10574,9,2509.573,278.84144444444445
C10575,6,1122.6950000000002,187.11583333333337
C10576,3,98.87399999999998,32.95799999999999
C10577,2,53.790000000000006,26.895000000000003
C10578,4,72.84450000000001,18.211125000000003
C10579,3,536.256,178.75199999999998
C10580,7,324.6895,46.384214285714286
C10581,5,996.932,199.3864
C10582,5,247.5525,49.5105
C10583,7,1826.31,260.90142857142854
C10584,4,400.7675,100.191875
C10585,3,721.534,240.51133333333334
C10586,2,56.690000000000005,28.345000000000002
C10587,2,2031.641,1015.8205
C10588,5,1113.179,222.63580000000002
C10589,6,1986.9875000000002,331.1645833333334
C10590,3,167.58599999999998,55.861999999999995
C10591,6,547.269,91.2115
C10592,4,2721.1205,680.280125
C10593,7,204.96249999999998,29.280357142857138
C10594,5,662.855,132.571
C10595,8,644.0790000000001,80.50987500000001
C10596,6,425.595,70.9325
C10597,9,2327.1760000000004,258.57511111111114
C10598,5,427.15549999999996,85.43109999999999
C10599,7,1510.6860000000001,215.81228571428574
C10600,9,1711.6129999999998,190.1792222222222
C10601,2,507.2180000000001,253.60900000000004
C10602,5,378.3435,75.6687
C10603,4,338.581,84.64525
C10604,5,1714.7884999999999,342.9577
C10605,5,812.3665000000001,162.47330000000002
C10606,4,1021.3544999999999,255.33862499999998
C10607,4,492.9515,123.237875
C10608,4,310.188,77.547
C10609,4,4276.0175,1069.004375
C10610,6,2899.6620000000003,483.27700000000004
C10611,5,971.8045,194.3609
C10612,5,1278.994,255.79879999999997
C10613,5,862.36,172.472
C10614,7,782.499,111.78557142857143
C10615,8,1491.3985,186.4248125
C10616,7,1838.9875,262.7125
C10617,3,603.938,201.31266666666667
C10618,3,2381.394,793.7979999999999
C10619,6,1055.6035,175.93391666666665
C10620,5,569.9085,113.9817
C10621,2,115.29,57.645
C10622,5,568.357,113.67139999999999
C10623,3,579.514,193.17133333333334
C10624,1,43.87,43.87
C10625,6,535.195,89.19916666666667
C10626,2,18.225,9.1125
C10627,2,122.0425,61.02125
C10628,4,923.8739999999999,230.96849999999998
C10629,2,322.848,161.424
C10630,3,429.8985,143.2995
C10631,4,646.7280000000001,161.68200000000002
C10632,4,362.77,90.6925
C10633,4,163.01749999999998,40.754374999999996
C10634,6,425.08,70.84666666666666
C10635,3,277.34000000000003,92.44666666666667
C10636,4,375.12,93.78
C10637,4,201.0915,50.272875
C10638,4,204.61,51.1525
C10639,6,773.193,128.8655
C10640,1,110.96,110.96
C10641,3,324.01,108.00333333333333
C10642,4,1520.0364999999997,380.0091249999999
C10643,5,1600.0765,320.01529999999997
C10644,3,227.63,75.87666666666667
C10645,7,3165.4255000000003,452.2036428571429
C10646,3,128.8485,42.9495
C10647,3,344.18,114.72666666666667
C10648,3,133.4,44.46666666666667
C10649,4,494.9475,123.736875
C10650,2,62.6805,31.34025
C10651,3,349.898,116.63266666666668
C10652,2,32.69,16.345
C10653,2,744.48,372.24
C10654,5,865.972,173.1944
C10655,3,427.741,142.58033333333333
C10656,5,405.195,81.039
C10657,3,164.1755,54.72516666666667
C10658,7,1468.402,209.7717142857143
C10659,7,881.8635,125.9805
C10660,6,472.754,78.79233333333333
C10661,8,559.524,69.9405
C10662,5,757.9014999999999,151.5803
C10663,6,339.0025,56.500416666666666
C10664,1,46.38849999999999,46.38849999999999
C10665,4,1571.4620000000002,392.86550000000005
C10666,6,826.7255,137.78758333333334
C10667,6,1075.33,179.22166666666666
C10668,2,678.0385,339.01925
C10669,6,1385.408,230.90133333333333
C10670,2,9.64,4.82
C10671,7,784.0715,112.01021428571428
C10672,5,264.28200000000004,52.85640000000001
C10673,3,95.219,31.739666666666665
C10674,2,34.79900000000001,17.399500000000003
C10675,6,316.826,52.80433333333334
C10676,1,131.04,131.04
C10677,3,110.9405,36.98016666666667
C10678,4,52.7595,13.189875
C10679,6,182.8845,30.48075
C10680,6,360.35450000000003,60.05908333333334
C10681,3,191.041,63.68033333333333
C10682,3,1024.7845,341.5948333333333
C10683,3,565.37,188.45666666666668
C10684,4,420.0115,105.002875
C10685,4,109.3545,27.338625
C10686,5,1611.7430000000002,322.34860000000003
C10687,8,725.621,90.702625
C10688,4,314.005,78.50125
C10689,6,195.08450000000002,32.51408333333334
C10690,5,1230.502,246.10039999999998
C10691,3,869.9000000000001,289.9666666666667
C10692,4,166.96500000000003,41.74125000000001
C10693,7,1437.6045,205.37207142857142
C10694,1,157.94699999999995,157.94699999999995
C10695,3,543.2149999999999,181.07166666666663
C10696,2,71.84,35.92
C10697,2,389.089,194.5445
C10698,6,1305.9199999999998,217.6533333333333
C10699,3,85.2515,28.417166666666663
C10700,3,1092.6770000000001,364.2256666666667
C10701,4,463.7505,115.937625
C10702,4,857.1099999999999,214.27749999999997
C10703,10,897.058,89.7058
C10704,5,2532.767,506.55339999999995
C10705,2,391.6695,195.83475
C10706,2,126.08,63.04
C10707,5,953.633,190.72660000000002
C10708,1,313.904,313.904
C10709,5,504.726,100.9452
C10710,2,85.59,42.795
C10711,5,170.7805,34.156099999999995
C10712,5,486.267,97.2534
C10713,6,357.4075,59.56791666666667
C10714,6,697.1605000000001,116.19341666666668
C10715,3,740.5945,246.86483333333334
C10716,6,854.172,142.362
C10717,5,685.2760000000001,137.0552
C10718,1,53.295,53.295
C10719,7,971.52,138.78857142857143
C10720,2,290.78999999999996,145.39499999999998
C10721,5,2629.678,525.9356
C10722,7,2313.611,330.5158571428571
C10723,8,1116.284,139.5355
C10724,3,403.61299999999994,134.53766666666664
C10725,3,229.13150000000002,76.37716666666667
C10726,6,486.29200000000003,81.04866666666668
C10727,4,756.0430000000001,189.01075000000003
C10728,3,2090.554,696.8513333333334
C10729,4,1666.337,416.58425
C10730,4,180.44,45.11
C10731,5,488.779,97.7558
C10732,6,607.7845,101.29741666666666
C10734,3,757.79,252.59666666666666
C10735,2,172.01,86.005
C10736,1,335.12,335.12
C10737,3,657.65,219.21666666666667
C10738,2,564.9000000000001,282.45000000000005
C10739,3,293.722,97.90733333333333
C10740,5,1499.677,299.93539999999996
C10741,4,193.01000000000002,48.252500000000005
C10742,2,416.48300000000006,208.24150000000003
C10743,5,1120.8235,224.16469999999998
C10744,3,2086.843,695.6143333333333
C10745,4,186.17,46.5425
C10746,6,498.10749999999996,83.01791666666666
C10747,3,935.5825,311.86083333333335
C10748,2,71.854,35.927
C10749,5,444.09749999999997,88.81949999999999
C10750,2,644.24,322.12
C10751,2,364.44,182.22
C10752,1,194.028,194.028
C10753,9,1139.358,126.59533333333333
C10754,6,3272.1565,545.3594166666667
C10755,4,381.7745,95.443625
C10756,4,1558.4175,389.604375
C10757,8,1424.759,178.094875
C10758,2,449.63,224.815
C10759,6,2256.314,376.0523333333333
C10760,4,677.2365,169.309125
C10761,8,409.1835,51.1479375
C10762,5,392.923,78.5846
C10763,5,703.663,140.7326
C10764,4,766.5015000000001,191.62537500000002
C10765,2,189.768,94.884
C10766,4,490.63,122.6575
C10767,5,1295.22,259.044
C10768,4,482.50800000000004,120.62700000000001
C10769,8,1026.884,128.3605
C10770,6,729.6685,121.61141666666667
C10771,5,679.1945000000001,135.83890000000002
C10772,5,261.938,52.3876
C10773,4,443.938,110.9845
C10774,5,775.014,155.0028
C10775,7,975.6359999999999,139.3765714285714
C10776,3,166.161,55.387
C10777,2,104.493,52.2465
C10778,4,360.111,90.02775
C10779,2,57.953,28.9765
C10780,3,451.50649999999996,150.50216666666665
C10781,5,1737.4660000000001,347.4932
C10782,6,1603.23,267.205
C10783,4,1282.592,320.648
C10784,6,3576.096,596.016
C10785,5,2619.099,523.8198
C10786,4,187.547,46.88675
C10787,6,1174.026,195.67100000000002
C10788,3,321.626,107.20866666666666
C10789,4,1947.1865,486.796625
C10790,3,2268.099,756.033
C10791,7,2735.7895,390.8270714285714
C10792,6,915.967,152.66116666666667
C10793,5,867.3299999999999,173.46599999999998
C10794,4,1311.2595000000001,327.81487500000003
C10795,3,1830.238,610.0793333333334
C10796,7,2365.4555,337.9222142857143
C10797,8,800.6,100.075
C10798,6,754.4995,125.74991666666666
C10799,3,155.192,51.73066666666667
C10800,4,732.085,183.02125
C10801,1,161.78,161.78
C10802,4,414.971,103.74275
C10803,6,1358.9385,226.48975
C10804,8,733.2475000000001,91.65593750000001
C10805,5,188.53,37.706
C10806,8,1224.5684999999999,153.07106249999998
C10807,2,54.83,27.415
C10808,2,140.11149999999998,70.05574999999999
C10809,4,512.8885,128.222125
C10810,3,63.196,21.06533333333333
C10811,1,142.38,142.38
C10812,2,1518.655,759.3275
C10813,7,913.4895,130.4985
C10814,4,50.963,12.74075
C10815,8,674.6435,84.3304375
C10816,3,497.63649999999996,165.87883333333332
C10817,3,155.39000000000001,51.796666666666674
C10818,5,848.509,169.7018
C10819,5,891.8445,178.3689
C10820,3,156.6435,52.214499999999994
C10821,4,441.13,110.2825
C10822,4,942.313,235.57825
C10823,4,607.298,151.8245
C10824,4,105.18,26.295
C10825,9,1113.145,123.68277777777777
C10826,6,539.1514999999999,89.85858333333333
C10827,6,599.136,99.856
C10828,1,12.712,12.712
C10829,3,1316.505,438.83500000000004
C10830,4,159.7125,39.928125
C10831,5,899.31,179.862
C10832,6,1385.9679999999998,230.99466666666663
C10833,3,1798.2354999999995,599.4118333333332
C10834,5,482.8575,96.5715
C10835,5,862.6015,172.5203
C10836,5,243.804,48.7608
C10837,4,842.8919999999999,210.72299999999998
C10838,5,668.7955,133.7591
C10839,3,1014.126,338.042
C10840,5,554.311,110.8622
C10841,4,1773.6039999999998,443.40099999999995
C10842,5,680.692,136.1384
C10843,3,324.13,108.04333333333334
C10844,4,222.1855,55.546375
C10845,7,797.2049999999999,113.88642857142857
C10846,2,130.7335,65.36675
C10847,5,411.013,82.20259999999999
C10848,4,309.9645,77.491125
C10849,6,572.873,95.47883333333334
C10850,3,885.4645,295.15483333333333
C10851,4,1417.5735,354.393375
C10852,1,465.4335,465.4335
C10853,2,91.65,45.825
C10854,5,527.83,105.566
C10855,8,815.9135,101.9891875
C10856,2,419.318,209.659
C10857,5,1543.487,308.6974
C10858,4,370.23699999999997,92.55924999999999
C10859,1,133.76,133.76
C10860,3,190.45100000000002,63.48366666666667
C10861,5,1074.61,214.92199999999997
C10862,3,66.40299999999999,22.13433333333333
C10863,6,616.712,102.78533333333333
C10864,4,104.36,26.09
C10865,5,2196.3205,439.2641
C10866,1,81.48,81.48
C10867,6,289.4695,48.24491666666666
C10868,4,252.27200000000002,63.068000000000005
C10869,7,815.619,116.51700000000001
C10870,9,1028.6085,114.28983333333333
C10871,5,179.033,35.806599999999996
C10872,2,38.3645,19.18225
C10873,5,209.3395,41.8679
C10874,3,1598.09,532.6966666666666
C10875,4,1262.1585,315.539625
C10876,3,127.9025,42.634166666666665
C10877,7,498.3925,71.19892857142857
C10878,2,40.49,20.245
C10879,2,54.8245,27.41225
C10880,1,9.17,9.17
C10881,4,969.593,242.39825
C10882,7,2090.0265,298.57521428571425
C10883,3,64.236,21.412000000000003
C10884,4,320.4115,80.102875
C10885,7,546.547,78.07814285714286
C10886,8,1603.2355,200.4044375
C10887,4,706.7195,176.679875
C10888,7,696.605,99.515
C10889,7,920.025,131.43214285714285
C10890,4,438.675,109.66875
C10891,6,1040.265,173.37750000000003
C10892,4,1629.092,407.273
C10893,2,107.48599999999999,53.742999999999995
C10894,4,901.0605,225.265125
C10895,5,169.8,33.96
C10896,4,208.867,52.21675
C10897,7,340.079,48.58271428571429
C10898,2,67.398,33.699
C10899,4,348.25300000000004,87.06325000000001
C10900,4,927.0840000000001,231.77100000000002
C10901,4,1351.7759999999998,337.94399999999996
C10902,4,156.1085,39.027125
C10903,5,1992.2105000000001,398.44210000000004
C10904,5,651.3,130.26
C10905,2,142.608,71.304
C10906,6,361.601,60.26683333333333
C10907,2,143.071,71.5355
C10908,2,241.28,120.64
C10909,6,1299.2095,216.53491666666665
C10910,6,1182.3555,197.05925
C10911,2,470.687,235.3435
C10912,5,567.726,113.5452
C10913,5,115.50450000000001,23.100900000000003
C10914,5,399.84499999999997,79.969
C10915,8,439.4065,54.9258125
C10916,8,4756.9975,594.6246875
C10917,6,558.6370000000001,93.10616666666668
C10918,6,786.181,131.03016666666667
C10919,6,2922.2795,487.04658333333333
C10920,7,1081.826,154.54657142857144
C10921,2,47.95,23.975
C10922,9,950.16,105.57333333333332
C10923,5,1620.82,324.164
C10924,7,1425.6725000000001,203.66750000000002
C10925,4,154.192,38.548
C10926,5,774.1419999999999,154.8284
C10927,1,45.657,45.657
C10928,3,383.71,127.90333333333332
C10929,8,1549.793,193.724125
C10930,4,261.427,65.35675
C10931,3,56.87,18.956666666666667
C10932,2,70.71,35.355
C10933,3,238.14000000000001,79.38000000000001
C10934,3,111.97,37.32333333333333
C10935,7,851.4555,121.6365
C10936,1,23.744,23.744
C10937,2,139.27,69.635
C10938,7,1051.397,150.19957142857143
C10939,6,384.6425,64.10708333333334
C10940,1,5.4315,5.4315
C10941,8,444.81100000000004,55.601375000000004
C10942,5,1326.531,265.3062
C10943,6,621.8199999999999,103.63666666666666
C10944,7,926.5115,132.35878571428572
C10945,5,723.8195,144.76389999999998
C10946,6,1693.7745,282.29575
C10947,10,1475.503,147.5503
C10948,10,1589.7475,158.97475
C10949,10,1423.241,142.3241
C10950,4,754.232,188.558
C10951,5,2123.793,424.7586
C10952,3,81.71950000000001,27.239833333333337
C10953,5,517.035,103.407
C10954,10,6161.1165,616.11165
C10955,3,643.1750000000001,214.39166666666668
C10956,9,1085.23,120.58111111111111
C10957,2,43.536,21.768
C10958,3,421.428,140.476
C10959,3,192.99099999999999,64.33033333333333
C10960,1,12.426,12.426
C10961,3,85.716,28.572
C10962,4,173.77349999999998,43.443374999999996
C10963,3,342.2045,114.06816666666667
C10964,4,111.7055,27.926375
C10965,6,1123.744,187.29066666666665
C10966,5,707.9354999999999,141.5871
C10967,1,57.62,57.62
C10968,9,867.8235000000001,96.42483333333334
C10969,5,348.7075,69.7415
C10970,1,26.81,26.81
C10971,1,514.26,514.26
C10972,8,731.3345,91.4168125
C10973,5,1301.078,260.2156
C10974,8,2018.664,252.333
C10975,10,7209.122,720.9122
C10976,9,5741.826499999999,637.9807222222221
C10977,2,761.566,380.783
C10978,3,397.492,132.49733333333333
C10979,3,136.186,45.39533333333333
C10980,2,165.0435,82.52175
C10981,5,729.6419999999999,145.92839999999998
C10982,5,875.4689999999999,175.0938
C10983,5,1967.346,393.4692
C10984,6,326.4835,54.413916666666665
C10985,4,312.9475,78.236875
C10986,4,651.3505,162.837625
C10987,10,2871.775,287.1775
C10988,6,1603.444,267.24066666666664
C10989,4,1239.423,309.85575
C10990,9,1367.709,151.96766666666667
C10991,6,1378.1965,229.69941666666668
C10992,9,1085.4485,120.60538888888888
C10994,4,176.135,44.03375
C10995,3,509.08000000000004,169.69333333333336
C10996,1,87.318,87.318
C10997,3,133.135,44.37833333333333
C10998,7,857.2875,122.46964285714286
C10999,6,353.87600000000003,58.97933333333334
C11000,2,192.678,96.339
C11001,3,149.6925,49.8975
C11002,3,527.21,175.73666666666668
C11003,4,406.47,101.6175
C11004,8,735.2860000000001,91.91075000000001
C11005,3,374.35,124.78333333333335
C11006,3,106.51950000000001,35.5065
C11007,4,589.5795,147.394875
C11008,5,461.663,92.3326
C11009,3,487.835,162.61166666666665
C11010,2,81.5325,40.76625
C11011,5,898.418,179.6836
C11012,5,104.796,20.959200000000003
C11013,4,289.203,72.30075
C11014,6,1466.2475,244.37458333333333
C11015,6,545.578,90.92966666666666
C11016,9,1290.667,143.40744444444442
C11017,5,504.1645,100.8329
C11018,4,1337.105,334.27625
C11019,6,554.2090000000001,92.36816666666668
C11020,2,689.616,344.808
C11021,3,537.401,179.13366666666664
C11022,1,1170.773,1170.773
C11023,4,1260.626,315.1565
C11024,5,641.88,128.376
C11025,6,852.069,142.01149999999998
C11026,4,2233.5965,558.399125
C11027,2,24.91,12.455
C11028,5,579.402,115.88040000000001
C11029,5,660.5335,132.1067
C11030,3,64.9885,21.662833333333335
C11031,7,523.2055,74.74364285714286
C11032,4,1201.991,300.49775
C11033,3,623.8415,207.94716666666667
C11034,1,13.94,13.94
C11035,2,247.688,123.844
C11036,8,1049.38,131.1725
C11037,10,1611.44,161.144
C11038,5,679.7410000000001,135.9482
C11039,3,195.29,65.09666666666666
C11040,6,366.7905,61.131750000000004
C11041,4,492.399,123.09975
C11042,3,203.2645,67.75483333333334
C11043,3,127.59450000000001,42.5315
C11044,2,263.45,131.725
C11045,2,602.406,301.203
C11046,5,499.2935,99.8587
C11047,3,616.38,205.46
C11048,2,94.1915,47.09575
C11049,4,1449.8365000000001,362.45912500000003
C11050,4,811.322,202.8305
C11051,4,114.44,28.61
C11052,3,178.61,59.53666666666667
C11053,2,780.0900000000001,390.0450000000001
C11054,5,559.766,111.9532
C11055,4,457.64300000000003,114.41075000000001
C11057,3,205.55149999999998,68.51716666666665
C11058,6,3982.2219999999998,663.7036666666667
C11059,4,363.38899999999995,90.84724999999999
C11060,1,264.98,264.98
C11061,1,49.779,49.779
C11062,2,168.654,84.327
C11063,2,238.368,119.184
C11064,5,1423.624,284.7248
C11065,5,775.2460000000001,155.0492
C11066,4,471.926,117.9815
C11067,7,1264.3200000000002,180.61714285714288
C11068,3,61.527,20.509
C11069,7,2585.1525,369.3075
C11070,10,2102.0555,210.20555
C11071,2,211.235,105.6175
C11072,3,778.7204999999999,259.57349999999997
C11073,6,1687.124,281.18733333333336
C11074,9,2489.5344999999998,276.6149444444444
C11075,8,1095.378,136.92225
C11076,6,400.284,66.714
C11077,6,513.119,85.51983333333334
C11078,2,135.9565,67.97825
C11079,6,507.669,84.61149999999999
C11080,5,440.1875,88.0375
C11081,6,3554.226,592.371
C11082,6,574.032,95.67200000000001
C11083,8,869.254,108.65675
C11084,3,452.629,150.87633333333335
C11085,5,295.884,59.1768
C11086,2,27.287,13.6435
C11088,8,1628.479,203.559875
C11089,6,1191.8609999999999,198.6435
C11090,3,334.06600000000003,111.35533333333335
C11091,6,188.51600000000002,31.419333333333338
C11092,1,113.58,113.58
C11093,6,2075.27,345.87833333333333
C11094,4,1190.372,297.593
C11095,3,2182.4485,727.4828333333334
C11096,6,742.9175,123.81958333333334
C11097,1,27.591,27.591
C11098,11,3185.6199999999994,289.60181818181815
C11099,4,72.08800000000001,18.022000000000002
C11100,9,1152.113,128.01255555555556
C11101,4,332.596,83.149
C11102,5,168.81599999999997,33.7632
C11103,1,157.29,157.29
C11104,7,2597.3914999999997,371.0559285714285
C11105,7,1098.134,156.87628571428573
C11106,2,225.1595,112.57975
C11107,2,1653.07,826.535
C11108,1,272.9,272.9
C11109,5,123.272,24.654400000000003
C11110,4,664.162,166.0405
C11111,2,132.85,66.425
C11112,6,654.747,109.1245
C11113,2,106.3955,53.19775
C11114,1,43.6,43.6
C11115,3,236.85000000000002,78.95
C11116,6,1137.0119999999997,189.50199999999995
C11117,4,242.65,60.6625
C11118,4,142.4315,35.607875
C11119,3,846.17,282.0566666666667
C11120,5,3084.406,616.8812
C11121,1,1176.36,1176.36
C11122,3,4028.3325,1342.7775
C11123,3,90.39699999999999,30.13233333333333
C11124,6,635.155,105.85916666666667
C11125,5,712.8975,142.5795
C11126,6,1517.926,252.98766666666666
C11127,4,652.2900000000001,163.07250000000002
C11128,3,603.46,201.15333333333334
C11129,10,1625.937,162.59369999999998
C11130,4,236.0935,59.023375
C11131,4,1326.0295,331.507375
C11132,6,1381.3465,230.22441666666668
C11133,3,232.273,77.42433333333334
C11134,7,2188.729,312.6755714285714
C11135,10,1835.9315000000001,183.59315
C11136,4,276.865,69.21625
C11137,4,1016.9569999999999,254.23924999999997
C11138,6,237.8765,39.64608333333333
C11139,2,154.25,77.125
C11140,4,530.61,132.6525
C11141,7,596.6385,85.23407142857143
C11142,1,100.58,100.58
C11143,5,594.299,118.85979999999999
C11144,3,1240.5069999999998,413.5023333333333
C11145,4,661.08,165.27
C11146,3,148.076,49.358666666666664
C11147,1,46.1225,46.1225
C11148,3,727.27,242.42333333333332
C11149,4,989.3050000000001,247.32625000000002
C11150,4,1140.913,285.22825
C11151,7,2540.692,362.956
C11152,4,307.8085,76.952125
C11153,2,301.6725,150.83625
C11154,6,2805.96,467.66
C11155,4,1764.444,441.111
C11156,6,580.7470000000001,96.79116666666668
C11157,2,44.590500000000006,22.295250000000003
C11158,4,404.7735,101.193375
C11159,6,760.113,126.6855
C11160,5,393.341,78.6682
C11161,8,691.5565,86.4445625
C11162,3,46.019999999999996,15.339999999999998
C11163,2,326.882,163.441
C11164,7,1011.858,144.55114285714285
C11165,6,221.475,36.9125
C11166,2,115.374,57.687
C11167,5,1318.7859999999998,263.75719999999995
C11168,5,233.075,46.614999999999995
C11169,8,1292.0430000000001,161.50537500000002
C11170,2,84.14999999999999,42.074999999999996
C11171,2,52.885999999999996,26.442999999999998
C11172,4,46.464,11.616
C11173,3,1592.536,530.8453333333333
C11174,3,222.351,74.117
C11175,1,11.08,11.08
C11176,8,735.0364999999999,91.87956249999999
C11177,6,1083.9859999999999,180.6643333333333
C11178,4,1113.2055,278.301375
C11179,5,398.643,79.7286
C11180,4,679.4165,169.854125
C11181,7,601.172,85.8817142857143
C11182,2,58.14,29.07
C11183,1,7.15,7.15
C11184,10,514.831,51.4831
C11185,5,821.5450000000001,164.30900000000003
C11186,6,551.558,91.92633333333333
C11187,5,1598.3004999999998,319.66009999999994
C11188,2,38.673,19.3365
C11189,5,4681.161,936.2322
C11190,2,50.137,25.0685
C11191,6,571.706,95.28433333333334
C11192,2,69.13,34.565
C11193,3,460.0850000000001,153.3616666666667
C11194,5,502.16499999999996,100.43299999999999
C11195,5,560.026,112.00519999999999
C11196,7,907.3125,129.61607142857142
C11197,3,294.52599999999995,98.17533333333331
C11198,5,441.56649999999996,88.3133
C11199,2,288.552,144.276
C11200,3,144.53,48.17666666666667
C11201,2,2008.12,1004.06
C11202,2,63.313,31.6565
C11203,6,180.8665,30.144416666666668
C11204,2,37.988,18.994
C11205,5,526.039,105.20779999999999
C11206,3,81.9945,27.331500000000002
C11207,6,282.706,47.11766666666667
C11208,5,726.2605,145.25209999999998
C11209,4,559.4345,139.858625
C11210,5,911.43,182.286
C11211,3,1360.6695,453.55649999999997
C11212,6,530.4945,88.41575
C11213,3,253.58350000000002,84.52783333333333
C11214,3,467.92,155.97333333333333
C11215,2,74.768,37.384
C11216,9,843.4465,93.71627777777778
C11217,7,413.65200000000004,59.093142857142865
C11218,6,451.805,75.30083333333333
C11219,2,693.2,346.6
C11220,6,149.529,24.921499999999998
C11221,3,645.83,215.27666666666667
C11222,5,528.4735000000001,105.69470000000001
C11223,3,40.6235,13.541166666666667
C11224,4,828.71,207.1775
C11225,7,2998.3855,428.3407857142857
C11226,2,597.1899999999999,298.59499999999997
C11227,1,58.26,58.26
C11228,3,289.179,96.39299999999999
C11229,5,654.8720000000001,130.9744
C11230,6,246.70399999999998,41.11733333333333
C11231,4,137.0145,34.253625
C11232,5,249.83900000000003,49.967800000000004
C11233,3,157.102,52.367333333333335
C11234,3,209.582,69.86066666666666
C11235,4,159.28,39.82
C11236,6,1288.1505,214.69174999999998
C11237,5,1356.87,271.37399999999997
C11238,6,1174.895,195.81583333333333
C11239,4,1086.892,271.723
C11240,6,879.9825,146.66375
C11241,7,751.838,107.40542857142857
C11242,6,1243.4375,207.23958333333334
C11243,7,1640.5185,234.3597857142857
C11244,8,2380.6865,297.5858125
C11245,6,2177.8360000000002,362.9726666666667
C11246,3,290.42199999999997,96.80733333333332
C11247,3,50.1125,16.704166666666666
C11248,4,521.8275,130.456875
C11249,5,831.4495,166.2899
C11250,7,254.7695,36.39564285714285
C11251,5,727.389,145.4778
C11252,7,600.8059999999999,85.82942857142856
C11253,4,522.609,130.65225
C11254,3,1507.954,502.6513333333333
C11255,4,55.927,13.98175
C11256,7,1893.27,270.46714285714285
C11257,6,247.849,41.308166666666665
C11258,4,558.0899999999999,139.52249999999998
C11259,4,153.9,38.475
C11260,3,30.990000000000002,10.33
C11261,1,167.18,167.18
C11262,5,978.723,195.7446
C11263,4,371.77750000000003,92.94437500000001
C11264,4,360.58,90.145
C11265,6,2061.9700000000003,343.6616666666667
C11266,3,879.8015,293.2671666666667
C11267,3,32.217999999999996,10.739333333333333
C11268,6,203.464,33.910666666666664
C11269,7,215.18200000000002,30.740285714285715
C11270,3,403.4685,134.4895
C11271,3,54.936499999999995,18.312166666666666
C11272,3,249.22,83.07333333333334
C11273,6,520.2535,86.70891666666667
C11274,5,1049.91,209.98200000000003
C11275,5,1965.2810000000002,393.05620000000005
C11276,4,321.6545,80.413625
C11277,1,123.79200000000002,123.79200000000002
C11278,6,695.173,115.86216666666667
C11279,4,132.802,33.2005
C11280,6,305.9875,50.99791666666667
C11281,3,294.182,98.06066666666668
C11282,2,172.41500000000002,86.20750000000001
C11283,9,742.721,82.52455555555555
C11284,6,1223.3235,203.88725
C11285,4,486.1895,121.547375
C11286,5,744.7945,148.9589
C11287,4,253.378,63.3445
C11288,2,506.73,253.365
C11289,5,2215.7799999999997,443.15599999999995
C11290,2,1850.421,925.2105
C11291,5,342.572,68.5144
C11292,6,630.9455,105.15758333333333
C11293,6,630.346,105.05766666666666
C11294,4,290.305,72.57625
C11295,6,2345.5460000000003,390.9243333333334
C11296,5,155.7,31.139999999999997
C11297,1,21.4035,21.4035
C11298,4,1467.5655,366.891375
C11299,7,871.94,124.56285714285715
C11300,6,1349.424,224.904
C11301,9,2102.142,233.5713333333333
C11302,3,1486.5819999999999,495.5273333333333
C11303,3,913.658,304.55266666666665
C11304,8,1009.3159999999999,126.16449999999999
C11305,6,571.862,95.31033333333333
C11306,5,331.1365,66.2273
C11307,5,522.14,104.428
C11308,7,1197.472,171.06742857142856
C11309,4,1315.661,328.91525
C11310,3,980.9035,326.9678333333333
C11311,5,153.66,30.732
C11312,7,456.77049999999997,65.25292857142857
C11313,2,255.3435,127.67175
C11314,5,787.9975,157.59949999999998
C11315,2,758.0295000000001,379.01475000000005
C11316,8,1567.8194999999998,195.97743749999998
C11317,3,416.742,138.91400000000002
C11318,4,182.598,45.6495
C11319,2,685.1400000000001,342.57000000000005
C11320,3,860.222,286.74066666666664
C11321,2,57.858000000000004,28.929000000000002
C11322,3,82.065,27.355
C11323,1,119.8245,119.8245
C11324,2,234.023,117.0115
C11325,5,1035.955,207.19099999999997
C11326,5,193.6255,38.7251
C11327,5,397.041,79.4082
C11328,1,15.156,15.156
C11329,5,287.637,57.5274
C11330,5,658.7045,131.7409
C11331,5,1240.0035,248.0007
C11332,7,739.759,105.67985714285714
C11333,4,659.5935,164.898375
C11334,4,878.9254999999998,219.73137499999996
C11335,2,971.6199999999999,485.80999999999995
C11336,3,575.3820000000001,191.794
C11337,2,228.44799999999998,114.22399999999999
C11338,3,46.879,15.626333333333333
C11339,1,165.57549999999998,165.57549999999998
C11340,3,266.9105,88.97016666666667
C11341,6,807.9105,134.65175
C11342,2,479.72,239.86
C11343,2,31.240000000000002,15.620000000000001
C11344,3,1229.9675,409.9891666666667
C11345,8,930.3165,116.2895625
C11347,1,57.2,57.2
C11348,5,854.248,170.8496
C11349,3,37.444,12.481333333333334
C11350,2,186.2515,93.12575
C11351,4,537.9399999999999,134.48499999999999
C11352,3,271.8675,90.6225
C11353,6,1227.728,204.62133333333335
C11354,6,971.7779999999999,161.963
C11355,4,648.504,162.126
C11356,5,568.709,113.74179999999998
C11357,8,891.5885000000001,111.44856250000001
C11358,4,1056.117,264.02925
C11359,9,1392.056,154.6728888888889
C11360,8,614.5705,76.8213125
C11361,7,1682.8600000000001,240.40857142857143
C11362,5,146.621,29.3242
C11363,7,629.4895,89.92707142857144
C11364,4,874.42,218.605
C11365,7,5036.309,719.4727142857143
C11366,1,137.49,137.49
C11367,2,37.883,18.9415
C11368,5,1119.546,223.9092
C11369,5,851.9085,170.3817
C11370,4,3494.1820000000002,873.5455000000001
C11371,3,751.3359999999999,250.4453333333333
C11372,1,46.85,46.85
C11373,1,109.53,109.53
C11374,4,1997.64,499.41
C11375,3,923.324,307.77466666666663
C11376,4,578.3860000000001,144.59650000000002
C11377,6,774.395,129.06583333333333
C11378,6,1477.015,246.16916666666668
C11379,4,106.0865,26.521625
C11380,3,216.145,72.04833333333333
C11381,7,1429.754,204.25057142857142
C11382,5,2412.4764999999998,482.49529999999993
C11383,2,2645.434,1322.717
C11384,5,777.6205,155.5241
C11385,2,540.9735,270.48675
C11386,4,542.321,135.58025
C11387,5,418.34000000000003,83.668
C11388,7,1621.3475,231.62107142857144
C11389,8,1510.2535,188.7816875
C11390,7,397.33299999999997,56.76185714285714
C11391,6,234.421,39.070166666666665
C11392,5,1927.2205,385.4441
C11393,1,98.28,98.28
C11394,8,2381.9995,297.7499375
C11395,4,589.807,147.45175
C11396,2,939.0429999999999,469.52149999999995
C11397,6,244.74300000000002,40.7905
C11398,2,718.95,359.475
C11399,4,1780.7755,445.193875
C11400,4,448.216,112.054
C11401,5,595.8349999999999,119.16699999999999
C11402,2,1046.1135,523.05675
C11403,7,2343.506,334.7865714285714
C11404,8,1398.94,174.8675
C11405,5,684.756,136.9512
C11406,2,2356.475,1178.2375
C11407,4,226.131,56.53275
C11408,5,381.346,76.2692
C11409,6,397.1355,66.18925
C11410,5,2080.319,416.0638
C11411,3,2582.8755,860.9585000000001
C11412,3,440.125,146.70833333333334
C11413,5,929.8385000000001,185.9677
C11414,1,162.06,162.06
C11415,3,2078.992,692.9973333333334
C11416,7,1118.454,159.77914285714286
C11417,7,1079.553,154.22185714285715
C11418,4,536.703,134.17575
C11419,5,708.0029999999999,141.6006
C11420,5,911.2719999999999,182.25439999999998
C11421,8,1516.46,189.5575
C11422,3,177.7055,59.235166666666665
C11423,4,884.9935,221.248375
C11424,4,299.411,74.85275
C11425,7,549.32,78.47428571428573
C11426,3,32.394999999999996,10.798333333333332
C11428,3,369.44,123.14666666666666
C11429,2,670.3199999999999,335.15999999999997
C11430,2,79.613,39.8065
C11431,4,295.9,73.975
C11432,4,797.3985,199.349625
C11434,1,15.27,15.27
C11435,2,91.46000000000001,45.730000000000004
C11436,8,758.793,94.849125
C11437,6,397.276,66.21266666666666
C11438,8,1326.735,165.841875
C11439,8,817.35,102.16875
C11440,9,2217.344,246.37155555555557
C11441,2,68.51,34.255
C11442,5,399.991,79.9982
C11443,3,288.74,96.24666666666667
C11444,2,27.42,13.71
C11445,6,902.735,150.45583333333335
C11446,9,1117.8065000000001,124.20072222222224
C11447,7,1425.1474999999998,203.59249999999997
C11448,2,338.029,169.0145
C11449,7,483.063,69.009
C11450,1,1861.68,1861.68
C11451,6,840.4435,140.07391666666666
C11452,4,121.00099999999999,30.250249999999998
C11453,1,49.88,49.88
C11454,3,179.082,59.693999999999996
C11455,3,1012.2539999999999,337.41799999999995
C11456,1,5.78,5.78
C11457,2,32.112,16.056
C11458,6,1689.4995,281.58324999999996
C11459,5,651.642,130.32840000000002
C11460,6,434.138,72.35633333333332
C11461,5,544.251,108.8502
C11462,7,901.221,128.74585714285715
C11463,3,335.984,111.99466666666666
C11464,5,252.551,50.5102
C11465,6,1124.33,187.38833333333332
C11466,6,562.423,93.73716666666667
C11467,2,89.93800000000002,44.96900000000001
C11468,5,177.1495,35.429899999999996
C11469,6,315.743,52.62383333333333
C11470,2,214.736,107.368
C11471,4,190.03,47.5075
C11472,4,474.836,118.709
C11473,9,1534.308,170.47866666666667
C11474,4,728.772,182.193
C11475,2,671.88,335.94
C11476,3,98.50999999999999,32.836666666666666
C11477,7,1795.8505,256.5500714285714
C11478,6,1130.5945000000002,188.43241666666668
C11479,4,114.89,28.7225
C11480,5,293.524,58.7048
C11481,4,667.211,166.80275
C11482,2,333.591,166.7955
C11483,2,13.303999999999998,6.651999999999999
C11484,3,88.771,29.590333333333334
C11485,5,137.883,27.576600000000003
C11486,6,653.268,108.878
C11487,3,184.48600000000002,61.49533333333334
C11488,5,386.1445,77.2289
C11490,2,74.79650000000001,37.398250000000004
C11491,2,222.83,111.415
C11492,3,775.0215,258.34049999999996
C11493,3,51.283500000000004,17.0945
C11494,6,428.803,71.46716666666667
C11495,5,304.497,60.8994
C11496,2,932.0355,466.01775
C11497,6,1382.8025,230.46708333333333
C11498,3,114.38300000000001,38.12766666666667
C11499,6,238.12699999999998,39.68783333333333
C11500,7,1366.0535,195.1505
C11501,4,271.52,67.88
C11502,8,746.297,93.287125
C11503,3,163.2165,54.405499999999996
C11504,6,1632.64,272.1066666666667
C11505,8,1045.2559999999999,130.65699999999998
C11506,4,236.76,59.19
C11507,4,261.772,65.443
C11508,3,723.4955,241.16516666666666
C11509,1,107.68,107.68
C11510,2,248.901,124.4505
C11511,3,721.9665,240.6555
C11513,4,323.583,80.89575
C11514,4,970.675,242.66875
C11515,5,125.0835,25.0167
C11516,4,541.2719999999999,135.31799999999998
C11517,7,1890.4555,270.06507142857146
C11518,4,701.176,175.294
C11519,3,141.1635,47.0545
C11520,2,72.27000000000001,36.135000000000005
C11521,8,827.707,103.463375
C11522,6,875.9825,145.99708333333334
C11523,7,789.2470000000001,112.74957142857144
C11524,4,129.339,32.33475
C11525,6,584.386,97.39766666666667
C11526,7,3343.5085,477.6440714285714
C11527,4,155.55,38.8875
C11528,5,938.7215,187.7443
C11529,8,373.154,46.64425
C11531,5,189.6815,37.9363
C11532,6,396.1995,66.03325
C11533,3,844.5965,281.5321666666667
C11534,3,206.9545,68.98483333333333
C11535,4,229.365,57.34125
C11536,2,17.64,8.82
C11537,7,1805.139,257.877
C11538,5,645.3475,129.0695
C11539,4,809.168,202.292
C11540,6,1127.334,187.889
C11541,2,118.72999999999999,59.364999999999995
C11542,7,238.988,34.14114285714286
C11543,8,223.0035,27.8754375
C11544,2,125.53,62.765
C11545,6,1625.6609999999998,270.9435
C11546,4,1431.1614999999997,357.7903749999999
C11547,3,366.79900000000004,122.26633333333335
C11548,7,396.5485,56.64978571428571
C11549,4,215.91949999999997,53.97987499999999
C11550,5,183.0145,36.6029
C11551,5,602.607,120.5214
C11552,4,506.8495,126.712375
C11553,7,1459.14,208.44857142857146
C11554,3,158.653,52.88433333333333
C11555,3,231.75250000000003,77.25083333333335
C11556,6,245.247,40.874500000000005
C11557,4,141.72,35.43
C11558,4,360.68249999999995,90.17062499999999
C11559,4,378.395,94.59875
C11560,7,2048.7935,292.68478571428574
C11561,7,1464.4015,209.20021428571428
C11562,4,640.0865,160.021625
C11563,4,998.521,249.63025
C11564,7,962.9454999999999,137.56364285714284
C11565,4,536.884,134.221
C11566,3,982.18,327.3933333333333
C11567,8,678.9014999999999,84.86268749999999
C11568,5,415.558,83.1116
C11569,2,216.22299999999998,108.11149999999999
C11570,6,380.416,63.40266666666667
C11571,7,659.77,94.25285714285714
C11572,4,537.544,134.386
C11573,13,576.6885,44.360653846153845
C11574,5,703.4285,140.6857
C11575,1,146.92,146.92
C11576,3,164.56,54.85333333333333
C11577,5,1961.2995,392.2599
C11578,4,1027.503,256.87575
C11579,3,303.22,101.07333333333334
C11580,1,289.446,289.446
C11581,3,286.9255,95.64183333333334
C11582,3,107.23,35.74333333333333
C11583,2,55.54,27.77
C11584,4,865.029,216.25725
C11585,7,2179.8935,311.41335714285714
C11586,3,444.7915,148.26383333333334
C11587,4,221.449,55.36225
C11588,4,214.7345,53.683625
C11589,5,418.808,83.7616
C11590,3,67.9115,22.63716666666667
C11591,4,373.373,93.34325
C11592,4,539.84,134.96
C11593,3,493.118,164.37266666666667
C11594,4,603.662,150.9155
C11595,2,145.39600000000002,72.69800000000001
C11596,7,289.6215,41.374500000000005
C11597,5,1297.8795,259.5759
C11598,2,190.33999999999997,95.16999999999999
C11600,3,78.7,26.233333333333334
C11601,10,580.7545,58.075450000000004
C11602,5,1699.448,339.88960000000003
C11603,4,321.795,80.44875
C11604,3,65.92699999999999,21.975666666666665
C11605,6,712.87,118.81166666666667
C11606,1,39.13,39.13
C11607,11,1107.71,100.7009090909091
C11608,3,484.482,161.494
C11609,2,64.92,32.46
C11610,3,1230.5720000000001,410.1906666666667
C11611,2,338.333,169.1665
C11612,4,356.173,89.04325
C11613,5,358.96349999999995,71.7927
C11614,4,302.878,75.7195
C11615,3,1054.4560000000001,351.48533333333336
C11616,4,538.265,134.56625
C11617,4,240.02800000000002,60.007000000000005
C11618,2,153.862,76.931
C11619,2,166.98000000000002,83.49000000000001
C11620,9,660.0025,73.33361111111111
C11621,5,81.211,16.2422
C11622,6,201.002,33.50033333333334
C11623,6,680.0715,113.34525000000001
C11624,4,530.223,132.55575
C11625,6,403.42949999999996,67.23825
C11626,3,76.838,25.612666666666666
C11627,6,422.92199999999997,70.487
C11628,3,71.88,23.959999999999997
C11629,10,1857.5339999999999,185.7534
C11630,5,827.2180000000001,165.4436
C11631,5,1835.6689999999999,367.13379999999995
C11632,3,925.4135,308.47116666666665
C11633,6,913.241,152.20683333333332
C11634,4,117.7125,29.428125
C11635,4,412.4225,103.105625
C11636,7,541.618,77.37400000000001
C11637,7,3765.8465,537.9780714285714
C11638,3,498.89000000000004,166.29666666666668
C11639,4,796.9864999999999,199.24662499999997
C11640,3,96.0645,32.021499999999996
C11641,4,1379.675,344.91875
C11642,2,61.287,30.6435
C11643,4,1136.845,284.21125
C11644,3,147.151,49.050333333333334
C11645,6,569.741,94.95683333333334
C11646,5,219.798,43.9596
C11647,5,605.971,121.1942
C11648,8,1260.9095000000002,157.61368750000003
C11649,3,110.323,36.77433333333333
C11650,1,131.46099999999998,131.46099999999998
C11651,4,189.832,47.458
C11652,3,516.049,172.01633333333334
C11653,3,307.94000000000005,102.64666666666669
C11654,5,239.72899999999998,47.9458
C11655,3,67.949,22.649666666666665
C11656,6,195.7835,32.630583333333334
C11657,4,264.67449999999997,66.16862499999999
C11658,7,2097.4535,299.6362142857143
C11659,2,22.6525,11.32625
C11660,7,1143.5515,163.3645
C11661,2,163.22,81.61
C11662,1,28.1295,28.1295
C11663,8,3112.388,389.0485
C11664,4,1155.662,288.9155
C11665,4,708.4325,177.108125
C11666,4,1055.094,263.7735
C11667,6,1091.3300000000002,181.88833333333335
C11668,4,1222.256,305.564
C11669,3,306.8195,102.27316666666667
C11670,4,219.93599999999998,54.983999999999995
C11671,4,3194.44,798.61
C11672,6,925.9770000000001,154.32950000000002
C11673,6,536.673,89.4455
C11674,7,1320.0255,188.57507142857142
C11675,6,461.448,76.908
C11676,5,647.992,129.5984
C11677,7,684.6495,97.80707142857143
C11678,4,320.111,80.02775
C11679,4,615.185,153.79625
C11680,4,393.963,98.49075
C11681,7,2392.942,341.8488571428571
C11682,6,2083.435,347.2391666666667
C11683,2,270.839,135.4195
C11684,1,768.65,768.65
C11685,5,3138.812,627.7624
C11686,7,919.1555,131.30792857142856
C11687,6,441.67,73.61166666666666
C11688,4,402.79549999999995,100.69887499999999
C11689,8,1367.0665,170.8833125
C11690,4,556.46,139.115
C11691,4,872.799,218.19975
C11692,3,1107.6100000000001,369.2033333333334
C11693,7,758.8555,108.40792857142857
C11694,4,238.477,59.61925
C11695,3,138.32500000000002,46.10833333333334
C11696,4,115.15,28.7875
C11697,3,1116.712,372.2373333333333
C11698,3,58.797000000000004,19.599
C11699,4,118.90350000000001,29.725875000000002
C11700,2,27.68,13.84
C11701,4,173.266,43.3165
C11702,7,1372.731,196.10442857142857
C11703,4,252.4415,63.110375
C11704,3,661.314,220.438
C11705,2,880.7660000000001,440.38300000000004
C11706,4,186.08799999999997,46.52199999999999
C11707,4,410.56,102.64
C11708,6,321.996,53.666
C11709,4,156.7465,39.186625
C11711,6,284.866,47.477666666666664
C11712,3,1354.31,451.43666666666667
C11713,4,544.9,136.225
C11714,5,533.401,106.68019999999999
C11715,5,644.1000000000001,128.82000000000002
C11716,8,1857.8484999999998,232.23106249999998
C11717,7,721.2785,103.03978571428571
C11718,5,1309.0065000000002,261.8013
C11719,5,4093.639,818.7278
C11720,4,339.021,84.75525
C11721,7,1197.295,171.04214285714286
C11722,3,696.7545000000001,232.25150000000005
C11723,4,952.4470000000001,238.11175000000003
C11724,11,1240.6265,112.78422727272728
C11725,8,3983.134,497.89175
C11726,2,87.06400000000001,43.532000000000004
C11727,2,394.86,197.43
C11728,2,43.160000000000004,21.580000000000002
C11729,1,126.44100000000002,126.44100000000002
C11730,1,3.496,3.496
C11731,2,109.377,54.6885
C11732,3,619.4449999999999,206.48166666666665
C11733,7,1840.2215,262.88878571428575
C11734,4,531.99,132.9975
C11735,3,138.97,46.32333333333333
C11736,4,498.6965,124.674125
C11737,3,167.23000000000002,55.74333333333334
C11738,2,258.8555,129.42775
C11739,3,1257.7875,419.2625
C11740,1,113.07,113.07
C11741,3,67.58,22.526666666666667
C11742,4,254.826,63.7065
C11743,2,43.43,21.715
C11744,5,312.702,62.5404
C11745,4,645.74,161.435
C11746,6,174.979,29.16316666666667
C11748,5,1351.62,270.32399999999996
C11749,9,2223.754,247.08377777777775
C11750,4,192.4645,48.116125
C11751,6,148.594,24.765666666666664
C11752,2,119.411,59.7055
C11753,9,3301.54,366.8377777777778
C11754,3,561.8645,187.28816666666668
C11755,6,555.7539999999999,92.62566666666665
C11756,4,1197.783,299.44575
C11757,7,857.117,122.4452857142857
C11758,4,274.825,68.70625
C11759,6,896.4720000000001,149.412
C11760,4,74.269,18.56725
C11761,4,412.657,103.16425
C11762,4,219.802,54.9505
C11763,5,738.4725,147.6945
C11764,5,661.7774999999999,132.35549999999998
C11765,2,89.625,44.8125
C11766,4,223.7555,55.938875
C11767,6,1897.327,316.22116666666665
C11768,1,36.03,36.03
C11769,2,24.375,12.1875
C11770,3,192.6515,64.21716666666667
C11771,5,196.839,39.3678
C11772,7,619.1759999999999,88.45371428571427
C11773,7,645.3315,92.19021428571429
C11774,5,4260.73,852.146
C11775,6,1208.783,201.46383333333333
C11776,6,874.111,145.68516666666667
C11777,5,205.76,41.152
C11778,4,262.499,65.62475
C11779,5,844.816,168.9632
C11780,5,801.143,160.2286
C11781,7,5635.553,805.079
C11782,5,670.6790000000001,134.13580000000002
C11783,2,81.45,40.725
C11784,2,102.246,51.123
C11785,5,1115.4475,223.0895
C11786,3,62.534499999999994,20.84483333333333
C11787,8,635.631,79.453875
C11788,3,112.8345,37.6115
C11789,5,536.185,107.237
C11790,4,185.15,46.2875
C11791,3,134.22199999999998,44.74066666666666
C11792,6,512.6835000000001,85.44725000000001
C11793,4,477.94,119.485
C11794,4,531.142,132.7855
C11795,2,88.788,44.394
C11796,4,318.87100000000004,79.71775000000001
C11797,6,1340.734,223.45566666666664
C11798,5,573.309,114.6618
C11799,5,440.52299999999997,88.10459999999999
C11800,2,569.785,284.8925
C11801,4,277.68449999999996,69.42112499999999
C11802,3,835.515,278.505
C11803,4,569.1455,142.286375
C11804,4,2101.9055000000003,525.4763750000001
C11806,6,3502.58,583.7633333333333
C11807,2,1236.686,618.343
C11808,3,176.943,58.981
C11809,5,1870.2264999999998,374.04529999999994
C11810,7,565.785,80.82642857142856
C11811,5,2544.7119999999995,508.9423999999999
C11812,4,877.23,219.3075
C11813,4,658.322,164.5805
C11814,6,3025.0489999999995,504.17483333333325
C11815,1,7.460999999999999,7.460999999999999
C11816,3,206.999,68.99966666666667
C11817,5,365.211,73.04220000000001
C11818,2,615.27,307.635
C11819,4,120.417,30.10425
C11820,3,280.142,93.38066666666667
C11821,3,225.07999999999998,75.02666666666666
C11822,3,3210.1145,1070.0381666666667
C11823,9,1125.6565,125.07294444444445
C11824,5,1130.069,226.0138
C11825,6,584.2565,97.37608333333333
C11826,2,1125.524,562.762
C11827,4,176.11950000000002,44.029875000000004
C11828,7,1584.1754999999998,226.3107857142857
C11829,3,343.80999999999995,114.60333333333331
C11830,5,966.2025000000001,193.24050000000003
C11831,3,125.4705,41.8235
C11832,4,1876.2379999999998,469.05949999999996
C11833,5,669.3925,133.8785
C11834,3,2345.81,781.9366666666666
C11835,4,1537.088,384.272
C11836,6,2840.2235,473.37058333333334
C11837,3,648.318,216.106
C11838,3,503.568,167.856
C11839,6,399.885,66.6475
C11840,6,557.8265,92.97108333333334
C11841,8,545.055,68.131875
C11842,7,881.7825,125.96892857142858
C11843,3,236.76149999999998,78.92049999999999
C11844,4,675.538,168.8845
C11845,7,1421.4805,203.06864285714283
C11846,5,252.37800000000001,50.4756
C11847,4,2898.2239999999997,724.5559999999999
C11848,8,463.769,57.971125
C11849,6,911.11,151.85166666666666
C11850,2,268.98,134.49
C11851,3,119.80000000000001,39.93333333333334
C11852,3,415.1,138.36666666666667
C11853,4,314.927,78.73175
C11854,7,3211.8875000000003,458.84107142857147
C11855,8,850.1804999999999,106.27256249999999
C11856,5,408.96450000000004,81.7929
C11857,7,214.598,30.656857142857145
C11858,5,664.4625,132.89249999999998
C11859,5,467.65599999999995,93.53119999999998
C11860,6,321.2955,53.54925
C11861,6,2171.38,361.8966666666667
C11862,1,47.7,47.7
C11863,6,441.5595,73.59325
C11864,3,197.843,65.94766666666666
C11865,8,1788.9155,223.6144375
C11866,5,176.194,35.2388
C11867,3,1727.95,575.9833333333333
C11868,6,697.946,116.32433333333334
C11869,5,384.9365,76.9873
C11870,3,269.24300000000005,89.74766666666669
C11871,3,229.248,76.416
C11872,6,1276.796,212.79933333333335
C11873,4,575.985,143.99625
C11874,3,2103.306,701.102
C11875,7,483.42749999999995,69.06107142857142
C11876,8,798.868,99.8585
C11877,5,2192.7385,438.54769999999996
C11878,5,1310.356,262.0712
C11879,4,792.8515,198.212875
C11880,3,207.574,69.19133333333333
C11881,7,992.3795,141.7685
C11882,2,441.548,220.774
C11883,2,148.578,74.289
C11884,9,1599.058,177.6731111111111
C11885,6,1433.8,238.96666666666667
C11886,4,346.17150000000004,86.54287500000001
C11887,6,393.15099999999995,65.52516666666666
C11888,3,103.652,34.550666666666665
C11889,2,81.13300000000001,40.566500000000005
C11890,4,3283.7464999999997,820.9366249999999
C11891,3,568.7750000000001,189.5916666666667
C11892,6,2195.21,365.86833333333334
C11893,8,3145.2574999999997,393.15718749999996
C11894,6,1902.376,317.06266666666664
C11895,4,160.33,40.0825
C11896,9,1060.412,117.82355555555556
C11897,5,2751.1195000000002,550.2239000000001
C11898,1,26.486,26.486
C11899,3,1835.7,611.9
C11900,4,94.947,23.73675
C11901,2,27.921,13.9605
C11902,4,751.9739999999999,187.99349999999998
C11903,6,2987.13,497.855
C11904,5,363.03150000000005,72.6063
C11905,3,606.141,202.047
C11906,6,369.041,61.50683333333333
C11907,7,1127.548,161.07828571428573
C11908,6,652.085,108.68083333333334
C11909,6,370.584,61.764
C11910,7,1566.457,223.77957142857144
C11911,1,61.02,61.02
C11912,4,1245.4585,311.364625
C11913,5,769.0459999999999,153.80919999999998
C11914,7,2088.4449999999997,298.34928571428566
C11915,3,105.84299999999999,35.281
C11916,5,2590.98,518.196
C11917,6,757.1740000000001,126.19566666666668
C11918,6,1462.0565,243.6760833333333
C11919,4,982.544,245.636
C11920,4,237.15949999999998,59.289874999999995
C11921,1,16.6,16.6
C11922,4,137.92499999999998,34.481249999999996
C11923,2,182.5485,91.27425
C11924,3,359.746,119.91533333333332
C11925,7,2548.648,364.09257142857143
C11926,4,342.3535,85.588375
C11927,4,791.974,197.9935
C11928,6,1486.873,247.81216666666668
C11929,7,695.944,99.42057142857142
C11930,2,190.108,95.054
C11931,5,1063.487,212.69740000000002
C11932,6,264.519,44.0865
C11933,4,410.6655,102.666375
C11934,3,173.53,57.843333333333334
C11935,3,460.697,153.56566666666666
C11936,5,436.46899999999994,87.29379999999999
C11937,3,440.28999999999996,146.76333333333332
C11938,5,938.624,187.72480000000002
C11939,7,466.9295,66.70421428571429
C11940,2,187.41,93.705
C11941,3,75.6435,25.2145
C11942,5,291.971,58.3942
C11943,6,1911.3270000000002,318.5545
C11944,4,252.073,63.01825
C11945,3,97.90050000000001,32.633500000000005
C11946,7,932.49,133.21285714285713
C11947,5,434.6465,86.9293
C11948,5,128.9435,25.7887
C11949,4,205.15,51.2875
C11950,4,735.7639999999999,183.94099999999997
C11951,3,423.8,141.26666666666668
C11952,3,5248.67,1749.5566666666666
C11953,4,296.29650000000004,74.07412500000001
C11954,1,188.66,188.66
C11955,6,151.0155,25.16925
C11956,6,204.12,34.02
C11957,3,1097.193,365.731
C11958,5,1295.25,259.05
C11959,4,422.8229999999999,105.70574999999998
C11960,6,783.793,130.63216666666668
C11961,2,35.992999999999995,17.996499999999997
C11963,6,1002.59,167.09833333333333
C11964,2,452.546,226.273
C11965,2,365.94,182.97
C11966,3,102.9925,34.33083333333334
C11967,6,499.719,83.2865
C11968,3,44.74,14.913333333333334
C11969,6,2938.0145,489.6690833333334
C11970,6,586.4860000000001,97.74766666666669
C11971,4,195.80749999999998,48.951874999999994
C11972,5,1403.616,280.7232
C11973,7,1282.266,183.18085714285715
C11974,1,105.944,105.944
C11975,5,796.9745,159.3949
C11976,6,452.6185,75.43641666666666
C11977,8,833.0015,104.1251875
C11978,2,46.324,23.162
C11979,5,624.3,124.85999999999999
C11980,3,1692.718,564.2393333333333
C11981,2,102.08000000000001,51.040000000000006
C11982,9,968.5765,107.61961111111111
C11983,1,43.78,43.78
C11984,4,857.4680000000001,214.36700000000002
C11985,5,672.495,134.499
C11986,11,1149.265,104.47863636363637
C11987,7,853.884,121.98342857142858
C11988,4,560.22,140.055
C11989,3,479.53800000000007,159.84600000000003
C11990,4,1417.696,354.424
C11991,5,420.6115,84.1223
C11992,4,92.4795,23.119875
C11993,4,438.78999999999996,109.69749999999999
C11994,4,867.9000000000001,216.97500000000002
C11995,5,656.1954999999999,131.23909999999998
C11996,9,596.294,66.25488888888889
C11997,3,273.40999999999997,91.13666666666666
C11998,5,347.659,69.5318
C11999,4,139.137,34.78425
C12000,4,957.808,239.452
C12001,4,168.025,42.00625
C12002,4,153.2,38.3
C12003,5,1035.4595,207.09189999999998
C12004,4,118.089,29.52225
C12005,3,137.45000000000002,45.81666666666667
C12006,3,110.655,36.885
C12007,6,1533.1175,255.51958333333334
C12008,2,368.449,184.2245
C12009,2,183.46849999999998,91.73424999999999
C12010,4,943.845,235.96125
C12011,5,381.97700000000003,76.39540000000001
C12012,3,124.78999999999999,41.596666666666664
C12013,2,189.44,94.72
C12014,5,1639.045,327.809
C12015,6,258.428,43.071333333333335
C12016,4,368.139,92.03475
C12017,3,444.41999999999996,148.14
C12018,2,375.1605,187.58025
C12019,3,762.3165,254.1055
C12020,2,40.014,20.007
C12021,5,1828.433,365.6866
C12022,4,375.99,93.9975
C12023,2,486.032,243.016
C12024,6,417.26599999999996,69.54433333333333
C12025,4,3451.169,862.79225
C12026,6,4781.6365000000005,796.9394166666667
C12027,5,340.6595,68.1319
C12028,7,696.755,99.53642857142857
C12029,2,46.201,23.1005
C12030,5,159.48450000000003,31.896900000000006
C12031,4,1467.207,366.80175
C12032,6,1788.8609999999999,298.14349999999996
C12033,5,382.71999999999997,76.544
C12035,6,1059.0769999999998,176.5128333333333
C12036,2,153.834,76.917
C12037,4,400.965,100.24125
C12038,6,645.0085,107.50141666666667
C12039,4,1840.0055000000002,460.00137500000005
C12040,8,621.6859999999999,77.71074999999999
C12041,5,709.745,141.949
C12042,7,993.938,141.99114285714285
C12043,2,1033.334,516.667
C12044,6,805.412,134.23533333333333
C12045,5,195.8985,39.179700000000004
C12046,5,258.378,51.675599999999996
C12047,6,958.0084999999999,159.66808333333333
C12048,5,1825.4975,365.0995
C12049,4,228.182,57.0455
C12050,4,256.2,64.05
C12051,5,604.961,120.9922
C12052,4,433.395,108.34875
C12053,5,370.613,74.1226
C12054,4,165.3625,41.340625
C12055,4,420.1475,105.036875
C12056,10,1274.5125,127.45125
C12057,2,60.8,30.4
C12058,3,1481.61,493.86999999999995
C12059,5,1259.06,251.81199999999998
C12060,6,1003.2785,167.21308333333334
C12061,4,55.138,13.7845
C12062,5,292.14,58.428
C12063,10,2010.7759999999998,201.0776
C12064,9,2012.8094999999998,223.64549999999997
C12065,7,1137.433,162.49042857142857
C12066,3,565.601,188.53366666666668
C12067,2,1830.5800000000002,915.2900000000001
C12068,6,2214.072,369.012
C12069,1,29.336,29.336
C12070,6,1312.0515,218.67525
C12071,1,191.94,191.94
C12072,6,709.096,118.18266666666666
C12073,6,323.7385,53.95641666666666
C12074,6,796.8505,132.80841666666666
C12075,3,593.127,197.70899999999997
C12076,7,630.0525,90.00750000000001
C12077,3,464.16,154.72
C12078,6,220.329,36.7215
C12079,7,972.991,138.99871428571427
C12080,3,291.69599999999997,97.23199999999999
C12081,5,153.06550000000001,30.613100000000003
C12082,3,1778.293,592.7643333333333
C12083,3,907.2084999999998,302.40283333333326
C12084,2,104.67149999999998,52.33574999999999
C12085,2,761.468,380.734
C12086,5,196.518,39.3036
C12087,2,168.52,84.26
C12088,2,930.846,465.423
C12089,4,689.2635,172.315875
C12090,4,427.528,106.882
C12091,4,2051.738,512.9345
C12092,3,77.90799999999999,25.969333333333328
C12093,4,815.31,203.8275
C12094,2,225.43200000000002,112.71600000000001
C12095,3,1062.8569999999997,354.2856666666666
C12096,6,105.3315,17.55525
C12097,2,57.69200000000001,28.846000000000004
C12098,3,56.668,18.889333333333333
C12099,3,1163.136,387.712
C12100,6,430.08549999999997,71.68091666666666
C12101,6,691.5385,115.25641666666667
C12102,5,633.963,126.7926
C12103,6,291.0195,48.50325
C12104,3,124.6995,41.5665
C12105,7,1317.8455,188.26364285714286
C12106,4,285.841,71.46025
C12107,3,499.26699999999994,166.4223333333333
C12108,3,398.6905,132.89683333333332
C12109,6,2121.0699999999997,353.5116666666666
C12110,3,48.874,16.291333333333334
C12111,1,490.25,490.25
C12112,3,320.571,106.85700000000001
C12113,4,1825.5144999999998,456.37862499999994
C12114,6,1512.532,252.08866666666665
C12115,5,1351.0915,270.2183
C12116,3,350.38,116.79333333333334
C12117,2,126.8915,63.44575
C12118,5,623.7125000000001,124.74250000000002
C12120,5,3002.3349999999996,600.4669999999999
C12121,7,890.8,127.25714285714285
C12122,6,646.5400000000001,107.75666666666667
C12123,4,173.30599999999998,43.326499999999996
C12124,3,261.298,87.09933333333333
C12125,6,1370.856,228.476
C12126,6,1606.4425,267.7404166666667
C12127,2,318.94,159.47
C12128,4,3554.9120000000003,888.7280000000001
C12129,3,797.9965000000001,265.9988333333334
C12130,3,129.14999999999998,43.04999999999999
C12131,3,114.31949999999999,38.1065
C12132,4,102.97200000000001,25.743000000000002
C12133,1,572.66,572.66
C12134,8,546.8425,68.3553125
C12135,6,907.883,151.31383333333335
C12136,1,89.17,89.17
C12137,2,103.97,51.985
C12138,4,522.788,130.697
C12139,3,154.83,51.61000000000001
C12140,1,57.361,57.361
C12141,1,5.39,5.39
C12142,5,1605.6815,321.1363
C12143,6,361.465,60.244166666666665
C12144,5,2949.0350000000003,589.807
C12146,4,658.715,164.67875
C12147,5,724.0174999999999,144.80349999999999
C12148,6,710.677,118.44616666666667
C12149,2,73.539,36.7695
C12150,2,176.118,88.059
C12151,5,934.188,186.8376
C12152,3,217.99600000000004,72.66533333333335
C12153,4,578.8045000000001,144.70112500000002
C12154,5,373.11,74.622
C12155,5,574.3934999999999,114.87869999999998
C12156,10,2866.31,286.631
C12157,2,168.24,84.12
C12158,10,3223.8125,322.38125
C12159,5,2560.0364999999997,512.0073
C12160,6,1538.09,256.3483333333333
C12161,7,323.79200000000003,46.25600000000001
C12162,4,394.695,98.67375
C12163,6,2878.1634999999997,479.6939166666666
C12164,3,201.1,67.03333333333333
C12165,4,198.199,49.54975
C12166,3,267.9175,89.30583333333334
C12167,3,212.85399999999998,70.95133333333332
C12168,1,7.846999999999999,7.846999999999999
C12169,6,584.4255,97.40425
C12170,6,279.2685,46.54475
C12171,2,76.238,38.119
C12172,6,1394.4115,232.40191666666666
C12173,2,50.0175,25.00875
C12174,2,24.9645,12.48225
C12175,5,522.648,104.5296
C12176,4,170.17700000000002,42.544250000000005
C12177,2,54.69,27.345
C12178,4,724.9979999999999,181.24949999999998
C12179,6,2593.181,432.19683333333336
C12180,4,725.03,181.2575
C12181,5,237.64749999999998,47.5295
C12182,3,47.861,15.953666666666665
C12183,2,218.417,109.2085
C12184,1,17.71,17.71
C12185,5,252.172,50.4344
C12186,4,561.938,140.4845
C12187,3,511.64,170.54666666666665
C12188,6,1417.14,236.19000000000003
C12189,1,61.514500000000005,61.514500000000005
C12190,8,3401.642,425.20525
C12191,3,812.65,270.8833333333333
C12192,3,707.408,235.80266666666668
C12193,2,1093.189,546.5945
C12194,9,1757.044,195.22711111111113
C12195,3,465.2255,155.07516666666666
C12196,8,2927.7375,365.9671875
C12197,3,176.82999999999998,58.94333333333333
C12198,4,292.182,73.0455
C12199,2,411.02,205.51
C12200,4,1186.41,296.6025
C12201,2,55.650000000000006,27.825000000000003
C12202,4,644.6205,161.155125
C12203,5,2543.7380000000003,508.74760000000003
C12204,5,374.094,74.8188
C12205,4,308.94849999999997,77.23712499999999
C12206,3,635.031,211.677
C12207,4,534.181,133.54525
C12208,5,1136.4089999999999,227.28179999999998
C12209,4,946.2700000000001,236.56750000000002
C12210,3,397.469,132.48966666666666
C12211,6,443.334,73.889
C12212,7,726.2305,103.74721428571429
C12213,2,103.786,51.893
C12214,1,13.356,13.356
C12215,4,831.9555,207.988875
C12216,3,590.724,196.90800000000002
C12217,5,731.4820000000001,146.2964
C12218,3,692.4259999999999,230.80866666666665
C12219,3,650.3399999999999,216.77999999999997
C12220,6,467.8075,77.96791666666667
C12221,1,338.24,338.24
C12222,2,61.269000000000005,30.634500000000003
C12223,6,680.822,113.47033333333333
C12224,6,925.3874999999999,154.23125
C12225,4,178.85100000000003,44.71275000000001
C12226,6,598.3125,99.71875
C12227,2,186.51799999999997,93.25899999999999
C12228,6,304.631,50.771833333333326
C12229,1,136.449,136.449
C12230,3,315.597,105.199
C12231,3,177.8755,59.29183333333333
C12232,1,197.964,197.964
C12233,8,655.796,81.9745
C12234,5,482.48999999999995,96.49799999999999
C12235,4,108.909,27.22725
C12236,1,335.55,335.55
C12237,3,292.7175,97.57249999999999
C12238,2,101.864,50.932
C12239,3,299.4445,99.81483333333334
C12240,3,1046.874,348.958
C12241,6,332.47,55.41166666666667
C12242,4,1268.1005,317.025125
C12243,8,512.0075,64.0009375
C12244,3,292.5,97.5
C12245,3,549.961,183.32033333333334
C12246,5,310.50300000000004,62.10060000000001
C12247,2,103.548,51.774
C12248,7,389.4605,55.637214285714286
C12249,4,340.29200000000003,85.07300000000001
C12250,1,23.256,23.256
C12251,4,550.6285,137.657125
C12252,2,1394.832,697.416
C12253,4,432.863,108.21575
C12254,2,90.187,45.0935
C12255,4,587.279,146.81975
C12256,8,574.312,71.789
C12257,3,979.5485,326.51616666666666
C12258,7,2906.0805,415.1543571428571
C12259,5,283.48,56.696000000000005
C12260,3,4176.94,1392.3133333333333
C12261,8,914.21,114.27625
C12262,4,635.218,158.8045
C12263,6,3259.665,543.2775
C12264,5,345.242,69.0484
C12265,6,2205.2954999999997,367.54925
C12266,1,898.212,898.212
C12267,6,687.9380000000001,114.65633333333335
C12268,5,736.8045,147.3609
C12269,5,392.996,78.5992
C12270,2,165.05900000000003,82.52950000000001
C12271,3,266.747,88.91566666666667
C12272,4,659.4549999999999,164.86374999999998
C12273,4,683.2339999999999,170.80849999999998
C12274,6,237.008,39.501333333333335
C12275,2,206.9,103.45
C12276,4,123.557,30.88925
C12277,3,215.19299999999998,71.731
C12278,4,2447.4120000000003,611.8530000000001
C12279,5,426.41799999999995,85.28359999999999
C12280,6,622.2289999999999,103.70483333333333
C12281,3,98.0725,32.69083333333334
C12282,5,1574.276,314.8552
C12283,3,1491.299,497.0996666666667
C12284,3,1109.064,369.68800000000005
C12285,5,349.6415,69.92830000000001
C12286,4,1153.9575,288.489375
C12287,2,279.702,139.851
C12288,3,111.01100000000001,37.00366666666667
C12289,4,246.291,61.57275
C12290,6,931.565,155.26083333333335
C12291,7,1862.44,266.0628571428571
C12292,6,538.2665,89.71108333333332
C12293,4,386.73,96.6825
C12294,6,2302.725,383.78749999999997
C12295,5,745.2645,149.0529
C12296,9,1444.417,160.49077777777777
C12297,6,623.0895,103.84825000000001
C12298,2,61.39349999999999,30.696749999999994
C12299,4,276.13849999999996,69.03462499999999
C12300,3,270.56,90.18666666666667
C12301,1,25.48,25.48
C12302,5,1495.48,299.096
C12303,4,647.809,161.95225
C12304,4,497.71200000000005,124.42800000000001
C12305,3,2038.162,679.3873333333333
C12306,4,91.559,22.88975
C12307,3,83.54100000000001,27.847000000000005
C12308,1,27.0,27.0
C12309,2,488.79,244.395
C12310,3,565.0605,188.35350000000003
C12311,9,1997.2134999999998,221.9126111111111
C12312,1,42.28,42.28
C12313,4,281.734,70.4335
C12314,3,189.844,63.28133333333333
C12315,2,247.62400000000002,123.81200000000001
C12316,2,194.93,97.465
C12317,2,392.35200000000003,196.17600000000002
C12318,2,125.59,62.795
C12319,2,90.99000000000001,45.495000000000005
C12320,4,189.41649999999998,47.354124999999996
C12321,5,192.2685,38.4537
C12322,7,718.039,102.577
C12323,3,251.103,83.70100000000001
C12324,9,1508.99,167.66555555555556
C12325,1,370.65,370.65
C12326,6,204.869,34.14483333333333
C12327,6,1093.1815000000001,182.19691666666668
C12328,1,52.68299999999999,52.68299999999999
C12329,6,609.868,101.64466666666668
C12330,6,1031.8235,171.97058333333334
C12331,4,827.6264999999999,206.90662499999996
C12332,5,573.0285,114.6057
C12333,2,154.64999999999998,77.32499999999999
C12334,4,420.1575,105.039375
C12335,4,397.6740000000001,99.41850000000002
C12336,4,1401.2005,350.300125
C12337,7,1443.555,206.22214285714287
C12338,5,649.588,129.9176
C12339,6,157.85299999999998,26.30883333333333
C12340,6,385.98249999999996,64.33041666666666
C12341,3,1076.117,358.7056666666667
C12342,3,1070.579,356.85966666666667
C12343,6,792.5174999999999,132.08624999999998
C12344,2,217.9435,108.97175
C12345,3,132.009,44.00299999999999
C12346,2,85.503,42.7515
C12347,5,812.3235,162.4647
C12348,6,1787.25,297.875
C12349,9,1325.8025,147.3113888888889
C12350,4,1676.41,419.1025
C12351,2,558.75,279.375
C12352,7,1324.625,189.23214285714286
C12353,1,331.48,331.48
C12354,6,521.4345000000001,86.90575000000001
C12355,9,801.375,89.04166666666667
C12356,3,624.3499999999999,208.11666666666665
C12357,4,626.327,156.58175
C12358,2,439.142,219.571
C12359,3,274.0095,91.3365
C12360,2,449.49600000000004,224.74800000000002
C12361,3,372.7975,124.26583333333333
C12362,2,1177.942,588.971
C12363,4,797.1315000000001,199.28287500000002
C12364,7,1322.3665,188.9095
C12365,5,558.595,111.71900000000001
C12366,5,2324.04,464.808
C12367,9,1494.9424999999999,166.10472222222222
C12368,6,906.62,151.10333333333332
C12369,6,150.2695,25.044916666666666
C12370,2,514.456,257.228
C12371,7,2611.4475,373.0639285714286
C12372,5,1027.162,205.4324
C12373,3,110.07,36.69
C12374,4,661.4939999999999,165.37349999999998
C12375,3,242.6,80.86666666666666
C12376,6,587.1800000000001,97.86333333333334
C12377,6,830.609,138.43483333333333
C12378,4,439.284,109.821
C12379,6,1336.3705,222.72841666666667
C12380,3,1813.8000000000002,604.6
C12381,9,2882.221,320.24677777777777
C12382,5,378.1655,75.6331
C12383,2,296.75800000000004,148.37900000000002
C12384,4,699.2505,174.812625
C12385,2,49.91,24.955
C12386,5,383.72249999999997,76.74449999999999
C12387,3,192.15,64.05
C12389,3,1286.7849999999999,428.9283333333333
C12390,4,486.21250000000003,121.55312500000001
C12391,4,710.6355,177.658875
C12392,4,131.0265,32.756625
C12393,2,27.321,13.6605
C12394,4,1152.007,288.00175
C12395,6,1510.436,251.73933333333332
C12396,5,887.1715,177.4343
C12397,8,1279.0159999999998,159.87699999999998
C12398,5,890.3644999999999,178.07289999999998
C12399,3,734.155,244.71833333333333
C12400,3,426.58000000000004,142.19333333333336
C12401,5,710.1564999999999,142.0313
C12402,3,120.21799999999999,40.07266666666666
C12403,4,597.658,149.4145
C12404,2,128.906,64.453
C12405,1,21.539,21.539
C12406,1,23.56,23.56
C12407,5,540.819,108.1638
C12408,2,832.652,416.326
C12409,3,727.71,242.57000000000002
C12410,5,270.9955,54.1991
C12411,4,1028.9645,257.241125
C12412,3,659.06,219.68666666666664
C12413,7,847.7255,121.10364285714286
C12414,3,594.17,198.05666666666664
C12415,12,1299.125,108.26041666666667
C12416,5,1302.399,260.47979999999995
C12417,3,545.88,181.96
C12418,4,359.737,89.93425
C12419,6,2032.463,338.7438333333333
C12420,1,583.89,583.89
C12421,6,779.879,129.97983333333335
C12422,8,1250.9620000000002,156.37025000000003
C12423,6,780.653,130.10883333333334
C12424,3,284.327,94.77566666666667
C12425,2,14.37,7.185
C12426,6,457.0085,76.16808333333334
C12427,5,6480.159000000001,1296.0318000000002
C12428,8,743.732,92.9665
C12429,6,571.9075,95.31791666666668
C12430,5,1343.1439999999998,268.62879999999996
C12431,6,1083.86,180.64333333333332
C12432,5,704.183,140.8366
C12433,6,277.297,46.21616666666667
C12434,4,1944.343,486.08575
C12435,4,654.554,163.6385
C12436,3,662.0039999999999,220.66799999999998
C12437,3,980.014,326.67133333333334
C12438,6,842.8135,140.46891666666667
C12439,3,82.6345,27.544833333333333
C12440,5,4368.684,873.7368
C12441,4,174.35399999999998,43.588499999999996
C12442,4,313.8045,78.451125
C12443,5,1342.2795,268.45590000000004
C12444,3,260.356,86.78533333333333
C12445,4,845.5405000000001,211.38512500000002
C12446,9,1005.16,111.68444444444444
C12447,3,230.673,76.891
C12448,5,616.326,123.26520000000001
C12449,5,1681.6125,336.3225
C12450,2,958.73,479.365
C12451,5,162.63,32.525999999999996
C12452,6,631.995,105.3325
C12453,1,42.13,42.13
C12454,3,149.53,49.843333333333334
C12455,3,322.28000000000003,107.42666666666668
C12456,3,145.906,48.635333333333335
C12457,2,65.8045,32.90225
C12458,1,1115.9640000000002,1115.9640000000002
C12459,3,411.34700000000004,137.11566666666667
C12460,6,293.62850000000003,48.93808333333334
C12461,6,1136.9065,189.48441666666668
C12462,5,634.0,126.8
C12463,4,284.40200000000004,71.10050000000001
C12464,1,1.634,1.634
C12465,3,41.841499999999996,13.947166666666666
C12466,9,843.3000000000001,93.7
C12467,4,1247.266,311.8165
C12468,5,463.4495,92.6899
C12469,4,605.14,151.285
C12470,3,409.904,136.63466666666667
C12471,3,1572.4954999999998,524.1651666666666
C12472,6,3373.9900000000002,562.3316666666667
C12473,4,1051.365,262.84125
C12474,6,518.6220000000001,86.43700000000001
C12475,6,267.221,44.536833333333334
C12476,4,54.156499999999994,13.539124999999999
C12477,3,612.496,204.16533333333334
C12478,2,217.78299999999996,108.89149999999998
C12479,3,936.7795,312.25983333333335
C12480,4,309.49199999999996,77.37299999999999
C12481,3,234.03400000000002,78.01133333333334
C12482,5,574.098,114.8196
C12483,3,134.518,44.839333333333336
C12484,2,727.69,363.845
C12485,3,973.343,324.44766666666663
C12486,5,184.7985,36.9597
C12487,2,29.6015,14.80075
C12488,5,621.1695,124.23389999999999
C12489,4,348.916,87.229
C12490,5,70.945,14.188999999999998
C12491,5,239.865,47.973
C12492,4,575.1700000000001,143.79250000000002
C12493,5,406.421,81.2842
C12494,7,1263.7615,180.53735714285716
C12495,2,45.917500000000004,22.958750000000002
C12496,3,80.114,26.704666666666668
C12497,3,500.594,166.86466666666666
C12498,2,756.585,378.2925
C12499,4,403.232,100.808
C12500,6,731.9604999999999,121.99341666666665
C12501,4,1894.5420000000001,473.63550000000004
C12502,6,96.3285,16.054750000000002
C12503,5,583.3355,116.6671
C12504,7,385.474,55.06771428571428
C12505,3,569.5875000000001,189.86250000000004
C12506,7,317.32,45.33142857142857
C12507,3,58.571,19.523666666666667
C12508,2,384.05,192.025
C12509,2,59.692,29.846
C12510,3,200.11499999999998,66.705
C12511,10,2737.6825,273.76824999999997
C12512,4,1341.1664999999998,335.29162499999995
C12513,5,286.26800000000003,57.253600000000006
C12514,4,1277.74,319.435
C12515,5,632.489,126.49780000000001
C12516,1,4.38,4.38
C12517,2,1119.5155,559.75775
C12518,1,1087.18,1087.18
C12519,1,6.524,6.524
C12520,4,309.28950000000003,77.32237500000001
C12521,8,781.3185,97.6648125
C12522,1,20.385,20.385
C12523,6,3840.0845,640.0140833333334
C12524,5,380.93100000000004,76.18620000000001
C12525,5,1601.0565000000001,320.21130000000005
C12526,4,542.5225,135.630625
C12527,6,2872.3819999999996,478.73033333333325
C12528,5,1023.372,204.6744
C12529,7,1573.653,224.80757142857144
C12530,5,700.1925000000001,140.03850000000003
C12531,5,134.683,26.9366
C12532,3,319.2865,106.42883333333333
C12533,2,1605.37,802.685
C12534,1,2.718,2.718
C12535,2,152.41,76.205
C12536,5,484.1255,96.82509999999999
C12537,3,275.27,91.75666666666666
C12538,7,1443.155,206.165
C12539,5,622.371,124.4742
C12540,2,510.3595,255.17975
C12541,4,162.252,40.563
C12542,4,518.0185,129.504625
C12543,2,437.01,218.505
C12544,5,256.8515,51.3703
C12545,3,996.0,332.0
C12546,5,391.3835,78.2767
C12547,3,619.115,206.37166666666667
C12548,4,740.0975000000001,185.02437500000002
C12549,3,23.677,7.892333333333333
C12550,7,3466.4685,495.2097857142857
C12551,6,776.343,129.3905
C12552,6,539.993,89.99883333333334
C12553,6,1620.5385,270.08975000000004
C12554,1,97.19,97.19
C12555,6,730.6619999999999,121.77699999999999
C12556,8,2576.5495,322.0686875
C12557,5,712.5105000000001,142.5021
C12558,8,889.8575,111.2321875
C12559,2,147.97,73.985
C12560,5,840.6099999999999,168.12199999999999
C12561,2,299.79400000000004,149.89700000000002
C12562,9,2612.908,290.3231111111111
C12563,5,537.7814999999999,107.5563
C12564,3,191.517,63.839
C12565,5,361.92600000000004,72.38520000000001
C12566,5,1147.08,229.416
C12567,7,3616.0845,516.5835
C12568,9,1979.8664999999999,219.98516666666666
C12569,4,1129.8745,282.468625
C12570,5,263.891,52.778200000000005
C12571,2,81.177,40.5885
C12572,2,63.6055,31.80275
C12573,2,498.65999999999997,249.32999999999998
C12574,3,307.8775,102.62583333333333
C12575,6,3157.0220000000004,526.1703333333334
C12576,4,113.25999999999999,28.314999999999998
C12577,5,1553.835,310.767
C12578,2,70.48500000000001,35.24250000000001
C12579,2,104.56,52.28
C12580,3,83.5145,27.838166666666666
C12581,8,1299.5705,162.4463125
C12582,4,415.8435,103.960875
C12583,4,461.784,115.446
C12584,5,1009.6225,201.9245
C12585,1,8.160499999999999,8.160499999999999
C12586,3,140.07999999999998,46.69333333333333
C12587,5,1098.4055,219.68110000000001
C12588,2,134.03,67.015
C12589,3,314.81,104.93666666666667
C12590,6,1074.9635,179.16058333333334
C12591,5,814.874,162.97480000000002
C12592,1,30.0675,30.0675
C12593,7,217.7135,31.101928571428573
C12594,5,869.6845000000001,173.9369
C12595,2,170.54000000000002,85.27000000000001
C12596,4,212.18599999999998,53.046499999999995
C12597,9,471.369,52.37433333333334
C12598,6,370.1295,61.688250000000004
C12599,4,127.997,31.99925
C12600,5,4283.4585,856.6917
C12601,5,462.968,92.59360000000001
C12602,2,34.318,17.159
C12603,4,427.421,106.85525
C12604,5,573.066,114.6132
C12605,5,834.6909999999999,166.9382
C12606,5,175.89749999999998,35.1795
C12607,4,1029.777,257.44425
C12608,3,1077.848,359.28266666666667
C12609,2,81.67500000000001,40.837500000000006
C12610,4,934.1389999999999,233.53474999999997
C12611,2,49.8,24.9
C12612,6,189.196,31.532666666666668
C12613,3,235.82,78.60666666666667
C12614,4,240.496,60.124
C12615,3,84.09,28.03
C12616,4,422.5595,105.639875
C12617,2,557.8795,278.93975
C12618,3,474.7145,158.23816666666667
C12619,2,633.1,316.55
C12620,3,203.829,67.943
C12621,8,2407.498,300.93725
C12622,1,69.67,69.67
C12623,5,3030.279,606.0558
C12624,4,2962.8845,740.721125
C12625,6,848.1539999999999,141.35899999999998
C12626,3,1169.0385,389.6795
C12627,2,769.239,384.6195
C12628,2,270.94,135.47
C12629,1,47.2435,47.2435
C12630,6,700.021,116.67016666666666
C12631,5,1655.0404999999998,331.00809999999996
C12632,4,285.546,71.3865
C12633,4,379.514,94.8785
C12634,5,1244.893,248.9786
C12635,3,74.696,24.898666666666667
C12636,4,578.355,144.58875
C12637,4,541.621,135.40525
C12638,1,87.72,87.72
C12639,5,519.1085,103.8217
C12640,7,1102.4675,157.49535714285713
C12641,2,527.1705,263.58525
C12642,5,1514.113,302.8226
C12643,2,1547.3500000000001,773.6750000000001
C12644,3,767.48,255.82666666666668
C12645,5,929.239,185.8478
C12646,6,396.93600000000004,66.156
C12647,2,315.96,157.98
C12648,2,21.09,10.545
C12649,4,778.7044999999999,194.67612499999998
C12650,2,13.735999999999999,6.867999999999999
C12651,2,131.66500000000002,65.83250000000001
C12652,5,2688.0274999999997,537.6054999999999
C12653,5,242.8005,48.5601
C12654,9,906.2925,100.69916666666667
C12655,5,1159.98,231.996
C12656,3,1820.135,606.7116666666667
C12657,8,894.652,111.8315
C12658,4,564.771,141.19275
C12659,6,935.4110000000001,155.90183333333334
C12660,7,1238.8915,176.9845
C12661,6,3997.613,666.2688333333333
C12662,3,176.052,58.684
C12663,2,129.78,64.89
C12664,3,453.009,151.00300000000001
C12665,8,1269.3490000000002,158.66862500000002
C12666,7,3275.3845,467.91207142857144
C12667,5,100.167,20.0334
C12668,9,1369.9795,152.21994444444442
C12669,5,327.863,65.5726
C12670,7,1691.1905000000002,241.5986428571429
C12671,4,697.508,174.377
C12672,6,1214.7945,202.46574999999999
C12673,2,48.19,24.095
C12674,5,2178.59,435.718
C12675,9,1238.4305,137.60338888888887
C12677,3,771.2139999999999,257.0713333333333
C12678,2,177.8305,88.91525
C12679,5,685.826,137.1652
C12680,3,354.5955,118.19850000000001
C12681,6,753.612,125.60199999999999
C12682,5,2678.2985000000003,535.6597
C12683,2,468.36,234.18
C12684,2,311.68600000000004,155.84300000000002
C12685,4,432.87249999999995,108.21812499999999
C12686,10,592.8274999999999,59.282749999999986
C12687,2,96.90300000000002,48.45150000000001
C12688,3,634.402,211.46733333333336
C12689,4,1657.2085,414.302125
C12690,4,1754.835,438.70875
C12691,2,297.67,148.835
C12692,5,287.85200000000003,57.57040000000001
C12693,6,993.5265,165.58775
C12694,5,835.38,167.076
C12695,1,177.346,177.346
C12696,7,773.6274999999999,110.51821428571428
C12697,3,421.77799999999996,140.59266666666664
C12698,1,400.92,400.92
C12699,3,768.508,256.1693333333333
C12700,6,1217.649,202.9415
C12701,2,108.8,54.4
C12702,5,346.708,69.3416
C12703,4,481.844,120.461
C12704,3,424.24,141.41333333333333
C12705,9,880.0445,97.78272222222222
C12706,1,95.6,95.6
C12707,3,188.917,62.97233333333333
C12708,9,2034.0114999999998,226.00127777777777
C12709,3,905.354,301.7846666666667
C12710,3,221.264,73.75466666666667
C12711,8,399.1645,49.8955625
C12712,3,351.9945,117.3315
C12713,7,438.3205,62.61721428571428
C12714,1,505.43,505.43
C12715,1,22.212,22.212
C12716,3,534.624,178.208
C12717,5,430.6655,86.1331
C12718,3,107.392,35.797333333333334
C12719,2,368.69,184.345
C12720,6,579.64,96.60666666666667
C12721,5,616.0400000000001,123.20800000000001
C12722,5,4442.843,888.5686
C12723,5,495.821,99.16420000000001
C12724,3,280.33,93.44333333333333
C12725,5,231.998,46.3996
C12726,3,234.41049999999998,78.13683333333333
C12727,4,315.8815,78.970375
C12728,7,2505.98,357.9971428571429
C12729,3,464.313,154.771
C12730,4,284.41900000000004,71.10475000000001
C12731,7,572.9115,81.84450000000001
C12732,6,983.789,163.96483333333333
C12733,4,131.134,32.7835
C12734,4,346.58000000000004,86.64500000000001
C12735,5,581.704,116.34079999999999
C12736,5,223.234,44.6468
C12737,7,1742.4285,248.91835714285713
C12738,6,1393.9044999999999,232.31741666666665
C12739,9,751.438,83.4931111111111
C12740,2,81.69800000000001,40.849000000000004
C12741,3,619.6084999999999,206.53616666666665
C12742,3,859.5469999999999,286.5156666666666
C12743,5,994.102,198.8204
C12744,2,549.1300000000001,274.56500000000005
C12745,10,1506.8919999999998,150.68919999999997
C12746,4,997.935,249.48375
C12747,9,1022.6865,113.63183333333333
C12748,2,410.115,205.0575
C12749,4,283.25699999999995,70.81424999999999
C12750,7,488.401,69.77157142857143
C12751,1,142.59599999999998,142.59599999999998
C12752,4,172.489,43.12225
C12753,2,42.192,21.096
C12754,2,98.07400000000001,49.037000000000006
C12755,4,675.543,168.88575
C12756,5,985.6345,197.1269
C12757,4,283.882,70.9705
C12758,3,180.12,60.04
C12759,3,2310.49,770.1633333333333
C12760,1,7.486,7.486
C12761,4,194.345,48.58625
C12762,3,60.64,20.213333333333335
C12763,7,4848.259,692.6084285714286
C12764,4,334.088,83.522
C12765,9,1246.3419999999999,138.48244444444444
C12766,4,108.668,27.167
C12767,1,37.213,37.213
C12768,7,1774.2165,253.4595
C12769,4,213.211,53.30275
C12770,3,2657.3770000000004,885.7923333333334
C12771,2,832.0264999999999,416.01324999999997
C12772,4,637.6759999999999,159.41899999999998
C12773,8,1122.1105,140.2638125
C12774,11,1006.491,91.49918181818181
C12775,7,1521.0234999999998,217.2890714285714
C12776,2,264.79699999999997,132.39849999999998
C12777,4,318.91249999999997,79.72812499999999
C12778,5,2508.172,501.6344
C12779,10,4481.4995,448.14995
C12780,8,1101.162,137.64525
C12781,4,1098.3000000000002,274.57500000000005
C12782,7,1269.068,181.29542857142857
C12783,3,1029.181,343.06033333333335
C12784,6,2400.492,400.08200000000005
C12785,4,363.898,90.9745
C12786,6,1086.267,181.0445
C12787,6,1796.092,299.3486666666667
C12788,3,318.4205,106.14016666666667
C12789,2,134.071,67.0355
C12790,3,453.78999999999996,151.26333333333332
C12791,7,554.019,79.14557142857143
C12792,3,377.5985,125.86616666666667
C12793,9,4403.6195,489.29105555555554
C12794,4,1970.1205000000002,492.53012500000006
C12795,5,227.2175,45.4435
C12796,3,953.78,317.9266666666667
C12797,1,205.656,205.656
C12798,3,140.73,46.91
C12799,5,324.24399999999997,64.8488
C12800,7,876.112,125.15885714285714
C12801,2,709.4399999999999,354.71999999999997
C12802,4,520.1685,130.042125
C12803,5,1051.4299999999998,210.28599999999997
C12804,6,382.359,63.726499999999994
C12805,2,133.084,66.542
C12806,7,268.491,38.35585714285714
C12807,3,39.307,13.102333333333334
C12808,9,824.26,91.58444444444444
C12809,7,432.7445,61.82064285714286
C12810,9,875.8085,97.31205555555556
C12811,6,1067.289,177.8815
C12812,4,158.572,39.643
C12813,2,80.88000000000001,40.440000000000005
C12814,4,100.149,25.03725
C12815,3,375.421,125.14033333333333
C12816,4,289.52000000000004,72.38000000000001
C12817,6,2845.245,474.2075
C12818,4,572.1814999999999,143.04537499999998
C12819,2,224.16,112.08
C12820,2,526.21,263.105
C12821,4,745.36,186.34
C12822,5,1450.5415,290.1083
C12823,6,462.406,77.06766666666667
C12824,5,288.348,57.6696
C12825,4,1291.95,322.9875
C12826,2,131.8795,65.93975
C12827,5,1351.651,270.3302
C12828,3,122.75999999999999,40.919999999999995
C12829,5,441.356,88.2712
C12830,2,715.513,357.7565
C12831,7,607.2025,86.74321428571429
C12832,5,2904.57,580.914
C12833,3,153.28,51.093333333333334
C12834,7,232.91600000000003,33.27371428571429
C12835,4,1009.396,252.349
C12836,3,202.91,67.63666666666667
C12837,5,3054.562,610.9123999999999
C12838,7,558.2505,79.75007142857143
C12839,3,33.253,11.084333333333333
C12840,4,1398.8020000000001,349.70050000000003
C12841,9,2367.3379999999997,263.0375555555555
C12842,2,1367.752,683.876
C12843,2,53.4325,26.71625
C12844,6,840.22,140.03666666666666
C12845,4,2856.4555,714.113875
C12846,7,620.2715,88.61021428571428
C12847,4,1154.4799999999998,288.61999999999995
C12848,2,168.28,84.14
C12849,10,1108.9234999999999,110.89235
C12850,7,1248.4615000000001,178.35164285714288
C12851,2,53.69,26.845
C12852,3,98.4,32.800000000000004
C12853,9,990.792,110.08800000000001
C12854,4,242.6895,60.672375
C12855,5,417.2575,83.4515
C12856,2,77.14,38.57
C12857,7,732.788,104.684
C12858,1,10.165,10.165
C12859,2,278.978,139.489
C12860,4,252.0275,63.006875
C12861,4,152.993,38.24825
C12862,2,210.218,105.109
C12863,5,1212.676,242.53519999999997
C12865,2,118.191,59.0955
C12866,9,1244.576,138.28622222222222
C12867,3,110.33,36.776666666666664
C12868,3,808.912,269.63733333333334
C12869,7,1272.9875,181.85535714285714
C12870,4,270.252,67.563
C12871,5,801.09,160.21800000000002
C12872,4,1670.8524999999997,417.71312499999993
C12873,5,1319.9525,263.9905
C12874,1,9.14,9.14
C12875,5,189.142,37.8284
C12876,2,405.56,202.78
C12877,4,284.528,71.132
C12878,4,242.265,60.56625
C12879,2,464.798,232.399
C12880,2,847.1925,423.59625
C12881,5,534.721,106.9442
C12882,4,800.0205000000001,200.00512500000002
C12883,5,311.3795,62.2759
C12884,1,2.363,2.363
C12885,1,7.657,7.657
C12886,8,638.7755,79.8469375
C12887,5,636.7919999999999,127.35839999999999
C12888,5,358.807,71.76140000000001
C12889,3,630.5165,210.17216666666664
C12890,2,231.16899999999998,115.58449999999999
C12891,4,850.49,212.6225
C12892,10,3907.7889999999998,390.77889999999996
C12893,5,1152.2985,230.45970000000003
C12894,4,339.79949999999997,84.94987499999999
C12895,5,820.7355,164.1471
C12896,10,934.3699999999999,93.43699999999998
C12897,5,353.808,70.7616
C12898,2,57.989000000000004,28.994500000000002
C12899,4,864.98,216.245
C12900,3,907.902,302.634
C12901,5,298.914,59.782799999999995
C12902,7,1274.9590000000003,182.13700000000003
C12903,3,115.757,38.58566666666667
C12904,2,53.63,26.815
C12905,2,406.42,203.21
C12906,6,1637.4160000000002,272.9026666666667
C12907,1,6.98,6.98
C12908,4,327.503,81.87575
C12909,5,225.1875,45.0375
C12910,4,553.2835,138.320875
C12911,6,1656.866,276.14433333333335
C12912,5,674.6190000000001,134.92380000000003
C12913,1,1007.06,1007.06
C12914,6,3787.701,631.2835
C12915,4,1710.68,427.67
C12916,5,1159.836,231.9672
C12917,4,52.5535,13.138375
C12918,6,365.705,60.95083333333333
C12919,6,1245.855,207.6425
C12920,4,384.8735,96.218375
C12921,5,462.774,92.5548
C12922,7,1474.035,210.57642857142858
C12923,6,783.0145,130.50241666666668
C12924,7,679.572,97.08171428571428
C12925,6,159.6405,26.60675
C12926,4,518.352,129.588
C12927,3,667.24,222.41333333333333
C12928,7,1876.1770000000001,268.02528571428576
C12930,5,321.0305,64.2061
C12931,3,602.1,200.70000000000002
C12932,1,218.92,218.92
C12933,5,1933.1644999999999,386.63289999999995
C12934,5,1602.501,320.5002
C12935,3,542.784,180.928
C12936,3,667.4885,222.49616666666668
C12937,2,21.744499999999995,10.872249999999998
C12938,9,2871.725,319.0805555555555
C12939,7,886.374,126.62485714285715
C12940,6,387.9845,64.66408333333334
C12941,6,1006.518,167.75300000000001
C12942,4,530.6205,132.655125
C12943,2,426.5,213.25
C12944,6,1366.397,227.73283333333333
C12945,7,332.656,47.522285714285715
C12946,7,583.2375,83.31964285714285
C12947,5,1193.194,238.6388
C12948,4,207.309,51.82725
C12949,6,1250.856,208.476
C12950,5,483.60600000000005,96.72120000000001
C12951,6,230.536,38.422666666666665
C12952,4,284.2335,71.058375
C12953,7,550.8695,78.69564285714286
C12954,1,17.663,17.663
C12955,1,9.927,9.927
C12956,6,609.35,101.55833333333334
C12957,2,31.12,15.56
C12958,4,278.513,69.62825
C12959,7,912.743,130.39185714285716
C12960,3,438.2745,146.0915
C12961,2,1346.78,673.39
C12962,6,662.5375,110.42291666666667
C12963,6,508.057,84.67616666666667
C12964,11,5784.8369999999995,525.8942727272727
C12965,7,2106.141,300.87728571428573
C12966,5,408.0335,81.6067
C12967,3,1007.5219999999999,335.84066666666666
C12968,2,12.6175,6.30875
C12969,4,804.9675,201.241875
C12970,5,1395.244,279.04879999999997
C12971,9,798.837,88.75966666666666
C12972,8,2468.611,308.576375
C12973,1,255.58,255.58
C12974,2,86.09,43.045
C12975,6,564.7805,94.13008333333333
C12976,4,1668.3125000000002,417.07812500000006
C12977,7,336.796,48.11371428571429
C12978,6,676.3455,112.72425
C12979,6,521.421,86.90350000000001
C12980,3,177.9195,59.3065
C12981,3,149.23,49.74333333333333
C12982,2,365.975,182.9875
C12983,5,242.50099999999998,48.50019999999999
C12984,2,849.6635,424.83175
C12985,5,494.8095,98.9619
C12986,3,1748.3489999999997,582.7829999999999
C12987,5,287.30400000000003,57.460800000000006
C12988,2,89.562,44.781
C12989,6,612.644,102.10733333333333
C12990,10,362.3625,36.23625
C12991,3,192.32750000000001,64.10916666666667
C12992,2,110.56800000000001,55.284000000000006
C12993,6,464.014,77.33566666666667
C12994,6,523.4865,87.24775
C12995,4,210.441,52.61025
C12996,2,48.7465,24.37325
C12997,3,92.912,30.97066666666667
C12998,3,68.38,22.793333333333333
C12999,4,716.494,179.1235
C13001,2,421.46,210.73
C13002,1,31.5685,31.5685
C13003,3,408.42,136.14000000000001
C13004,4,614.3265,153.581625
C13005,8,1824.6555,228.0819375
C13006,4,108.269,27.06725
C13007,3,142.984,47.66133333333334
C13008,7,1151.309,164.4727142857143
C13009,6,1058.8020000000001,176.467
C13010,9,1189.318,132.14644444444446
C13011,2,615.9599999999999,307.97999999999996
C13012,4,152.406,38.1015
C13013,2,22.131999999999998,11.065999999999999
C13015,2,134.36149999999998,67.18074999999999
C13016,2,34.78,17.39
C13017,3,28.07,9.356666666666667
C13018,3,389.04099999999994,129.68033333333332
C13019,5,790.2315,158.0463
C13020,6,145.233,24.2055
C13021,5,448.3140000000001,89.66280000000002
C13022,6,1294.671,215.7785
C13023,1,8.8,8.8
C13024,1,109.45,109.45
C13025,4,1262.03,315.5075
C13026,5,181.8995,36.3799
C13027,2,64.02,32.01
C13028,4,414.2595,103.564875
C13029,7,464.05499999999995,66.29357142857143
C13030,6,941.957,156.99283333333332
C13031,3,804.5699999999999,268.19
C13032,6,1995.27,332.545
C13033,3,214.404,71.468
C13034,8,1034.5894999999998,129.32368749999998
C13036,6,335.636,55.93933333333334
C13037,5,216.1065,43.2213
C13038,5,470.6015,94.1203
C13039,6,597.1045,99.51741666666668
C13040,3,82.911,27.637
C13041,6,282.96000000000004,47.160000000000004
C13042,5,310.28200000000004,62.05640000000001
C13043,1,6.431499999999999,6.431499999999999
C13044,7,203.898,29.128285714285713
C13045,1,121.21999999999998,121.21999999999998
C13046,8,781.816,97.727
C13047,1,31.276,31.276
C13048,5,275.44,55.088
C13049,3,985.4,328.46666666666664
C13050,1,12.308,12.308
C13051,4,290.6155,72.653875
C13052,9,1015.5870000000001,112.84300000000002
C13053,2,267.03000000000003,133.51500000000001
C13054,6,715.6765,119.27941666666668
C13055,6,1529.8155,254.96925
C13056,6,542.4825000000001,90.41375000000001
C13057,5,493.96600000000007,98.79320000000001
C13058,1,29.68,29.68
C13059,4,1834.8485,458.712125
C13060,4,201.817,50.45425
C13061,5,523.7135000000001,104.74270000000001
C13062,5,133.658,26.731599999999997
C13063,4,809.166,202.2915
C13064,3,103.61000000000001,34.53666666666667
C13065,6,299.15,49.85833333333333
C13066,5,314.872,62.9744
C13067,4,1220.4035,305.100875
C13068,2,24.9,12.45
C13069,3,250.28,83.42666666666666
C13070,1,912.627,912.627
C13071,4,355.61,88.9025
C13072,8,795.708,99.4635
C13073,4,2764.455,691.11375
C13074,2,177.06,88.53
C13075,5,3484.6675,696.9335
C13076,5,200.566,40.1132
C13078,4,876.805,219.20125
C13079,3,683.176,227.72533333333334
C13080,3,220.19549999999998,73.3985
C13081,10,695.807,69.58070000000001
C13082,3,1171.1455,390.38183333333336
C13083,10,808.043,80.8043
C13084,4,173.09750000000003,43.274375000000006
C13085,3,240.189,80.063
C13086,7,1112.9660000000001,158.99514285714287
C13087,7,512.1215,73.16021428571428
C13088,6,248.611,41.43516666666667
C13089,3,1356.09,452.03
C13090,2,201.5095,100.75475
C13091,3,175.67499999999998,58.55833333333333
C13092,8,521.0129999999999,65.12662499999999
C13093,7,820.99,117.28428571428572
C13094,4,279.0745,69.768625
C13095,3,145.636,48.54533333333333
C13096,3,257.78499999999997,85.92833333333333
C13097,6,2404.11,400.685
C13098,2,265.0,132.5
C13099,4,1352.3015,338.075375
C13100,2,203.50300000000001,101.75150000000001
C13101,1,28.86,28.86
C13102,4,677.29,169.3225
C13103,3,882.1229999999999,294.041
C13104,6,1816.7005,302.78341666666665
C13105,2,648.393,324.1965
C13106,2,39.144,19.572
C13107,3,1659.2,553.0666666666667
C13108,3,408.212,136.07066666666665
C13109,7,1897.4885,271.06978571428573
C13110,5,459.31449999999995,91.8629
C13111,3,2115.582,705.194
C13112,2,87.06700000000001,43.533500000000004
C13113,3,243.3735,81.1245
C13114,3,392.90500000000003,130.96833333333333
C13115,3,341.6685,113.8895
C13116,5,909.588,181.9176
C13117,5,321.8845,64.3769
C13118,6,557.9225,92.98708333333333
C13119,2,91.945,45.9725
C13120,6,953.9075,158.98458333333335
C13121,1,1240.35,1240.35
C13122,4,916.24,229.06
C13123,7,379.212,54.17314285714286
C13124,5,1015.42,203.084
C13125,4,553.4929999999999,138.37324999999998
C13126,4,376.82000000000005,94.20500000000001
C13127,4,264.0815,66.020375
C13128,1,35.289,35.289
C13129,5,185.91,37.182
C13130,4,896.01,224.0025
C13131,3,574.653,191.55100000000002
C13132,3,135.442,45.147333333333336
C13133,4,352.946,88.2365
C13134,5,579.774,115.9548
C13135,1,753.7320000000001,753.7320000000001
C13136,6,491.046,81.841
C13137,9,2260.2255,251.13616666666667
C13138,7,2370.14,338.59142857142854
C13139,6,634.505,105.75083333333333
C13140,10,1529.1385,152.91385
C13141,4,450.51,112.6275
C13142,4,428.9995,107.249875
C13143,1,27.19,27.19
C13144,7,684.954,97.85057142857143
C13145,4,158.63750000000002,39.659375000000004
C13146,4,770.732,192.683
C13147,5,1050.8975,210.17950000000002
C13148,7,678.538,96.934
C13149,4,1566.214,391.5535
C13150,1,12.04,12.04
C13151,5,287.844,57.568799999999996
C13152,7,899.8180000000001,128.54542857142857
C13153,6,452.51300000000003,75.41883333333334
C13154,2,35.27,17.635
C13155,6,178.57049999999998,29.761749999999996
C13156,4,359.346,89.8365
C13157,6,1284.537,214.08950000000002
C13158,5,324.3255,64.8651
C13159,5,341.0455,68.2091
C13160,3,474.89750000000004,158.29916666666668
C13161,5,122.60350000000001,24.5207
C13162,6,1871.4535,311.9089166666667
C13163,2,26.812,13.406
C13164,6,621.42,103.57
C13165,3,791.325,263.77500000000003
C13166,3,115.076,38.358666666666664
C13167,3,1996.2024999999999,665.4008333333333
C13168,5,168.073,33.6146
C13170,7,451.872,64.55314285714286
C13171,5,546.623,109.3246
C13172,2,300.22,150.11
C13173,4,230.19,57.5475
C13174,9,1751.4905,194.61005555555556
C13175,8,1357.2005,169.6500625
C13176,5,588.851,117.7702
C13177,6,854.2665,142.37775
C13178,7,755.9784999999999,107.99692857142857
C13179,8,717.904,89.738
C13180,4,458.07000000000005,114.51750000000001
C13181,4,807.363,201.84075
C13182,6,1475.2975,245.88291666666666
C13183,9,1369.3845,152.15383333333332
C13185,10,1103.6235,110.36234999999999
C13186,3,373.0705,124.35683333333333
C13187,2,124.82,62.41
C13188,4,476.46450000000004,119.11612500000001
C13189,3,499.592,166.53066666666666
C13190,9,1363.6405,151.5156111111111
C13191,8,374.01099999999997,46.751374999999996
C13192,8,1828.516,228.5645
C13193,3,677.796,225.93200000000002
C13194,3,243.589,81.19633333333333
C13195,3,330.4475,110.14916666666666
C13196,3,86.983,28.994333333333334
C13197,4,1161.8325,290.458125
C13198,6,769.3865000000001,128.23108333333334
C13199,6,1038.6705,173.11175
C13200,3,74.4575,24.819166666666664
C13201,10,750.7265,75.07265
C13202,5,1713.893,342.7786
C13203,5,559.89,111.978
C13204,4,115.21600000000001,28.804000000000002
C13205,9,706.0945,78.45494444444445
C13206,3,398.724,132.908
C13207,3,63.6785,21.226166666666668
C13208,1,81.776,81.776
C13209,6,3217.6440000000002,536.274
C13211,2,115.95,57.975
C13212,6,961.5269999999999,160.25449999999998
C13213,2,44.561,22.2805
C13214,4,268.603,67.15075
C13215,4,652.8584999999999,163.21462499999998
C13216,6,2554.44,425.74
C13217,6,625.5205,104.25341666666667
C13218,7,1334.597,190.6567142857143
C13219,7,425.7685,60.82407142857143
C13220,5,629.8534999999999,125.9707
C13221,4,226.56349999999998,56.640874999999994
C13222,2,579.13,289.565
C13223,5,462.98900000000003,92.5978
C13224,1,18.69,18.69
C13225,4,662.7775,165.694375
C13226,2,1329.6,664.8
C13227,7,1426.594,203.79914285714287
C13228,4,475.7045,118.926125
C13229,3,698.7004999999999,232.90016666666665
C13230,2,704.84,352.42
C13231,6,2340.261,390.0435
C13232,6,186.089,31.014833333333332
C13233,3,200.844,66.948
C13234,4,227.7755,56.943875
C13235,3,165.5355,55.17850000000001
C13236,6,509.85,84.97500000000001
C13237,7,456.0005,65.14292857142857
C13238,6,860.27,143.37833333333333
C13239,9,864.0825,96.00916666666666
C13240,8,847.919,105.989875
C13241,3,913.664,304.55466666666666
C13242,6,993.892,165.64866666666668
C13243,7,693.912,99.13028571428572
C13244,2,410.7715,205.38575
C13245,3,276.781,92.26033333333334
C13246,1,5.6695,5.6695
C13247,8,768.193,96.024125
C13248,3,284.055,94.685
C13249,5,425.6765,85.1353
C13250,2,59.087999999999994,29.543999999999997
C13251,4,399.74399999999997,99.93599999999999
C13252,2,51.406000000000006,25.703000000000003
C13253,6,1567.508,261.2513333333333
C13254,5,655.325,131.065
C13255,6,1613.2615,268.87691666666666
C13256,1,2.15,2.15
C13257,4,1362.3004999999998,340.57512499999996
C13258,5,327.667,65.5334
C13259,6,2528.1445,421.35741666666667
C13260,7,542.4345000000001,77.49064285714287
C13261,4,509.432,127.358
C13262,6,1497.6164999999999,249.60275
C13263,2,383.98999999999995,191.99499999999998
C13264,4,275.23749999999995,68.80937499999999
C13265,1,112.788,112.788
C13266,7,858.9119999999999,122.70171428571427
C13267,7,668.836,95.548
C13268,1,606.95,606.95
C13269,3,104.451,34.817
C13270,5,237.3365,47.4673
C13271,5,844.0894999999999,168.81789999999998
C13272,5,461.478,92.29560000000001
C13273,7,1062.5935,151.7990714285714
C13274,2,64.21,32.105
C13275,6,704.4855,117.41425
C13276,5,861.1215000000001,172.22430000000003
C13277,3,595.524,198.508
C13278,4,710.6374999999999,177.65937499999998
C13279,6,328.48900000000003,54.74816666666667
C13280,6,642.3009999999999,107.05016666666666
C13281,6,968.653,161.44216666666668
C13283,6,556.923,92.8205
C13284,3,829.0875,276.3625
C13285,6,684.562,114.09366666666666
C13286,2,59.5935,29.79675
C13287,6,557.2245,92.87075
C13288,2,1751.884,875.942
C13289,3,206.20899999999997,68.73633333333332
C13290,6,699.496,116.58266666666667
C13291,10,2598.761,259.8761
C13292,4,361.9425,90.485625
C13293,4,329.778,82.4445
C13294,6,545.192,90.86533333333334
C13295,2,307.9205,153.96025
C13296,2,82.33250000000001,41.166250000000005
C13297,4,412.3275,103.081875
C13298,2,182.57049999999998,91.28524999999999
C13299,4,901.912,225.478
C13300,5,751.273,150.2546
C13301,6,644.51,107.41833333333334
C13302,4,290.5165,72.629125
C13303,1,11.985,11.985
C13304,3,296.53,98.84333333333332
C13305,4,1541.79,385.4475
C13306,5,107.7765,21.5553
C13307,6,493.471,82.24516666666666
C13308,3,233.1415,77.71383333333334
C13309,7,1407.728,201.104
C13310,6,400.42150000000004,66.73691666666667
C13311,4,1122.59,280.6475
C13312,4,300.036,75.009
C13313,2,112.55900000000001,56.279500000000006
C13314,3,570.7565000000001,190.25216666666668
C13315,1,154.19,154.19
C13316,1,336.02,336.02
C13317,5,1657.722,331.5444
C13318,4,217.1465,54.286625
C13319,3,855.7849999999999,285.2616666666666
C13320,4,605.7735,151.443375
C13321,2,254.0705,127.03525
C13322,6,611.135,101.85583333333334
C13323,4,490.515,122.62875
C13324,8,546.34,68.2925
C13325,5,1207.2199999999998,241.44399999999996
C13326,5,362.33700000000005,72.46740000000001
C13327,3,867.3050000000001,289.1016666666667
C13328,3,134.079,44.693000000000005
C13329,3,516.112,172.03733333333332
C13330,6,2797.2375,466.20625
C13331,7,405.2625,57.894642857142856
C13332,2,2648.76,1324.38
C13333,6,667.5894999999999,111.26491666666665
C13334,2,196.4315,98.21575
C13335,2,84.339,42.1695
C13336,10,1415.6554999999998,141.56554999999997
C13337,5,580.6945,116.13889999999999
C13338,7,272.195,38.885
C13339,6,239.29649999999998,39.882749999999994
C13340,6,169.2245,28.204083333333333
C13341,2,141.19799999999998,70.59899999999999
C13342,9,2468.5635,274.2848333333334
C13343,5,508.716,101.7432
C13344,3,707.6600000000001,235.88666666666668
C13345,4,428.78000000000003,107.19500000000001
C13346,7,4426.1175,632.3025
C13347,4,310.0985,77.524625
C13348,11,933.581,84.871
C13349,3,1446.491,482.16366666666664
C13350,2,1209.3,604.65
C13351,3,1689.873,563.291
C13352,2,32.92,16.46
C13353,3,841.7914999999999,280.5971666666666
C13354,5,996.453,199.29059999999998
C13355,2,864.959,432.4795
C13356,5,131.2775,26.2555
C13357,5,727.8344999999999,145.56689999999998
C13358,6,487.101,81.1835
C13359,6,265.1405,44.19008333333333
C13360,5,1345.678,269.1356
C13361,5,319.0305,63.8061
C13362,4,1269.1040000000003,317.27600000000007
C13363,4,2216.8179999999998,554.2044999999999
C13364,10,3890.8015,389.08015
C13365,2,215.85,107.925
C13366,2,14.100000000000001,7.050000000000001
C13367,6,622.925,103.82083333333333
C13368,9,1018.846,113.20511111111111
C13369,6,1642.221,273.7035
C13370,6,1151.838,191.97299999999998
C13371,5,531.328,106.26559999999999
C13372,4,524.514,131.1285
C13373,8,1586.5990000000002,198.32487500000002
C13374,6,1388.784,231.46400000000003
C13375,2,22.69,11.345
C13376,4,1076.6934999999999,269.17337499999996
C13377,5,83.1245,16.6249
C13378,1,50.29,50.29
C13379,4,248.5505,62.137625
C13380,5,171.087,34.2174
C13381,4,612.113,153.02825
C13382,2,258.824,129.412
C13383,3,29.669500000000003,9.889833333333334
C13384,5,188.951,37.7902
C13385,7,760.717,108.67385714285714
C13386,2,65.846,32.923
C13387,3,172.49,57.49666666666667
C13388,6,253.06900000000002,42.17816666666667
C13389,6,378.55499999999995,63.092499999999994
C13390,7,1279.714,182.8162857142857
C13391,5,408.35,81.67
C13392,6,437.8575,72.97625000000001
C13393,1,55.51,55.51
C13394,3,96.278,32.092666666666666
C13395,6,1883.75,313.9583333333333
C13396,2,104.058,52.029
C13397,5,278.159,55.6318
C13398,6,823.6545,137.27575
C13399,3,349.28950000000003,116.42983333333335
C13400,2,71.49600000000001,35.748000000000005
C13401,6,280.004,46.66733333333334
C13402,3,433.004,144.33466666666666
C13403,6,730.559,121.75983333333333
C13404,2,310.454,155.227
C13405,3,84.463,28.15433333333333
C13406,6,172.29000000000002,28.715000000000003
C13407,6,2230.6319999999996,371.77199999999993
C13408,6,1097.0215,182.83691666666667
C13409,2,40.609,20.3045
C13410,2,255.73999999999998,127.86999999999999
C13411,7,1070.2885,152.89835714285715
C13412,5,354.8945,70.9789
C13413,3,205.91,68.63666666666667
C13414,9,4947.89,549.7655555555556
C13415,4,279.36,69.84
C13416,6,426.147,71.0245
C13417,3,79.67,26.55666666666667
C13418,2,368.78,184.39
C13419,5,230.67900000000003,46.1358
C13420,6,1069.0240000000001,178.17066666666668
C13421,2,101.37,50.685
C13422,3,272.39300000000003,90.79766666666667
C13423,4,130.57399999999998,32.643499999999996
C13424,5,290.92,58.184000000000005
C13425,2,507.16200000000003,253.58100000000002
C13426,7,1460.7675,208.6810714285714
C13427,5,1632.4725,326.4945
C13428,4,157.469,39.36725
C13429,2,185.29,92.645
C13430,7,1192.5344999999998,170.3620714285714
C13431,2,178.842,89.421
C13432,5,2063.618,412.7236
C13433,2,60.809,30.4045
C13434,1,90.573,90.573
C13435,5,780.97,156.19400000000002
C13436,6,1108.2359999999999,184.706
C13437,4,222.606,55.6515
C13438,7,359.6745,51.38207142857143
C13439,5,570.9884999999999,114.19769999999998
C13440,8,872.5715,109.0714375
C13441,1,2.58,2.58
C13442,4,483.59450000000004,120.89862500000001
C13443,1,5.76,5.76
C13444,5,414.66599999999994,82.93319999999999
C13445,5,239.52800000000002,47.90560000000001
C13446,8,568.712,71.089
C13447,3,542.5790000000001,180.8596666666667
C13448,4,353.65099999999995,88.41274999999999
C13449,3,29.401,9.800333333333333
C13450,3,236.05849999999998,78.68616666666667
C13451,4,213.083,53.27075
C13452,3,1041.8474999999999,347.28249999999997
C13453,5,429.418,85.8836
C13454,7,5018.35,716.907142857143
C13455,1,1.84,1.84
C13456,4,214.128,53.532
C13457,5,363.3895,72.6779
C13458,3,604.346,201.44866666666667
C13459,3,186.73499999999999,62.245
C13460,8,1125.5065,140.6883125
C13461,4,439.051,109.76275
C13462,7,1523.7385,217.67692857142856
C13463,2,736.2244999999999,368.11224999999996
C13464,6,306.358,51.059666666666665
C13465,5,583.139,116.62780000000001
C13466,4,148.052,37.013
C13467,5,592.472,118.4944
C13468,2,643.701,321.8505
C13469,1,16.317,16.317
C13470,2,100.39750000000001,50.198750000000004
C13471,7,726.6895000000001,103.81278571428572
C13472,6,1037.9460000000001,172.991
C13473,2,72.7465,36.37325
C13474,3,210.27550000000002,70.09183333333334
C13475,4,274.9295,68.732375
C13476,6,606.756,101.12599999999999
C13477,5,467.4005,93.48010000000001
C13478,4,1025.5755,256.393875
C13479,3,513.0120000000001,171.00400000000002
C13480,6,1914.645,319.1075
C13481,3,1929.988,643.3293333333334
C13483,7,854.9525,122.13607142857143
C13484,4,179.06249999999997,44.76562499999999
C13485,2,256.7575,128.37875
C13486,5,401.825,80.365
C13487,2,354.85,177.425
C13488,2,225.20399999999998,112.60199999999999
C13489,3,328.036,109.34533333333333
C13490,8,2192.428,274.0535
C13491,11,2103.0265,191.18422727272727
C13492,2,127.822,63.911
C13493,3,475.63,158.54333333333332
C13494,3,46.4165,15.472166666666666
C13495,7,752.526,107.50371428571428
C13496,7,1206.452,172.35028571428572
C13497,3,131.772,43.924
C13498,4,794.0905,198.522625
C13499,3,205.19549999999998,68.3985
C13500,6,2474.1785,412.36308333333335
C13501,3,227.296,75.76533333333333
C13502,3,195.3005,65.10016666666667
C13503,4,306.3485,76.587125
C13504,8,4756.182,594.52275
C13505,4,622.9875000000001,155.74687500000002
C13506,7,1838.2005,262.6000714285714
C13507,2,356.18,178.09
C13508,3,65.2995,21.766499999999997
C13509,3,247.49,82.49666666666667
C13510,5,267.4085,53.481700000000004
C13511,6,366.869,61.14483333333334
C13512,7,1554.9965,222.14235714285715
C13513,6,561.254,93.54233333333333
C13514,7,303.0385,43.29121428571428
C13515,7,2683.896,383.4137142857143
C13516,5,255.3585,51.0717
C13517,4,154.12900000000002,38.532250000000005
C13518,2,614.2645,307.13225
C13519,3,78.798,26.266000000000002
C13520,6,381.5855,63.59758333333334
C13521,4,1298.8629999999998,324.71574999999996
C13522,2,206.2315,103.11575
C13523,3,1055.01,351.67
C13524,5,1257.004,251.40079999999998
C13525,1,63.154,63.154
C13526,4,548.361,137.09025
C13527,6,613.9615,102.32691666666666
C13528,3,303.53000000000003,101.17666666666668
C13529,5,616.4885,123.2977
C13530,5,2594.482,518.8964
C13531,5,462.84849999999994,92.56969999999998
C13532,1,88.0,88.0
C13533,5,375.44100000000003,75.0882
C13534,8,1336.3365,167.0420625
C13535,6,263.799,43.966499999999996
C13536,7,2138.9935,305.5705
C13537,3,57.44,19.146666666666665
C13538,5,124.003,24.8006
C13539,6,2429.0529999999994,404.84216666666657
C13540,3,26.2245,8.7415
C13541,3,250.09599999999995,83.36533333333331
C13542,2,87.201,43.6005
C13543,3,652.199,217.39966666666666
C13544,3,147.7875,49.262499999999996
C13545,5,339.398,67.87960000000001
C13546,4,330.814,82.7035
C13547,2,735.616,367.808
C13548,2,40.244,20.122
C13549,6,212.638,35.43966666666667
C13550,2,150.14600000000002,75.07300000000001
C13551,5,1992.348,398.4696
C13552,4,711.2090000000001,177.80225000000002
C13553,9,2062.0,229.11111111111111
C13554,5,1062.508,212.5016
C13555,2,41.227999999999994,20.613999999999997
C13556,7,941.61,134.5157142857143
C13557,5,262.824,52.564800000000005
C13558,8,1801.1235000000001,225.14043750000002
C13559,2,36.24,18.12
C13560,6,494.66150000000005,82.44358333333334
C13561,4,925.3985,231.349625
C13562,3,442.10699999999997,147.369
C13563,6,837.446,139.57433333333333
C13564,4,257.12,64.28
C13565,5,11984.277999999998,2396.8556
C13566,3,120.41399999999999,40.138
C13567,3,792.56,264.18666666666667
C13568,6,732.4235,122.07058333333333
C13569,5,804.588,160.9176
C13570,2,189.15,94.575
C13571,3,464.948,154.98266666666666
C13572,2,91.697,45.8485
C13573,3,82.4665,27.488833333333332
C13574,7,1107.9325,158.2760714285714
C13575,7,1501.2459999999999,214.46371428571427
C13576,4,165.622,41.4055
C13577,6,2073.9494999999997,345.65824999999995
C13579,3,386.29,128.76333333333335
C13580,5,154.37,30.874000000000002
C13581,3,165.528,55.175999999999995
C13582,7,653.2295,93.3185
C13583,1,227.5025,227.5025
C13584,5,5434.435,1086.8870000000002
C13585,2,65.75999999999999,32.879999999999995
C13586,1,9.7,9.7
C13587,7,256.66200000000003,36.666000000000004
C13588,5,313.286,62.6572
C13589,1,65.76,65.76
C13590,5,364.89649999999995,72.9793
C13591,4,528.8395,132.209875
C13592,1,5.82,5.82
C13593,4,317.7125,79.428125
C13594,2,590.7360000000001,295.36800000000005
C13595,2,220.92399999999998,110.46199999999999
C13596,7,1546.7555,220.96507142857143
C13597,9,799.302,88.81133333333334
C13598,9,1439.1415,159.9046111111111
C13599,2,69.08,34.54
C13600,5,1137.5155,227.5031
C13601,1,285.72,285.72
C13602,4,915.78,228.945
C13603,8,1472.455,184.056875
C13604,9,1265.1765,140.57516666666666
C13605,3,89.323,29.77433333333333
C13606,4,265.71,66.4275
C13607,4,710.233,177.55825
C13608,2,236.59,118.295
C13609,4,725.883,181.47075
C13610,4,334.8275,83.706875
C13611,6,547.3765000000001,91.22941666666668
C13612,3,235.10850000000002,78.3695
C13613,6,520.0645,86.67741666666666
C13614,2,708.9200000000001,354.46000000000004
C13615,1,101.35,101.35
C13616,1,26.08,26.08
C13617,3,663.007,221.00233333333333
C13618,5,676.9955,135.3991
C13619,5,178.02300000000002,35.604600000000005
C13620,3,648.4699999999999,216.15666666666664
C13621,5,279.747,55.949400000000004
C13622,4,2133.958,533.4895
C13623,4,544.76,136.19
C13624,4,530.092,132.523
C13625,7,337.5945,48.22778571428571
C13626,5,394.93100000000004,78.98620000000001
C13627,5,773.1875,154.6375
C13628,7,756.2049999999999,108.0292857142857
C13629,11,1614.8595,146.80540909090908
C13630,5,1586.502,317.30039999999997
C13631,4,401.6205,100.405125
C13632,5,301.3225,60.2645
C13633,5,525.5559999999999,105.11119999999998
C13634,6,1900.7305000000001,316.7884166666667
C13635,1,15.316,15.316
C13636,4,580.957,145.23925
C13637,4,969.833,242.45825
C13638,4,386.16450000000003,96.54112500000001
C13639,4,374.49949999999995,93.62487499999999
C13640,1,138.0485,138.0485
C13641,4,901.8354999999999,225.45887499999998
C13642,7,705.5274999999999,100.78964285714285
C13643,2,109.788,54.894
C13644,7,709.0719999999999,101.29599999999998
C13645,7,193.62199999999999,27.660285714285713
C13646,5,1244.15,248.83
C13647,5,477.456,95.4912
C13648,5,1455.0725,291.0145
C13649,3,552.943,184.31433333333334
C13650,5,774.2925,154.8585
C13651,3,254.077,84.69233333333334
C13652,3,1611.5520000000001,537.1840000000001
C13653,4,842.29,210.5725
C13654,5,1186.504,237.30079999999998
C13655,6,1952.6455,325.4409166666667
C13656,2,83.9565,41.97825
C13657,5,992.983,198.5966
C13658,2,443.09600000000006,221.54800000000003
C13659,7,1503.4995000000001,214.78564285714288
C13660,1,118.86,118.86
C13661,5,1271.055,254.211
C13662,1,112.01,112.01
C13663,8,1297.683,162.210375
C13664,4,603.9925000000001,150.99812500000002
C13665,6,1389.5805,231.59675000000001
C13666,4,1209.3255,302.331375
C13667,8,3941.9365,492.7420625
C13668,1,59.87,59.87
C13669,3,140.51,46.836666666666666
C13670,6,743.68,123.94666666666666
C13671,4,119.232,29.808
C13672,9,4333.6945,481.52161111111104
C13673,2,33.403999999999996,16.701999999999998
C13674,5,437.166,87.4332
C13675,8,2237.49,279.68625
C13676,5,1035.286,207.05720000000002
C13677,5,3224.474,644.8948
C13678,3,398.918,132.97266666666667
C13679,3,397.63,132.54333333333332
C13680,6,676.969,112.82816666666668
C13681,6,1013.1289999999999,168.85483333333332
C13682,3,555.1635,185.0545
C13683,6,597.2009999999999,99.53349999999999
C13684,3,443.49150000000003,147.8305
C13685,6,988.4725000000001,164.74541666666667
C13686,3,322.89,107.63
C13687,2,125.59800000000001,62.79900000000001
C13688,9,1185.7119999999998,131.74577777777776
C13689,3,262.13,87.37666666666667
C13690,4,64.452,16.113
C13691,4,90.49799999999999,22.624499999999998
C13692,2,67.8065,33.90325
C13693,6,279.21,46.535
C13694,3,163.118,54.37266666666667
C13695,4,362.33099999999996,90.58274999999999
C13696,8,423.3875,52.9234375
C13697,5,235.529,47.1058
C13698,1,44.846,44.846
C13699,4,601.968,150.492
C13700,5,196.52200000000002,39.3044
C13701,4,280.573,70.14325
C13702,4,518.125,129.53125
C13704,1,550.1625,550.1625
C13705,4,285.34000000000003,71.33500000000001
C13706,1,14.2595,14.2595
C13708,4,1681.5565,420.389125
C13709,6,372.0875,62.01458333333333
C13711,5,1111.5900000000001,222.31800000000004
C13712,4,94.6985,23.674625
C13713,4,174.5335,43.633375
C13714,6,4566.4015,761.0669166666667
C13715,4,1701.1335,425.283375
C13716,5,408.03249999999997,81.6065
C13717,4,354.781,88.69525
C13718,9,3061.9995,340.2221666666667
C13719,11,1880.4370000000001,170.94881818181818
C13720,3,297.772,99.25733333333334
C13721,3,104.1365,34.71216666666667
C13722,8,1641.3319999999999,205.16649999999998
C13723,4,124.0545,31.013625
C13724,4,576.3620000000001,144.09050000000002
C13725,1,73.83,73.83
C13726,6,1119.904,186.65066666666667
C13727,4,456.102,114.0255
C13728,3,85.49700000000001,28.499000000000006
C13729,6,288.685,48.11416666666667
C13730,6,205.712,34.285333333333334
C13731,6,337.6965,56.28275
C13732,4,82.8125,20.703125
C13733,2,184.83,92.415
C13734,6,857.0705,142.84508333333335
C13735,8,1192.3065,149.0383125
C13736,5,761.7954999999998,152.35909999999996
C13737,5,948.3145,189.66289999999998
C13738,6,577.133,96.18883333333333
C13739,3,221.108,73.70266666666667
C13740,4,1056.734,264.1835
C13741,5,647.8499999999999,129.57
C13742,7,2619.5955,374.22792857142855
C13743,4,123.253,30.81325
C13744,6,1008.1115,168.01858333333334
C13745,1,47.05,47.05
C13746,4,79.46799999999999,19.866999999999997
C13747,9,932.745,103.63833333333334
C13748,7,2527.5415,361.0773571428571
C13749,6,516.823,86.13716666666666
C13750,2,82.72,41.36
C13751,4,333.225,83.30625
C13752,2,53.07,26.535
C13753,3,51.6405,17.2135
C13754,6,1263.625,210.60416666666666
C13755,1,11.44,11.44
C13756,6,626.6179999999999,104.43633333333332
C13757,5,212.873,42.5746
C13758,5,887.11,177.422
C13759,6,747.356,124.55933333333333
C13760,5,1220.936,244.1872
C13761,3,385.909,128.63633333333334
C13762,3,741.6690000000001,247.22300000000004
C13763,5,778.3629999999999,155.6726
C13764,9,421.33000000000004,46.81444444444445
C13765,7,2611.837,373.1195714285714
C13766,7,679.991,97.14157142857142
C13767,6,6546.603,1091.1005
C13768,3,439.264,146.42133333333334
C13769,3,291.588,97.19600000000001
C13770,8,1425.313,178.164125
C13771,1,3.93,3.93
C13772,5,1286.8645000000001,257.3729
C13773,4,585.985,146.49625
C13774,4,1000.9105000000001,250.22762500000002
C13775,8,322.423,40.302875
C13776,1,58.93,58.93
C13777,4,949.638,237.4095
C13778,3,66.076,22.025333333333332
C13779,5,768.8005,153.76010000000002
C13780,1,11.95,11.95
C13781,3,1533.83,511.27666666666664
C13782,1,185.212,185.212
C13783,4,191.99099999999999,47.997749999999996
C13784,1,440.249,440.249
C13785,3,186.535,62.178333333333335
C13786,5,1142.835,228.567
C13787,7,2710.028,387.14685714285713
C13788,4,457.41299999999995,114.35324999999999
C13789,5,539.107,107.8214
C13790,4,94.96199999999999,23.740499999999997
C13791,5,357.7025,71.5405
C13792,4,188.77999999999997,47.19499999999999
C13793,6,1945.2559999999999,324.2093333333333
C13794,3,2813.68,937.8933333333333
C13795,4,1013.4675,253.366875
C13796,3,310.824,103.608
C13797,7,1114.9295,159.27564285714286
C13798,3,194.71200000000002,64.90400000000001
C13799,3,29.330000000000002,9.776666666666667
C13800,5,468.1055,93.6211
C13801,4,107.85049999999998,26.962624999999996
C13802,4,214.5255,53.631375
C13803,6,571.6585,95.27641666666666
C13804,6,882.2615,147.04358333333332
C13805,2,443.66,221.83
C13806,3,601.3399999999999,200.44666666666663
C13807,6,600.4425,100.07375
C13808,5,576.508,115.30160000000001
C13809,4,180.4195,45.104875
C13810,7,1010.51,144.35857142857142
C13811,8,1298.8445,162.3555625
C13812,2,589.13,294.565
C13813,1,438.12,438.12
C13814,9,889.2529999999999,98.80588888888889
C13815,7,2475.604,353.65771428571423
C13816,5,794.5274999999999,158.9055
C13817,3,269.61699999999996,89.87233333333332
C13818,3,285.65549999999996,95.21849999999999
C13819,4,1503.0610000000001,375.76525000000004
C13820,2,128.21,64.105
C13821,2,28.7565,14.37825
C13822,3,190.17249999999999,63.390833333333326
C13823,6,1927.962,321.327
C13824,5,533.3465,106.66929999999999
C13825,9,854.085,94.89833333333334
C13826,4,240.96050000000002,60.240125000000006
C13827,2,53.588,26.794
C13828,5,537.6355,107.52709999999999
C13829,4,1434.4470000000001,358.61175000000003
C13830,4,285.7855,71.446375
C13831,3,876.0799999999999,292.02666666666664
C13832,4,334.51,83.6275
C13833,3,1133.35,377.7833333333333
C13834,2,884.66,442.33
C13835,3,283.081,94.36033333333334
C13836,5,350.848,70.1696
C13837,6,914.0955,152.34925
C13838,3,333.761,111.25366666666667
C13839,6,3027.0455,504.50758333333334
C13840,2,198.69,99.345
C13841,5,2567.6915,513.5382999999999
C13842,1,71.23500000000001,71.23500000000001
C13843,2,193.618,96.809
C13845,7,908.0585,129.72264285714286
C13846,2,381.83,190.915
C13847,3,145.07500000000002,48.35833333333334
C13848,4,236.0555,59.013875
C13849,5,249.58849999999998,49.917699999999996
C13850,4,209.6935,52.423375
C13851,5,1515.801,303.1602
C13852,4,2308.087,577.02175
C13853,6,819.8915,136.64858333333333
C13854,11,2093.3349999999996,190.30318181818177
C13855,3,1431.2359999999999,477.0786666666666
C13856,6,1346.3855,224.39758333333336
C13857,5,160.024,32.0048
C13858,2,442.52,221.26
C13859,3,485.2735,161.75783333333334
C13860,2,151.9145,75.95725
C13861,4,859.3015,214.825375
C13862,4,853.3140000000001,213.32850000000002
C13863,6,2030.1470000000002,338.35783333333336
C13864,3,536.4409999999999,178.81366666666665
C13865,7,481.33450000000005,68.76207142857143
C13866,3,138.243,46.080999999999996
C13867,6,1287.1855,214.53091666666668
C13868,4,791.4685,197.867125
C13869,2,10.8,5.4
C13870,4,407.6,101.9
C13871,4,1091.009,272.75225
C13872,3,569.636,189.87866666666665
C13873,5,168.202,33.6404
C13874,2,57.45,28.725
C13875,7,1750.0845,250.01207142857143
C13876,2,40.7565,20.37825
C13877,4,456.5815,114.145375
C13878,5,319.158,63.8316
C13879,5,617.9,123.58
C13880,4,377.9505,94.487625
C13881,4,608.1455,152.036375
C13882,3,612.918,204.306
C13883,5,195.10750000000002,39.0215
C13884,7,299.2345,42.74778571428572
C13885,3,634.248,211.41600000000003
C13886,5,181.7715,36.3543
C13887,3,525.7825,175.26083333333335
C13888,5,290.8615,58.17229999999999
C13889,3,2752.0445,917.3481666666667
C13890,3,181.982,60.660666666666664
C13891,3,1560.292,520.0973333333333
C13892,7,1234.7235,176.38907142857144
C13893,3,189.54250000000002,63.18083333333334
C13894,5,86.16900000000001,17.233800000000002
C13895,2,2537.7239999999997,1268.8619999999999
C13896,4,496.19,124.0475
C13897,7,2096.312,299.4731428571428
C13898,3,101.848,33.949333333333335
C13899,7,1015.3645,145.05207142857142
C13900,3,406.06399999999996,135.35466666666665
C13901,3,196.092,65.364
C13902,6,1460.209,243.36816666666667
C13903,4,271.615,67.90375
C13904,8,2425.768,303.221
C13905,3,323.74,107.91333333333334
C13906,8,1055.797,131.974625
C13907,4,616.237,154.05925
C13908,5,2093.612,418.7224
C13909,3,367.602,122.53399999999999
C13910,3,488.14799999999997,162.71599999999998
C13911,4,1311.612,327.903
C13912,3,455.51800000000003,151.83933333333334
C13913,3,108.358,36.11933333333334
C13914,6,1476.0520000000001,246.0086666666667
C13915,3,125.0815,41.69383333333334
C13916,4,597.5450000000001,149.38625000000002
C13917,4,114.318,28.5795
C13918,2,69.92099999999999,34.960499999999996
C13919,2,522.72,261.36
C13920,7,851.567,121.65242857142857
C13921,2,1165.261,582.6305
C13922,1,99.12,99.12
C13923,4,592.9554999999999,148.23887499999998
C13924,5,902.3639999999999,180.47279999999998
C13925,5,3247.8325,649.5665
C13926,5,1061.1805,212.2361
C13927,4,1392.002,348.0005
C13928,6,1643.1275,273.8545833333333
C13929,3,275.28,91.75999999999999
C13930,6,144.813,24.135499999999997
C13931,1,351.628,351.628
C13932,7,452.4595,64.63707142857143
C13933,5,1321.74,264.348
C13934,2,130.764,65.382
C13935,5,772.7415,154.54829999999998
C13936,8,866.8770000000001,108.35962500000001
C13937,3,252.011,84.00366666666666
C13938,4,205.6495,51.412375
C13939,2,416.05950000000007,208.02975000000004
C13940,5,583.13,116.626
C13941,3,451.83500000000004,150.61166666666668
C13942,3,945.85,315.28333333333336
C13943,3,935.95,311.98333333333335
C13944,6,664.8475000000001,110.80791666666669
C13945,4,294.43,73.6075
C13946,1,1137.23,1137.23
C13947,3,309.79499999999996,103.26499999999999
C13948,5,370.684,74.13680000000001
C13949,4,435.99850000000004,108.99962500000001
C13950,3,460.14200000000005,153.38066666666668
C13951,5,492.6,98.52000000000001
C13952,5,309.237,61.84740000000001
C13953,8,1737.903,217.237875
C13954,3,274.84000000000003,91.61333333333334
C13955,3,39.567,13.189
C13956,3,1239.97,413.3233333333333
C13957,8,1069.4164999999998,133.67706249999998
C13958,4,222.22999999999996,55.55749999999999
C13959,10,576.413,57.6413
C13960,5,1590.382,318.07640000000004
C13961,3,52.269999999999996,17.423333333333332
C13962,3,541.81,180.60333333333332
C13963,4,928.383,232.09575
C13964,1,1799.4499999999998,1799.4499999999998
C13965,3,75.288,25.096
C13966,3,262.639,87.54633333333334
C13967,5,223.292,44.6584
C13968,3,1477.3504999999998,492.4501666666666
C13969,8,1456.9599999999998,182.11999999999998
C13970,9,1485.064,165.00711111111113
C13972,4,1699.6699999999998,424.91749999999996
C13973,4,178.15200000000002,44.538000000000004
C13974,2,50.8515,25.42575
C13975,4,111.0445,27.761125
C13976,8,435.709,54.463625
C13977,3,227.022,75.67399999999999
C13978,3,304.096,101.36533333333334
C13979,2,40.83,20.415
C13980,3,450.968,150.32266666666666
C13981,7,1233.0425,176.14892857142857
C13982,5,472.0005,94.4001
C13983,7,398.4475,56.92107142857143
C13984,2,459.33,229.665
C13985,8,632.6825,79.0853125
C13986,9,4088.2855,454.2539444444444
C13987,2,766.946,383.473
C13988,5,249.00300000000001,49.8006
C13989,2,115.606,57.803
C13990,3,189.42049999999998,63.14016666666666
C13991,3,141.02,47.00666666666667
C13992,4,295.76,73.94
C13993,3,283.9975,94.66583333333334
C13994,7,1095.759,156.537
C13995,2,143.633,71.8165
C13996,6,1010.563,168.42716666666666
C13997,4,968.5895,242.147375
C13998,5,677.4485,135.4897
C13999,3,988.7560000000001,329.5853333333334
C14000,7,1292.2250000000001,184.60357142857146
C14001,5,2470.614,494.1228
C14002,2,419.74,209.87
C14003,1,3.609,3.609
C14004,4,899.0115000000001,224.75287500000002
C14005,7,971.0985,138.72835714285713
C14006,7,303.64549999999997,43.37792857142857
C14007,4,702.9250000000001,175.73125000000002
C14008,8,752.981,94.122625
C14009,4,288.132,72.033
C14010,3,274.49,91.49666666666667
C14011,2,106.2405,53.12025
C14012,4,370.446,92.6115
C14013,3,95.972,31.990666666666666
C14014,5,905.8499999999999,181.17
C14015,4,195.22,48.805
C14016,7,534.8340000000001,76.40485714285715
C14017,1,7.08,7.08
C14018,6,554.094,92.349
C14019,7,1027.882,146.84028571428573
C14020,3,46.87,15.623333333333333
C14021,7,826.792,118.11314285714286
C14022,3,359.236,119.74533333333333
C14023,6,1431.9025,238.65041666666664
C14024,1,24.0125,24.0125
C14025,5,685.871,137.17419999999998
C14026,5,1120.5415,224.1083
C14027,5,442.115,88.423
C14028,1,12.92,12.92
C14029,4,86.18549999999999,21.546374999999998
C14030,4,258.5695,64.642375
C14031,2,289.74,144.87
C14032,2,277.1835,138.59175
C14033,11,1052.708,95.70072727272728
C14034,3,312.33,104.11
C14035,4,299.937,74.98425
C14036,2,107.85350000000001,53.926750000000006
C14037,3,123.6515,41.217166666666664
C14038,3,246.1915,82.06383333333333
C14039,6,3348.6730000000002,558.1121666666667
C14040,2,191.87349999999998,95.93674999999999
C14041,3,611.1465000000001,203.71550000000002
C14042,8,921.406,115.17575
C14043,1,648.78,648.78
C14044,7,2013.7485000000001,287.6783571428572
C14045,4,698.687,174.67175
C14046,1,147.93300000000002,147.93300000000002
C14047,2,149.68,74.84
C14049,6,1388.7604999999999,231.4600833333333
C14050,6,2503.64,417.2733333333333
C14051,4,320.024,80.006
C14052,4,310.66600000000005,77.66650000000001
C14053,7,3427.2774999999997,489.6110714285714
C14054,2,684.0329999999999,342.01649999999995
C14055,5,258.137,51.6274
C14056,1,8.492999999999999,8.492999999999999
C14057,4,135.16,33.79
C14058,1,46.845,46.845
C14059,4,170.6945,42.673625
C14060,4,1381.8929999999998,345.47324999999995
C14061,3,105.94749999999999,35.31583333333333
C14062,7,712.85,101.83571428571429
C14063,5,306.5305,61.3061
C14064,5,1574.515,314.903
C14065,3,1226.599,408.86633333333333
C14066,5,1984.199,396.8398
C14067,5,1192.455,238.49099999999999
C14068,4,711.9190000000001,177.97975000000002
C14069,4,876.125,219.03125
C14070,4,264.575,66.14375
C14071,6,1048.4715,174.74525000000003
C14072,4,1038.7559999999999,259.68899999999996
C14073,4,1017.442,254.3605
C14074,1,39.05,39.05
C14075,2,162.65,81.325
C14076,5,254.0395,50.807900000000004
C14077,4,77.007,19.25175
C14078,6,500.01300000000003,83.33550000000001
C14079,5,694.1289999999999,138.8258
C14080,2,174.22199999999998,87.11099999999999
C14081,2,225.8565,112.92825
C14082,4,147.4365,36.859125
C14083,3,86.3845,28.794833333333333
C14085,2,63.557,31.7785
C14086,8,3382.527,422.815875
C14087,7,1356.928,193.84685714285715
C14088,5,679.4159999999999,135.8832
C14089,4,223.72299999999998,55.930749999999996
C14090,10,1951.2469999999998,195.1247
C14091,3,1721.9395,573.9798333333333
C14092,2,79.23,39.615
C14093,2,32.6145,16.30725
C14094,4,336.677,84.16925
C14095,2,1583.74,791.87
C14096,5,680.926,136.1852
C14097,2,14.41,7.205
C14098,1,21.66,21.66
C14099,3,407.9665,135.98883333333333
C14100,3,2213.88,737.96
C14101,2,11.59,5.795
C14102,5,1055.338,211.0676
C14103,3,726.1465,242.0488333333333
C14105,3,122.988,40.996
C14106,4,572.0105,143.002625
C14107,6,330.5505,55.09175
C14108,4,612.1999999999999,153.04999999999998
C14109,3,245.82399999999998,81.94133333333333
C14110,1,13.96,13.96
C14111,7,512.104,73.15771428571429
C14112,4,248.639,62.15975
C14113,5,422.792,84.55839999999999
C14114,8,1066.977,133.372125
C14115,1,25.974,25.974
C14116,5,647.831,129.5662
C14117,5,382.522,76.5044
C14118,5,620.4304999999999,124.08609999999999
C14119,2,74.19600000000001,37.098000000000006
C14120,6,288.8405,48.14008333333334
C14121,3,354.40999999999997,118.13666666666666
C14122,4,198.784,49.696
C14123,2,516.9399999999999,258.46999999999997
C14124,7,760.3180000000001,108.61685714285716
C14125,2,3397.154000000001,1698.5770000000005
C14126,7,595.5345,85.07635714285713
C14127,5,812.939,162.5878
C14128,2,301.406,150.703
C14129,5,2921.186,584.2372
C14130,5,1024.357,204.8714
C14131,7,1434.5405,204.93435714285715
C14132,3,113.52099999999999,37.84033333333333
C14133,7,371.1255,53.01792857142857
C14134,5,158.9375,31.7875
C14135,9,1495.5520000000001,166.17244444444447
C14136,7,728.813,104.11614285714286
C14137,6,2304.8905,384.14841666666666
C14138,6,275.4065,45.90108333333333
C14139,5,143.0795,28.6159
C14140,1,11.76,11.76
C14141,5,405.46,81.092
C14142,8,732.0975000000001,91.51218750000001
C14143,2,582.3645,291.18225
C14144,6,974.2760000000001,162.37933333333334
C14145,7,1051.3075,150.1867857142857
C14146,5,669.9095,133.9819
C14147,2,495.28,247.64
C14149,1,15.58,15.58
C14150,9,3592.3464999999997,399.1496111111111
C14151,4,512.7955,128.198875
C14152,3,112.34649999999999,37.44883333333333
C14153,4,237.3345,59.333625
C14154,3,233.39249999999998,77.7975
C14155,4,1328.6795000000002,332.16987500000005
C14156,1,459.03,459.03
C14157,6,2053.632,342.272
C14158,7,1633.9065,233.41521428571428
C14159,3,368.46999999999997,122.82333333333332
C14160,2,35.379999999999995,17.689999999999998
C14161,3,535.3294999999999,178.44316666666666
C14162,1,162.37,162.37
C14163,5,311.81600000000003,62.363200000000006
C14164,6,1421.3595,236.89325
C14165,1,92.67,92.67
C14166,4,252.90550000000002,63.226375000000004
C14167,5,559.729,111.9458
C14168,2,399.49150000000003,199.74575000000002
C14169,4,653.602,163.4005
C14170,1,103.45,103.45
C14171,5,925.846,185.1692
C14172,5,381.585,76.317
C14173,3,251.88199999999998,83.96066666666665
C14174,8,1217.634,152.20425
C14175,4,253.70999999999998,63.427499999999995
C14176,2,451.588,225.794
C14177,6,574.5265,95.75441666666667
C14178,4,534.7755,133.693875
C14179,5,1032.714,206.5428
C14180,5,683.2775000000001,136.65550000000002
C14181,4,122.006,30.5015
C14182,6,2339.996,389.99933333333337
C14183,5,539.9315,107.9863
C14184,3,665.192,221.73066666666668
C14185,5,687.09,137.418
C14186,1,22.281,22.281
C14187,5,569.7814999999999,113.95629999999998
C14188,6,250.04200000000003,41.67366666666667
C14189,1,33.96,33.96
C14190,4,283.6764999999999,70.91912499999998
C14191,4,224.5375,56.134375
C14192,3,644.7525,214.91750000000002
C14193,4,884.8100000000001,221.20250000000001
C14194,2,86.3305,43.16525
C14195,2,410.94,205.47
C14196,5,992.5725000000001,198.51450000000003
C14197,5,291.75100000000003,58.35020000000001
C14198,4,111.6935,27.923375
C14199,8,1259.192,157.399
C14200,8,1850.247,231.280875
C14201,3,150.912,50.304
C14202,3,462.54999999999995,154.1833333333333
C14203,2,120.99,60.495
C14204,3,632.673,210.891
C14205,2,46.1655,23.08275
C14206,4,374.4145,93.603625
C14207,8,599.5185,74.9398125
C14208,5,951.9194999999999,190.38389999999998
C14209,2,44.3605,22.18025
C14210,6,1203.6109999999999,200.6018333333333
C14211,3,294.4595,98.15316666666666
C14212,6,1314.6885,219.11475
C14213,7,1201.3764999999999,171.62521428571426
C14214,4,858.73,214.6825
C14215,3,111.4435,37.14783333333333
C14216,2,236.086,118.043
C14217,5,856.221,171.2442
C14218,8,3624.549,453.068625
C14219,5,765.036,153.00719999999998
C14220,1,1180.14,1180.14
C14221,7,955.0709999999999,136.43871428571427
C14222,3,1300.808,433.60266666666666
C14223,6,5460.665999999999,910.1109999999999
C14224,5,492.16,98.432
C14225,7,661.494,94.49914285714286
C14226,2,394.79249999999996,197.39624999999998
C14227,5,1218.126,243.6252
C14228,12,3627.3035,302.27529166666665
C14229,2,117.6845,58.84225
C14230,2,582.02,291.01
C14231,8,1068.3355,133.5419375
C14232,7,851.5160000000001,121.64514285714287
C14233,2,41.03999999999999,20.519999999999996
C14234,7,664.607,94.94385714285714
C14235,3,98.178,32.726
C14236,3,335.388,111.79599999999999
C14237,3,140.25,46.75
C14238,3,515.657,171.88566666666668
C14239,4,799.5625,199.890625
C14240,4,768.564,192.141
C14241,5,476.2955,95.2591
C14242,3,41.0565,13.6855
C14243,5,276.5665,55.313300000000005
C14244,7,670.753,95.82185714285716
C14245,3,151.553,50.51766666666666
C14246,1,124.4485,124.4485
C14247,2,167.18699999999998,83.59349999999999
C14248,2,297.0,148.5
C14249,3,628.94,209.64666666666668
C14250,4,671.172,167.793
C14251,4,461.5585,115.389625
C14252,2,116.22900000000001,58.11450000000001
C14253,4,186.27599999999998,46.568999999999996
C14254,3,176.017,58.672333333333334
C14255,7,629.6865,89.95521428571429
C14256,4,638.5485,159.637125
C14257,6,1692.0705000000003,282.01175000000006
C14258,6,1705.203,284.2005
C14259,3,58.452999999999996,19.484333333333332
C14260,6,846.213,141.03549999999998
C14261,8,2553.536,319.192
C14262,7,946.813,135.259
C14263,5,1141.4955,228.2991
C14264,7,815.171,116.453
C14265,2,510.7535,255.37675
C14266,6,1501.4524999999999,250.2420833333333
C14267,3,486.1245,162.0415
C14268,8,1749.9434999999999,218.74293749999998
C14269,1,966.97,966.97
C14270,7,438.53499999999997,62.64785714285714
C14271,2,795.848,397.924
C14272,6,314.17650000000003,52.362750000000005
C14273,2,282.32000000000005,141.16000000000003
C14274,6,327.336,54.556000000000004
C14275,6,284.6975,47.44958333333333
C14276,6,1249.604,208.26733333333334
C14277,6,776.7225000000001,129.45375
C14278,7,654.9725,93.5675
C14279,2,177.5855,88.79275
C14280,2,72.7735,36.38675
C14281,5,1607.626,321.5252
C14282,3,287.4055,95.80183333333333
C14283,4,349.2425,87.310625
C14284,6,738.3725000000001,123.06208333333335
C14285,3,292.086,97.36200000000001
C14286,5,511.211,102.2422
C14287,5,628.28,125.65599999999999
C14288,4,785.496,196.374
C14289,6,321.94,53.656666666666666
C14290,4,54.57,13.6425
C14291,1,33.624,33.624
C14292,2,66.102,33.051
C14293,6,205.581,34.2635
C14294,3,86.8015,28.933833333333336
C14295,1,503.06,503.06
C14296,1,754.1455,754.1455
C14297,7,518.4285,74.06121428571429
C14298,6,295.426,49.23766666666666
C14299,4,219.4155,54.853875
C14300,5,150.253,30.050599999999996
C14301,2,114.57,57.285
C14302,7,4163.1945000000005,594.7420714285715
C14303,2,3924.2889999999998,1962.1444999999999
C14304,2,552.492,276.246
C14305,4,2729.464,682.366
C14306,3,118.69400000000002,39.564666666666675
C14307,4,613.918,153.4795
C14308,5,2377.692,475.5384
C14309,6,905.5189999999999,150.91983333333332
C14310,7,687.8215,98.26021428571428
C14311,6,927.9670000000001,154.66116666666667
C14312,9,2932.024,325.7804444444444
C14313,3,167.528,55.842666666666666
C14314,5,316.1535,63.2307
C14315,2,240.297,120.1485
C14316,5,1402.1775,280.4355
C14317,4,303.57,75.8925
C14318,9,1613.558,179.2842222222222
C14319,3,1149.536,383.1786666666667
C14320,4,1960.1100000000001,490.02750000000003
C14321,6,395.066,65.84433333333332
C14322,1,299.4805,299.4805
C14323,5,1363.5715,272.7143
C14324,5,496.649,99.3298
C14325,5,606.763,121.35260000000001
C14326,6,309.94,51.656666666666666
C14327,4,880.42,220.105
C14328,2,30.481,15.2405
C14329,6,1173.7715,195.62858333333335
C14330,5,284.9885,56.997699999999995
C14331,4,276.336,69.084
C14332,2,248.6175,124.30875
C14333,1,10.8205,10.8205
C14334,4,291.463,72.86575
C14335,3,837.6700000000001,279.22333333333336
C14337,4,562.4995,140.624875
C14338,2,277.19,138.595
C14339,3,111.02799999999999,37.00933333333333
C14340,7,934.563,133.509
C14341,3,732.1,244.03333333333333
C14342,3,600.0269999999999,200.009
C14343,2,54.95,27.475
C14344,1,41.61,41.61
C14345,3,162.785,54.26166666666666
C14346,2,145.726,72.863
C14348,5,1327.876,265.5752
C14349,8,2341.392,292.674
C14350,5,143.4855,28.6971
C14351,4,672.596,168.149
C14352,3,400.952,133.65066666666667
C14353,3,173.61,57.870000000000005
C14354,10,614.6825,61.46825
C14355,6,1231.83,205.30499999999998
C14356,4,1407.8400000000001,351.96000000000004
C14357,5,1071.596,214.3192
C14358,3,338.8235,112.94116666666667
C14359,1,2037.4,2037.4
C14360,6,746.372,124.39533333333333
C14361,2,87.799,43.8995
C14362,3,215.3285,71.77616666666667
C14363,4,105.0025,26.250625
C14364,5,2081.8355,416.36710000000005
C14365,4,250.98999999999998,62.747499999999995
C14366,8,1006.69,125.83625
C14367,4,251.49349999999998,62.873374999999996
C14368,4,167.103,41.77575
C14369,5,887.5625,177.5125
C14370,8,1231.806,153.97575
C14371,6,844.245,140.7075
C14372,3,677.3699999999999,225.78999999999996
C14373,5,295.588,59.1176
C14374,6,1850.68,308.44666666666666
C14376,4,717.84,179.46
C14377,4,718.6025,179.650625
C14378,6,4028.6735,671.4455833333333
C14379,3,153.90099999999998,51.30033333333333
C14380,5,639.1445,127.8289
C14381,3,814.4879999999999,271.496
C14382,4,239.685,59.92125
C14383,4,184.55700000000002,46.139250000000004
C14384,4,314.386,78.5965
C14385,3,115.63999999999999,38.54666666666666
C14386,2,203.0005,101.50025
C14387,3,323.0335,107.67783333333334
C14388,4,265.658,66.4145
C14389,4,146.2,36.55
C14390,5,1517.4235,303.48470000000003
C14391,2,525.4800000000001,262.74000000000007
C14392,3,31.1155,10.371833333333333
C14394,3,95.178,31.726
C14395,3,1417.12,472.3733333333333
C14396,3,176.31,58.77
C14397,3,144.102,48.034
C14398,2,124.12049999999999,62.060249999999996
C14399,4,1130.4460000000001,282.61150000000004
C14400,3,521.235,173.745
C14401,2,229.428,114.714
C14402,6,1407.5559999999998,234.59266666666664
C14403,6,820.0609999999999,136.67683333333332
C14404,1,26.16,26.16
C14405,3,172.08399999999997,57.36133333333333
C14406,6,488.8605,81.47675
C14407,3,187.63400000000001,62.54466666666667
C14408,5,1507.71,301.54200000000003
C14409,6,2737.182,456.19699999999995
C14410,2,513.6985,256.84925
C14411,3,619.5765,206.5255
C14412,6,888.3774999999999,148.06291666666667
C14413,3,1060.04,353.34666666666664
C14414,2,1066.8410000000001,533.4205000000001
C14415,4,212.808,53.202
C14416,3,434.546,144.84866666666667
C14417,1,613.84,613.84
C14418,5,1389.2985,277.85970000000003
C14419,3,182.26299999999998,60.75433333333333
C14420,4,370.444,92.611
C14421,2,781.106,390.553
C14422,5,2668.6180000000004,533.7236
C14423,3,146.3395,48.77983333333333
C14424,4,749.3430000000001,187.33575000000002
C14425,4,294.44399999999996,73.61099999999999
C14426,5,559.36,111.872
C14427,2,1439.7,719.85
C14428,7,281.463,40.209
C14429,5,4764.88,952.976
C14430,3,191.064,63.687999999999995
C14431,7,1620.301,231.47157142857142
C14432,2,1176.8935000000001,588.4467500000001
C14433,6,694.9100000000001,115.81833333333334
C14434,3,548.344,182.78133333333335
C14435,9,758.822,84.31355555555555
C14436,1,62.643,62.643
C14437,2,72.8055,36.40275
C14439,5,676.3415,135.2683
C14440,4,1048.9470000000001,262.23675000000003
C14441,2,100.17750000000001,50.088750000000005
C14442,2,754.57,377.285
C14443,6,237.118,39.519666666666666
C14444,5,826.967,165.39339999999999
C14445,2,637.249,318.6245
C14446,7,2091.395,298.7707142857143
C14447,3,220.829,73.60966666666667
C14448,2,6.584,3.292
C14449,2,269.99,134.995
C14450,2,271.868,135.934
C14451,5,685.2455,137.0491
C14452,4,169.533,42.38325
C14453,4,305.01949999999994,76.25487499999998
C14454,5,485.0545,97.0109
C14455,6,1932.3020000000004,322.0503333333334
C14456,5,238.7375,47.7475
C14457,3,256.5,85.5
C14458,4,494.54999999999995,123.63749999999999
C14459,4,208.835,52.20875
C14460,5,3669.5364999999997,733.9073
C14461,1,26.31,26.31
C14462,4,715.0875,178.771875
C14463,4,346.9085,86.727125
C14464,4,887.742,221.9355
C14465,2,22.831500000000002,11.415750000000001
C14466,4,1037.6345,259.408625
C14467,2,156.663,78.3315
C14468,3,1117.45,372.48333333333335
C14469,3,99.532,33.17733333333333
C14470,5,435.6165000000001,87.12330000000001
C14471,5,1866.08,373.216
C14472,6,259.4255,43.23758333333333
C14473,5,1116.2675,223.25349999999997
C14474,6,2454.1745,409.02908333333335
C14475,1,378.9,378.9
C14476,5,530.1715,106.0343
C14477,5,972.5609999999999,194.51219999999998
C14478,7,479.75300000000004,68.53614285714286
C14479,4,786.9495000000001,196.73737500000001
C14480,4,149.78699999999998,37.446749999999994
C14481,5,1233.0,246.6
C14482,10,3090.815,309.0815
C14483,3,347.6,115.86666666666667
C14484,2,228.584,114.292
C14485,7,1128.8455,161.26364285714286
C14486,3,341.63649999999996,113.87883333333332
C14487,8,974.9730000000001,121.87162500000001
C14488,4,121.897,30.47425
C14489,2,227.81,113.905
C14490,4,2386.972,596.743
C14491,8,3404.24,425.53
C14492,8,1783.2645,222.9080625
C14493,8,615.1815,76.8976875
C14494,9,1987.337,220.81522222222222
C14495,1,2.95,2.95
C14496,4,551.003,137.75075
C14497,3,133.9675,44.655833333333334
C14498,4,78.426,19.6065
C14499,6,1989.2865000000002,331.54775
C14500,6,876.8675000000001,146.14458333333334
C14501,5,230.91649999999998,46.183299999999996
C14502,1,47.861,47.861
C14503,4,298.095,74.52375
C14504,3,940.595,313.5316666666667
C14505,5,351.7485,70.3497
C14506,5,635.26,127.05199999999999
C14507,9,1520.4655,168.9406111111111
C14508,5,120.078,24.0156
C14509,1,37.525,37.525
C14510,5,705.176,141.0352
C14511,6,296.45500000000004,49.40916666666667
C14512,5,415.13300000000004,83.0266
C14513,1,15.705,15.705
C14514,6,2832.466,472.07766666666663
C14515,4,376.078,94.0195
C14516,8,1420.445,177.555625
C14517,5,723.679,144.73579999999998
C14518,2,79.474,39.737
C14520,2,345.278,172.639
C14521,7,1879.259,268.4655714285714
C14522,8,787.19,98.39875
C14523,4,1133.65,283.4125
C14524,8,486.867,60.858375
C14525,2,87.65,43.825
C14526,6,561.7455,93.62425
C14527,6,1361.3715000000002,226.89525000000003
C14528,3,382.334,127.44466666666666
C14529,7,1287.6965,183.95664285714287
C14530,6,1117.8490000000002,186.3081666666667
C14531,1,1020.78,1020.78
C14532,1,8.87,8.87
C14533,6,1090.808,181.80133333333333
C14534,4,1584.5400000000002,396.13500000000005
C14535,2,310.16099999999994,155.08049999999997
C14536,4,284.42449999999997,71.10612499999999
C14537,5,224.6075,44.921499999999995
C14538,6,228.804,38.134
C14539,4,143.7815,35.945375
C14540,2,2035.004,1017.502
C14541,4,1492.59,373.1475
C14542,8,672.8215,84.1026875
C14543,6,1249.392,208.232
C14544,4,88.6455,22.161375
C14545,5,707.576,141.5152
C14546,2,47.723,23.8615
C14547,2,419.131,209.5655
C14548,5,560.674,112.1348
C14549,7,460.11300000000006,65.73042857142858
C14550,6,148.8215,24.803583333333332
C14551,5,875.4919999999998,175.09839999999997
C14552,5,671.9490000000001,134.3898
C14553,3,3112.27,1037.4233333333334
C14554,2,450.83,225.415
C14555,8,168.475,21.059375
C14556,3,282.29,94.09666666666668
C14557,4,625.8625,156.465625
C14558,6,421.14,70.19
C14559,8,911.9065,113.9883125
C14560,3,232.59550000000002,77.53183333333334
C14561,4,2167.482,541.8705
C14562,3,569.783,189.92766666666668
C14563,5,986.64,197.328
C14564,2,652.11,326.055
C14565,3,355.611,118.53699999999999
C14566,5,1310.7515,262.1503
C14567,5,1953.687,390.7374
C14568,4,108.5535,27.138375
C14569,3,991.65,330.55
C14570,7,868.187,124.02671428571429
C14571,6,330.8415,55.14025
C14572,4,211.50699999999998,52.876749999999994
C14573,3,160.073,53.35766666666667
C14574,4,252.31699999999998,63.079249999999995
C14575,2,211.95,105.975
C14576,11,1512.7375,137.52159090909092
C14577,3,591.278,197.09266666666667
C14578,9,1921.2894999999999,213.47661111111108
C14579,4,1469.0065,367.251625
C14580,1,103.8825,103.8825
C14581,4,447.767,111.94175
C14582,3,54.28,18.093333333333334
C14583,6,1791.2314999999999,298.5385833333333
C14584,3,498.5475,166.1825
C14585,6,4019.075,669.8458333333333
C14586,2,53.983,26.9915
C14587,5,783.8609999999999,156.77219999999997
C14588,4,518.134,129.5335
C14589,4,766.104,191.526
C14590,6,431.09799999999996,71.84966666666666
C14591,3,329.853,109.95100000000001
C14592,4,573.085,143.27125
C14593,3,187.8565,62.618833333333335
C14594,3,623.02,207.67333333333332
C14595,4,485.7145,121.428625
C14596,1,17.952,17.952
C14597,3,134.877,44.959
C14598,4,393.6765,98.419125
C14599,6,417.58799999999997,69.598
C14600,3,175.287,58.429
C14601,2,31.077,15.5385
C14602,2,643.3000000000001,321.65000000000003
C14603,5,398.83,79.76599999999999
C14604,4,202.0625,50.515625
C14605,3,146.6,48.86666666666667
C14606,4,151.655,37.91375
C14607,3,133.188,44.395999999999994
C14608,1,27.95,27.95
C14609,2,106.2525,53.12625
C14610,2,89.37049999999999,44.685249999999996
C14611,8,730.73,91.34125
C14612,2,559.9499999999999,279.97499999999997
C14613,4,2917.8825,729.470625
C14614,2,77.372,38.686
C14615,5,250.386,50.0772
C14616,5,720.389,144.0778
C14617,4,118.422,29.6055
C14618,2,558.13,279.065
C14619,4,154.046,38.5115
C14620,6,3312.859,552.1431666666666
C14621,6,922.3879999999999,153.7313333333333
C14622,2,144.434,72.217
C14623,4,530.562,132.6405
C14624,5,383.08,76.616
C14625,2,79.29599999999999,39.647999999999996
C14626,7,637.5205,91.07435714285714
C14627,4,4523.832,1130.958
C14628,6,758.9,126.48333333333333
C14629,1,34.08,34.08
C14630,3,481.765,160.58833333333334
C14631,4,323.042,80.7605
C14632,2,144.26999999999998,72.13499999999999
C14633,3,312.6325,104.21083333333333
C14634,2,456.97999999999996,228.48999999999998
C14635,4,259.5605,64.890125
C14636,4,510.342,127.5855
C14637,7,1409.6660000000002,201.38085714285717
C14638,1,144.343,144.343
C14640,1,46.77,46.77
C14641,3,2680.839,893.6129999999999
C14642,6,600.73,100.12166666666667
C14643,3,335.524,111.84133333333334
C14644,4,253.8,63.45
C14645,1,470.478,470.478
C14646,4,225.657,56.41425
C14647,5,1178.6680000000001,235.73360000000002
C14648,6,691.382,115.23033333333332
C14649,6,1418.877,236.4795
C14650,4,2084.6940000000004,521.1735000000001
C14651,4,186.612,46.653
C14652,6,1976.203,329.36716666666666
C14653,2,36.092,18.046
C14654,9,789.719,87.74655555555556
C14655,7,648.9385,92.7055
C14656,4,586.955,146.73875
C14657,5,2248.83,449.76599999999996
C14658,5,789.9000000000001,157.98000000000002
C14659,3,1928.7885,642.9295000000001
C14660,4,419.07399999999996,104.76849999999999
C14661,7,3634.2419999999997,519.1774285714285
C14662,3,276.867,92.289
C14663,4,497.952,124.488
C14664,6,1840.109,306.6848333333333
C14665,5,826.025,165.20499999999998
C14666,3,98.07000000000001,32.690000000000005
C14668,2,335.82,167.91
C14669,6,1495.6835,249.28058333333334
C14670,8,1699.0835,212.3854375
C14671,3,283.727,94.57566666666666
C14672,1,118.68,118.68
C14673,3,209.63,69.87666666666667
C14674,7,1415.453,202.2075714285714
C14675,12,2802.7415,233.56179166666666
C14676,3,225.96,75.32000000000001
C14677,6,2488.2690000000002,414.71150000000006
C14678,4,165.352,41.338
C14679,2,1135.566,567.783
C14680,7,1340.104,191.44342857142857
C14681,8,1214.7265,151.8408125
C14682,6,1437.955,239.65916666666666
C14683,8,1226.3035,153.2879375
C14684,4,172.456,43.114
C14685,3,81.2935,27.09783333333333
C14686,3,323.7315,107.9105
C14687,7,400.282,57.183142857142855
C14688,3,1832.95,610.9833333333333
C14689,4,683.764,170.941
C14690,5,1199.267,239.85340000000002
C14691,5,227.789,45.5578
C14692,5,792.07,158.41400000000002
C14693,2,359.37600000000003,179.68800000000002
C14694,6,2021.9990000000003,336.99983333333336
C14695,3,1041.4440000000002,347.1480000000001
C14696,6,245.325,40.887499999999996
C14697,4,564.616,141.154
C14698,2,111.531,55.7655
C14699,2,41.559999999999995,20.779999999999998
C14700,3,1236.666,412.222
C14701,4,781.782,195.4455
C14702,2,44.890499999999996,22.445249999999998
C14703,7,380.8775,54.411071428571425
C14704,2,133.24699999999999,66.62349999999999
C14705,4,310.385,77.59625
C14707,3,32.31,10.770000000000001
C14708,3,3406.0899999999997,1135.3633333333332
C14709,4,631.5749999999999,157.89374999999998
C14710,5,1745.1765,349.0353
C14711,5,2965.7055,593.1411
C14712,2,179.24,89.62
C14713,6,1494.86,249.14333333333332
C14714,6,715.287,119.2145
C14715,5,980.315,196.06300000000002
C14716,2,149.91,74.955
C14717,5,388.047,77.60940000000001
C14718,5,374.876,74.9752
C14719,9,904.8905,100.54338888888888
C14720,2,245.0,122.5
C14721,5,1435.234,287.04679999999996
C14722,6,302.863,50.47716666666667
C14723,11,1687.6015,153.4183181818182
C14724,5,1669.465,333.893
C14725,5,199.89499999999998,39.979
C14726,2,88.75399999999999,44.376999999999995
C14727,6,647.064,107.844
C14728,4,853.0989999999999,213.27474999999998
C14729,8,337.959,42.244875
C14730,1,34.409,34.409
C14731,2,593.28,296.64
C14732,5,721.5375,144.3075
C14733,7,407.208,58.17257142857143
C14734,5,241.92,48.384
C14735,6,1132.528,188.75466666666668
C14736,5,1040.4805,208.09609999999998
C14737,3,266.843,88.94766666666668
C14738,1,169.82,169.82
C14739,3,98.947,32.98233333333334
C14741,5,985.0699999999999,197.01399999999998
C14742,3,93.6345,31.2115
C14743,4,96.713,24.17825
C14744,6,470.19700000000006,78.36616666666667
C14745,3,975.3834999999999,325.1278333333333
C14746,6,487.5825,81.26375
C14747,5,1280.705,256.14099999999996
C14748,5,537.4019999999999,107.48039999999999
C14749,5,162.6805,32.5361
C14750,4,1058.76,264.69
C14751,3,222.724,74.24133333333333
C14752,9,563.911,62.65677777777777
C14753,4,491.8135,122.953375
C14754,4,632.784,158.196
C14755,1,1857.48,1857.48
C14756,4,397.8315,99.457875
C14757,7,947.79,135.39857142857142
C14758,6,1670.6200000000001,278.43666666666667
C14759,5,1134.2145,226.84290000000001
C14760,9,1949.072,216.56355555555555
C14761,4,96.044,24.011
C14762,2,228.25,114.125
C14763,6,2443.7225,407.2870833333333
C14764,4,505.4455,126.361375
C14765,3,99.098,33.032666666666664
C14766,4,993.468,248.367
C14767,3,553.837,184.61233333333334
C14768,5,2087.6845,417.53689999999995
C14769,5,770.6750000000001,154.13500000000002
C14770,4,474.884,118.721
C14771,1,108.813,108.813
C14772,2,1608.5839999999998,804.2919999999999
C14773,4,280.4275,70.106875
C14774,3,290.176,96.72533333333332
C14775,4,204.743,51.18575
C14776,3,395.7765,131.9255
C14777,3,169.294,56.431333333333335
C14778,5,480.392,96.0784
C14779,3,552.173,184.05766666666668
C14780,11,2764.8624999999997,251.35113636363633
C14781,3,217.8555,72.6185
C14782,7,856.891,122.413
C14783,2,183.75,91.875
C14784,8,990.4499999999999,123.80624999999999
C14785,5,254.688,50.937599999999996
C14786,4,1050.8870000000002,262.72175000000004
C14787,5,570.817,114.1634
C14788,1,13.46,13.46
C14789,3,72.417,24.139
C14790,6,770.2475000000001,128.37458333333333
C14791,3,280.1525,93.38416666666666
C14792,3,260.15,86.71666666666665
C14793,6,972.668,162.11133333333333
C14795,7,637.6390000000001,91.09128571428573
C14796,4,327.826,81.9565
C14797,6,1113.704,185.61733333333333
C14798,9,351.737,39.08188888888889
C14799,6,510.977,85.16283333333332
C14800,5,386.2855,77.25710000000001
C14801,6,634.4929999999999,105.74883333333332
C14802,3,592.032,197.34400000000002
C14803,5,463.15749999999997,92.63149999999999
C14804,6,1836.6399999999999,306.1066666666666
C14805,8,913.1445,114.1430625
C14806,7,1422.0615,203.15164285714286
C14807,3,68.604,22.868
C14808,2,233.5665,116.78325
C14809,3,310.7364999999999,103.57883333333331
C14810,3,279.778,93.25933333333334
C14811,4,590.5989999999999,147.64974999999998
C14812,4,263.003,65.75075
C14813,3,104.049,34.683
C14814,4,2106.749,526.68725
C14815,6,969.493,161.58216666666667
C14816,4,1683.6855000000003,420.92137500000007
C14817,3,552.7195,184.23983333333334
C14818,4,896.5819999999999,224.14549999999997
C14819,2,13.1505,6.57525
C14820,5,586.506,117.3012
C14821,3,105.73,35.24333333333333
C14822,2,163.404,81.702
C14823,6,246.337,41.05616666666666
C14824,4,170.57,42.6425
C14825,7,608.7725,86.9675
C14826,6,1534.432,255.73866666666666
C14827,2,249.5335,124.76675
C14828,3,186.923,62.30766666666667
C14829,4,284.196,71.049
C14830,3,515.95,171.98333333333335
C14831,4,1393.021,348.25525
C14833,6,1535.386,255.89766666666665
C14834,6,686.5345000000001,114.42241666666668
C14835,7,324.19,46.31285714285714
C14836,4,1400.616,350.154
C14837,6,269.5455,44.92425
C14838,7,1416.8945,202.41350000000003
C14839,6,752.9590000000001,125.49316666666668
C14840,4,586.9599999999999,146.73999999999998
C14841,6,643.489,107.24816666666668
C14842,3,260.585,86.86166666666666
C14843,2,132.2045,66.10225
C14844,3,458.17,152.72333333333333
C14845,2,117.21000000000001,58.605000000000004
C14846,7,433.827,61.97528571428571
C14847,3,614.0465,204.6821666666667
C14848,4,514.401,128.60025
C14849,7,229.0585,32.72264285714286
C14850,3,107.03,35.67666666666667
C14851,2,106.96000000000001,53.480000000000004
C14852,4,588.462,147.1155
C14853,6,1825.9229999999998,304.3205
C14854,8,1176.2630000000001,147.03287500000002
C14855,1,6.09,6.09
C14856,4,183.63,45.9075
C14857,5,273.1425,54.628499999999995
C14858,7,807.4250000000001,115.34642857142858
C14859,5,95.0675,19.0135
C14860,3,558.45,186.15
C14861,4,195.422,48.8555
C14862,6,827.0640000000001,137.84400000000002
C14863,6,768.131,128.02183333333332
C14864,6,556.326,92.721
C14865,8,2558.3965,319.7995625
C14866,5,475.20000000000005,95.04
C14867,3,239.036,79.67866666666667
C14868,4,354.64250000000004,88.66062500000001
C14869,5,283.16999999999996,56.63399999999999
C14870,3,25.0485,8.3495
C14872,3,601.78,200.59333333333333
C14873,9,1926.9395,214.10438888888888
C14874,3,223.7295,74.5765
C14875,6,965.0509999999999,160.8418333333333
C14876,8,2415.556,301.9445
C14878,7,1629.203,232.74328571428572
C14879,6,549.4675,91.57791666666667
C14880,3,130.10899999999998,43.36966666666666
C14881,5,622.4605,124.49210000000001
C14882,4,459.4895,114.872375
C14883,3,70.2,23.400000000000002
C14884,1,40.05,40.05
C14885,3,261.079,87.02633333333334
C14886,4,118.555,29.63875
C14887,8,1347.5245,168.4405625
C14888,3,191.827,63.94233333333333
C14889,9,675.701,75.07788888888889
C14890,3,72.83099999999999,24.276999999999997
C14891,5,618.986,123.7972
C14892,2,404.3085,202.15425
C14893,6,918.23,153.03833333333333
C14895,6,1712.2515,285.37525
C14896,2,289.74,144.87
C14897,8,992.5245,124.0655625
C14898,4,156.4645,39.116125
C14899,7,1148.5935,164.08478571428572
C14900,4,899.955,224.98875
C14901,5,1258.73,251.746
C14902,1,106.932,106.932
C14903,1,18.153,18.153
C14904,6,239.6205,39.936749999999996
C14905,5,148.732,29.7464
C14906,6,1374.1185,229.01975000000002
C14907,3,1323.9475,441.31583333333333
C14908,5,260.285,52.057
C14909,5,1381.355,276.271
C14910,5,723.96,144.792
C14911,6,692.4905,115.41508333333333
C14912,3,91.788,30.596
C14913,6,1787.7640000000001,297.96066666666667
C14914,2,358.817,179.4085
C14915,7,398.9565,56.993785714285714
C14916,8,901.4784999999999,112.68481249999999
C14917,8,2124.682,265.58525
C14918,3,49.8265,16.608833333333333
C14919,5,1320.7575,264.1515
C14920,8,1589.918,198.73975
C14921,2,401.47,200.735
C14922,4,915.2195,228.804875
C14923,3,88.316,29.438666666666666
C14924,2,208.82000000000002,104.41000000000001
C14925,9,1808.7,200.96666666666667
C14926,3,409.903,136.63433333333333
C14927,5,1090.114,218.02280000000002
C14928,7,495.08799999999997,70.72685714285714
C14929,5,2824.2450000000003,564.849
C14930,7,2038.6720000000003,291.23885714285717
C14931,6,520.4395,86.73991666666666
C14932,3,264.07,88.02333333333333
C14933,5,790.0899999999999,158.01799999999997
C14934,5,1284.166,256.8332
C14935,5,201.2215,40.244299999999996
C14936,2,484.9495,242.47475
C14937,5,481.79999999999995,96.35999999999999
C14938,5,1394.178,278.8356
C14939,9,1068.1399999999999,118.68222222222221
C14940,3,307.92999999999995,102.64333333333332
C14941,2,31.6,15.8
C14942,9,1040.135,115.57055555555556
C14943,5,688.218,137.6436
C14944,10,825.457,82.5457
C14945,7,364.7585,52.108357142857145
C14946,5,1060.813,212.16260000000003
C14947,4,637.0055,159.251375
C14948,6,140.4715,23.411916666666666
C14949,3,276.46999999999997,92.15666666666665
C14950,3,437.0795,145.69316666666666
C14951,4,83.23,20.8075
C14952,2,557.49,278.745
C14953,7,766.2025,109.4575
C14954,7,289.306,41.32942857142857
C14955,3,737.7955000000001,245.93183333333334
C14956,1,38.1995,38.1995
C14957,5,237.14600000000002,47.4292
C14958,6,1263.5725,210.59541666666667
C14959,6,2508.902,418.1503333333333
C14960,4,628.99,157.2475
C14961,1,1478.4219999999998,1478.4219999999998
C14962,3,1566.326,522.1086666666666
C14963,3,226.64499999999998,75.54833333333333
C14964,8,548.1255,68.5156875
C14965,4,1612.7404999999999,403.18512499999997
C14966,3,128.1945,42.731500000000004
C14967,3,142.76600000000002,47.588666666666676
C14968,4,155.3315,38.832875
C14969,7,172.1675,24.595357142857143
C14970,6,2184.45,364.075
C14971,7,598.2205,85.46007142857142
C14972,1,13.52,13.52
C14973,3,848.0445,282.68149999999997
C14974,3,1160.339,386.7796666666666
C14975,3,159.31300000000002,53.10433333333334
C14976,8,207.27100000000002,25.908875000000002
C14977,1,128.81,128.81
C14978,2,387.738,193.869
C14979,6,954.642,159.107
C14980,4,605.1899999999999,151.29749999999999
C14981,1,403.92,403.92
C14983,5,372.08500000000004,74.417
C14984,1,40.203,40.203
C14986,2,177.558,88.779
C14987,5,1229.4285,245.88569999999999
C14988,6,752.01,125.335
C14989,2,51.93,25.965
C14990,5,621.93,124.386
C14991,2,120.05000000000001,60.025000000000006
C14992,8,619.1625,77.3953125
C14993,2,149.481,74.7405
C14994,8,543.769,67.971125
C14995,5,791.731,158.3462
C14996,4,1354.62,338.655
C14997,5,1187.1175,237.42350000000002
C14998,3,818.9205000000001,272.9735
C14999,4,1225.6100000000001,306.40250000000003
C15000,5,2059.5845,411.9169
C15001,4,492.0865,123.021625
C15002,4,425.132,106.283
C15003,5,919.9679999999998,183.99359999999996
C15004,4,76.07999999999998,19.019999999999996
C15005,3,339.6765,113.2255
C15006,2,34.02,17.01
C15007,3,533.755,177.91833333333332
C15008,7,2980.194,425.742
C15009,4,1110.48,277.62
C15010,1,13.14,13.14
C15011,5,184.35,36.87
C15012,3,801.5790000000001,267.19300000000004
C15013,2,348.01500000000004,174.00750000000002
C15014,3,176.07750000000001,58.6925
C15015,3,174.1605,58.05350000000001
C15016,7,1771.477,253.06814285714287
C15017,5,146.173,29.2346
C15018,2,68.6015,34.30075
C15019,4,305.001,76.25025
C15020,3,526.1899999999999,175.39666666666665
C15021,3,1425.8500000000001,475.28333333333336
C15022,2,38.544,19.272
C15023,1,105.96,105.96
C15024,10,2488.2825000000003,248.82825000000003
C15025,3,31.663999999999998,10.554666666666666
C15026,3,55.489999999999995,18.496666666666666
C15027,5,212.8125,42.5625
C15028,3,1509.632,503.21066666666667
C15029,5,1364.438,272.8876
C15030,3,172.939,57.64633333333333
C15031,5,436.709,87.3418
C15032,4,464.577,116.14425
C15033,1,22.696,22.696
C15034,2,81.8065,40.90325
C15035,1,12.56,12.56
C15036,4,308.622,77.1555
C15037,7,973.402,139.05742857142857
C15038,2,161.985,80.9925
C15039,4,615.06,153.765
C15040,2,148.2625,74.13125
C15041,4,471.7905,117.947625
C15042,4,727.0045,181.751125
C15043,8,2549.7400000000002,318.71750000000003
C15044,1,847.35,847.35
C15045,5,63.472,12.6944
C15046,1,117.62,117.62
C15047,5,2657.388,531.4775999999999
C15048,4,1041.846,260.4615
C15049,5,1265.0,253.0
C15050,2,139.76999999999998,69.88499999999999
C15051,8,952.6535,119.0816875
C15052,3,630.751,210.25033333333332
C15053,4,373.852,93.463
C15054,7,585.8095,83.68707142857143
C15055,7,1819.534,259.9334285714286
C15056,3,326.731,108.91033333333333
C15057,5,670.8475,134.1695
C15058,5,1061.7995,212.3599
C15059,4,1427.9089999999999,356.97724999999997
C15060,2,227.02299999999997,113.51149999999998
C15061,4,1597.306,399.3265
C15062,6,323.3795,53.89658333333333
C15063,8,2868.044,358.5055
C15064,5,1172.2445,234.4489
C15065,5,1148.5529999999999,229.71059999999997
C15066,4,127.6625,31.915625
C15067,3,1327.1585,442.38616666666667
C15068,4,2823.0219999999995,705.7554999999999
C15069,5,252.49,50.498000000000005
C15070,3,236.69199999999998,78.89733333333332
C15071,1,590.54,590.54
C15072,5,314.845,62.96900000000001
C15073,5,348.13750000000005,69.62750000000001
C15074,4,1414.23,353.5575
C15075,2,35.192,17.596
C15076,3,364.14149999999995,121.38049999999998
C15077,7,1033.2965,147.6137857142857
C15078,4,569.007,142.25175
C15079,5,643.4195000000001,128.68390000000002
C15080,7,1316.6105,188.08721428571428
C15081,4,523.173,130.79325
C15082,3,68.22,22.74
C15083,6,1434.07,239.01166666666666
C15084,4,301.31949999999995,75.32987499999999
C15085,6,1931.3619999999999,321.89366666666666
C15086,5,264.147,52.8294
C15087,6,2048.0389999999998,341.3398333333333
C15088,9,864.8005,96.08894444444445
C15089,9,1811.4679999999998,201.2742222222222
C15090,2,204.156,102.078
C15091,8,1971.025,246.378125
C15092,4,194.37600000000003,48.59400000000001
C15093,5,719.9215,143.98430000000002
C15094,3,376.8675,125.6225
C15095,3,268.219,89.40633333333334
C15096,6,2934.9165,489.15274999999997
C15097,5,108.9585,21.7917
C15098,2,43.903,21.9515
C15099,4,233.483,58.37075
C15100,2,45.576499999999996,22.788249999999998
C15101,7,874.287,124.89814285714286
C15102,3,236.2405,78.74683333333333
C15103,2,41.78,20.89
C15104,4,354.75,88.6875
C15105,4,816.488,204.122
C15106,1,607.65,607.65
C15107,2,409.96000000000004,204.98000000000002
C15108,5,975.086,195.0172
C15109,7,3514.4700000000003,502.06714285714287
C15110,3,396.0905,132.03016666666667
C15111,3,67.189,22.39633333333333
C15112,5,944.7574999999998,188.95149999999995
C15113,7,1713.951,244.85014285714286
C15114,2,246.25,123.125
C15115,1,82.86,82.86
C15116,4,549.0835,137.270875
C15117,3,124.80250000000001,41.600833333333334
C15118,1,91.647,91.647
C15119,3,172.66649999999998,57.555499999999995
C15120,3,282.99,94.33
C15121,4,1357.545,339.38625
C15122,4,209.8825,52.470625
C15123,2,529.01,264.505
C15124,3,654.6325,218.21083333333334
C15125,5,1278.912,255.7824
C15126,4,1183.2040000000002,295.80100000000004
C15127,8,291.242,36.40525
C15128,1,12.93,12.93
C15129,3,333.9735,111.3245
C15130,3,728.7845,242.92816666666667
C15131,6,517.931,86.32183333333334
C15132,6,2466.5615000000003,411.09358333333336
C15133,3,463.98199999999997,154.66066666666666
C15134,4,1904.55,476.1375
C15135,2,264.324,132.162
C15136,5,723.447,144.6894
C15137,8,3458.645,432.330625
C15138,4,207.086,51.7715
C15139,9,1115.849,123.98322222222221
C15140,2,69.793,34.8965
C15141,7,399.06850000000003,57.00978571428572
C15142,4,311.8455,77.961375
C15143,6,414.647,69.10783333333333
C15144,5,944.5645,188.91289999999998
C15145,5,473.82050000000004,94.76410000000001
C15146,3,390.94,130.31333333333333
C15147,6,609.3205,101.55341666666668
C15148,1,246.55,246.55
C15149,7,438.998,62.714
C15150,6,731.29,121.88166666666666
C15151,5,476.089,95.2178
C15152,2,45.6715,22.83575
C15153,9,1080.582,120.06466666666668
C15154,4,973.3785,243.344625
C15155,3,255.5535,85.1845
C15156,4,319.6965,79.924125
C15157,4,262.302,65.5755
C15158,11,840.7145,76.42859090909091
C15159,4,599.447,149.86175
C15160,1,142.73749999999998,142.73749999999998
C15161,9,1879.7839999999999,208.86488888888888
C15162,5,236.524,47.3048
C15163,5,332.1535,66.4307
C15164,3,82.1395,27.379833333333334
C15165,3,269.11,89.70333333333333
C15166,7,941.8730000000002,134.55328571428575
C15167,8,2119.18,264.8975
C15168,1,91.55,91.55
C15169,5,1211.5925,242.3185
C15170,3,270.66600000000005,90.22200000000002
C15171,6,1250.2165,208.36941666666667
C15172,4,218.22,54.555
C15173,4,1062.45,265.6125
C15174,2,114.77000000000001,57.385000000000005
C15175,5,587.014,117.4028
C15176,7,1103.564,157.65200000000002
C15177,4,1302.3300000000002,325.58250000000004
C15178,6,401.4565,66.90941666666667
C15179,5,611.4604999999999,122.29209999999998
C15180,6,754.861,125.81016666666666
C15181,4,159.774,39.9435
C15182,5,581.889,116.37780000000001
C15183,2,196.68,98.34
C15184,5,136.82500000000002,27.365000000000002
C15185,5,2047.276,409.4552
C15186,3,288.5675,96.18916666666667
C15187,3,192.16,64.05333333333333
C15188,10,1639.517,163.95170000000002
C15189,5,603.679,120.7358
C15190,9,2376.0505000000003,264.00561111111114
C15191,6,802.3370000000001,133.72283333333334
C15192,5,487.33000000000004,97.46600000000001
C15193,7,615.8684999999999,87.98121428571427
C15194,4,2628.167,657.04175
C15195,4,193.46,48.365
C15196,3,535.184,178.39466666666667
C15197,3,211.906,70.63533333333334
C15198,2,143.56,71.78
C15199,2,29.339,14.6695
C15200,5,619.28,123.856
C15201,6,179.19650000000001,29.866083333333336
C15202,10,1555.5584999999999,155.55585
C15203,9,4121.9015,457.9890555555555
C15204,1,37.9715,37.9715
C15205,6,1797.1879999999999,299.5313333333333
C15206,3,407.273,135.75766666666667
C15207,7,534.21,76.3157142857143
C15208,7,950.2075,135.74392857142857
C15209,2,213.985,106.9925
C15210,2,53.3845,26.69225
C15211,3,428.808,142.936
C15212,4,529.5645,132.391125
C15213,3,52.209999999999994,17.403333333333332
C15214,3,154.1805,51.393499999999996
C15215,4,336.74499999999995,84.18624999999999
C15216,2,603.49,301.745
C15217,6,1265.4234999999999,210.90391666666665
C15218,3,131.853,43.951
C15219,3,1013.433,337.811
C15220,3,1713.3165,571.1055
C15221,2,41.63,20.815
C15222,6,225.3365,37.55608333333333
C15223,4,330.5175,82.629375
C15224,1,1500.3,1500.3
C15225,2,14.2975,7.14875
C15226,4,2231.9085,557.977125
C15227,1,1.24,1.24
C15228,3,87.3245,29.108166666666666
C15229,7,239.524,34.21771428571429
C15230,5,451.285,90.257
C15231,6,439.00399999999996,73.16733333333333
C15232,6,263.72749999999996,43.954583333333325
C15233,4,277.94050000000004,69.48512500000001
C15234,7,462.0685,66.00978571428571
C15235,3,266.54449999999997,88.84816666666666
C15236,6,903.3064999999999,150.5510833333333
C15237,7,552.293,78.899
C15238,4,337.5365,84.384125
C15239,6,173.0445,28.84075
C15240,5,693.934,138.7868
C15241,3,500.26300000000003,166.75433333333334
C15242,4,183.841,45.96025
C15243,5,339.763,67.95259999999999
C15244,4,190.751,47.68775
C15245,2,262.87100000000004,131.43550000000002
C15246,4,983.4350000000001,245.85875000000001
C15247,7,338.467,48.35242857142857
C15248,9,658.7570000000001,73.19522222222223
C15249,8,1051.974,131.49675
C15250,2,134.40300000000002,67.20150000000001
C15251,5,317.5135,63.502700000000004
C15252,3,310.512,103.504
C15253,5,757.16,151.432
C15254,5,6509.9445,1301.9888999999998
C15255,6,542.576,90.42933333333333
C15256,3,308.851,102.95033333333333
C15257,6,248.32150000000001,41.38691666666667
C15258,4,81.9085,20.477125
C15259,2,171.06050000000002,85.53025000000001
C15260,4,2585.182,646.2955
C15261,5,527.28,105.45599999999999
C15262,5,746.832,149.3664
C15263,4,407.692,101.923
C15264,4,163.3125,40.828125
C15265,8,431.2215,53.9026875
C15266,3,280.145,93.38166666666666
C15267,2,748.04,374.02
C15268,6,1305.0545,217.50908333333334
C15269,6,460.55949999999996,76.75991666666665
C15270,3,953.299,317.7663333333333
C15271,4,345.4655,86.366375
C15272,5,1631.1415000000002,326.22830000000005
C15273,6,1301.344,216.89066666666668
C15274,3,197.89,65.96333333333332
C15275,8,831.0025,103.8753125
C15276,3,62.944500000000005,20.9815
C15277,3,159.6105,53.2035
C15278,4,945.5619999999999,236.39049999999997
C15279,7,1181.705,168.815
C15280,8,300.02799999999996,37.503499999999995
C15281,3,1460.528,486.8426666666667
C15282,1,22.94,22.94
C15283,5,733.5055,146.7011
C15284,2,340.038,170.019
C15285,5,993.828,198.7656
C15286,2,76.7175,38.35875
C15287,7,714.9934999999999,102.14192857142856
C15288,2,722.5504999999999,361.27524999999997
C15289,7,2410.888,344.4125714285714
C15290,5,159.8025,31.960500000000003
C15291,5,729.832,145.9664
C15292,3,600.9045,200.3015
C15293,5,189.28400000000002,37.85680000000001
C15294,3,226.43550000000002,75.47850000000001
C15295,5,789.5949999999999,157.91899999999998
C15296,2,65.70150000000001,32.850750000000005
C15297,5,120.22999999999999,24.046
C15298,5,286.125,57.225
C15299,6,162.797,27.132833333333334
C15300,6,802.745,133.79083333333332
C15301,8,379.15,47.39375
C15302,7,655.3485,93.62121428571427
C15303,4,1145.388,286.347
C15304,2,230.367,115.1835
C15305,5,388.5145,77.7029
C15306,3,396.3905,132.13016666666667
C15307,5,1431.29,286.258
C15308,7,2096.1155000000003,299.44507142857145
C15309,3,32.218999999999994,10.739666666666665
C15310,8,960.1145,120.0143125
C15311,9,2099.6135,233.29038888888888
C15312,2,282.961,141.4805
C15313,1,404.703,404.703
C15314,4,186.518,46.6295
C15315,7,382.725,54.675000000000004
C15316,6,2680.322,446.7203333333334
C15317,4,1109.481,277.37025
C15318,5,835.3275,167.0655
C15319,8,1216.244,152.0305
C15320,3,554.584,184.8613333333333
C15321,4,210.373,52.59325
C15322,5,421.988,84.3976
C15323,4,699.2969999999999,174.82424999999998
C15324,5,868.9790000000002,173.79580000000004
C15325,1,28.956,28.956
C15326,7,2103.089,300.4412857142857
C15327,6,336.117,56.0195
C15328,4,606.8259999999999,151.70649999999998
C15329,4,331.68399999999997,82.92099999999999
C15330,4,854.7965,213.699125
C15331,2,307.4745,153.73725
C15332,1,666.8505,666.8505
C15333,3,474.554,158.18466666666666
C15334,5,680.123,136.02460000000002
C15335,6,1354.7939999999999,225.79899999999998
C15336,4,704.1514999999999,176.03787499999999
C15337,1,147.25,147.25
C15338,3,825.05,275.01666666666665
C15339,3,1840.413,613.471
C15340,3,1105.774,368.5913333333333
C15341,2,58.849999999999994,29.424999999999997
C15342,2,115.7045,57.85225
C15343,4,625.232,156.308
C15344,3,65.368,21.78933333333333
C15345,4,255.712,63.928
C15346,2,112.162,56.081
C15347,6,552.115,92.01916666666666
C15348,2,162.184,81.092
C15349,4,387.3185,96.829625
C15350,6,1012.269,168.7115
C15351,5,455.3635,91.0727
C15352,4,1707.768,426.942
C15353,7,1743.045,249.0064285714286
C15354,2,1281.854,640.927
C15355,4,516.2475000000001,129.06187500000001
C15356,7,466.7215,66.6745
C15357,1,472.34,472.34
C15358,4,3964.446,991.1115
C15359,3,712.6060000000001,237.53533333333337
C15360,4,151.64100000000002,37.910250000000005
C15361,2,5.720000000000001,2.8600000000000003
C15362,4,244.5405,61.135125
C15363,4,287.3555,71.838875
C15364,3,246.90699999999998,82.30233333333332
C15365,3,1957.8200000000002,652.6066666666667
C15366,5,292.9665,58.5933
C15367,6,1903.0144999999998,317.1690833333333
C15368,4,1009.66,252.415
C15369,3,828.96,276.32
C15370,8,799.8104999999999,99.97631249999999
C15371,2,611.88,305.94
C15372,3,313.274,104.42466666666667
C15373,7,349.2915,49.898785714285715
C15374,5,309.2645,61.8529
C15375,4,987.992,246.998
C15376,6,651.8855,108.64758333333333
C15377,1,529.73,529.73
C15378,8,775.6685,96.9585625
C15379,3,11375.578,3791.8593333333333
C15380,5,1487.926,297.5852
C15381,1,54.03,54.03
C15382,2,174.32,87.16
C15383,4,523.29,130.8225
C15384,2,26.671,13.3355
C15385,4,382.95,95.7375
C15386,2,120.041,60.0205
C15387,8,2936.977,367.122125
C15388,4,450.31600000000003,112.57900000000001
C15389,3,485.89000000000004,161.96333333333334
C15390,7,533.294,76.18485714285714
C15391,1,41.07,41.07
C15392,10,1608.7055,160.87055
C15393,6,463.11449999999996,77.18575
C15394,1,821.736,821.736
C15395,2,22.113,11.0565
C15396,3,61.89,20.63
C15397,3,428.844,142.948
C15398,3,345.3635,115.12116666666667
C15399,6,1048.8469999999998,174.8078333333333
C15400,5,1023.896,204.7792
C15401,2,348.46400000000006,174.23200000000003
C15402,4,544.692,136.173
C15403,3,343.896,114.632
C15404,7,4316.6895,616.6699285714286
C15405,1,246.075,246.075
C15406,5,999.8459999999999,199.96919999999997
C15407,2,200.16,100.08
C15408,9,1066.5394999999999,118.50438888888887
C15409,7,219.72699999999998,31.389571428571426
C15410,2,196.95000000000002,98.47500000000001
C15411,5,737.168,147.4336
C15412,2,477.14000000000004,238.57000000000002
C15413,8,2726.0609999999997,340.75762499999996
C15414,3,395.58,131.85999999999999
C15415,8,916.8349999999999,114.60437499999999
C15416,5,383.0,76.6
C15417,2,43.399,21.6995
C15418,1,1349.02,1349.02
C15419,4,1291.07,322.7675
C15420,5,758.99,151.798
C15421,6,394.476,65.746
C15422,2,626.79,313.395
C15423,11,1198.1185,108.91986363636364
C15424,4,773.38,193.345
C15425,3,708.685,236.22833333333332
C15426,1,4.25,4.25
C15427,6,1055.9645,175.99408333333335
C15428,3,363.27,121.08999999999999
C15429,7,268.347,38.33528571428571
C15430,6,2540.7464999999997,423.45775
C15431,4,1316.828,329.207
C15432,5,1963.6585000000005,392.7317000000001
C15433,4,1371.4180000000001,342.85450000000003
C15434,4,135.5095,33.877375
C15435,8,1150.8185,143.8523125
C15436,2,341.90999999999997,170.95499999999998
C15437,6,1926.04,321.00666666666666
C15438,1,168.4,168.4
C15439,6,1417.68,236.28
C15440,2,54.082,27.041
C15441,4,1422.5475000000001,355.63687500000003
C15442,5,1699.456,339.89119999999997
C15443,7,274.422,39.20314285714286
C15444,6,1261.3635000000002,210.22725000000003
C15445,4,196.8875,49.221875
C15446,5,1334.1000000000001,266.82000000000005
C15447,7,1210.665,172.95214285714286
C15448,6,878.5995,146.43325000000002
C15449,2,443.68,221.84
C15450,4,720.828,180.207
C15451,3,547.933,182.64433333333332
C15452,9,1264.922,140.5468888888889
C15453,4,1329.291,332.32275
C15454,8,1048.3935000000001,131.04918750000002
C15455,7,1451.4070000000002,207.34385714285716
C15456,1,22.38,22.38
C15457,1,157.9,157.9
C15458,4,3115.9149999999995,778.9787499999999
C15459,2,30.95,15.475
C15460,2,98.553,49.2765
C15461,3,204.922,68.30733333333333
C15462,7,1646.0515,235.1502142857143
C15463,5,757.208,151.4416
C15464,1,53.17,53.17
C15465,7,1403.702,200.52885714285713
C15466,1,85.73400000000001,85.73400000000001
C15467,4,384.613,96.15325
C15468,6,3100.2445,516.7074166666666
C15469,4,766.0419999999999,191.51049999999998
C15470,3,524.4085,174.80283333333333
C15471,5,1509.768,301.9536
C15472,2,57.067,28.5335
C15473,7,1561.9015,223.1287857142857
C15474,3,347.01099999999997,115.67033333333332
C15475,5,2156.9225,431.3845
C15476,6,1282.047,213.6745
C15477,4,384.1465,96.036625
C15478,1,110.4565,110.4565
C15479,7,1740.4379999999999,248.634
C15480,6,697.3019999999999,116.21699999999998
C15481,3,139.91,46.63666666666666
C15482,3,2593.0075000000006,864.3358333333335
C15483,4,725.124,181.281
C15484,3,89.03699999999999,29.679
C15485,2,258.052,129.026
C15486,6,633.868,105.64466666666668
C15487,7,715.8475,102.26392857142856
C15488,4,1256.6255,314.156375
C15489,4,325.14,81.285
C15490,5,1195.5725,239.1145
C15491,5,375.318,75.0636
C15492,6,1400.0220000000002,233.33700000000002
C15493,2,267.43600000000004,133.71800000000002
C15494,6,896.8340000000001,149.47233333333335
C15495,3,715.163,238.38766666666666
C15496,2,49.8,24.9
C15497,7,1805.0605,257.8657857142857
C15498,3,256.6,85.53333333333335
C15499,8,939.563,117.445375
C15501,3,3648.71,1216.2366666666667
C15502,3,137.792,45.93066666666667
C15503,1,5.8425,5.8425
C15504,4,307.1185,76.779625
C15505,3,565.2719999999999,188.42399999999998
C15506,5,372.485,74.497
C15507,8,1922.46,240.3075
C15508,2,69.952,34.976
C15509,3,217.8725,72.62416666666667
C15510,5,1016.2465,203.2493
C15511,7,465.3625,66.48035714285714
C15512,4,284.11650000000003,71.02912500000001
C15513,1,21.28,21.28
C15514,2,52.622499999999995,26.311249999999998
C15515,4,398.902,99.7255
C15516,4,737.8855000000001,184.47137500000002
C15517,3,498.87100000000004,166.29033333333334
C15518,3,741.686,247.22866666666667
C15519,5,685.861,137.1722
C15520,6,1458.0285000000001,243.00475000000003
C15521,2,107.089,53.5445
C15522,4,3423.312,855.828
C15523,4,318.507,79.62675
C15524,7,2919.2884999999997,417.04121428571426
C15525,3,3279.7695,1093.2565
C15526,6,1604.391,267.3985
C15527,3,184.35000000000002,61.45000000000001
C15528,4,782.15,195.5375
C15529,11,1687.329,153.39354545454546
C15530,5,183.219,36.6438
C15531,5,457.01500000000004,91.403
C15533,2,1242.28,621.14
C15534,3,573.1015,191.03383333333332
C15535,4,339.61,84.9025
C15536,3,113.75799999999998,37.91933333333333
C15537,4,521.754,130.4385
C15538,2,507.046,253.523
C15539,11,2656.3845,241.48950000000002
C15540,4,1095.296,273.824
C15541,5,358.19900000000007,71.63980000000001
C15542,4,140.00150000000002,35.000375000000005
C15543,7,271.707,38.815285714285714
C15544,3,435.934,145.31133333333335
C15545,3,335.78799999999995,111.92933333333332
C15546,8,1228.4595000000002,153.55743750000002
C15547,3,189.7355,63.24516666666667
C15548,2,150.04999999999998,75.02499999999999
C15549,2,694.6965,347.34825
C15550,3,56.529,18.843
C15551,3,385.649,128.54966666666667
C15552,2,3709.3635000000004,1854.6817500000002
C15553,2,219.19,109.595
C15554,6,1932.1255,322.02091666666666
C15555,7,828.739,118.39128571428571
C15556,2,51.83,25.915
C15557,6,569.294,94.88233333333334
C15558,7,928.3665,132.6237857142857
C15559,4,437.37800000000004,109.34450000000001
C15560,10,2700.1600000000003,270.016
C15561,2,202.33999999999997,101.16999999999999
C15562,6,591.786,98.63099999999999
C15563,5,389.51,77.902
C15564,2,162.691,81.3455
C15565,11,696.4085,63.30986363636364
C15566,4,3344.8615,836.215375
C15567,5,711.67,142.334
C15568,5,1358.32,271.664
C15569,4,486.6965,121.674125
C15570,1,94.077,94.077
C15571,4,1391.0729999999999,347.76824999999997
C15573,5,491.989,98.39779999999999
C15574,2,163.42000000000002,81.71000000000001
C15575,9,276.24,30.693333333333335
C15576,1,20.7,20.7
C15577,8,481.45050000000003,60.181312500000004
C15578,7,989.34,141.33428571428573
C15579,2,40.29,20.145
C15580,5,1186.316,237.2632
C15581,4,1542.027,385.50675
C15582,5,529.481,105.8962
C15583,3,3021.0835,1007.0278333333334
C15584,2,63.22,31.61
C15585,9,2989.8855,332.2095
C15586,7,385.2835,55.0405
C15587,8,795.134,99.39175
C15588,10,4853.245,485.3245
C15589,1,106.438,106.438
C15590,5,462.0455,92.4091
C15591,5,2073.8689999999997,414.77379999999994
C15592,6,1554.2129999999997,259.03549999999996
C15593,6,593.3395,98.88991666666668
C15594,7,323.97350000000006,46.28192857142858
C15595,2,147.0,73.5
C15596,5,278.03049999999996,55.60609999999999
C15597,2,3129.0820000000003,1564.5410000000002
C15598,1,2.853,2.853
C15599,9,552.011,61.33455555555555
C15600,4,408.11199999999997,102.02799999999999
C15601,1,315.09000000000003,315.09000000000003
C15602,8,1092.2459999999999,136.53074999999998
C15603,3,864.9639999999999,288.3213333333333
C15604,6,1735.36,289.22666666666663
C15605,1,118.4745,118.4745
C15606,5,570.716,114.14320000000001
C15607,7,605.3969999999999,86.48528571428571
C15608,2,177.28,88.64
C15609,4,688.19,172.0475
C15611,7,985.5314999999999,140.79021428571428
C15612,3,305.44,101.81333333333333
C15613,4,279.291,69.82275
C15614,4,75.348,18.837
C15615,5,554.938,110.9876
C15616,7,1611.3980000000001,230.1997142857143
C15617,5,1060.742,212.14839999999998
C15618,6,2150.0440000000003,358.3406666666667
C15619,7,1732.193,247.45614285714285
C15620,3,180.065,60.02166666666667
C15621,4,1691.793,422.94825
C15622,6,1087.7814999999998,181.29691666666665
C15623,1,491.104,491.104
C15624,4,91.0545,22.763625
C15625,6,601.831,100.30516666666666
C15626,5,1229.839,245.96779999999998
C15627,1,49.977,49.977
C15628,3,711.03,237.01
C15629,5,650.283,130.0566
C15630,5,901.9585000000001,180.39170000000001
C15631,3,180.454,60.15133333333333
C15632,3,274.83,91.61
C15633,6,2857.229,476.2048333333333
C15634,3,50.2595,16.75316666666667
C15635,5,2576.2055,515.2411
C15636,3,366.962,122.32066666666667
C15637,6,742.508,123.75133333333333
C15638,4,429.254,107.3135
C15639,4,1437.347,359.33675
C15640,3,441.70050000000003,147.23350000000002
C15641,5,1048.79,209.75799999999998
C15642,3,692.362,230.78733333333332
C15643,5,1296.597,259.3194
C15644,7,7244.072499999999,1034.8674999999998
C15645,4,902.3895000000001,225.59737500000003
C15646,5,270.2405,54.0481
C15647,4,633.63,158.4075
C15648,4,732.1980000000001,183.04950000000002
C15649,7,1328.8045,189.82921428571427
C15650,3,296.718,98.906
C15651,5,2212.983,442.5966
C15652,6,589.9985,98.33308333333333
C15653,1,3.96,3.96
C15654,2,339.33,169.665
C15655,2,308.90999999999997,154.45499999999998
C15656,8,3546.7445,443.3430625
C15657,3,713.4745,237.82483333333334
C15658,2,183.56,91.78
C15659,5,185.334,37.0668
C15660,7,1696.0394999999999,242.29135714285712
C15661,6,1715.8654999999999,285.9775833333333
C15662,4,246.405,61.60125
C15663,3,457.959,152.653
C15664,7,538.017,76.85957142857144
C15665,1,64.28,64.28
C15666,3,51.328,17.109333333333336
C15667,4,745.769,186.44225
C15668,10,1870.548,187.0548
C15669,5,2298.4925000000003,459.6985000000001
C15670,3,37.246,12.415333333333335
C15671,2,243.392,121.696
C15672,8,527.5865,65.9483125
C15673,5,781.278,156.25560000000002
C15674,5,201.74349999999998,40.348699999999994
C15675,4,261.8315,65.457875
C15676,2,165.63,82.815
C15677,7,2351.092,335.8702857142857
C15678,3,359.73400000000004,119.91133333333335
C15679,8,693.8035,86.7254375
C15680,3,528.4165,176.13883333333334
C15681,5,2458.8179999999998,491.76359999999994
C15682,3,380.382,126.794
C15683,3,185.76999999999998,61.923333333333325
C15684,6,791.398,131.89966666666666
C15685,4,140.92000000000002,35.230000000000004
C15686,6,482.9305,80.48841666666667
C15687,3,149.22,49.74
C15688,6,1418.895,236.4825
C15689,2,143.9645,71.98225
C15690,9,1969.991,218.88788888888888
C15691,6,778.0965,129.68275
C15692,9,663.473,73.71922222222221
C15693,6,677.1460000000001,112.85766666666667
C15694,7,849.342,121.33457142857142
C15695,5,1693.032,338.6064
C15696,8,1115.1615,139.3951875
C15697,2,17.997999999999998,8.998999999999999
C15698,7,1432.34,204.61999999999998
C15699,7,570.146,81.44942857142857
C15700,10,1409.806,140.9806
C15701,3,288.986,96.32866666666666
C15702,4,49.005,12.25125
C15703,5,838.79,167.75799999999998
C15704,7,1057.848,151.12114285714284
C15705,4,1379.06,344.765
C15706,3,989.1500000000001,329.7166666666667
C15707,2,109.996,54.998
C15708,8,1252.188,156.5235
C15709,5,108.1095,21.6219
C15710,8,597.4795,74.6849375
C15711,1,245.99,245.99
C15712,2,157.28,78.64
C15713,4,307.7105,76.927625
C15714,4,464.0775,116.019375
C15715,7,1015.7000000000002,145.10000000000002
C15716,2,181.81,90.905
C15717,5,302.792,60.55839999999999
C15718,7,741.389,105.91271428571429
C15719,2,33.7015,16.85075
C15720,4,297.138,74.2845
C15721,8,1521.337,190.167125
C15722,2,60.519999999999996,30.259999999999998
C15723,4,178.559,44.63975
C15724,4,1722.049,430.51225
C15725,6,558.553,93.09216666666667
C15726,5,664.0975,132.8195
C15727,5,617.0165,123.40329999999999
C15728,3,77.382,25.794
C15729,4,1662.4705,415.617625
C15730,4,572.323,143.08075
C15731,6,766.096,127.68266666666666
C15732,3,159.05700000000002,53.019000000000005
C15733,2,611.818,305.909
C15734,6,338.606,56.434333333333335
C15735,4,1372.1,343.025
C15736,6,1385.665,230.94416666666666
C15737,6,1260.1065,210.01775
C15738,9,3395.092,377.23244444444447
C15739,5,474.9995,94.9999
C15740,5,1166.179,233.2358
C15741,2,380.42999999999995,190.21499999999997
C15742,2,375.571,187.7855
C15743,6,545.394,90.899
C15744,5,306.62,61.324
C15745,5,2691.5325000000003,538.3065
C15746,1,8.216,8.216
C15747,4,2644.411,661.10275
C15748,1,77.43,77.43
C15750,5,881.8900000000001,176.37800000000001
C15751,2,67.2565,33.62825
C15752,8,5011.0525,626.3815625
C15753,4,222.674,55.6685
C15754,3,126.4725,42.1575
C15755,8,688.9145,86.1143125
C15756,5,996.8575,199.3715
C15757,4,1236.7849999999999,309.19624999999996
C15758,3,379.89500000000004,126.63166666666667
C15759,7,472.0595,67.43707142857143
C15760,4,469.0045,117.251125
C15761,4,792.1765,198.044125
C15763,3,378.178,126.05933333333333
C15764,5,729.754,145.95080000000002
C15765,8,630.932,78.8665
C15766,4,1055.3895,263.847375
C15767,6,1380.3415,230.05691666666667
C15768,7,483.79999999999995,69.11428571428571
C15769,6,1289.8635,214.97725
C15770,2,414.74,207.37
C15771,3,565.874,188.62466666666668
C15772,8,413.6885,51.7110625
C15773,7,1046.48,149.49714285714285
C15774,4,150.9095,37.727375
C15775,6,298.988,49.83133333333333
C15776,5,413.4905,82.6981
C15777,7,1463.0445,209.00635714285713
C15778,5,2855.4130000000005,571.0826000000001
C15779,7,948.5095,135.50135714285713
C15780,2,102.30000000000001,51.150000000000006
C15781,6,613.0395,102.17325
C15782,5,217.98049999999998,43.59609999999999
C15783,6,783.8779999999999,130.64633333333333
C15784,3,758.4165,252.80550000000002
C15785,4,569.9695,142.492375
C15786,4,1972.538,493.1345
C15787,3,255.306,85.102
C15788,5,559.798,111.9596
C15789,6,3114.706,519.1176666666667
C15790,5,1510.907,302.1814
C15791,5,2044.4284999999998,408.88569999999993
C15792,1,61.3035,61.3035
C15793,1,1596.26,1596.26
C15794,8,955.393,119.424125
C15795,2,207.083,103.5415
C15796,5,185.389,37.0778
C15797,7,1205.0775,172.1539285714286
C15798,5,1795.1370000000002,359.02740000000006
C15799,2,89.95,44.975
C15800,4,1981.1730000000002,495.29325000000006
C15801,5,460.49050000000005,92.09810000000002
C15802,4,313.683,78.42075
C15803,1,28.47,28.47
C15804,2,34.457,17.2285
C15805,3,497.444,165.81466666666668
C15806,8,1989.7849999999999,248.72312499999998
C15807,4,681.693,170.42325
C15808,3,225.79950000000002,75.26650000000001
C15809,1,2.21,2.21
C15810,6,1604.831,267.47183333333334
C15811,6,437.5265,72.92108333333333
C15812,3,612.7574999999999,204.25249999999997
C15813,3,280.019,93.33966666666667
C15815,2,651.29,325.645
C15816,4,434.581,108.64525
C15817,3,163.512,54.504
C15818,10,1510.63,151.06300000000002
C15819,6,781.983,130.3305
C15820,4,4818.148,1204.537
C15821,6,470.3335,78.38891666666667
C15822,1,197.353,197.353
C15823,4,753.7265,188.431625
C15824,3,493.54200000000003,164.514
C15825,6,323.81550000000004,53.96925000000001
C15826,1,27.54,27.54
C15827,7,1384.5694999999998,197.79564285714284
C15828,5,389.2215,77.8443
C15829,4,112.09,28.0225
C15830,6,5455.067999999999,909.1779999999999
C15831,5,278.429,55.68579999999999
C15832,5,2047.972,409.5944
C15833,4,1329.3004999999998,332.32512499999996
C15834,8,654.152,81.769
C15835,7,638.5425,91.22035714285714
C15836,2,1260.998,630.499
C15837,5,442.242,88.4484
C15838,3,85.409,28.46966666666667
C15839,5,1251.3494999999998,250.26989999999995
C15840,4,218.44099999999997,54.61024999999999
C15841,3,108.91000000000001,36.303333333333335
C15842,4,1170.2275,292.556875
C15843,1,5.111,5.111
C15844,3,152.93599999999998,50.97866666666666
C15845,5,1903.5539999999999,380.71079999999995
C15846,5,487.98,97.596
C15847,5,162.563,32.5126
C15848,3,119.98800000000001,39.996
C15849,3,78.47,26.156666666666666
C15850,3,184.77800000000002,61.59266666666667
C15851,3,365.59299999999996,121.86433333333332
C15852,2,25.93,12.965
C15853,3,447.3365,149.11216666666667
C15854,5,380.77,76.154
C15855,8,411.157,51.394625
C15856,5,649.1265,129.8253
C15857,2,541.842,270.921
C15858,3,156.92000000000002,52.30666666666667
C15859,4,696.2985,174.074625
C15860,3,783.7775,261.25916666666666
C15861,3,82.023,27.340999999999998
C15862,1,408.2,408.2
C15863,1,7.81,7.81
C15864,4,290.25,72.5625
C15865,3,39.9,13.299999999999999
C15866,3,111.988,37.32933333333333
C15867,6,877.9155000000001,146.31925
C15868,11,621.645,56.51318181818181
C15869,4,187.32999999999998,46.832499999999996
C15870,5,678.4970000000001,135.69940000000003
C15871,3,82.4475,27.4825
C15872,3,176.4375,58.8125
C15873,6,3846.9535,641.1589166666666
C15874,6,2149.172,358.19533333333334
C15875,3,276.7785,92.2595
C15876,3,258.20849999999996,86.06949999999999
C15877,7,746.1405,106.5915
C15878,5,494.46400000000006,98.89280000000001
C15879,3,724.2900000000001,241.43000000000004
C15880,3,314.438,104.81266666666666
C15881,1,8.840000000000002,8.840000000000002
C15882,5,4918.7405,983.7481
C15883,2,29.9345,14.96725
C15884,3,754.2365,251.41216666666665
C15885,4,342.379,85.59475
C15886,6,459.58599999999996,76.59766666666665
C15887,4,1611.2359999999999,402.80899999999997
C15888,4,454.76,113.69
C15889,4,527.822,131.9555
C15890,4,350.1185,87.529625
C15891,7,736.473,105.21042857142857
C15892,6,285.0045,47.500750000000004
C15893,3,1226.45,408.81666666666666
C15894,5,124.05649999999999,24.811299999999996
C15895,6,1012.6300000000001,168.77166666666668
C15896,4,198.81,49.7025
C15897,6,1067.6635,177.9439166666667
C15898,5,131.178,26.235599999999998
C15899,2,144.89999999999998,72.44999999999999
C15900,1,6.688,6.688
C15901,8,777.8389999999999,97.22987499999999
C15902,7,665.8435,95.12049999999999
C15903,2,398.56350000000003,199.28175000000002
C15904,7,1486.0659999999998,212.29514285714282
C15905,6,1316.5545,219.42575
C15906,10,1285.5405,128.55405000000002
C15907,5,226.159,45.2318
C15908,2,43.129999999999995,21.564999999999998
C15909,7,501.911,71.70157142857143
C15910,4,204.55399999999997,51.13849999999999
C15911,4,197.87849999999997,49.46962499999999
C15912,6,773.4745,128.91241666666667
C15913,4,93.6,23.4
C15914,5,235.326,47.0652
C15915,1,35.665,35.665
C15916,2,19.46,9.73
C15917,7,1029.9489999999998,147.1355714285714
C15918,5,869.139,173.8278
C15919,3,334.98,111.66000000000001
C15920,3,242.05349999999999,80.6845
C15921,6,3036.554,506.09233333333333
C15922,6,818.54,136.42333333333332
C15923,5,454.752,90.9504
C15924,4,1001.8815,250.470375
C15925,2,725.3795,362.68975
C15926,4,359.94849999999997,89.98712499999999
C15927,3,1856.3830000000003,618.7943333333334
C15928,2,260.4615,130.23075
C15929,4,823.5525,205.888125
C15930,4,127.078,31.7695
C15931,3,535.1655000000001,178.38850000000002
C15932,5,174.6825,34.9365
C15933,3,427.32,142.44
C15934,4,250.986,62.7465
C15935,4,830.0985000000001,207.52462500000001
C15936,2,80.5875,40.29375
C15937,1,275.49,275.49
C15938,9,1134.7459999999999,126.08288888888887
C15939,2,64.725,32.3625
C15940,1,6.87,6.87
C15941,4,1142.935,285.73375
C15942,3,197.20000000000002,65.73333333333333
C15943,8,994.343,124.292875
C15944,8,1632.9585,204.1198125
C15945,2,84.37,42.185
C15946,4,1084.795,271.19875
C15947,10,836.143,83.6143
C15948,2,159.07,79.535
C15949,4,1717.8,429.45
C15950,6,777.307,129.55116666666666
C15951,9,1061.8725,117.98583333333333
C15952,3,1011.205,337.0683333333333
C15953,4,654.9459999999999,163.73649999999998
C15954,1,68.368,68.368
C15955,4,552.6809999999999,138.17024999999998
C15956,5,251.065,50.213
C15957,2,272.0,136.0
C15958,3,189.7825,63.26083333333333
C15959,7,1008.7105,144.10150000000002
C15960,2,110.92099999999999,55.460499999999996
C15961,5,859.425,171.885
C15962,6,1134.755,189.12583333333336
C15963,3,308.77700000000004,102.92566666666669
C15964,5,517.1705000000001,103.43410000000002
C15965,4,733.2085,183.302125
C15966,5,1786.5110000000002,357.3022
C15967,3,387.9355,129.31183333333334
C15968,5,1476.575,295.315
C15969,7,1474.4605,210.63721428571426
C15970,6,2398.0225,399.67041666666665
C15971,3,203.05100000000002,67.68366666666667
C15972,4,632.642,158.1605
C15973,6,660.9615,110.16025
C15974,5,132.256,26.4512
C15975,2,79.22399999999999,39.611999999999995
C15976,4,171.34199999999998,42.835499999999996
C15977,6,1181.4915,196.91525000000001
C15978,3,164.29,54.76333333333333
C15979,2,177.84,88.92
C15980,2,53.498,26.749
C15981,2,3387.933,1693.9665
C15982,3,39.5505,13.1835
C15983,8,437.011,54.626375
C15984,5,556.7805,111.3561
C15985,6,1522.9785000000002,253.82975000000002
C15986,7,298.215,42.60214285714285
C15987,6,556.9435,92.82391666666666
C15988,9,2516.025,279.55833333333334
C15989,5,269.9905,53.9981
C15990,5,388.624,77.7248
C15991,3,98.74199999999999,32.913999999999994
C15992,4,539.384,134.846
C15993,3,177.39600000000002,59.132000000000005
C15994,2,117.088,58.544
C15995,3,77.59100000000001,25.86366666666667
C15996,4,1449.3890000000001,362.34725000000003
C15997,6,681.2445,113.54075
C15998,1,43.29,43.29
C15999,7,1247.911,178.273
C16000,3,515.2115,171.73716666666667
C16001,3,137.15050000000002,45.71683333333334
C16002,2,593.3665,296.68325
C16003,3,121.0,40.333333333333336
C16004,6,943.701,157.2835
C16005,4,468.49300000000005,117.12325000000001
C16006,4,333.222,83.3055
C16007,6,315.2365,52.53941666666666
C16008,3,698.9159999999999,232.97199999999998
C16009,7,4282.931500000001,611.8473571428573
C16010,5,1135.7125,227.1425
C16011,3,239.6195,79.87316666666666
C16012,3,150.63,50.21
C16013,2,130.26749999999998,65.13374999999999
C16014,2,73.82000000000001,36.910000000000004
C16015,4,212.06550000000001,53.016375000000004
C16016,4,473.364,118.341
C16017,4,395.18550000000005,98.79637500000001
C16018,6,2543.13,423.855
C16019,7,595.5060000000001,85.07228571428573
C16020,3,98.048,32.68266666666667
C16021,4,523.8345,130.958625
C16022,4,1983.972,495.993
C16023,4,994.504,248.626
C16024,2,86.156,43.078
C16025,2,311.6855,155.84275
C16026,7,1205.817,172.25957142857143
C16027,2,374.52,187.26
C16028,9,1506.3705,167.3745
C16029,2,102.28,51.14
C16030,7,590.934,84.41914285714286
C16031,6,1573.375,262.2291666666667
C16032,4,107.2465,26.811625
C16033,8,1537.1605,192.1450625
C16034,8,4040.623,505.077875
C16035,7,1133.326,161.9037142857143
C16036,4,670.213,167.55325
C16037,3,1132.015,377.33833333333337
C16038,9,1256.478,139.60866666666666
C16039,5,897.9545,179.5909
C16040,5,977.061,195.4122
C16041,3,449.624,149.87466666666668
C16042,5,857.631,171.5262
C16043,3,619.4425,206.48083333333332
C16044,5,2257.267,451.4534
C16045,2,76.5595,38.27975
C16046,3,631.53,210.51
C16047,5,786.859,157.3718
C16048,7,955.235,136.46214285714285
C16049,4,1078.2645,269.566125
C16050,5,733.2395,146.6479
C16051,3,67.003,22.334333333333333
C16052,4,321.373,80.34325
C16053,6,285.9915,47.66524999999999
C16054,4,921.339,230.33475
C16055,5,819.655,163.93099999999998
C16056,6,1213.63,202.27166666666668
C16057,4,179.311,44.82775
C16058,5,351.674,70.3348
C16059,9,1649.1165,183.2351666666667
C16060,7,2524.591,360.65585714285714
C16061,3,1288.306,429.43533333333335
C16062,2,172.6955,86.34775
C16063,4,478.697,119.67425
C16064,4,129.054,32.2635
C16065,7,824.9145000000001,117.84492857142858
C16066,6,1582.9869999999999,263.83116666666666
C16067,3,67.397,22.465666666666667
C16068,5,1540.4455,308.08910000000003
C16069,1,17.58,17.58
C16070,1,14.84,14.84
C16071,5,816.2405,163.2481
C16072,1,5.95,5.95
C16073,8,1194.276,149.2845
C16074,3,615.226,205.07533333333333
C16075,4,852.206,213.0515
C16076,2,21.59,10.795
C16077,5,69.384,13.8768
C16078,6,1387.1615000000002,231.19358333333335
C16079,6,980.884,163.48066666666668
C16080,2,2289.17,1144.585
C16081,3,788.436,262.812
C16082,6,903.5360000000001,150.58933333333334
C16083,5,468.5115,93.70230000000001
C16084,1,256.06,256.06
C16085,4,3404.77,851.1925
C16086,4,433.89,108.4725
C16087,1,180.21,180.21
C16088,2,419.121,209.5605
C16089,7,499.79650000000004,71.3995
C16090,6,2178.5995,363.0999166666666
C16091,3,279.17,93.05666666666667
C16092,5,1337.417,267.48339999999996
C16093,4,749.6435,187.410875
C16094,4,444.45,111.1125
C16095,4,353.45,88.3625
C16096,6,342.7225,57.12041666666667
C16097,5,863.013,172.6026
C16098,3,426.9020000000001,142.3006666666667
C16099,7,1227.064,175.29485714285715
C16100,5,1007.4,201.48
C16101,3,199.56900000000002,66.52300000000001
C16102,6,723.638,120.60633333333334
C16103,7,1133.546,161.93514285714286
C16104,5,339.0085,67.80170000000001
C16105,4,892.903,223.22575
C16106,6,764.008,127.33466666666668
C16107,4,1403.1615,350.790375
C16108,2,12.663,6.3315
C16109,3,478.962,159.654
C16110,2,851.3295,425.66475
C16111,2,75.341,37.6705
C16112,3,612.084,204.028
C16113,4,77.15700000000001,19.289250000000003
C16114,6,939.3389999999999,156.5565
C16115,4,231.88099999999997,57.97024999999999
C16116,6,988.2304999999999,164.7050833333333
C16117,4,207.5525,51.888125
C16118,4,320.0125,80.003125
C16120,7,1239.167,177.02385714285714
C16121,7,1149.8509999999999,164.26442857142857
C16122,3,248.891,82.96366666666667
C16123,5,274.062,54.812400000000004
C16124,6,504.30899999999997,84.05149999999999
C16125,5,1710.531,342.1062
C16126,8,2165.526,270.69075
C16127,5,308.779,61.7558
C16128,1,25.56,25.56
C16129,2,251.13,125.565
C16130,7,1249.7314999999999,178.53307142857142
C16131,5,1422.8175,284.56350000000003
C16132,4,50.0415,12.510375
C16133,4,326.532,81.633
C16134,1,16.1405,16.1405
C16135,3,1120.2205,373.4068333333333
C16136,7,487.1585,69.59407142857143
C16137,3,545.948,181.98266666666666
C16138,2,33.269999999999996,16.634999999999998
C16139,6,1410.7235,235.12058333333334
C16140,4,290.515,72.62875
C16141,7,645.0505,92.15007142857144
C16142,5,1011.958,202.39159999999998
C16143,1,11.2575,11.2575
C16144,11,1639.206,149.01872727272726
C16146,3,646.168,215.38933333333333
C16147,2,73.468,36.734
C16148,3,630.8285,210.27616666666665
C16149,2,272.77549999999997,136.38774999999998
C16150,5,187.168,37.4336
C16151,3,162.82799999999997,54.27599999999999
C16152,5,125.182,25.0364
C16153,7,786.6995,112.38564285714286
C16154,6,1734.2514999999999,289.0419166666666
C16155,5,210.27100000000002,42.0542
C16156,4,308.278,77.0695
C16157,5,1179.935,235.987
C16158,6,692.5440000000001,115.42400000000002
C16159,4,671.6389999999999,167.90974999999997
C16160,5,588.5235,117.7047
C16161,2,692.26,346.13
C16162,2,301.92,150.96
C16163,4,1184.1580000000001,296.03950000000003
C16164,6,955.9595,159.32658333333333
C16165,3,140.3735,46.79116666666667
C16166,3,129.905,43.30166666666667
C16167,4,273.3515,68.337875
C16168,4,910.25,227.5625
C16169,3,44.35,14.783333333333333
C16170,7,706.1885000000001,100.88407142857145
C16171,5,233.68,46.736000000000004
C16172,6,761.5565,126.92608333333334
C16173,2,146.5905,73.29525
C16174,5,2514.015,502.803
C16175,7,2002.859,286.12271428571427
C16176,4,235.907,58.97675
C16177,5,1097.061,219.41219999999998
C16178,1,61.36,61.36
C16179,4,294.021,73.50525
C16180,3,129.966,43.322
C16181,2,691.6269999999998,345.8134999999999
C16182,3,1374.698,458.2326666666667
C16183,2,9.106499999999999,4.553249999999999
C16184,5,617.8355,123.56710000000001
C16185,6,755.6475,125.94125000000001
C16186,1,23.085,23.085
C16187,4,934.5640000000001,233.64100000000002
C16188,3,655.5450000000001,218.51500000000001
C16189,4,1166.3395,291.584875
C16190,8,926.1905,115.7738125
C16191,2,65.3225,32.66125
C16192,3,267.0205,89.00683333333335
C16193,6,1007.0445,167.84074999999999
C16194,3,472.06500000000005,157.35500000000002
C16195,5,1193.2165,238.6433
C16196,7,1377.1545,196.73635714285714
C16197,5,268.95,53.79
C16198,3,103.882,34.62733333333333
C16199,3,205.567,68.52233333333334
C16200,9,1006.2195,111.80216666666666
C16201,4,1086.9795,271.744875
C16202,2,630.7049999999999,315.35249999999996
C16203,3,959.1185,319.70616666666666
C16204,4,925.8359999999999,231.45899999999997
C16205,4,830.027,207.50675
C16206,3,51.457,17.152333333333335
C16207,7,932.546,133.22085714285714
C16208,5,882.3149999999999,176.463
C16209,5,389.726,77.9452
C16210,2,157.368,78.684
C16211,1,596.5334999999999,596.5334999999999
C16212,7,2326.0535000000004,332.2933571428572
C16213,3,1004.0889999999999,334.6963333333333
C16214,1,30.07,30.07
C16215,3,129.635,43.211666666666666
C16216,3,46.9525,15.650833333333333
C16217,7,1077.1889999999999,153.88414285714285
C16218,4,887.8445,221.961125
C16219,5,371.9285,74.3857
C16220,3,18.424,6.141333333333333
C16221,4,764.8439999999999,191.21099999999998
C16222,6,741.6800000000001,123.61333333333334
C16223,1,237.86,237.86
C16225,2,50.11,25.055
C16226,4,195.4305,48.857625
C16227,6,254.0615,42.343583333333335
C16228,4,1057.568,264.392
C16229,8,1060.887,132.610875
C16230,7,775.7395,110.81992857142858
C16231,6,1032.873,172.1455
C16232,5,1027.8220000000001,205.56440000000003
C16233,5,2052.142,410.42839999999995
C16234,3,2166.495,722.165
C16235,3,351.506,117.16866666666665
C16236,5,105.35,21.07
C16237,1,299.364,299.364
C16238,7,2291.7999999999997,327.4
C16239,3,381.92949999999996,127.30983333333332
C16240,6,460.676,76.77933333333333
C16241,4,171.458,42.8645
C16242,6,290.7885,48.46475
C16243,3,868.2484999999999,289.41616666666664
C16244,3,600.8625000000001,200.28750000000002
C16245,3,231.32800000000003,77.10933333333334
C16246,2,296.1,148.05
C16247,6,927.154,154.52566666666667
C16248,2,286.778,143.389
C16249,5,527.24,105.44800000000001
C16250,5,787.7605000000001,157.55210000000002
C16251,5,1520.6285,304.1257
C16252,4,1288.4654999999998,322.11637499999995
C16253,1,63.136,63.136
C16254,2,408.09450000000004,204.04725000000002
C16255,6,1191.849,198.64149999999998
C16256,10,745.9235,74.59235
C16257,6,1225.5549999999998,204.25916666666663
C16258,2,181.906,90.953
C16259,5,531.16,106.232
C16260,3,369.0125,123.00416666666666
C16261,6,847.9835,141.33058333333335
C16262,2,281.8685,140.93425
C16263,4,758.0075,189.501875
C16264,4,537.0360000000001,134.25900000000001
C16265,7,628.612,89.80171428571428
C16266,3,243.97600000000003,81.32533333333335
C16267,1,59.41,59.41
C16268,6,2045.902,340.9836666666667
C16269,5,534.81,106.96199999999999
C16270,3,524.3495,174.7831666666667
C16271,1,250.458,250.458
C16272,3,334.71599999999995,111.57199999999999
C16273,2,104.052,52.026
C16274,7,931.265,133.03785714285715
C16275,2,46.30250000000001,23.151250000000005
C16276,11,3328.5265,302.5933181818182
C16277,4,1632.712,408.178
C16278,5,86.06,17.212
C16279,2,47.953,23.9765
C16280,3,50.586999999999996,16.862333333333332
C16281,4,341.1585,85.289625
C16282,3,187.14999999999998,62.383333333333326
C16283,7,1515.6895,216.52707142857142
C16284,3,91.4625,30.4875
C16285,3,664.7750000000001,221.5916666666667
C16286,2,254.07349999999997,127.03674999999998
C16287,6,719.246,119.87433333333333
C16288,2,103.227,51.6135
C16289,4,1396.2205,349.055125
C16290,3,519.798,173.266
C16291,2,82.36,41.18
C16292,5,548.1709999999999,109.63419999999999
C16293,6,2191.311,365.2185
C16294,4,357.2405,89.310125
C16295,5,1178.7755,235.7551
C16296,2,1297.7760000000003,648.8880000000001
C16297,6,792.4375,132.07291666666666
C16298,4,486.588,121.647
C16299,6,353.0355,58.83925
C16300,3,76.973,25.657666666666668
C16301,3,585.226,195.07533333333333
C16302,4,1659.28,414.82
C16303,4,878.3035,219.575875
C16304,4,1424.8425000000002,356.21062500000005
C16305,7,1165.757,166.53671428571428
C16306,4,524.388,131.097
C16307,1,670.929,670.929
C16308,4,331.52000000000004,82.88000000000001
C16309,6,611.5085,101.91808333333334
C16310,4,292.5595,73.139875
C16311,3,656.8785,218.95950000000002
C16312,5,1278.826,255.7652
C16313,4,311.915,77.97875
C16314,3,70.839,23.613
C16315,3,624.7800000000001,208.26000000000002
C16316,4,1233.6015,308.400375
C16317,4,625.53,156.3825
C16318,4,1240.7455,310.186375
C16319,2,143.87,71.935
C16320,6,1036.9405,172.82341666666665
C16321,4,117.80099999999999,29.450249999999997
C16322,5,780.169,156.03379999999999
C16323,3,54.0225,18.0075
C16324,5,277.0445,55.4089
C16326,1,163.19,163.19
C16327,8,1064.554,133.06925
C16328,3,197.8625,65.95416666666667
C16329,4,3991.8005000000003,997.9501250000001
C16330,1,46.578,46.578
C16331,7,564.469,80.63842857142858
C16332,3,132.12,44.04
C16333,2,459.95799999999997,229.97899999999998
C16334,1,205.648,205.648
C16335,8,470.9225,58.8653125
C16336,3,1721.4285000000002,573.8095000000001
C16337,6,455.0765,75.84608333333334
C16338,4,194.0635,48.515875
C16339,6,901.819,150.30316666666667
C16340,4,126.272,31.568
C16341,3,724.632,241.54399999999998
C16342,4,797.3720000000001,199.34300000000002
C16343,2,112.256,56.128
C16344,9,3596.075,399.56388888888887
C16345,7,1249.8905,178.55578571428572
C16346,4,640.2635,160.065875
C16347,5,850.5450000000001,170.109
C16348,4,485.48199999999997,121.37049999999999
C16349,5,383.19050000000004,76.63810000000001
C16350,5,1565.3605,313.0721
C16351,3,558.961,186.32033333333334
C16352,2,157.8595,78.92975
C16353,7,1143.8645,163.40921428571428
C16354,6,401.7795,66.96325
C16355,3,3311.5,1103.8333333333333
C16356,8,1148.8255,143.6031875
C16357,5,945.1855,189.0371
C16358,4,230.937,57.73425
C16359,8,393.34499999999997,49.168124999999996
C16360,9,1351.999,150.2221111111111
C16361,5,209.969,41.9938
C16362,5,1087.531,217.50619999999998
C16363,2,291.78000000000003,145.89000000000001
C16364,4,526.4300000000001,131.60750000000002
C16365,4,426.17,106.5425
C16367,4,422.9285,105.732125
C16368,4,459.394,114.8485
C16369,6,477.8615,79.64358333333332
C16370,5,294.996,58.999199999999995
C16371,4,1119.9070000000002,279.97675000000004
C16372,3,117.68,39.22666666666667
C16373,4,324.426,81.1065
C16374,6,486.83950000000004,81.13991666666668
C16375,7,5027.9665,718.2809285714286
C16376,6,310.2075,51.701249999999995
C16377,4,2023.8339999999998,505.95849999999996
C16378,5,776.957,155.3914
C16379,5,905.4845,181.0969
C16380,3,201.251,67.08366666666667
C16381,4,229.437,57.35925
C16382,10,6973.061,697.3061
C16383,3,264.7245,88.24149999999999
C16384,2,478.71,239.355
C16385,4,722.9830000000001,180.74575000000002
C16386,5,697.784,139.5568
C16387,5,1336.9545,267.3909
C16388,2,121.61349999999999,60.806749999999994
C16389,6,903.8015,150.63358333333335
C16390,3,250.659,83.553
C16391,4,1069.2075,267.301875
C16393,2,158.21949999999998,79.10974999999999
C16394,3,106.077,35.359
C16395,3,276.0435,92.0145
C16396,6,1010.919,168.4865
C16397,2,463.36899999999997,231.68449999999999
C16398,4,575.263,143.81575
C16399,1,74.772,74.772
C16400,2,2691.9900000000002,1345.9950000000001
C16401,9,775.444,86.16044444444444
C16402,5,1026.87,205.37399999999997
C16403,5,335.5955,67.1191
C16404,5,188.425,37.685
C16405,7,237.89000000000001,33.98428571428572
C16406,6,267.25149999999996,44.54191666666666
C16407,5,2409.66,481.93199999999996
C16408,4,191.1435,47.785875
C16409,8,1022.2365,127.7795625
C16410,3,379.49800000000005,126.49933333333335
C16411,6,704.436,117.406
C16412,6,561.8625,93.64375
C16413,9,2969.83,329.9811111111111
C16414,4,202.336,50.584
C16415,3,369.6940000000001,123.23133333333335
C16416,8,643.05,80.38125
C16417,5,322.4565,64.4913
C16418,1,13.166999999999998,13.166999999999998
C16419,3,400.845,133.615
C16420,6,1131.0155,188.50258333333332
C16421,2,1569.388,784.694
C16422,2,25.369,12.6845
C16423,3,351.206,117.06866666666667
C16424,3,208.388,69.46266666666666
C16425,2,62.64,31.32
C16426,4,110.16550000000001,27.541375000000002
C16427,3,464.57300000000004,154.8576666666667
C16428,3,132.6995,44.23316666666667
C16429,4,390.9085,97.727125
C16430,5,1453.128,290.62559999999996
C16431,4,689.5435,172.385875
C16432,4,4237.7445,1059.436125
C16433,1,58.54,58.54
C16434,3,1334.333,444.7776666666667
C16435,2,56.434000000000005,28.217000000000002
C16436,6,1703.579,283.9298333333333
C16437,7,1277.3815,182.48307142857144
C16438,2,226.814,113.407
C16439,5,661.3,132.26
C16440,1,31.6,31.6
C16441,8,1514.6655,189.3331875
C16442,1,489.12,489.12
C16443,7,170.14249999999998,24.306071428571425
C16444,6,750.741,125.12349999999999
C16445,5,447.598,89.5196
C16446,6,315.64,52.60666666666666
C16447,7,2639.443,377.06328571428577
C16448,4,1077.28,269.32
C16449,4,354.4,88.6
C16450,5,869.9554999999999,173.9911
C16451,5,461.70550000000003,92.34110000000001
C16452,5,1128.435,225.68699999999998
C16453,4,2670.677,667.66925
C16454,5,170.5205,34.1041
C16455,1,3.393,3.393
C16456,4,95.02,23.755
C16457,5,199.4375,39.8875
C16458,4,79.649,19.91225
C16459,3,267.596,89.19866666666667
C16460,4,399.548,99.887
C16461,5,778.4014999999999,155.6803
C16464,5,905.1015000000001,181.02030000000002
C16465,2,65.366,32.683
C16466,3,864.4489999999998,288.14966666666663
C16467,6,316.5995,52.76658333333333
C16468,6,822.3565000000001,137.0594166666667
C16469,3,307.86,102.62
C16470,8,744.698,93.08725
C16471,7,1717.0315,245.29021428571428
C16472,2,59.713,29.8565
C16473,5,403.35049999999995,80.67009999999999
C16474,7,1189.9995,169.99992857142857
C16475,2,248.2345,124.11725
C16476,6,231.23,38.538333333333334
C16477,4,206.471,51.61775
C16478,4,760.832,190.208
C16479,5,934.6795,186.9359
C16481,3,335.1925,111.73083333333334
C16482,3,178.08100000000002,59.36033333333334
C16483,1,411.99,411.99
C16484,3,36.2245,12.074833333333332
C16485,7,1230.143,175.7347142857143
C16486,5,869.969,173.99380000000002
C16487,5,306.93399999999997,61.386799999999994
C16488,4,668.008,167.002
C16489,3,820.5949999999999,273.53166666666664
C16490,3,39.726,13.241999999999999
C16491,4,1042.248,260.562
C16492,2,201.0,100.5
C16493,3,463.536,154.512
C16494,2,198.706,99.353
C16495,4,592.9225,148.230625
C16496,7,2436.705,348.1007142857143
C16497,5,792.7225,158.5445
C16498,2,71.19,35.595
C16499,9,1166.5695,129.61883333333333
C16500,7,781.772,111.68171428571429
C16501,5,808.72,161.744
C16502,3,40.499,13.499666666666668
C16503,1,268.49,268.49
C16504,2,83.304,41.652
C16505,1,143.8,143.8
C16506,4,3655.55,913.8875
C16507,4,148.4545,37.113625
C16508,2,81.40299999999999,40.701499999999996
C16509,7,356.096,50.87085714285714
C16510,3,2203.122,734.3739999999999
C16511,4,62.555,15.63875
C16512,2,229.726,114.863
C16513,4,326.19300000000004,81.54825000000001
C16514,6,1529.4745,254.91241666666667
C16515,2,2623.6825,1311.84125
C16516,5,89.999,17.9998
C16517,1,6.066000000000001,6.066000000000001
C16518,3,323.52,107.83999999999999
C16519,4,285.7065,71.426625
C16520,2,522.99,261.495
C16521,6,949.6589999999999,158.27649999999997
C16522,4,203.11400000000003,50.77850000000001
C16523,6,1455.207,242.5345
C16524,7,2044.581,292.08299999999997
C16525,4,803.4425000000001,200.86062500000003
C16526,2,2761.835,1380.9175
C16527,3,117.27000000000001,39.09
C16528,2,987.22,493.61
C16529,2,499.5659999999999,249.78299999999996
C16530,5,2287.2365,457.4473
C16531,3,1123.6100000000001,374.5366666666667
C16532,3,267.906,89.302
C16533,4,765.556,191.389
C16534,6,573.4340000000001,95.57233333333335
C16535,3,93.29299999999999,31.097666666666665
C16536,2,116.82900000000001,58.414500000000004
C16537,3,243.45499999999998,81.15166666666666
C16538,5,2348.963,469.79260000000005
C16539,7,1094.1945,156.3135
C16540,7,1418.8725000000002,202.69607142857146
C16541,4,121.59700000000001,30.399250000000002
C16542,3,153.0435,51.0145
C16543,4,1191.0915,297.772875
C16544,7,2066.6000000000004,295.22857142857146
C16545,2,37.852000000000004,18.926000000000002
C16546,5,4424.5985,884.9197
C16547,2,35.1,17.55
C16548,4,468.53799999999995,117.13449999999999
C16549,3,750.16,250.0533333333333
C16550,2,832.87,416.435
C16551,3,199.56,66.52
C16552,3,912.192,304.064
C16553,9,2117.418,235.2686666666667
C16554,6,1758.984,293.164
C16555,2,1081.01,540.505
C16556,2,183.1175,91.55875
C16557,4,183.70649999999998,45.926624999999994
C16558,5,1186.3419999999999,237.26839999999999
C16559,5,720.0455,144.0091
C16560,2,62.4905,31.24525
C16561,2,66.774,33.387
C16563,8,1708.5135,213.5641875
C16564,3,962.761,320.9203333333333
C16565,4,107.745,26.93625
C16566,7,1559.8375,222.83392857142857
C16567,2,420.28,210.14
C16568,2,365.642,182.821
C16569,5,519.719,103.94380000000001
C16570,3,1084.5700000000002,361.52333333333337
C16571,7,668.5165,95.50235714285714
C16572,1,79.00200000000001,79.00200000000001
C16573,2,250.44,125.22
C16574,4,592.151,148.03775
C16575,3,177.07999999999998,59.026666666666664
C16576,2,441.171,220.5855
C16577,7,1596.959,228.137
C16578,4,166.2955,41.573875
C16579,4,65.315,16.32875
C16580,4,139.897,34.97425
C16581,5,766.9390000000001,153.38780000000003
C16582,5,448.029,89.6058
C16583,5,339.161,67.8322
C16584,5,840.62,168.124
C16585,1,5.2955000000000005,5.2955000000000005
C16586,3,362.622,120.87400000000001
C16587,6,358.677,59.779500000000006
C16588,7,263.124,37.58914285714286
C16589,7,1325.3825,189.34035714285713
C16590,5,348.9515,69.7903
C16591,2,30.7515,15.37575
C16592,3,424.18399999999997,141.39466666666667
C16593,11,1837.0065,167.0005909090909
C16594,3,6415.320000000001,2138.44
C16595,2,265.4265,132.71325
C16596,3,636.455,212.15166666666667
C16597,2,75.05,37.525
C16598,8,434.9195,54.3649375
C16599,2,209.376,104.688
C16600,4,3025.7245000000003,756.4311250000001
C16601,4,543.228,135.807
C16602,3,142.372,47.45733333333334
C16603,5,831.9565,166.3913
C16604,3,276.3965,92.13216666666666
C16605,4,183.495,45.87375
C16606,4,124.4455,31.111375
C16607,3,205.27750000000003,68.42583333333334
C16608,5,1688.0024999999998,337.60049999999995
C16609,8,662.576,82.822
C16610,5,2135.8065,427.16130000000004
C16611,3,418.874,139.62466666666668
C16612,2,390.67299999999994,195.33649999999997
C16613,3,422.3505,140.7835
C16614,9,369.68,41.07555555555555
C16615,3,1684.853,561.6176666666667
C16616,4,164.142,41.0355
C16617,5,1359.414,271.8828
C16618,6,274.15999999999997,45.69333333333333
C16619,5,1629.45,325.89
C16620,3,683.3845,227.79483333333334
C16621,5,413.319,82.66380000000001
C16622,5,1453.4165,290.68330000000003
C16623,4,864.5455000000001,216.13637500000002
C16624,2,253.34000000000003,126.67000000000002
C16625,3,123.0735,41.024499999999996
C16626,4,543.9845,135.996125
C16627,4,259.68,64.92
C16628,8,3450.3375,431.2921875
C16629,6,884.4010000000001,147.40016666666668
C16630,2,39.8285,19.91425
C16631,2,183.1025,91.55125
C16632,3,237.8065,79.26883333333333
C16633,2,1299.654,649.827
C16634,3,1057.6290000000001,352.54300000000006
C16635,4,247.599,61.89975
C16636,6,1814.3915,302.3985833333333
C16637,3,569.22,189.74
C16638,5,1424.173,284.8346
C16639,6,439.003,73.16716666666666
C16640,2,220.0,110.0
C16641,4,219.859,54.96475
C16642,5,203.503,40.700599999999994
C16643,6,1010.672,168.44533333333334
C16644,4,1250.187,312.54675
C16645,8,1440.802,180.10025
C16646,7,1125.2865,160.7552142857143
C16647,3,195.216,65.072
C16648,1,61.578,61.578
C16649,4,111.502,27.8755
C16650,3,233.042,77.68066666666667
C16651,6,314.7105,52.451750000000004
C16652,6,1211.3535000000002,201.89225000000002
C16653,2,89.078,44.539
C16654,8,1175.8875,146.9859375
C16655,10,13885.104,1388.5104
C16656,3,195.67499999999998,65.225
C16657,5,963.3260000000001,192.66520000000003
C16658,5,924.966,184.9932
C16659,5,867.5620000000001,173.5124
C16660,3,1021.284,340.428
C16661,5,353.77750000000003,70.75550000000001
C16662,3,436.9765,145.65883333333332
C16663,4,403.22700000000003,100.80675000000001
C16664,2,278.51649999999995,139.25824999999998
C16665,6,707.3204999999999,117.88674999999999
C16666,2,32.984,16.492
C16667,6,1261.1135,210.1855833333333
C16668,9,1644.4745,182.7193888888889
C16669,3,414.041,138.01366666666667
C16670,5,695.2805,139.0561
C16671,7,1488.5014999999999,212.6430714285714
C16672,3,209.11,69.70333333333333
C16673,4,274.3,68.575
C16674,6,1353.627,225.6045
C16675,1,64.8945,64.8945
C16676,3,975.5425,325.18083333333334
C16677,4,41.1495,10.287375
C16678,7,667.1135,95.30192857142858
C16679,3,109.157,36.385666666666665
C16680,3,92.781,30.927000000000003
C16681,5,575.3125,115.0625
C16682,3,1039.8125,346.6041666666667
C16683,9,1904.522,211.61355555555554
C16684,3,758.4415,252.81383333333335
C16685,7,318.8765,45.553785714285716
C16686,6,582.528,97.08800000000001
C16687,5,441.15599999999995,88.23119999999999
C16688,1,410.44,410.44
C16689,2,33.558,16.779
C16690,2,203.82,101.91
C16691,3,105.01,35.00333333333334
C16692,3,1331.5715,443.85716666666667
C16693,4,1007.7505000000001,251.93762500000003
C16694,5,777.0189999999999,155.4038
C16695,3,73.686,24.562
C16696,4,183.207,45.80175
C16697,7,1056.4765,150.92521428571428
C16698,4,607.4269999999999,151.85674999999998
C16699,3,141.888,47.296
C16700,5,153.83100000000002,30.766200000000005
C16701,6,2237.5035,372.91724999999997
C16702,6,117.1115,19.518583333333336
C16703,7,925.319,132.18842857142857
C16704,13,1976.2085,152.01603846153847
C16705,2,344.801,172.4005
C16706,2,410.99,205.495
C16707,8,747.068,93.3835
C16708,4,661.8735,165.468375
C16709,6,702.9304999999999,117.15508333333332
C16710,6,732.8119999999999,122.13533333333332
C16711,5,549.2985,109.8597
C16712,3,622.49,207.49666666666667
C16713,8,449.504,56.188
C16714,4,547.78,136.945
C16715,2,119.32400000000001,59.662000000000006
C16716,6,1214.1125,202.35208333333333
C16717,3,385.3515,128.4505
C16718,4,941.8775,235.469375
C16719,4,144.918,36.2295
C16720,4,1148.596,287.149
C16721,2,549.5400000000001,274.77000000000004
C16722,3,128.995,42.998333333333335
C16723,5,655.3485000000001,131.0697
C16724,7,959.037,137.00528571428572
C16725,3,308.42449999999997,102.80816666666665
C16726,2,425.53000000000003,212.76500000000001
C16727,2,99.9335,49.96675
C16728,3,1129.1299999999999,376.3766666666666
C16729,1,10.94,10.94
C16730,1,35.83,35.83
C16731,8,2833.5105,354.1888125
C16732,10,1330.357,133.0357
C16733,7,481.848,68.83542857142858
C16734,3,143.3,47.76666666666667
C16735,4,45.195,11.29875
C16736,2,167.923,83.9615
C16737,2,27.343999999999998,13.671999999999999
C16738,2,469.315,234.6575
C16739,4,415.45000000000005,103.86250000000001
C16740,3,742.46,247.48666666666668
C16741,4,349.182,87.2955
C16742,3,280.423,93.47433333333333
C16743,2,58.108,29.054
C16744,4,237.1625,59.290625
C16745,4,1322.205,330.55125
C16746,2,143.51,71.755
C16747,6,1271.9635,211.99391666666668
C16748,7,191.8815,27.411642857142855
C16749,6,1140.9779999999998,190.16299999999998
C16750,2,269.976,134.988
C16751,4,426.59999999999997,106.64999999999999
C16752,6,313.596,52.266
C16753,1,49.21,49.21
C16754,2,18.668,9.334
C16755,7,1748.115,249.7307142857143
C16756,2,2196.1569999999997,1098.0784999999998
C16757,3,541.376,180.45866666666666
C16758,4,421.341,105.33525
C16759,2,170.46,85.23
C16760,1,46.23,46.23
C16761,6,739.376,123.22933333333333
C16762,4,2097.48,524.37
C16763,8,589.87,73.73375
C16764,6,446.245,74.37416666666667
C16765,1,21.69,21.69
C16766,6,1458.0149999999999,243.00249999999997
C16767,6,378.778,63.12966666666667
C16768,4,186.4325,46.608125
C16769,2,1624.69,812.345
C16770,5,377.254,75.4508
C16771,6,2260.3099999999995,376.71833333333325
C16772,5,357.4675,71.4935
C16773,6,334.2355,55.70591666666667
C16774,3,600.4125,200.13750000000002
C16775,7,680.485,97.21214285714287
C16776,3,469.28,156.42666666666665
C16777,5,152.29000000000002,30.458000000000006
C16778,2,48.191500000000005,24.095750000000002
C16779,1,106.47,106.47
C16780,3,613.81,204.60333333333332
C16781,4,212.14050000000003,53.03512500000001
C16782,7,1442.315,206.04500000000002
C16783,5,524.8375,104.9675
C16784,3,276.0235,92.00783333333334
C16785,5,319.451,63.89020000000001
C16786,4,192.1445,48.036125
C16787,4,3450.93,862.7325
C16788,3,117.018,39.006
C16789,3,116.499,38.833
C16790,3,135.84,45.28
C16791,3,305.21999999999997,101.74
C16792,9,679.15,75.46111111111111
C16793,7,1306.4875,186.64107142857142
C16794,6,862.3165,143.71941666666666
C16795,5,418.8965,83.7793
C16796,4,781.0464999999999,195.26162499999998
C16797,3,1167.543,389.181
C16798,4,1057.6355,264.408875
C16799,7,2878.3464999999997,411.1923571428571
C16800,5,581.672,116.3344
C16801,5,1105.392,221.07840000000002
C16802,2,78.592,39.296
C16803,2,348.0,174.0
C16804,5,419.666,83.9332
C16805,5,3811.7854999999995,762.3571
C16806,5,148.82999999999998,29.766
C16807,3,130.479,43.493
C16808,4,208.882,52.2205
C16809,5,473.3215,94.6643
C16810,1,44.72,44.72
C16811,6,584.6804999999999,97.44675
C16812,3,394.33450000000005,131.44483333333335
C16813,6,3826.299,637.7165
C16814,2,80.847,40.4235
C16815,5,675.116,135.0232
C16816,5,1571.5394999999999,314.30789999999996
C16817,3,254.584,84.86133333333333
C16818,4,388.9395,97.234875
C16819,4,1191.5444999999997,297.88612499999994
C16820,5,2373.8700000000003,474.77400000000006
C16821,3,2571.409,857.1363333333334
C16822,2,133.1775,66.58875
C16823,5,944.1170000000001,188.82340000000002
C16825,3,268.593,89.531
C16826,1,19.019,19.019
C16827,5,1691.907,338.3814
C16828,5,702.14,140.428
C16829,4,1191.342,297.8355
C16830,3,102.502,34.16733333333333
C16831,4,678.8305,169.707625
C16832,4,366.44449999999995,91.61112499999999
C16833,5,2150.505,430.101
C16834,8,1645.0595,205.6324375
C16836,3,1934.79,644.93
C16837,10,1318.093,131.8093
C16838,4,142.142,35.5355
C16839,5,1331.614,266.32280000000003
C16840,10,1530.3880000000001,153.0388
C16841,7,1055.8600000000001,150.83714285714288
C16842,6,351.355,58.55916666666667
C16843,6,1472.53,245.42166666666665
C16844,3,147.15200000000002,49.05066666666667
C16845,7,323.7905,46.255785714285715
C16846,5,659.77,131.954
C16847,1,67.7635,67.7635
C16848,3,246.26850000000002,82.0895
C16849,3,1039.0575,346.35249999999996
C16850,4,956.344,239.086
C16851,4,136.418,34.1045
C16852,6,529.8385000000001,88.30641666666668
C16853,3,220.76350000000002,73.58783333333334
C16854,7,1507.39,215.3414285714286
C16855,4,588.1685,147.042125
C16856,8,830.076,103.7595
C16857,4,287.6135,71.903375
C16858,2,37.142,18.571
C16859,5,788.9449999999999,157.789
C16860,5,614.4005,122.8801
C16861,5,1425.472,285.0944
C16862,4,2307.787,576.94675
C16863,2,210.197,105.0985
C16864,5,1243.1529999999998,248.63059999999996
C16865,2,43.7055,21.85275
C16866,3,107.32,35.77333333333333
C16867,2,1061.24,530.62
C16868,2,348.09,174.045
C16869,10,1220.406,122.0406
C16870,3,811.7354999999999,270.57849999999996
C16871,5,574.0135,114.8027
C16872,3,301.4665,100.48883333333333
C16873,6,296.12100000000004,49.353500000000004
C16874,2,189.885,94.9425
C16875,4,3671.323,917.83075
C16876,2,43.664500000000004,21.832250000000002
C16877,2,136.05450000000002,68.02725000000001
C16878,5,990.8100000000001,198.162
C16879,1,13.22,13.22
C16880,3,183.799,61.266333333333336
C16881,8,1239.212,154.9015
C16882,4,304.53700000000003,76.13425000000001
C16883,4,379.721,94.93025
C16884,4,755.989,188.99725
C16885,2,560.6365,280.31825
C16886,4,525.1255,131.281375
C16887,2,83.76850000000002,41.88425000000001
C16889,1,202.38,202.38
C16890,5,345.05100000000004,69.01020000000001
C16891,4,148.649,37.16225
C16892,5,598.68,119.73599999999999
C16893,3,227.8465,75.94883333333333
C16894,3,95.576,31.858666666666664
C16895,7,3436.802,490.9717142857143
C16896,2,904.8800000000001,452.44000000000005
C16897,6,1464.976,244.1626666666667
C16898,4,109.00999999999999,27.252499999999998
C16899,3,133.84,44.61333333333334
C16900,5,2236.4399999999996,447.2879999999999
C16901,4,121.3895,30.347375
C16902,3,84.47399999999999,28.157999999999998
C16903,2,93.6155,46.80775
C16904,4,483.47099999999995,120.86774999999999
C16905,6,945.8520000000001,157.64200000000002
C16906,3,187.4145,62.4715
C16907,3,159.399,53.133
C16908,3,664.829,221.60966666666664
C16909,1,449.407,449.407
C16910,3,426.04600000000005,142.01533333333336
C16911,4,318.056,79.514
C16912,2,1496.5254999999997,748.2627499999999
C16913,4,1732.5000000000002,433.12500000000006
C16914,2,94.243,47.1215
C16915,2,459.1,229.55
C16917,5,1218.1835,243.63670000000002
C16918,4,91.957,22.98925
C16919,7,2153.814,307.68771428571426
C16920,2,1635.36,817.68
C16921,2,69.562,34.781
C16922,6,339.1115,56.51858333333333
C16923,4,624.868,156.217
C16924,5,703.082,140.6164
C16925,1,19.16,19.16
C16926,2,1701.0900000000001,850.5450000000001
C16927,2,132.002,66.001
C16928,5,413.5555,82.7111
C16929,3,376.158,125.38600000000001
C16930,3,592.0305,197.34349999999998
C16931,3,263.2915,87.76383333333332
C16932,3,368.27700000000004,122.75900000000001
C16933,4,1319.83,329.9575
C16934,4,349.4885,87.372125
C16935,3,123.69099999999999,41.23033333333333
C16936,6,269.846,44.974333333333334
C16937,4,666.282,166.5705
C16938,4,2464.54,616.135
C16939,3,77.01,25.67
C16940,6,1328.696,221.44933333333333
C16941,5,2124.1325,424.8265
C16942,4,1221.957,305.48925
C16943,3,1652.7599999999998,550.92
C16944,7,3860.628,551.5182857142858
C16945,4,120.574,30.1435
C16946,2,94.96,47.48
C16947,5,1307.548,261.5096
C16948,3,1010.951,336.9836666666667
C16949,5,1778.3665,355.67330000000004
C16950,3,287.14099999999996,95.71366666666665
C16951,1,23.16,23.16
C16952,7,1382.2555,197.46507142857143
C16953,6,159.203,26.533833333333334
C16954,2,14.589500000000001,7.2947500000000005
C16955,3,630.4295,210.14316666666664
C16956,1,10.45,10.45
C16957,10,666.8154999999999,66.68154999999999
C16958,4,398.321,99.58025
C16959,6,764.7950000000001,127.46583333333335
C16960,3,157.251,52.417
C16961,5,2152.0,430.4
C16962,4,548.2460000000001,137.06150000000002
C16963,8,2449.675,306.209375
C16964,5,466.012,93.2024
C16965,5,210.5435,42.1087
C16966,4,428.3215,107.080375
C16967,3,91.7415,30.5805
C16968,5,382.4585,76.49170000000001
C16969,6,242.096,40.349333333333334
C16970,5,429.6,85.92
C16971,8,1770.6609999999996,221.33262499999995
C16972,2,180.529,90.2645
C16973,2,481.244,240.622
C16974,5,236.32799999999997,47.26559999999999
C16975,6,1041.033,173.50549999999998
C16976,7,668.616,95.51657142857142
C16977,2,101.7405,50.87025
C16978,2,473.04999999999995,236.52499999999998
C16979,6,576.908,96.15133333333334
C16980,11,522.503,47.50027272727273
C16981,11,1023.8965,93.08149999999999
C16982,4,628.202,157.0505
C16983,2,1165.376,582.688
C16984,3,147.0025,49.00083333333333
C16985,4,793.179,198.29475
C16986,3,365.317,121.77233333333334
C16987,4,198.571,49.64275
C16988,1,4.977,4.977
C16989,4,824.616,206.154
C16990,6,1302.0635,217.01058333333333
C16991,6,935.7950000000001,155.96583333333334
C16992,7,832.1705,118.88149999999999
C16993,8,396.312,49.539
C16994,2,297.20000000000005,148.60000000000002
C16995,6,213.441,35.5735
C16996,5,1631.106,326.2212
C16997,4,707.2379999999999,176.80949999999999
C16998,9,3432.914,381.4348888888889
C16999,6,357.76399999999995,59.627333333333326
C17000,4,568.0809999999999,142.02024999999998
C17001,6,949.919,158.31983333333332
C17002,10,425.2985,42.529849999999996
C17003,6,413.517,68.9195
C17004,5,452.10699999999997,90.42139999999999
C17005,3,497.457,165.819
C17006,6,1098.4655,183.07758333333334
C17007,3,180.336,60.112
C17008,7,211.4995,30.214214285714288
C17009,6,954.9720000000001,159.162
C17010,3,669.8480000000001,223.2826666666667
C17011,10,1842.3585,184.23585
C17012,4,147.143,36.78575
C17013,5,373.954,74.7908
C17014,4,1546.553,386.63825
C17015,5,1064.125,212.825
C17016,4,174.7755,43.693875
C17017,3,194.216,64.73866666666667
C17018,6,346.949,57.82483333333334
C17019,1,21.8405,21.8405
C17020,4,282.651,70.66275
C17021,4,199.49349999999998,49.873374999999996
C17022,4,150.5695,37.642375
C17023,4,216.81,54.2025
C17024,7,763.4280000000001,109.06114285714287
C17025,6,387.249,64.5415
C17026,4,174.844,43.711
C17027,3,132.04399999999998,44.01466666666666
C17028,4,544.7755,136.193875
C17029,5,770.9435,154.18869999999998
C17030,2,756.9665,378.48325
C17031,5,267.14,53.428
C17032,5,169.415,33.882999999999996
C17033,3,384.985,128.32833333333335
C17034,6,1508.2345,251.37241666666668
C17035,4,1020.5275,255.131875
C17036,6,1125.2155,187.53591666666668
C17037,3,310.199,103.39966666666668
C17038,1,103.6165,103.6165
C17039,5,182.8135,36.5627
C17040,4,613.8310000000001,153.45775000000003
C17041,10,1024.814,102.48140000000001
C17042,6,3790.9885,631.8314166666667
C17043,6,532.5740000000001,88.76233333333334
C17044,3,1097.5695,365.85650000000004
C17045,4,607.128,151.782
C17046,4,274.81,68.7025
C17048,5,176.038,35.2076
C17049,1,373.16,373.16
C17050,3,645.494,215.16466666666668
C17051,1,6.792000000000001,6.792000000000001
C17052,2,19.8495,9.92475
C17053,6,485.95,80.99166666666666
C17054,4,86.7105,21.677625
C17055,6,843.0455000000001,140.50758333333334
C17056,6,265.581,44.2635
C17057,4,346.05400000000003,86.51350000000001
C17058,4,2536.31,634.0775
C17059,4,257.886,64.4715
C17060,3,139.8225,46.607499999999995
C17061,3,226.775,75.59166666666667
C17062,7,1797.9575,256.8510714285714
C17063,3,119.52600000000001,39.842000000000006
C17064,3,987.4075,329.1358333333333
C17065,3,428.072,142.69066666666666
C17066,4,259.21,64.8025
C17067,3,639.642,213.21400000000003
C17068,6,145.944,24.323999999999998
C17069,11,2713.878,246.71618181818184
C17070,1,495.94,495.94
C17071,4,557.311,139.32775
C17072,3,326.22,108.74000000000001
C17073,5,887.386,177.47719999999998
C17074,3,164.405,54.80166666666667
C17075,2,66.9945,33.49725
C17076,2,180.54000000000002,90.27000000000001
C17077,7,731.9275,104.56107142857142
C17078,3,103.93700000000001,34.64566666666667
C17079,5,332.544,66.5088
C17080,5,404.28,80.856
C17081,7,955.0120000000001,136.43028571428573
C17082,8,790.283,98.785375
C17083,7,1520.0765000000001,217.15378571428573
C17084,3,68.80000000000001,22.933333333333337
C17085,2,252.16899999999998,126.08449999999999
C17086,4,1223.5594999999998,305.88987499999996
C17087,8,516.602,64.57525
C17088,3,326.838,108.94600000000001
C17089,5,1975.8480000000002,395.16960000000006
C17090,4,299.87850000000003,74.96962500000001
C17091,4,2073.694,518.4235
C17092,6,216.974,36.16233333333333
C17093,3,91.00049999999999,30.333499999999997
C17094,5,785.4755,157.0951
C17095,3,338.14,112.71333333333332
C17096,4,677.3645,169.341125
C17097,7,295.947,42.27814285714286
C17098,5,598.4265,119.68530000000001
C17099,8,660.654,82.58175
C17100,2,842.1200000000001,421.06000000000006
C17101,6,219.4195,36.569916666666664
C17102,3,444.04,148.01333333333335
C17103,4,484.83399999999995,121.20849999999999
C17104,1,403.35,403.35
C17105,4,570.807,142.70175
C17106,5,1012.638,202.5276
C17107,1,283.86,283.86
C17108,5,527.5,105.5
C17109,1,101.696,101.696
C17110,4,865.654,216.4135
C17111,4,854.164,213.541
C17112,5,1605.5335,321.1067
C17113,3,386.34999999999997,128.78333333333333
C17114,3,156.1625,52.05416666666667
C17115,4,432.3765,108.094125
C17116,5,7424.3405,1484.8681000000001
C17117,6,1671.403,278.56716666666665
C17118,2,434.117,217.0585
C17119,5,803.4884999999999,160.6977
C17120,4,476.2865,119.071625
C17121,5,487.57550000000003,97.5151
C17122,3,41.354,13.784666666666666
C17123,3,77.2,25.733333333333334
C17124,5,2685.9235,537.1847
C17125,4,151.99849999999998,37.999624999999995
C17126,5,149.93399999999997,29.986799999999995
C17127,9,2344.155,260.4616666666667
C17128,3,308.56,102.85333333333334
C17129,9,3497.6795,388.6310555555556
C17130,2,60.57,30.285
C17131,8,6479.246,809.90575
C17132,2,42.28,21.14
C17133,3,129.765,43.254999999999995
C17134,2,146.8815,73.44075
C17135,6,713.1155000000001,118.85258333333336
C17136,4,490.699,122.67475
C17137,7,944.332,134.90457142857142
C17138,4,166.253,41.56325
C17139,1,83.771,83.771
C17140,8,1464.7165,183.0895625
C17141,6,260.742,43.457
C17142,4,906.797,226.69925
C17143,4,165.60999999999999,41.402499999999996
C17144,1,138.8,138.8
C17145,4,288.9725,72.243125
C17146,4,1131.6495,282.912375
C17147,7,380.038,54.29114285714286
C17148,3,513.064,171.02133333333333
C17149,2,458.44000000000005,229.22000000000003
C17150,3,1895.1835,631.7278333333334
C17151,5,360.039,72.0078
C17152,2,269.483,134.7415
C17153,3,202.3465,67.44883333333333
C17154,7,1487.386,212.48371428571429
C17155,5,876.5994999999999,175.3199
C17156,2,604.8,302.4
C17157,4,495.7955,123.948875
C17158,2,38.302,19.151
C17159,4,1472.07,368.0175
C17160,6,151.853,25.308833333333336
C17161,3,284.233,94.74433333333333
C17162,6,351.5075,58.584583333333335
C17163,6,590.8410000000001,98.47350000000002
C17164,7,378.618,54.08828571428571
C17165,6,2297.91,382.98499999999996
C17166,8,845.1925,105.6490625
C17167,5,955.9495000000001,191.18990000000002
C17168,4,367.593,91.89825
C17169,4,118.38,29.595
C17170,8,369.455,46.181875
C17171,2,140.7405,70.37025
C17172,3,434.69,144.89666666666668
C17173,6,4532.2385,755.3730833333334
C17174,3,218.601,72.867
C17175,4,53.6355,13.408875
C17176,5,383.603,76.7206
C17177,7,810.0215000000001,115.71735714285715
C17178,1,11.152,11.152
C17179,5,800.5185,160.1037
C17180,6,2955.593,492.5988333333333
C17181,6,1057.1115,176.18525
C17182,4,443.04449999999997,110.76112499999999
C17183,4,672.572,168.143
C17184,8,1209.2565,151.1570625
C17185,3,386.5195,128.83983333333333
C17186,7,1442.9665,206.13807142857144
C17187,5,339.08799999999997,67.8176
C17188,5,391.494,78.2988
C17189,2,2112.838,1056.419
C17190,6,1795.0494999999999,299.17491666666666
C17191,3,238.7215,79.57383333333333
C17192,7,1187.9375,169.70535714285714
C17193,5,669.138,133.82760000000002
C17194,5,1848.9615000000001,369.7923
C17195,3,96.634,32.211333333333336
C17196,5,1717.6525,343.53049999999996
C17197,10,2121.7934999999998,212.17934999999997
C17198,3,345.453,115.151
C17199,2,159.392,79.696
C17200,2,454.05,227.025
C17201,1,56.74,56.74
C17202,3,166.855,55.61833333333333
C17203,2,559.596,279.798
C17204,2,828.4599999999999,414.22999999999996
C17205,5,281.71200000000005,56.34240000000001
C17206,10,2974.7695000000003,297.47695000000004
C17207,5,693.995,138.799
C17208,3,408.1045,136.03483333333332
C17209,4,921.975,230.49375
C17210,7,900.0535,128.57907142857144
C17211,7,2218.6565,316.95092857142856
C17212,1,23.184,23.184
C17213,4,264.31399999999996,66.07849999999999
C17214,4,228.65249999999997,57.163124999999994
C17215,6,392.9735,65.49558333333333
C17216,5,274.1805,54.8361
C17217,1,42.633,42.633
C17218,6,876.8319999999999,146.13866666666664
C17219,3,1217.9499999999998,405.9833333333333
C17220,2,41.457,20.7285
C17221,1,17.92,17.92
C17222,6,1182.413,197.06883333333334
C17224,7,853.5549999999998,121.93642857142855
C17225,4,616.1279999999999,154.03199999999998
C17226,7,349.6135,49.944785714285715
C17227,5,274.6085,54.9217
C17228,1,96.064,96.064
C17229,2,77.392,38.696
C17230,5,510.347,102.0694
C17231,2,498.2,249.1
C17232,7,1350.17,192.8814285714286
C17233,3,605.2115,201.73716666666667
C17234,5,994.5339999999999,198.90679999999998
C17235,5,1807.23,361.446
C17236,7,232.4935,33.21335714285714
C17237,5,694.5315,138.90630000000002
C17238,2,368.006,184.003
C17239,5,572.702,114.5404
C17240,9,2637.5665,293.06294444444444
C17241,4,4206.825,1051.70625
C17242,4,227.8505,56.962625
C17243,4,785.3865000000001,196.34662500000002
C17244,6,251.44400000000002,41.907333333333334
C17245,8,516.6605,64.5825625
C17246,7,880.921,125.84585714285716
C17247,6,236.669,39.444833333333335
C17248,5,1754.9265,350.9853
C17249,3,725.7159999999999,241.9053333333333
C17250,4,631.662,157.9155
C17251,3,59.1345,19.7115
C17252,4,325.9665,81.491625
C17253,3,660.815,220.27166666666668
C17254,4,656.5985,164.149625
C17255,5,94.32000000000001,18.864
C17256,9,980.9095,108.98994444444445
C17257,9,580.9535000000001,64.5503888888889
C17258,4,834.1750000000001,208.54375000000002
C17259,4,1369.54,342.385
C17260,5,624.2240000000002,124.84480000000003
C17261,2,647.0614999999999,323.53074999999995
C17262,4,571.5749999999999,142.89374999999998
C17263,7,1775.312,253.61599999999999
C17264,6,596.765,99.46083333333333
C17265,7,960.6895,137.24135714285714
C17266,5,2238.985,447.797
C17267,2,262.43,131.215
C17268,3,118.94,39.64666666666667
C17269,5,351.87399999999997,70.3748
C17270,4,750.676,187.669
C17271,5,739.028,147.8056
C17272,4,645.4975000000001,161.37437500000001
C17273,3,364.55000000000007,121.5166666666667
C17274,3,673.59,224.53
C17275,3,226.05200000000002,75.35066666666667
C17276,4,314.043,78.51075
C17278,3,646.8884999999999,215.62949999999998
C17279,6,1771.1985000000002,295.19975000000005
C17280,9,902.783,100.30922222222222
C17281,3,59.662499999999994,19.8875
C17282,6,275.6825,45.94708333333333
C17283,3,525.009,175.00300000000001
C17284,3,610.7035,203.5678333333333
C17285,3,210.4325,70.14416666666666
C17286,4,148.7385,37.184625
C17287,5,470.635,94.127
C17288,6,585.3985,97.56641666666667
C17289,1,29.976,29.976
C17290,2,19.200000000000003,9.600000000000001
C17291,3,39.047,13.015666666666666
C17292,3,3332.4,1110.8
C17293,1,142.45,142.45
C17294,3,5240.043,1746.6809999999998
C17295,3,463.77,154.59
C17296,3,475.702,158.56733333333332
C17297,8,1002.1745,125.2718125
C17298,3,639.3435,213.1145
C17299,4,775.6515,193.912875
C17300,6,536.7715000000001,89.46191666666668
C17301,3,893.2579999999999,297.75266666666664
C17302,1,1038.7040000000002,1038.7040000000002
C17303,1,30.68,30.68
C17304,6,1682.2095,280.36825
C17305,3,1948.7065000000002,649.5688333333334
C17306,1,27.43,27.43
C17307,3,927.1800000000001,309.06
C17308,2,1211.2615,605.63075
C17309,4,338.315,84.57875
C17310,9,851.0640000000001,94.56266666666667
C17311,6,1061.3115,176.88525
C17312,7,609.983,87.14042857142856
C17313,8,424.78999999999996,53.098749999999995
C17314,6,2033.295,338.8825
C17315,4,1395.2955,348.823875
C17316,2,80.951,40.4755
C17318,2,161.01999999999998,80.50999999999999
C17319,5,2932.972,586.5944000000001
C17320,6,915.2610000000001,152.54350000000002
C17321,6,439.659,73.2765
C17322,6,841.6335,140.27225
C17323,7,2406.459,343.7798571428571
C17324,2,258.782,129.391
C17325,6,405.3605,67.56008333333334
C17326,3,1245.9119999999998,415.3039999999999
C17327,3,151.18,50.39333333333334
C17328,3,888.402,296.134
C17329,5,1193.155,238.631
C17330,4,490.8325,122.708125
C17331,7,408.20750000000004,58.315357142857145
C17332,5,1294.912,258.9824
C17333,6,1004.512,167.41866666666667
C17334,4,67.9095,16.977375
C17335,1,189.29,189.29
C17336,4,728.7,182.175
C17337,3,3292.4940000000006,1097.4980000000003
C17338,2,52.88,26.44
C17339,3,663.852,221.284
C17340,3,210.3475,70.11583333333333
C17341,1,4.984000000000001,4.984000000000001
C17342,10,1361.3659999999998,136.1366
C17343,6,543.681,90.6135
C17344,3,83.936,27.97866666666667
C17345,8,2148.4125,268.5515625
C17346,2,223.7015,111.85075
C17347,9,1002.712,111.41244444444445
C17348,2,53.746,26.873
C17349,4,1962.5664999999997,490.6416249999999
C17350,4,1412.1155,353.028875
C17351,4,1008.2905000000001,252.07262500000002
C17352,4,559.5815,139.895375
C17353,4,121.96,30.49
C17354,4,564.852,141.213
C17355,1,15.48,15.48
C17356,3,593.35,197.78333333333333
C17357,4,365.416,91.354
C17358,3,198.47,66.15666666666667
C17359,3,75.778,25.259333333333334
C17360,4,831.994,207.9985
C17361,4,243.996,60.999
C17362,5,939.716,187.9432
C17363,1,101.43,101.43
C17364,2,1482.61,741.305
C17365,3,185.60199999999998,61.86733333333333
C17366,4,252.186,63.0465
C17367,2,148.45749999999998,74.22874999999999
C17368,10,2162.8225,216.28225000000003
C17369,5,477.29799999999994,95.4596
C17370,8,637.725,79.715625
C17371,8,873.1010000000001,109.13762500000001
C17372,3,223.75,74.58333333333333
C17373,4,84.51100000000001,21.127750000000002
C17374,5,433.83000000000004,86.766
C17375,1,34.728,34.728
C17376,6,381.372,63.562000000000005
C17377,3,2290.378,763.4593333333333
C17378,8,3264.747,408.093375
C17379,6,1357.1305,226.18841666666665
C17380,4,731.542,182.8855
C17381,8,4342.79,542.84875
C17382,6,1032.2959999999998,172.0493333333333
C17383,2,828.33,414.165
C17384,3,28.286,9.428666666666667
C17385,9,2175.312,241.7013333333333
C17386,2,344.909,172.4545
C17387,3,423.567,141.189
C17388,6,733.587,122.2645
C17389,5,1222.735,244.54699999999997
C17390,5,1079.9234999999999,215.98469999999998
C17391,4,642.5915,160.647875
C17392,10,657.7415,65.77414999999999
C17393,6,814.6614999999999,135.77691666666666
C17394,8,1061.958,132.74475
C17395,6,742.9225,123.82041666666667
C17396,6,911.158,151.85966666666667
C17397,5,377.4045,75.48089999999999
C17398,5,148.296,29.6592
C17399,7,1335.9384999999997,190.8483571428571
C17400,7,341.168,48.738285714285716
C17401,4,394.55899999999997,98.63974999999999
C17402,3,342.947,114.31566666666667
C17403,1,461.94,461.94
C17404,7,1104.2755,157.75364285714286
C17405,2,246.818,123.409
C17406,3,281.7825,93.92750000000001
C17407,7,306.5525,43.793214285714285
C17408,9,1139.8835,126.65372222222221
C17409,3,1045.8445000000002,348.61483333333337
C17410,3,1836.33,612.11
C17411,4,215.4805,53.870125
C17412,2,193.32999999999998,96.66499999999999
C17413,9,840.1975,93.35527777777777
C17414,1,242.14,242.14
C17415,2,136.54149999999998,68.27074999999999
C17416,6,231.9715,38.66191666666666
C17418,3,498.831,166.27700000000002
C17419,6,555.0554999999999,92.50925
C17420,6,654.9639999999999,109.16066666666666
C17421,4,169.79999999999998,42.449999999999996
C17422,5,677.1220000000001,135.42440000000002
C17423,4,390.93,97.7325
C17424,2,278.146,139.073
C17425,5,720.184,144.0368
C17426,5,417.1875,83.4375
C17427,5,2204.846,440.9692
C17428,6,1153.18,192.1966666666667
C17429,4,406.1445,101.536125
C17430,6,548.5585,91.42641666666667
C17431,4,428.84799999999996,107.21199999999999
C17432,7,2507.5665,358.2237857142857
C17433,6,226.767,37.7945
C17434,3,404.262,134.754
C17435,6,550.5975,91.76625
C17436,6,1317.9885,219.66475
C17437,7,150.89950000000002,21.55707142857143
C17438,2,73.6225,36.81125
C17439,2,309.4235,154.71175
C17440,6,4137.858,689.643
C17441,2,158.88699999999997,79.44349999999999
C17442,5,469.81600000000003,93.9632
C17443,7,421.5145,60.21635714285714
C17444,5,301.229,60.245799999999996
C17445,6,1678.712,279.7853333333333
C17446,9,1031.335,114.59277777777778
C17447,4,301.144,75.286
C17448,3,33.544,11.181333333333333
C17449,5,637.181,127.43620000000001
C17450,8,2688.437,336.054625
C17451,2,881.386,440.693
C17452,2,337.555,168.7775
C17453,3,156.62,52.20666666666667
C17454,4,78.098,19.5245
C17455,5,431.72249999999997,86.3445
C17456,3,449.62,149.87333333333333
C17457,2,9.370000000000001,4.6850000000000005
C17458,2,74.92,37.46
C17459,4,274.3985,68.599625
C17460,2,1136.71,568.355
C17461,4,1285.2130000000002,321.30325000000005
C17462,3,1962.9830000000002,654.3276666666667
C17463,2,180.06799999999998,90.03399999999999
C17464,5,263.9105,52.7821
C17465,5,1123.2595,224.65189999999998
C17466,5,1017.996,203.5992
C17467,3,178.606,59.535333333333334
C17468,4,1832.4270000000001,458.10675000000003
C17469,3,124.019,41.339666666666666
C17470,6,2910.8329999999996,485.13883333333325
C17471,6,423.46,70.57666666666667
C17472,3,469.118,156.37266666666667
C17473,4,244.114,61.0285
C17474,2,1654.8169999999998,827.4084999999999
C17475,3,362.0355,120.6785
C17476,8,1715.032,214.379
C17477,4,846.9369999999999,211.73424999999997
C17478,5,2768.2545,553.6509
C17479,3,392.232,130.744
C17480,4,243.53000000000003,60.88250000000001
C17481,1,323.323,323.323
C17482,5,1885.046,377.0092
C17483,6,684.237,114.03949999999999
C17484,3,113.032,37.67733333333333
C17485,7,289.29,41.32714285714286
C17486,3,245.3775,81.7925
C17487,6,197.47,32.91166666666667
C17488,1,56.06999999999999,56.06999999999999
C17489,3,62.129999999999995,20.709999999999997
C17490,5,697.072,139.4144
C17491,3,349.846,116.61533333333334
C17492,1,468.72,468.72
C17493,6,1011.2135000000001,168.53558333333334
C17494,5,1413.897,282.7794
C17495,2,304.79,152.395
C17496,4,213.65900000000002,53.414750000000005
C17497,3,146.8965,48.9655
C17498,4,587.097,146.77425
C17499,1,28.83,28.83
C17500,4,685.4045,171.351125
C17501,4,216.369,54.09225
C17502,1,239.508,239.508
C17503,1,56.41,56.41
C17504,10,1478.453,147.8453
C17505,2,487.30199999999996,243.65099999999998
C17506,5,569.474,113.8948
C17507,5,323.3135,64.6627
C17508,4,852.725,213.18125
C17509,9,588.278,65.36422222222222
C17510,5,206.838,41.367599999999996
C17511,2,193.73399999999998,96.86699999999999
C17512,7,5519.5599999999995,788.5085714285714
C17513,5,853.078,170.6156
C17514,2,304.175,152.0875
C17515,2,272.8535,136.42675
C17516,6,542.3634999999999,90.39391666666666
C17517,4,705.9465,176.486625
C17518,5,116.1175,23.2235
C17519,6,441.7675,73.62791666666666
C17520,2,237.857,118.9285
C17521,4,129.076,32.269
C17522,2,1065.4660000000001,532.7330000000001
C17523,5,1157.453,231.4906
C17524,3,583.025,194.34166666666667
C17525,3,301.615,100.53833333333334
C17526,4,168.867,42.21675
C17527,7,684.1065,97.7295
C17528,2,236.05349999999999,118.02674999999999
C17529,7,1546.9574999999998,220.99392857142854
C17530,3,345.054,115.01799999999999
C17531,7,810.658,115.80828571428572
C17532,3,1308.595,436.1983333333333
C17533,3,98.00999999999999,32.669999999999995
C17534,1,12.3335,12.3335
C17535,1,49.26,49.26
C17536,3,670.98,223.66
C17537,6,4765.483,794.2471666666667
C17538,4,590.5705,147.642625
C17539,1,112.879,112.879
C17540,5,1131.78,226.356
C17541,7,1319.4285,188.48978571428572
C17542,2,457.79,228.895
C17543,10,2613.0445,261.30445
C17544,5,478.46450000000004,95.69290000000001
C17545,6,550.6039999999999,91.76733333333333
C17546,7,867.825,123.97500000000001
C17547,4,160.901,40.22525
C17548,9,1611.3674999999998,179.04083333333332
C17549,9,452.605,50.28944444444445
C17550,4,162.496,40.624
C17551,5,4360.918,872.1836
C17552,1,36.6795,36.6795
C17553,2,69.425,34.7125
C17554,2,445.52,222.76
C17555,2,289.17999999999995,144.58999999999997
C17556,7,1599.9679999999998,228.56685714285712
C17557,7,390.624,55.803428571428576
C17559,3,395.908,131.96933333333334
C17560,3,317.211,105.73700000000001
C17561,4,129.34,32.335
C17562,4,670.6085,167.652125
C17563,1,192.54,192.54
C17564,5,889.1265,177.8253
C17565,2,76.753,38.3765
C17566,4,541.457,135.36425
C17567,2,169.155,84.5775
C17568,5,1047.993,209.59859999999998
C17569,5,735.292,147.0584
C17570,5,487.424,97.48479999999999
C17571,2,261.12,130.56
C17572,5,852.1205,170.4241
C17573,3,122.421,40.807
C17574,6,408.086,68.01433333333334
C17575,4,1119.3505,279.837625
C17576,7,3412.1265000000003,487.4466428571429
C17577,1,47.79,47.79
C17578,3,716.6465,238.88216666666665
C17579,3,122.64,40.88
C17580,1,151.58,151.58
C17581,6,1063.07,177.1783333333333
C17582,5,1974.716,394.9432
C17583,6,316.079,52.679833333333335
C17584,6,1804.8319999999999,300.8053333333333
C17585,5,597.939,119.58779999999999
C17586,7,500.124,71.44628571428572
C17587,4,192.43800000000002,48.109500000000004
C17588,1,18.86,18.86
C17589,3,1407.138,469.046
C17590,4,498.1345,124.533625
C17591,2,68.83,34.415
C17592,3,78.99600000000001,26.332000000000004
C17593,3,485.59,161.86333333333332
C17594,3,431.4235,143.80783333333332
C17595,12,1592.8475,132.73729166666666
C17596,4,324.846,81.2115
C17597,2,106.722,53.361
C17598,5,338.89,67.77799999999999
C17599,5,274.345,54.86900000000001
C17600,2,261.79999999999995,130.89999999999998
C17601,4,511.466,127.8665
C17602,3,158.163,52.721000000000004
C17603,6,272.6685,45.44475
C17604,6,781.79,130.29833333333332
C17605,5,518.89,103.77799999999999
C17606,3,1855.365,618.455
C17607,6,544.1034999999999,90.68391666666666
C17608,5,421.4445,84.2889
C17609,1,380.133,380.133
C17610,4,192.0765,48.019125
C17611,3,1314.0030000000002,438.00100000000003
C17612,6,2535.754,422.62566666666663
C17613,1,153.7,153.7
C17614,5,772.2665,154.45329999999998
C17615,3,170.9105,56.97016666666667
C17616,5,784.012,156.80239999999998
C17617,3,385.514,128.50466666666668
C17618,4,474.187,118.54675
C17619,7,568.8425,81.26321428571428
C17620,3,464.661,154.887
C17621,4,229.77800000000002,57.444500000000005
C17622,3,1392.3600000000001,464.12000000000006
C17623,4,185.6895,46.422375
C17624,3,39.275,13.091666666666667
C17625,4,273.3675,68.341875
C17626,4,162.53,40.6325
C17627,3,308.94,102.98
C17628,1,51.114,51.114
C17629,6,1296.221,216.03683333333333
C17630,8,484.79200000000003,60.599000000000004
C17631,5,370.77099999999996,74.15419999999999
C17632,4,230.68899999999996,57.67224999999999
C17633,4,611.7655,152.941375
C17634,6,2256.8345,376.1390833333333
C17635,4,516.3525,129.088125
C17636,6,1002.8415,167.14025
C17637,4,72.771,18.19275
C17638,5,972.3675000000001,194.4735
C17639,3,724.299,241.433
C17640,1,84.83,84.83
C17641,11,921.618,83.78345454545455
C17642,3,919.8605,306.62016666666665
C17643,8,1530.499,191.312375
C17644,6,1115.973,185.9955
C17645,3,267.3935,89.13116666666667
C17646,3,1733.062,577.6873333333333
C17647,4,515.4200000000001,128.85500000000002
C17648,3,441.873,147.291
C17649,4,1146.117,286.52925
C17650,3,335.1915,111.7305
C17651,3,4117.727,1372.5756666666666
C17652,3,56.242000000000004,18.747333333333334
C17653,4,652.5155,163.128875
C17654,4,216.06899999999996,54.01724999999999
C17655,4,287.736,71.934
C17656,4,479.329,119.83225
C17657,6,137.6415,22.940250000000002
C17658,4,291.0055,72.751375
C17659,2,73.467,36.7335
C17660,6,1145.88,190.98000000000002
C17661,4,180.2545,45.063625
C17662,3,479.90500000000003,159.96833333333333
C17663,5,432.904,86.5808
C17664,3,295.7645,98.58816666666667
C17665,2,224.11800000000002,112.05900000000001
C17666,4,381.8585,95.464625
C17667,4,1497.2965,374.324125
C17668,4,406.56700000000006,101.64175000000002
C17669,8,994.6885,124.3360625
C17670,5,868.704,173.74079999999998
C17671,3,698.9899999999999,232.99666666666664
C17672,1,95.607,95.607
C17673,2,193.13,96.565
C17674,7,4688.562999999999,669.7947142857141
C17675,5,284.778,56.955600000000004
C17676,5,261.4405,52.2881
C17677,2,121.215,60.6075
C17678,6,2189.4035,364.9005833333333
C17679,5,457.299,91.4598
C17680,7,1078.5414999999998,154.07735714285712
C17681,2,128.727,64.3635
C17682,1,248.26,248.26
C17683,4,148.925,37.23125
C17684,2,76.07,38.035
C17685,2,155.54,77.77
C17686,7,448.794,64.11342857142857
C17687,6,367.43399999999997,61.239
C17688,6,1720.1015000000002,286.6835833333334
C17689,6,920.968,153.49466666666666
C17690,7,213.6135,30.516214285714284
C17691,8,882.6485,110.3310625
C17692,2,342.5135,171.25675
C17693,6,656.741,109.45683333333334
C17694,5,287.49199999999996,57.49839999999999
C17695,4,84.952,21.238
C17696,3,90.0085,30.00283333333333
C17697,6,416.993,69.49883333333334
C17698,3,398.3265,132.7755
C17699,7,374.103,53.443285714285715
C17700,3,90.6565,30.218833333333333
C17701,6,1496.53,249.42166666666665
C17702,3,598.601,199.53366666666668
C17703,2,297.26099999999997,148.63049999999998
C17704,8,1860.843,232.605375
C17705,7,2650.711,378.67299999999994
C17706,4,261.375,65.34375
C17707,5,201.4505,40.2901
C17708,3,544.5765,181.5255
C17709,4,398.3005,99.575125
C17710,7,695.829,99.40414285714284
C17711,5,460.28249999999997,92.0565
C17712,2,145.58749999999998,72.79374999999999
C17713,3,1007.07,335.69
C17714,6,925.045,154.17416666666665
C17715,6,1426.9199999999998,237.81999999999996
C17716,3,166.39,55.46333333333333
C17717,6,507.2325,84.53875000000001
C17718,4,98.63400000000001,24.658500000000004
C17719,4,871.7629999999999,217.94074999999998
C17720,3,254.47199999999998,84.824
C17721,4,559.578,139.8945
C17722,3,777.358,259.1193333333333
C17723,6,960.689,160.11483333333334
C17724,2,282.548,141.274
C17725,2,1629.47,814.735
C17726,3,723.192,241.064
C17727,7,579.783,82.82614285714286
C17728,6,328.0055,54.66758333333333
C17729,6,327.5705,54.59508333333333
C17730,5,428.42799999999994,85.6856
C17731,3,258.305,86.10166666666667
C17732,5,822.1099999999999,164.42199999999997
C17733,7,889.143,127.02042857142858
C17734,7,1549.482,221.35457142857143
C17735,7,942.602,134.65742857142857
C17736,5,3830.505,766.101
C17737,6,890.0400000000001,148.34
C17738,6,176.942,29.490333333333336
C17739,3,434.2875,144.76250000000002
C17740,7,1172.141,167.4487142857143
C17741,6,2375.922,395.987
C17742,5,736.3185,147.2637
C17743,6,1725.19,287.5316666666667
C17744,4,1045.125,261.28125
C17746,5,595.7415,119.14829999999999
C17747,2,9.47,4.735
C17748,4,445.8125,111.453125
C17749,8,343.762,42.97025
C17750,9,866.9705,96.33005555555556
C17751,3,715.0,238.33333333333334
C17752,3,314.28999999999996,104.76333333333332
C17753,3,241.65999999999997,80.55333333333333
C17754,5,641.1895,128.2379
C17755,1,68.85,68.85
C17756,6,1509.7089999999998,251.61816666666664
C17757,3,390.114,130.03799999999998
C17758,6,1138.5235,189.75391666666667
C17759,3,293.767,97.92233333333333
C17760,3,308.4275,102.80916666666667
C17761,1,578.58,578.58
C17762,5,1897.121,379.42420000000004
C17763,4,64.047,16.01175
C17764,3,176.777,58.925666666666665
C17765,5,299.382,59.876400000000004
C17766,5,745.143,149.0286
C17767,3,2231.566,743.8553333333333
C17768,5,879.77,175.954
C17769,6,722.189,120.36483333333332
C17770,5,503.00849999999997,100.6017
C17771,6,653.2565,108.87608333333333
C17772,3,354.2335,118.07783333333333
C17773,5,741.56,148.31199999999998
C17774,3,95.46,31.819999999999997
C17775,1,1122.083,1122.083
C17776,6,658.467,109.7445
C17777,9,1299.393,144.377
C17778,5,567.8485,113.56969999999998
C17779,1,47.36,47.36
C17780,3,232.06300000000002,77.35433333333334
C17781,4,883.831,220.95775
C17782,3,129.09,43.03
C17783,3,288.84999999999997,96.28333333333332
C17784,5,330.75100000000003,66.15020000000001
C17785,4,644.086,161.0215
C17786,3,169.421,56.47366666666667
C17787,7,375.68100000000004,53.668714285714294
C17788,2,131.007,65.5035
C17789,5,311.0,62.2
C17790,6,421.3745,70.22908333333334
C17791,2,1523.872,761.936
C17792,3,327.46000000000004,109.15333333333335
C17793,2,117.049,58.5245
C17794,2,458.979,229.4895
C17795,7,845.1200000000001,120.7314285714286
C17796,5,143.4805,28.6961
C17797,4,496.1095,124.027375
C17798,6,719.623,119.93716666666667
C17799,5,2159.7549999999997,431.9509999999999
C17800,3,299.469,99.823
C17801,2,90.09349999999999,45.046749999999996
C17802,5,532.831,106.56620000000001
C17803,5,793.749,158.7498
C17804,8,624.997,78.124625
C17805,7,1441.973,205.99614285714284
C17806,3,325.80899999999997,108.603
C17807,5,5536.365000000001,1107.2730000000001
C17808,1,258.74,258.74
C17809,2,82.443,41.2215
C17810,5,974.3915,194.8783
C17811,2,209.61,104.805
C17812,3,276.462,92.154
C17813,7,1426.2820000000002,203.75457142857144
C17814,8,810.695,101.336875
C17815,4,453.184,113.296
C17816,4,489.7925,122.448125
C17817,4,90.3325,22.583125
C17818,4,904.8924999999999,226.22312499999998
C17819,3,326.566,108.85533333333332
C17820,6,953.31,158.885
C17821,3,344.3905,114.79683333333332
C17822,4,297.474,74.3685
C17823,5,584.7855,116.9571
C17824,12,4439.4435,369.95362500000005
C17825,8,427.868,53.4835
C17826,6,265.206,44.201
C17827,3,516.8805,172.2935
C17828,1,35.63,35.63
C17829,4,355.7665,88.941625
C17830,9,2769.861,307.76233333333334
C17831,5,3844.0400000000004,768.8080000000001
C17832,5,665.4945,133.09890000000001
C17833,8,558.5805,69.8225625
C17834,1,217.462,217.462
C17835,5,747.4119999999999,149.48239999999998
C17836,5,2030.2095,406.0419
C17837,7,1183.43,169.0614285714286
C17838,3,113.64,37.88
C17840,2,341.216,170.608
C17841,4,258.30949999999996,64.57737499999999
C17842,4,826.432,206.608
C17843,10,3793.2704999999996,379.32705
C17844,1,389.453,389.453
C17845,5,383.9995,76.79990000000001
C17846,7,1416.3345,202.3335
C17847,4,577.3000000000001,144.32500000000002
C17848,5,349.12300000000005,69.8246
C17849,5,1139.2165,227.8433
C17850,2,325.921,162.9605
C17851,6,1237.6225,206.27041666666665
C17852,6,1998.8185,333.13641666666666
C17853,3,283.3865,94.46216666666668
C17854,4,131.22,32.805
C17855,5,936.1765,187.2353
C17856,4,1464.9544999999998,366.23862499999996
C17857,4,643.4995,160.874875
C17858,2,35.3365,17.66825
C17859,3,3658.8650000000002,1219.6216666666667
C17860,6,436.605,72.7675
C17861,5,288.688,57.7376
C17862,6,1199.662,199.94366666666667
C17863,3,392.5055,130.83516666666665
C17864,5,330.533,66.1066
C17865,6,1502.045,250.34083333333334
C17866,5,2389.7,477.93999999999994
C17867,8,1549.817,193.727125
C17868,7,236.1875,33.74107142857143
C17869,4,203.54000000000002,50.885000000000005
C17870,4,1229.6109999999999,307.40274999999997
C17871,5,1183.1134999999997,236.62269999999995
C17872,4,439.04,109.76
C17873,4,106.21849999999999,26.554624999999998
C17874,5,3247.8585,649.5717
C17875,4,187.22199999999998,46.805499999999995
C17876,7,758.2524999999999,108.32178571428571
C17877,1,139.004,139.004
C17878,4,1222.1565,305.539125
C17879,2,69.72149999999999,34.860749999999996
C17880,2,163.09,81.545
C17881,3,183.35399999999998,61.117999999999995
C17882,4,374.672,93.668
C17883,3,239.0505,79.6835
C17884,4,2219.401,554.85025
C17885,2,114.362,57.181
C17886,2,48.7,24.35
C17887,6,1199.1159999999998,199.85266666666664
C17888,4,111.9145,27.978625
C17889,2,765.7135000000001,382.85675000000003
C17890,8,1356.6689999999999,169.58362499999998
C17891,4,144.7715,36.192875
C17892,6,535.9209999999999,89.32016666666665
C17893,1,11.03,11.03
C17894,7,454.36400000000003,64.90914285714287
C17895,7,2376.434,339.49057142857146
C17896,2,23.68,11.84
C17897,3,51.382,17.127333333333333
C17898,2,614.0135,307.00675
C17899,5,1697.79,339.558
C17900,3,511.97749999999996,170.65916666666666
C17901,4,108.96449999999999,27.241124999999997
C17902,4,318.337,79.58425
C17903,5,682.931,136.58620000000002
C17904,4,315.71999999999997,78.92999999999999
C17905,5,617.513,123.5026
C17906,6,1008.5150000000001,168.08583333333334
C17907,3,182.94,60.98
C17908,3,944.1480000000001,314.71600000000007
C17909,4,162.66,40.665
C17910,7,926.8505000000001,132.4072142857143
C17911,2,63.2345,31.61725
C17912,1,21.9385,21.9385
C17913,5,320.3525,64.07050000000001
C17914,5,738.2175,147.6435
C17915,3,627.826,209.27533333333335
C17916,3,216.816,72.272
C17917,2,151.6,75.8
C17918,3,79.0865,26.362166666666667
C17919,2,199.702,99.851
C17920,4,195.06699999999998,48.766749999999995
C17921,1,48.79,48.79
C17922,1,13.312,13.312
C17923,5,473.3225,94.6645
C17924,3,305.26000000000005,101.75333333333334
C17925,6,1881.479,313.57983333333334
C17926,4,448.767,112.19175
C17927,6,1812.1475,302.02458333333334
C17928,7,1380.264,197.18057142857143
C17929,4,173.11450000000002,43.278625000000005
C17930,5,1058.198,211.63960000000003
C17931,3,203.832,67.944
C17933,7,812.7495,116.10707142857143
C17934,3,111.8345,37.27816666666667
C17935,4,1004.4844999999999,251.12112499999998
C17936,4,124.88999999999999,31.222499999999997
C17937,3,1598.1979999999999,532.7326666666667
C17938,6,860.586,143.431
C17939,8,433.5165,54.1895625
C17940,1,19.95,19.95
C17941,5,452.67499999999995,90.535
C17942,2,138.9415,69.47075
C17943,3,147.562,49.187333333333335
C17944,3,228.79999999999998,76.26666666666667
C17945,4,292.2025,73.050625
C17946,2,22.099999999999998,11.049999999999999
C17947,2,69.41,34.705
C17948,3,3460.1150000000002,1153.3716666666667
C17949,1,537.88,537.88
C17950,7,945.86,135.12285714285716
C17951,7,1514.173,216.31042857142856
C17952,6,885.216,147.536
C17953,4,1330.48,332.62
C17954,5,962.2700000000001,192.454
C17955,1,11.1,11.1
C17956,5,500.015,100.003
C17957,5,665.7969999999999,133.15939999999998
C17958,5,1498.7095000000002,299.74190000000004
C17959,9,2439.5575,271.0619444444444
C17960,7,978.821,139.83157142857144
C17961,5,876.7935,175.3587
C17962,7,726.673,103.81042857142857
C17963,4,296.5245,74.131125
C17964,3,503.06,167.68666666666667
C17965,4,113.6745,28.418625
C17966,8,2981.9905,372.7488125
C17967,5,853.5,170.7
C17968,5,150.296,30.059199999999997
C17969,2,6.58,3.29
C17970,6,6109.2570000000005,1018.2095
C17971,7,663.2460000000001,94.74942857142858
C17972,7,1700.237,242.89100000000002
C17973,8,623.2205,77.9025625
C17974,1,64.936,64.936
C17975,9,742.12,82.45777777777778
C17977,3,88.77999999999999,29.59333333333333
C17978,3,269.1495,89.7165
C17979,5,475.89799999999997,95.1796
C17980,10,2398.004,239.8004
C17981,3,1085.838,361.94599999999997
C17982,5,596.6415000000001,119.32830000000001
C17983,7,4141.5,591.6428571428571
C17984,5,264.794,52.9588
C17985,2,106.43,53.215
C17986,3,139.48,46.49333333333333
C17987,5,198.6555,39.7311
C17988,1,182.74,182.74
C17989,5,1886.2804999999998,377.25609999999995
C17990,4,324.985,81.24625
C17991,3,384.153,128.05100000000002
C17992,9,1590.8235,176.75816666666665
C17993,2,221.71,110.855
C17994,4,165.12400000000002,41.281000000000006
C17995,2,699.48,349.74
C17996,3,981.9445000000001,327.31483333333335
C17997,4,787.044,196.761
C17998,4,302.47799999999995,75.61949999999999
C17999,4,2131.8734999999997,532.9683749999999
