order_id,customer_id,product_id,category,price,discount,quantity,payment_method,order_date,delivery_time_days,region,returned,total_amount,shipping_cost,profit_margin,customer_age,customer_gender,year,month,day,day_of_week,week_of_year,returned_flag,discount_percent,gross_sales,net_sales,profit_loss_status,estimated_return_loss
O100019,C10130,P248629,Fashion,50.52,0.0,1,Credit Card,2024-10-10,3,North,Yes,50.52,6.2,11.48,56,Male,2024,10,10,3,41,1,0.0,50.52,50.52,Profit,0.0
O100067,C10600,P221990,Fashion,20.91,0.0,1,UPI,2024-02-14,4,North,Yes,20.91,4.04,3.28,50,Male,2024,2,14,2,7,1,0.0,20.91,20.91,Profit,0.0
O100100,C14798,P236240,Sports,17.35,0.1,1,Debit Card,2025-02-25,5,West,Yes,15.62,4.69,-0.0,41,Male,2025,2,25,1,9,1,10.0,17.35,15.615000000000002,Loss,0.0
O100124,C14887,P220387,Electronics,537.39,0.15,1,PayPal,2024-02-16,4,Central,Yes,456.78,9.4,45.41,28,Female,2024,2,16,4,7,1,15.0,537.39,456.7815,Profit,0.0
O100126,C16360,P237391,Toys,16.78,0.0,2,Credit Card,2024-10-02,4,South,Yes,33.56,5.18,8.24,34,Female,2024,10,2,2,40,1,0.0,33.56,33.56,Profit,0.0
O100224,C14891,P212647,Home,433.77,0.0,1,Credit Card,2025-06-26,3,Central,Yes,433.77,7.22,114.24,43,Male,2025,6,26,3,26,1,0.0,433.77,433.77,Profit,0.0
O100252,C15530,P210911,Fashion,140.25,0.0,1,Wallet,2024-09-06,5,East,Yes,140.25,7.55,41.54,56,Female,2024,9,6,4,36,1,0.0,140.25,140.25,Profit,0.0
O100269,C15232,P231181,Fashion,119.82,0.0,1,Debit Card,2023-12-04,6,South,Yes,119.82,6.39,35.55,60,Female,2023,12,4,0,49,1,0.0,119.82,119.82,Profit,0.0
O100290,C10854,P208267,Electronics,165.3,0.2,1,Credit Card,2025-08-17,5,South,Yes,132.24,7.31,8.56,52,Male,2025,8,17,6,33,1,20.0,165.3,132.24,Profit,0.0
O100297,C15172,P247915,Toys,25.35,0.0,1,Wallet,2025-08-25,4,West,Yes,25.35,4.56,5.58,67,Female,2025,8,25,0,35,1,0.0,25.35,25.35,Profit,0.0
O100324,C14282,P213531,Fashion,144.93,0.05,1,Credit Card,2024-02-14,5,Central,Yes,137.68,7.41,40.78,19,Male,2024,2,14,2,7,1,5.0,144.93,137.6835,Profit,0.0
O100342,C10488,P209290,Electronics,291.67,0.1,1,Debit Card,2024-08-10,4,West,Yes,262.5,7.03,24.47,37,Male,2024,8,10,5,32,1,10.0,291.67,262.50300000000004,Profit,0.0
O100368,C15423,P247159,Sports,259.63,0.0,1,COD,2025-08-20,5,Central,Yes,259.63,7.67,70.22,52,Female,2025,8,20,2,34,1,0.0,259.63,259.63,Profit,0.0
O100394,C14199,P216605,Home,22.88,0.0,1,Wallet,2024-09-06,5,East,Yes,22.88,3.63,2.78,24,Female,2024,9,6,4,36,1,0.0,22.88,22.88,Profit,0.0
O100415,C10160,P216608,Beauty,68.32,0.0,1,Wallet,2024-12-04,3,North,Yes,68.32,6.16,24.58,69,Male,2024,12,4,2,49,1,0.0,68.32,68.32,Profit,0.0
O100427,C14496,P231318,Home,11.92,0.2,3,COD,2024-09-07,9,East,Yes,28.61,4.31,3.7,54,Female,2024,9,7,5,36,1,20.0,35.76,28.608,Profit,0.0
O100435,C11045,P234819,Electronics,365.71,0.2,2,COD,2025-08-16,4,West,Yes,585.14,8.88,61.34,39,Male,2025,8,16,5,33,1,20.0,731.42,585.136,Profit,0.0
O100460,C14642,P222487,Fashion,10.62,0.0,1,Debit Card,2023-11-25,7,East,Yes,10.62,3.07,0.65,28,Female,2023,11,25,5,47,1,0.0,10.62,10.62,Profit,0.0
O100481,C13170,P215640,Grocery,11.76,0.0,1,COD,2024-11-04,5,North,Yes,11.76,3.34,-2.4,62,Male,2024,11,4,0,45,1,0.0,11.76,11.76,Loss,0.28224
O100493,C10127,P222604,Home,187.07,0.0,1,Credit Card,2023-09-21,5,Central,Yes,187.07,9.02,43.36,42,Female,2023,9,21,3,38,1,0.0,187.07,187.07,Profit,0.0
O100501,C12733,P225692,Toys,46.3,0.05,1,Credit Card,2024-08-18,4,South,Yes,43.98,6.16,11.43,23,Male,2024,8,18,6,33,1,5.0,46.3,43.98499999999999,Profit,0.0
O100504,C17455,P216477,Sports,165.56,0.05,1,Credit Card,2025-01-28,5,South,Yes,157.28,6.82,40.36,57,Male,2025,1,28,1,5,1,5.0,165.56,157.28199999999998,Profit,0.0
O100508,C13009,P221459,Electronics,187.78,0.15,1,UPI,2024-01-17,4,West,Yes,159.61,8.71,10.44,42,Male,2024,1,17,2,3,1,15.0,187.78,159.613,Profit,0.0
O100518,C14341,P232740,Home,467.92,0.0,1,Credit Card,2025-07-20,5,South,Yes,467.92,8.06,122.96,37,Male,2025,7,20,6,29,1,0.0,467.92,467.92,Profit,0.0
O100543,C16002,P247836,Electronics,241.35,0.2,3,Credit Card,2023-11-26,6,South,Yes,579.24,9.03,60.48,36,Female,2023,11,26,6,47,1,20.0,724.05,579.24,Profit,0.0
O100589,C17079,P240320,Home,42.95,0.0,1,UPI,2025-08-07,4,North,Yes,42.95,5.46,6.57,24,Male,2025,8,7,3,32,1,0.0,42.95,42.95,Profit,0.0
O100598,C14752,P223043,Home,90.31,0.0,1,Debit Card,2024-06-09,4,West,Yes,90.31,7.08,18.21,62,Female,2024,6,9,6,23,1,0.0,90.31,90.31,Profit,0.0
O100637,C12294,P212199,Electronics,460.29,0.1,2,COD,2024-02-20,4,South,Yes,828.52,8.9,90.52,26,Female,2024,2,20,1,8,1,10.0,920.58,828.522,Profit,0.0
O100683,C14611,P203345,Fashion,103.56,0.1,4,Debit Card,2025-04-22,4,West,Yes,372.82,8.33,122.16,48,Female,2025,4,22,1,17,1,10.0,414.24,372.816,Profit,0.0
O100684,C13087,P202665,Sports,85.59,0.0,1,COD,2024-05-04,3,North,Yes,85.59,6.27,19.41,37,Male,2024,5,4,5,18,1,0.0,85.59,85.59,Profit,0.0
O100716,C13373,P208079,Home,140.38,0.1,1,COD,2023-09-27,5,Central,Yes,126.34,6.74,28.64,43,Male,2023,9,27,2,39,1,10.0,140.38,126.342,Profit,0.0
O100817,C17860,P218939,Toys,29.08,0.1,1,PayPal,2025-05-31,6,West,Yes,26.17,5.14,5.33,32,Female,2025,5,31,5,22,1,10.0,29.08,26.172,Profit,0.0
O100826,C15334,P211735,Electronics,566.03,0.0,1,Debit Card,2024-05-24,3,North,Yes,566.03,8.69,59.23,27,Female,2024,5,24,4,21,1,0.0,566.03,566.03,Profit,0.0
O100851,C13236,P226654,Electronics,151.5,0.0,2,COD,2024-05-15,4,Central,Yes,303.0,8.61,27.75,59,Male,2024,5,15,2,20,1,0.0,303.0,303.0,Profit,0.0
O100864,C11324,P235848,Toys,4.02,0.05,2,Debit Card,2025-04-16,6,South,Yes,7.64,1.04,2.02,58,Female,2025,4,16,2,16,1,5.0,8.04,7.637999999999999,Profit,0.0
O100882,C14268,P240542,Electronics,548.79,0.0,2,PayPal,2024-05-12,6,East,Yes,1097.58,9.58,122.13,27,Male,2024,5,12,6,19,1,0.0,1097.58,1097.58,Profit,0.0
O100908,C15236,P233314,Home,689.38,0.05,1,Debit Card,2024-10-21,6,East,Yes,654.91,8.78,174.59,26,Male,2024,10,21,0,43,1,5.0,689.38,654.911,Profit,0.0
O100956,C16819,P246129,Beauty,10.67,0.05,3,Debit Card,2025-01-28,5,Central,Yes,30.41,6.22,7.46,52,Male,2025,1,28,1,5,1,5.0,32.01,30.4095,Profit,0.0
O100995,C17409,P235391,Fashion,81.25,0.0,4,Wallet,2025-01-09,6,East,Yes,325.0,9.76,103.99,25,Female,2025,1,9,3,2,1,0.0,325.0,325.0,Profit,0.0
O101013,C13925,P209176,Sports,92.22,0.05,1,Credit Card,2025-09-05,7,South,Yes,87.61,9.28,17.0,36,Female,2025,9,5,4,36,1,5.0,92.22,87.609,Profit,0.0
O101026,C14613,P227419,Sports,91.32,0.0,1,Debit Card,2025-07-03,6,East,Yes,91.32,7.82,19.58,34,Male,2025,7,3,3,27,1,0.0,91.32,91.32,Profit,0.0
O101033,C11460,P249356,Electronics,435.47,0.15,1,PayPal,2024-04-03,4,South,Yes,370.15,9.19,35.23,39,Male,2024,4,3,2,14,1,15.0,435.47,370.1495,Profit,0.0
O101034,C17190,P245952,Electronics,284.08,0.0,4,PayPal,2025-07-01,5,North,Yes,1136.32,11.56,124.8,65,Female,2025,7,1,1,27,1,0.0,1136.32,1136.32,Profit,0.0
O101062,C10249,P207017,Fashion,96.69,0.2,1,Credit Card,2025-03-16,5,East,Yes,77.35,5.97,21.1,56,Female,2025,3,16,6,11,1,20.0,96.69,77.352,Profit,0.0
O101091,C17589,P215685,Fashion,99.12,0.1,1,Debit Card,2024-11-26,6,Central,Yes,89.21,7.57,23.65,50,Male,2024,11,26,1,48,1,10.0,99.12,89.20800000000001,Profit,0.0
O101125,C15971,P208743,Fashion,11.04,0.05,1,Wallet,2024-12-23,4,Central,Yes,10.49,3.3,0.37,63,Female,2024,12,23,0,52,1,5.0,11.04,10.488,Profit,0.0
O101133,C16269,P225817,Electronics,72.58,0.0,2,Debit Card,2025-01-20,3,North,Yes,145.16,6.36,11.06,58,Male,2025,1,20,0,4,1,0.0,145.16,145.16,Profit,0.0
O101139,C16254,P232118,Home,21.89,0.15,1,Debit Card,2024-12-30,6,East,Yes,18.61,2.55,2.66,61,Female,2024,12,30,0,1,1,15.0,21.89,18.6065,Profit,0.0
O101165,C17956,P207636,Fashion,15.54,0.0,1,Debit Card,2024-05-05,4,North,Yes,15.54,4.56,0.88,28,Other,2024,5,5,6,18,1,0.0,15.54,15.54,Profit,0.0
O101168,C14699,P238945,Toys,16.22,0.0,2,Debit Card,2024-11-18,6,West,Yes,32.44,5.13,7.85,27,Male,2024,11,18,0,47,1,0.0,32.44,32.44,Profit,0.0
O101174,C17680,P222183,Sports,164.89,0.1,1,Credit Card,2024-09-29,5,Central,Yes,148.4,7.08,37.44,50,Female,2024,9,29,6,39,1,10.0,164.89,148.40099999999998,Profit,0.0
O101184,C15932,P225545,Fashion,83.8,0.1,1,Debit Card,2024-03-13,4,West,Yes,75.42,6.62,19.78,22,Female,2024,3,13,2,11,1,10.0,83.8,75.42,Profit,0.0
O101185,C17240,P246059,Toys,7.4,0.0,1,Credit Card,2024-10-16,5,South,Yes,7.4,2.75,0.21,26,Male,2024,10,16,2,42,1,0.0,7.4,7.4,Profit,0.0
O101193,C16493,P201658,Electronics,448.48,0.05,1,Debit Card,2024-02-20,4,South,Yes,426.06,9.85,41.28,25,Female,2024,2,20,1,8,1,5.0,448.48,426.056,Profit,0.0
O101240,C14580,P235606,Fashion,109.35,0.05,1,Wallet,2024-02-13,3,Central,Yes,103.88,7.6,28.76,18,Female,2024,2,13,1,7,1,5.0,109.35,103.8825,Profit,0.0
O101261,C11169,P234396,Fashion,6.15,0.15,1,Credit Card,2023-10-19,5,East,Yes,5.23,3.34,-1.51,25,Male,2023,10,19,3,42,1,15.0,6.15,5.2275,Loss,0.07893525
O101322,C10645,P225963,Sports,130.02,0.1,1,Credit Card,2024-08-02,5,East,Yes,117.02,6.91,28.2,61,Male,2024,8,2,4,31,1,10.0,130.02,117.018,Profit,0.0
O101373,C12060,P227394,Home,98.0,0.2,1,Credit Card,2024-11-06,5,North,Yes,78.4,7.0,14.95,52,Other,2024,11,6,2,45,1,20.0,98.0,78.4,Profit,0.0
O101391,C17984,P204814,Home,14.17,0.3,5,Credit Card,2024-01-19,5,East,Yes,49.59,4.91,8.98,65,Female,2024,1,19,4,3,1,30.0,70.85,49.59499999999999,Profit,0.0
O101401,C15256,P249954,Electronics,274.98,0.05,1,Credit Card,2025-01-25,5,West,Yes,261.23,7.19,24.16,35,Male,2025,1,25,5,4,1,5.0,274.98,261.231,Profit,0.0
O101408,C13643,P240707,Sports,96.07,0.0,1,UPI,2025-07-25,3,North,Yes,96.07,6.02,22.8,69,Male,2025,7,25,4,30,1,0.0,96.07,96.07,Profit,0.0
O101419,C17332,P249534,Fashion,181.33,0.2,1,Debit Card,2025-04-03,5,West,Yes,145.06,8.84,41.93,58,Male,2025,4,3,3,14,1,20.0,181.33,145.06400000000002,Profit,0.0
O101429,C11065,P240831,Toys,42.99,0.2,1,Wallet,2024-09-23,5,South,Yes,34.39,5.22,8.54,35,Male,2024,9,23,0,39,1,20.0,42.99,34.392,Profit,0.0
O101437,C16943,P233208,Electronics,443.51,0.0,2,Credit Card,2023-12-20,3,North,Yes,887.02,10.17,96.27,34,Male,2023,12,20,2,51,1,0.0,887.02,887.02,Profit,0.0
O101446,C12712,P242382,Electronics,282.06,0.0,1,Credit Card,2024-08-22,5,East,Yes,282.06,9.36,24.49,18,Male,2024,8,22,3,34,1,0.0,282.06,282.06,Profit,0.0
O101450,C14598,P206949,Fashion,138.48,0.0,1,Debit Card,2025-03-29,5,East,Yes,138.48,8.88,39.59,52,Female,2025,3,29,5,13,1,0.0,138.48,138.48,Profit,0.0
O101452,C11997,P217855,Electronics,61.82,0.0,1,PayPal,2023-09-26,4,South,Yes,61.82,5.73,1.69,52,Female,2023,9,26,1,39,1,0.0,61.82,61.82,Profit,0.0
O101489,C17689,P216303,Home,11.51,0.0,1,UPI,2025-01-21,6,East,Yes,11.51,4.46,-1.24,38,Female,2025,1,21,1,4,1,0.0,11.51,11.51,Loss,0.142724
O101505,C13228,P207965,Home,162.08,0.0,1,Credit Card,2023-09-30,4,North,Yes,162.08,9.26,36.12,26,Female,2023,9,30,5,39,1,0.0,162.08,162.08,Profit,0.0
O101506,C13719,P213730,Electronics,691.0,0.0,2,UPI,2025-07-13,4,Central,Yes,1382.0,8.93,156.91,26,Female,2025,7,13,6,28,1,0.0,1382.0,1382.0,Profit,0.0
O101556,C13876,P233749,Toys,27.27,0.05,1,Credit Card,2025-06-11,6,Central,Yes,25.91,5.99,4.37,26,Female,2025,6,11,2,24,1,5.0,27.27,25.9065,Profit,0.0
O101608,C17973,P211829,Beauty,36.52,0.0,1,Credit Card,2025-06-28,4,West,Yes,36.52,6.09,10.34,49,Male,2025,6,28,5,26,1,0.0,36.52,36.52,Profit,0.0
O101624,C11990,P204509,Fashion,23.71,0.0,3,Credit Card,2024-07-20,5,West,Yes,71.13,6.3,18.6,41,Male,2024,7,20,5,29,1,0.0,71.13,71.13,Profit,0.0
O101657,C12262,P217246,Electronics,155.97,0.0,1,Debit Card,2024-02-22,9,East,Yes,155.97,7.97,10.75,19,Male,2024,2,22,3,8,1,0.0,155.97,155.97,Profit,0.0
O101695,C11481,P241527,Fashion,32.58,0.0,4,COD,2023-12-26,6,Central,Yes,130.32,8.75,36.86,19,Male,2023,12,26,1,52,1,0.0,130.32,130.32,Profit,0.0
O101721,C16722,P203573,Beauty,19.86,0.05,3,Debit Card,2025-08-04,3,Central,Yes,56.6,8.2,17.27,23,Male,2025,8,4,0,32,1,5.0,59.58,56.601,Profit,0.0
O101735,C12538,P205589,Fashion,48.14,0.0,1,Debit Card,2024-05-20,3,North,Yes,48.14,5.41,11.44,67,Male,2024,5,20,0,21,1,0.0,48.14,48.14,Profit,0.0
O101738,C15619,P218888,Electronics,328.07,0.0,4,Credit Card,2025-07-29,5,East,Yes,1312.28,10.48,146.99,27,Female,2025,7,29,1,31,1,0.0,1312.28,1312.28,Profit,0.0
O101802,C12573,P214017,Electronics,161.84,0.0,1,Credit Card,2024-07-27,4,West,Yes,161.84,8.49,10.93,30,Male,2024,7,27,5,30,1,0.0,161.84,161.84,Profit,0.0
O101807,C11304,P232919,Grocery,5.19,0.2,1,Debit Card,2025-06-17,3,North,Yes,4.15,2.27,-1.94,50,Male,2025,6,17,1,25,1,20.0,5.19,4.152,Loss,0.0805488
O101836,C15497,P245841,Electronics,546.34,0.1,1,COD,2024-07-07,4,South,Yes,491.71,10.86,48.15,35,Female,2024,7,7,6,27,1,10.0,546.34,491.706,Profit,0.0
O101874,C14124,P204286,Electronics,574.32,0.05,1,Debit Card,2024-03-23,4,West,Yes,545.6,9.25,56.22,60,Male,2024,3,23,5,12,1,5.0,574.32,545.604,Profit,0.0
O101906,C17674,P211932,Fashion,121.81,0.0,1,UPI,2024-06-21,6,East,Yes,121.81,8.3,34.33,62,Female,2024,6,21,4,25,1,0.0,121.81,121.81,Profit,0.0
O101932,C11458,P200291,Fashion,21.59,0.15,1,Wallet,2025-07-20,4,North,Yes,18.35,5.4,1.02,19,Male,2025,7,20,6,29,1,15.0,21.59,18.3515,Profit,0.0
O101934,C14197,P245347,Fashion,41.92,0.0,2,UPI,2024-01-15,3,Central,Yes,83.84,7.78,21.56,23,Female,2024,1,15,0,3,1,0.0,83.84,83.84,Profit,0.0
O101939,C13115,P229833,Home,57.95,0.05,1,UPI,2024-01-03,6,East,Yes,55.05,5.49,9.92,36,Female,2024,1,3,2,1,1,5.0,57.95,55.0525,Profit,0.0
O101961,C17119,P232206,Toys,13.01,0.15,1,Credit Card,2024-09-08,4,South,Yes,11.06,4.22,0.2,53,Male,2024,9,8,6,36,1,15.0,13.01,11.0585,Profit,0.0
O101978,C10400,P222623,Sports,45.43,0.1,4,Debit Card,2024-03-12,5,East,Yes,163.55,8.01,41.06,64,Male,2024,3,12,1,11,1,10.0,181.72,163.548,Profit,0.0
O101981,C17124,P246215,Toys,15.97,0.1,3,UPI,2024-05-23,4,North,Yes,43.12,6.98,10.27,62,Female,2024,5,23,3,21,1,10.0,47.91,43.11900000000001,Profit,0.0
O102050,C17583,P218113,Fashion,20.99,0.0,2,Debit Card,2024-09-13,4,Central,Yes,41.98,6.72,7.97,63,Female,2024,9,13,4,37,1,0.0,41.98,41.98,Profit,0.0
O102102,C14068,P202788,Electronics,518.46,0.0,1,Wallet,2025-02-08,4,South,Yes,518.46,10.42,51.8,21,Female,2025,2,8,5,6,1,0.0,518.46,518.46,Profit,0.0
O102103,C10938,P232149,Home,249.02,0.15,1,UPI,2024-02-15,4,South,Yes,211.67,9.8,49.47,69,Male,2024,2,15,3,7,1,15.0,249.02,211.667,Profit,0.0
O102112,C15181,P233521,Electronics,72.44,0.05,1,Credit Card,2024-09-21,3,North,Yes,68.82,6.23,2.03,26,Female,2024,9,21,5,38,1,5.0,72.44,68.818,Profit,0.0
O102120,C15703,P215770,Electronics,488.36,0.0,1,Credit Card,2024-02-06,3,North,Yes,488.36,8.29,50.31,24,Female,2024,2,6,1,6,1,0.0,488.36,488.36,Profit,0.0
O102122,C17742,P208629,Fashion,59.71,0.0,2,COD,2024-08-29,5,East,Yes,119.42,4.79,37.01,42,Male,2024,8,29,3,35,1,0.0,119.42,119.42,Profit,0.0
O102126,C13564,P212869,Fashion,54.92,0.0,1,Debit Card,2025-07-21,4,Central,Yes,54.92,4.88,14.34,34,Female,2025,7,21,0,30,1,0.0,54.92,54.92,Profit,0.0
O102153,C12466,P232846,Grocery,40.5,0.05,2,Debit Card,2024-09-11,4,Central,Yes,76.95,7.67,-1.51,54,Male,2024,9,11,2,37,1,5.0,81.0,76.95,Loss,1.161945
O102162,C14069,P200964,Electronics,197.57,0.0,1,Debit Card,2024-06-04,5,West,Yes,197.57,7.77,15.94,50,Female,2024,6,4,1,23,1,0.0,197.57,197.57,Profit,0.0
O102167,C13160,P223643,Electronics,163.05,0.05,1,Debit Card,2024-06-22,5,West,Yes,154.9,7.28,11.31,68,Female,2024,6,22,5,25,1,5.0,163.05,154.8975,Profit,0.0
O102172,C13681,P234608,Toys,10.49,0.1,3,Credit Card,2024-10-21,7,West,Yes,28.32,5.68,5.65,20,Female,2024,10,21,0,43,1,10.0,31.47,28.323,Profit,0.0
O102193,C17393,P209941,Fashion,108.04,0.3,1,UPI,2024-05-09,3,Central,Yes,75.63,7.86,18.61,30,Male,2024,5,9,3,19,1,30.0,108.04,75.628,Profit,0.0
O102201,C15295,P235930,Electronics,181.73,0.05,4,Debit Card,2025-03-12,5,South,Yes,690.57,11.59,71.28,44,Male,2025,3,12,2,11,1,5.0,726.92,690.574,Profit,0.0
O102221,C15442,P221694,Home,341.15,0.0,4,COD,2023-10-07,4,South,Yes,1364.6,10.43,371.66,29,Female,2023,10,7,5,40,1,0.0,1364.6,1364.6,Profit,0.0
O102230,C11285,P244391,Beauty,15.41,0.05,1,UPI,2024-10-21,3,North,Yes,14.64,5.55,1.04,33,Male,2024,10,21,0,43,1,5.0,15.41,14.6395,Profit,0.0
O102248,C14286,P204507,Fashion,18.41,0.0,1,Wallet,2025-06-20,5,East,Yes,18.41,4.16,2.28,69,Female,2025,6,20,4,25,1,0.0,18.41,18.41,Profit,0.0
O102252,C16150,P215475,Fashion,37.02,0.15,1,PayPal,2023-11-22,3,North,Yes,31.47,6.48,4.53,38,Female,2023,11,22,2,47,1,15.0,37.02,31.467,Profit,0.0
O102330,C10686,P222409,Sports,64.13,0.0,1,Debit Card,2024-09-04,4,Central,Yes,64.13,7.04,12.2,59,Male,2024,9,4,2,36,1,0.0,64.13,64.13,Profit,0.0
O102342,C13104,P248814,Beauty,66.13,0.0,4,Credit Card,2024-07-20,5,East,Yes,264.52,9.13,109.9,21,Female,2024,7,20,5,29,1,0.0,264.52,264.52,Profit,0.0
O102375,C15658,P206226,Electronics,87.28,0.0,2,Credit Card,2025-09-02,5,South,Yes,174.56,7.34,13.61,25,Female,2025,9,2,1,36,1,0.0,174.56,174.56,Profit,0.0
O102424,C16131,P218050,Toys,35.29,0.1,1,Credit Card,2024-05-11,3,Central,Yes,31.76,3.14,9.56,31,Male,2024,5,11,5,19,1,10.0,35.29,31.761,Profit,0.0
O102426,C16530,P219784,Beauty,57.21,0.15,1,Credit Card,2025-03-29,3,Central,Yes,48.63,7.06,14.82,66,Female,2025,3,29,5,13,1,15.0,57.21,48.6285,Profit,0.0
O102437,C10526,P228690,Fashion,34.46,0.05,5,Credit Card,2025-02-04,7,South,Yes,163.68,7.53,49.76,44,Male,2025,2,4,1,6,1,5.0,172.3,163.685,Profit,0.0
O102453,C15109,P248100,Electronics,395.28,0.0,1,COD,2025-02-22,4,South,Yes,395.28,9.6,37.83,30,Female,2025,2,22,5,8,1,0.0,395.28,395.28,Profit,0.0
O102516,C17333,P241573,Electronics,328.37,0.0,1,Debit Card,2025-06-06,3,North,Yes,328.37,8.02,31.38,30,Female,2025,6,6,4,23,1,0.0,328.37,328.37,Profit,0.0
O102523,C10105,P244759,Fashion,31.21,0.0,1,UPI,2023-12-31,5,South,Yes,31.21,5.51,5.41,68,Female,2023,12,31,6,52,1,0.0,31.21,31.21,Profit,0.0
O102536,C17526,P221294,Home,34.24,0.05,1,UPI,2025-03-19,5,North,Yes,32.53,5.38,3.73,68,Female,2025,3,19,2,12,1,5.0,34.24,32.528,Profit,0.0
O102543,C13911,P226863,Toys,17.25,0.15,3,Debit Card,2024-04-18,4,West,Yes,43.99,4.2,13.4,58,Female,2024,4,18,3,16,1,15.0,51.75,43.9875,Profit,0.0
O102563,C17294,P238199,Electronics,1287.57,0.2,5,Credit Card,2025-06-09,3,Central,Yes,5150.28,12.18,605.85,24,Male,2025,6,9,0,24,1,20.0,6437.849999999999,5150.28,Profit,0.0
O102568,C15066,P239258,Grocery,33.25,0.0,2,Debit Card,2024-09-17,3,Central,Yes,66.5,4.22,1.1,55,Female,2024,9,17,1,38,1,0.0,66.5,66.5,Profit,0.0
O102574,C12956,P200340,Fashion,19.65,0.0,2,Wallet,2024-03-10,3,North,Yes,39.3,6.56,7.19,42,Female,2024,3,10,6,10,1,0.0,39.3,39.3,Profit,0.0
O102587,C12356,P213766,Sports,47.45,0.0,1,Credit Card,2025-01-14,4,West,Yes,47.45,5.68,8.56,42,Other,2025,1,14,1,3,1,0.0,47.45,47.45,Profit,0.0
O102618,C11977,P208255,Fashion,82.64,0.3,1,Debit Card,2023-11-10,5,West,Yes,57.85,5.5,14.75,28,Female,2023,11,10,4,45,1,30.0,82.64,57.848,Profit,0.0
O102637,C17284,P226817,Electronics,309.32,0.0,1,COD,2024-01-30,4,Central,Yes,309.32,8.46,28.66,34,Male,2024,1,30,1,5,1,0.0,309.32,309.32,Profit,0.0
O102640,C13811,P213357,Electronics,426.33,0.05,2,UPI,2024-06-24,4,North,Yes,810.03,11.18,86.02,23,Female,2024,6,24,0,26,1,5.0,852.66,810.0269999999999,Profit,0.0
O102641,C12625,P204742,Fashion,15.02,0.0,1,Credit Card,2025-08-23,5,Central,Yes,15.02,5.17,0.09,46,Male,2025,8,23,5,34,1,0.0,15.02,15.02,Profit,0.0
O102687,C16104,P226508,Home,18.51,0.1,1,Debit Card,2025-06-27,3,Central,Yes,16.66,3.94,0.72,20,Female,2025,6,27,4,26,1,10.0,18.51,16.659000000000002,Profit,0.0
O102690,C13814,P225278,Fashion,90.59,0.0,3,Debit Card,2025-06-16,5,South,Yes,271.77,7.96,87.16,45,Male,2025,6,16,0,25,1,0.0,271.77,271.77,Profit,0.0
O102705,C14023,P213269,Electronics,328.34,0.0,2,PayPal,2024-01-25,3,North,Yes,656.68,8.86,69.94,35,Female,2024,1,25,3,4,1,0.0,656.68,656.68,Profit,0.0
O102721,C14957,P210185,Fashion,24.84,0.2,3,Debit Card,2024-05-02,6,South,Yes,59.62,5.17,15.7,34,Female,2024,5,2,3,18,1,20.0,74.52,59.616,Profit,0.0
O102729,C16656,P201074,Fashion,64.32,0.0,1,Wallet,2024-09-11,3,North,Yes,64.32,4.96,17.55,62,Male,2024,9,11,2,37,1,0.0,64.32,64.32,Profit,0.0
O102735,C13192,P249334,Beauty,26.14,0.0,1,PayPal,2024-12-15,6,East,Yes,26.14,3.91,7.85,51,Male,2024,12,15,6,50,1,0.0,26.14,26.14,Profit,0.0
O102748,C11390,P226011,Fashion,77.01,0.0,2,PayPal,2024-05-07,5,South,Yes,154.02,5.78,48.13,46,Female,2024,5,7,1,19,1,0.0,154.02,154.02,Profit,0.0
O102755,C13953,P236769,Fashion,120.51,0.0,1,PayPal,2025-09-08,6,East,Yes,120.51,5.72,36.46,42,Male,2025,9,8,0,37,1,0.0,120.51,120.51,Profit,0.0
O102763,C12844,P217843,Fashion,16.07,0.0,1,Credit Card,2025-02-02,7,East,Yes,16.07,4.66,0.96,21,Female,2025,2,2,6,5,1,0.0,16.07,16.07,Profit,0.0
O102789,C11208,P236098,Fashion,28.08,0.0,3,Credit Card,2023-09-19,4,Central,Yes,84.24,7.05,22.43,56,Female,2023,9,19,1,38,1,0.0,84.24,84.24,Profit,0.0
O102825,C16454,P223765,Home,32.96,0.0,1,Credit Card,2025-08-08,6,East,Yes,32.96,4.6,4.63,19,Female,2025,8,8,4,32,1,0.0,32.96,32.96,Profit,0.0
O102836,C10302,P200247,Beauty,77.38,0.0,1,Wallet,2024-05-12,5,Central,Yes,77.38,5.7,29.12,29,Female,2024,5,12,6,19,1,0.0,77.38,77.38,Profit,0.0
O102844,C16083,P234319,Electronics,65.61,0.0,1,Debit Card,2025-07-24,5,North,Yes,65.61,5.12,2.75,25,Male,2025,7,24,3,30,1,0.0,65.61,65.61,Profit,0.0
O102850,C15773,P224870,Electronics,79.83,0.0,1,Wallet,2024-08-25,5,East,Yes,79.83,6.63,2.95,22,Male,2024,8,25,6,34,1,0.0,79.83,79.83,Profit,0.0
O102857,C14033,P204231,Sports,107.35,0.0,1,Wallet,2024-06-06,4,South,Yes,107.35,5.71,26.49,27,Other,2024,6,6,3,23,1,0.0,107.35,107.35,Profit,0.0
O102863,C17848,P240779,Fashion,25.61,0.1,1,Credit Card,2023-10-03,5,East,Yes,23.05,5.11,2.96,36,Male,2023,10,3,1,40,1,10.0,25.61,23.049,Profit,0.0
O102885,C11000,P225519,Fashion,68.51,0.1,2,UPI,2024-05-14,5,North,Yes,123.32,7.63,35.53,68,Male,2024,5,14,1,20,1,10.0,137.02,123.318,Profit,0.0
O102909,C10735,P206795,Beauty,7.22,0.0,1,Debit Card,2024-04-03,3,North,Yes,7.22,3.37,-0.12,60,Female,2024,4,3,2,14,1,0.0,7.22,7.22,Loss,0.008664
O102924,C11026,P233806,Home,251.99,0.0,1,Credit Card,2024-08-08,4,West,Yes,251.99,10.25,60.31,65,Male,2024,8,8,3,32,1,0.0,251.99,251.99,Profit,0.0
O102967,C13854,P246441,Electronics,190.35,0.05,1,Credit Card,2025-02-01,4,North,Yes,180.83,9.16,12.54,50,Male,2025,2,1,5,5,1,5.0,190.35,180.8325,Profit,0.0
O102987,C17311,P236123,Electronics,757.43,0.1,1,Wallet,2024-04-04,5,East,Yes,681.69,9.93,71.87,44,Male,2024,4,4,3,14,1,10.0,757.43,681.687,Profit,0.0
O102990,C16813,P226850,Home,51.43,0.0,2,Credit Card,2025-02-15,4,Central,Yes,102.86,7.71,21.09,56,Female,2025,2,15,5,7,1,0.0,102.86,102.86,Profit,0.0
O103019,C11845,P206639,Toys,7.34,0.05,1,Debit Card,2025-09-06,5,North,Yes,6.97,1.15,1.64,34,Female,2025,9,6,5,36,1,5.0,7.34,6.973,Profit,0.0
O103043,C12631,P217144,Home,142.2,0.05,4,Credit Card,2023-12-04,6,South,Yes,540.36,10.36,140.94,48,Male,2023,12,4,0,49,1,5.0,568.8,540.3599999999999,Profit,0.0
O103103,C17920,P212965,Electronics,131.29,0.05,1,Credit Card,2025-07-29,9,East,Yes,124.73,6.23,8.74,63,Male,2025,7,29,1,31,1,5.0,131.29,124.72549999999998,Profit,0.0
O103129,C12472,P228511,Fashion,12.21,0.0,1,Credit Card,2025-01-08,5,North,Yes,12.21,4.85,-0.58,35,Female,2025,1,8,2,2,1,0.0,12.21,12.21,Loss,0.070818
O103183,C13083,P238148,Electronics,427.04,0.0,1,Credit Card,2023-10-30,5,South,Yes,427.04,10.35,40.89,40,Male,2023,10,30,0,44,1,0.0,427.04,427.04,Profit,0.0
O103204,C17800,P219606,Sports,175.19,0.0,1,Wallet,2024-06-03,6,South,Yes,175.19,9.5,43.06,38,Female,2024,6,3,0,23,1,0.0,175.19,175.19,Profit,0.0
O103207,C15203,P226933,Toys,6.86,0.0,2,Credit Card,2025-05-03,4,West,Yes,13.72,3.37,2.12,33,Female,2025,5,3,5,18,1,0.0,13.72,13.72,Profit,0.0
O103211,C14551,P245318,Sports,66.18,0.0,2,Credit Card,2025-07-25,5,West,Yes,132.36,6.74,32.97,19,Male,2025,7,25,4,30,1,0.0,132.36,132.36,Profit,0.0
O103234,C17112,P209971,Electronics,784.65,0.15,1,Credit Card,2024-02-08,5,West,Yes,666.95,9.1,70.93,65,Female,2024,2,8,3,6,1,15.0,784.65,666.9525,Profit,0.0
O103256,C10560,P213338,Electronics,208.26,0.05,4,Credit Card,2024-03-12,4,West,Yes,791.39,11.02,83.95,59,Female,2024,3,12,1,11,1,5.0,833.04,791.3879999999999,Profit,0.0
O103298,C16479,P243315,Home,57.81,0.05,1,Credit Card,2024-02-07,4,South,Yes,54.92,8.27,7.11,69,Male,2024,2,7,2,6,1,5.0,57.81,54.9195,Profit,0.0
O103313,C17137,P227903,Electronics,497.91,0.1,1,Wallet,2023-12-28,4,South,Yes,448.12,7.93,45.84,55,Male,2023,12,28,3,52,1,10.0,497.91,448.119,Profit,0.0
O103326,C10542,P239441,Electronics,146.18,0.0,1,UPI,2025-05-11,3,North,Yes,146.18,6.53,11.01,39,Male,2025,5,11,6,19,1,0.0,146.18,146.18,Profit,0.0
O103329,C15777,P225060,Home,14.35,0.15,1,Debit Card,2024-06-18,3,North,Yes,12.2,5.53,-2.11,61,Male,2024,6,18,1,25,1,15.0,14.35,12.1975,Loss,0.25736724999999994
O103365,C14285,P234058,Electronics,152.3,0.2,1,Debit Card,2024-11-29,6,East,Yes,121.84,6.52,8.1,48,Male,2024,11,29,4,48,1,20.0,152.3,121.84000000000002,Profit,0.0
O103369,C17247,P240965,Home,50.16,0.2,2,Credit Card,2024-12-11,6,East,Yes,80.26,4.06,18.41,30,Female,2024,12,11,2,50,1,20.0,100.32,80.256,Profit,0.0
O103373,C17427,P249217,Fashion,5.76,0.05,3,Debit Card,2025-07-14,4,South,Yes,16.42,4.22,1.53,37,Male,2025,7,14,0,29,1,5.0,17.28,16.416,Profit,0.0
O103401,C11549,P201067,Fashion,93.22,0.05,1,Credit Card,2024-12-26,7,East,Yes,88.56,8.94,22.06,64,Female,2024,12,26,3,52,1,5.0,93.22,88.559,Profit,0.0
O103406,C13716,P211828,Sports,11.07,0.0,1,PayPal,2024-04-30,5,East,Yes,11.07,6.21,-2.89,29,Male,2024,4,30,1,18,1,0.0,11.07,11.07,Loss,0.319923
O103430,C17860,P223425,Home,114.81,0.05,1,UPI,2023-11-19,7,East,Yes,109.07,8.01,22.53,63,Female,2023,11,19,6,46,1,5.0,114.81,109.0695,Profit,0.0
O103461,C13493,P247161,Electronics,236.41,0.0,1,UPI,2025-09-05,8,West,Yes,236.41,7.43,20.94,37,Male,2025,9,5,4,36,1,0.0,236.41,236.41,Profit,0.0
O103469,C10016,P216815,Fashion,129.49,0.0,1,Debit Card,2024-08-10,5,South,Yes,129.49,9.75,35.57,25,Male,2024,8,10,5,32,1,0.0,129.49,129.49,Profit,0.0
O103491,C16869,P230604,Electronics,468.02,0.0,1,Credit Card,2025-04-09,4,North,Yes,468.02,7.5,48.66,40,Male,2025,4,9,2,15,1,0.0,468.02,468.02,Profit,0.0
O103497,C10855,P241237,Fashion,18.71,0.05,1,Wallet,2024-11-22,6,East,Yes,17.77,3.04,3.18,26,Male,2024,11,22,4,47,1,5.0,18.71,17.7745,Profit,0.0
O103517,C12711,P248244,Home,167.51,0.0,1,Credit Card,2024-12-25,7,East,Yes,167.51,6.84,40.06,34,Male,2024,12,25,2,52,1,0.0,167.51,167.51,Profit,0.0
O103527,C11674,P227961,Fashion,88.21,0.0,3,Credit Card,2024-10-14,5,South,Yes,264.63,8.2,84.42,42,Female,2024,10,14,0,42,1,0.0,264.63,264.63,Profit,0.0
O103544,C16281,P236624,Home,191.9,0.2,1,Debit Card,2024-06-18,5,East,Yes,153.52,7.89,35.1,61,Male,2024,6,18,1,25,1,20.0,191.9,153.52,Profit,0.0
O103569,C10377,P200234,Toys,3.01,0.0,1,UPI,2024-07-19,4,South,Yes,3.01,4.2,-3.0,29,Female,2024,7,19,4,29,1,0.0,3.01,3.01,Loss,0.09029999999999999
O103624,C12544,P200305,Electronics,89.06,0.0,1,Credit Card,2023-12-17,8,East,Yes,89.06,7.88,2.81,57,Female,2023,12,17,6,50,1,0.0,89.06,89.06,Profit,0.0
O103636,C17527,P237210,Fashion,48.38,0.0,5,Credit Card,2023-11-13,5,South,Yes,241.9,10.02,74.64,36,Male,2023,11,13,0,46,1,0.0,241.9,241.9,Profit,0.0
O103655,C14308,P228749,Electronics,852.07,0.0,2,COD,2023-11-06,8,East,Yes,1704.14,10.77,193.73,65,Male,2023,11,6,0,45,1,0.0,1704.14,1704.14,Profit,0.0
O103686,C15230,P213967,Home,214.61,0.0,1,COD,2024-04-22,4,South,Yes,214.61,8.44,51.65,50,Male,2024,4,22,0,17,1,0.0,214.61,214.61,Profit,0.0
O103712,C13137,P234941,Fashion,94.53,0.0,1,UPI,2025-01-19,5,South,Yes,94.53,6.22,26.87,61,Male,2025,1,19,6,3,1,0.0,94.53,94.53,Profit,0.0
O103731,C17544,P224243,Home,94.88,0.0,1,COD,2024-04-18,4,South,Yes,94.88,6.7,19.87,40,Female,2024,4,18,3,16,1,0.0,94.88,94.88,Profit,0.0
O103739,C13895,P245530,Electronics,499.42,0.0,5,Debit Card,2024-12-10,6,South,Yes,2497.1,11.29,288.36,30,Male,2024,12,10,1,50,1,0.0,2497.1,2497.1,Profit,0.0
O103757,C12023,P235012,Electronics,389.56,0.05,1,UPI,2024-02-10,3,Central,Yes,370.08,11.12,33.29,47,Male,2024,2,10,5,6,1,5.0,389.56,370.082,Profit,0.0
O103766,C15036,P240431,Home,228.38,0.0,1,Credit Card,2025-08-09,3,Central,Yes,228.38,7.58,56.37,57,Female,2025,8,9,5,32,1,0.0,228.38,228.38,Profit,0.0
O103774,C13586,P204367,Fashion,9.7,0.0,1,Debit Card,2023-09-17,4,Central,Yes,9.7,3.56,-0.17,41,Female,2023,9,17,6,37,1,0.0,9.7,9.7,Loss,0.01649
O103801,C10541,P210518,Sports,70.28,0.1,1,Credit Card,2025-07-30,3,North,Yes,63.25,6.11,12.86,51,Male,2025,7,30,2,31,1,10.0,70.28,63.252,Profit,0.0
O103844,C16280,P209362,Grocery,3.8,0.0,1,Debit Card,2024-08-16,5,East,Yes,3.8,4.34,-4.04,25,Female,2024,8,16,4,33,1,0.0,3.8,3.8,Loss,0.15352
O103867,C11449,P246705,Fashion,29.3,0.0,1,Debit Card,2023-10-19,5,East,Yes,29.3,5.07,5.18,59,Female,2023,10,19,3,42,1,0.0,29.3,29.3,Profit,0.0
O103869,C17469,P226469,Toys,3.09,0.1,1,Credit Card,2024-05-01,6,West,Yes,2.78,1.7,-0.59,40,Female,2024,5,1,2,18,1,10.0,3.09,2.781,Loss,0.0164079
O103904,C15783,P205385,Electronics,276.46,0.0,2,UPI,2024-11-01,6,East,Yes,552.92,9.1,57.25,67,Male,2024,11,1,4,44,1,0.0,552.92,552.92,Profit,0.0
O103906,C14643,P206982,Electronics,129.24,0.0,2,UPI,2023-11-10,8,East,Yes,258.48,8.81,22.21,31,Female,2023,11,10,4,45,1,0.0,258.48,258.48,Profit,0.0
O103912,C12461,P224838,Toys,27.64,0.0,1,PayPal,2024-02-17,5,East,Yes,27.64,5.57,5.49,34,Female,2024,2,17,5,7,1,0.0,27.64,27.64,Profit,0.0
O103953,C15591,P249670,Fashion,292.01,0.0,1,UPI,2023-11-16,5,North,Yes,292.01,9.99,92.21,38,Female,2023,11,16,3,46,1,0.0,292.01,292.01,Profit,0.0
O103954,C13726,P230519,Electronics,504.99,0.1,2,Credit Card,2025-05-13,4,West,Yes,908.98,10.69,98.39,20,Female,2025,5,13,1,20,1,10.0,1009.98,908.982,Profit,0.0
O103960,C13959,P228114,Electronics,138.3,0.05,1,Debit Card,2023-10-02,6,South,Yes,131.38,7.98,7.79,46,Male,2023,10,2,0,40,1,5.0,138.3,131.385,Profit,0.0
O103966,C16164,P245433,Sports,45.57,0.15,5,Credit Card,2025-07-15,3,North,Yes,193.67,8.6,49.5,26,Female,2025,7,15,1,29,1,15.0,227.85,193.6725,Profit,0.0
O103997,C17521,P214783,Fashion,12.86,0.05,1,Credit Card,2023-12-14,3,North,Yes,12.22,3.2,1.08,52,Female,2023,12,14,3,50,1,5.0,12.86,12.217,Profit,0.0
O104010,C12657,P214171,Sports,90.48,0.15,3,COD,2024-01-24,5,East,Yes,230.72,9.73,59.49,38,Male,2024,1,24,2,4,1,15.0,271.44,230.724,Profit,0.0
O104033,C17817,P232719,Home,24.22,0.0,1,COD,2023-12-26,4,West,Yes,24.22,5.35,1.43,34,Male,2023,12,26,1,52,1,0.0,24.22,24.22,Profit,0.0
O104071,C11991,P234816,Electronics,183.7,0.1,1,Wallet,2025-05-15,3,North,Yes,165.33,7.39,12.45,38,Female,2025,5,15,3,20,1,10.0,183.7,165.32999999999998,Profit,0.0
O104094,C15416,P237722,Fashion,69.12,0.0,3,Debit Card,2023-11-02,6,East,Yes,207.36,8.71,63.87,29,Female,2023,11,2,3,44,1,0.0,207.36,207.36,Profit,0.0
O104099,C16710,P204723,Electronics,604.18,0.05,1,UPI,2025-06-17,3,Central,Yes,573.97,12.56,56.32,33,Female,2025,6,17,1,25,1,5.0,604.18,573.9709999999999,Profit,0.0
O104101,C14654,P223270,Sports,92.51,0.0,1,Debit Card,2024-12-02,5,South,Yes,92.51,7.45,20.3,63,Male,2024,12,2,0,49,1,0.0,92.51,92.51,Profit,0.0
O104152,C13604,P204188,Fashion,25.11,0.0,1,Debit Card,2025-02-05,8,East,Yes,25.11,5.09,3.7,45,Female,2025,2,5,2,6,1,0.0,25.11,25.11,Profit,0.0
O104183,C15553,P239100,Home,160.34,0.0,1,COD,2025-05-11,7,East,Yes,160.34,10.02,34.88,29,Male,2025,5,11,6,19,1,0.0,160.34,160.34,Profit,0.0
O104196,C15345,P240798,Electronics,147.96,0.2,1,Debit Card,2025-04-02,4,North,Yes,118.37,8.48,5.72,31,Female,2025,4,2,2,14,1,20.0,147.96,118.368,Profit,0.0
O104208,C10189,P219459,Electronics,500.6,0.0,1,COD,2025-08-25,4,West,Yes,500.6,8.5,51.57,67,Female,2025,8,25,0,35,1,0.0,500.6,500.6,Profit,0.0
O104260,C16286,P234373,Sports,204.78,0.15,1,Credit Card,2025-04-27,7,East,Yes,174.06,6.86,45.36,63,Female,2025,4,27,6,17,1,15.0,204.78,174.063,Profit,0.0
O104299,C16142,P235306,Home,47.31,0.05,2,Debit Card,2024-05-05,6,East,Yes,89.89,4.96,20.21,59,Male,2024,5,5,6,18,1,5.0,94.62,89.889,Profit,0.0
O104307,C14365,P227144,Fashion,141.67,0.0,1,PayPal,2024-04-29,4,West,Yes,141.67,6.23,43.35,39,Male,2024,4,29,0,18,1,0.0,141.67,141.67,Profit,0.0
O104310,C11750,P218515,Fashion,10.4,0.2,1,Debit Card,2025-01-06,3,Central,Yes,8.32,3.9,-0.99,25,Male,2025,1,6,0,2,1,20.0,10.4,8.32,Loss,0.08236800000000001
O104313,C14088,P213792,Fashion,118.5,0.0,1,Debit Card,2024-04-05,3,North,Yes,118.5,5.84,35.63,35,Male,2024,4,5,4,14,1,0.0,118.5,118.5,Profit,0.0
O104324,C17494,P225836,Sports,57.93,0.1,1,COD,2024-06-14,4,North,Yes,52.14,6.12,9.52,67,Female,2024,6,14,4,24,1,10.0,57.93,52.137,Profit,0.0
O104350,C16232,P207046,Home,269.25,0.0,3,Credit Card,2025-06-09,5,South,Yes,807.75,10.03,216.14,33,Male,2025,6,9,0,24,1,0.0,807.75,807.75,Profit,0.0
O104355,C13048,P238871,Toys,35.12,0.0,1,UPI,2025-04-01,4,North,Yes,35.12,4.2,9.85,30,Other,2025,4,1,1,14,1,0.0,35.12,35.12,Profit,0.0
O104359,C15827,P240995,Toys,2.75,0.0,2,Credit Card,2024-12-12,5,South,Yes,5.5,1.92,0.28,44,Male,2024,12,12,3,50,1,0.0,5.5,5.5,Profit,0.0
O104363,C16657,P201946,Home,30.15,0.0,1,Debit Card,2025-07-28,5,West,Yes,30.15,5.33,3.11,57,Male,2025,7,28,0,31,1,0.0,30.15,30.15,Profit,0.0
O104391,C11986,P218317,Toys,23.17,0.0,3,COD,2023-11-17,4,North,Yes,69.51,7.33,20.47,32,Male,2023,11,17,4,46,1,0.0,69.51,69.51,Profit,0.0
O104413,C16317,P221756,Fashion,93.2,0.0,1,Credit Card,2025-08-09,6,North,Yes,93.2,6.1,26.52,28,Male,2025,8,9,5,32,1,0.0,93.2,93.2,Profit,0.0
O104425,C11573,P233320,Sports,86.27,0.05,2,Debit Card,2025-04-07,4,Central,Yes,163.91,9.28,39.89,59,Female,2025,4,7,0,15,1,5.0,172.54,163.91299999999998,Profit,0.0
O104435,C10771,P200860,Electronics,125.29,0.0,1,Credit Card,2024-07-06,3,North,Yes,125.29,7.85,7.18,36,Male,2024,7,6,5,27,1,0.0,125.29,125.29,Profit,0.0
O104451,C17429,P237476,Beauty,178.79,0.05,1,COD,2025-04-21,3,North,Yes,169.85,6.53,69.9,38,Male,2025,4,21,0,17,1,5.0,178.79,169.85049999999998,Profit,0.0
O104452,C12261,P223304,Home,92.9,0.0,1,Debit Card,2024-12-06,5,South,Yes,92.9,7.07,18.94,23,Female,2024,12,6,4,49,1,0.0,92.9,92.9,Profit,0.0
O104464,C14457,P220494,Fashion,36.43,0.0,1,COD,2024-07-31,7,West,Yes,36.43,5.88,6.87,38,Female,2024,7,31,2,31,1,0.0,36.43,36.43,Profit,0.0
O104492,C15926,P206721,Fashion,21.23,0.2,1,Credit Card,2025-03-29,4,South,Yes,16.98,4.7,1.24,32,Female,2025,3,29,5,13,1,20.0,21.23,16.984,Profit,0.0
O104497,C14413,P233763,Beauty,51.4,0.0,3,Credit Card,2024-09-26,4,Central,Yes,154.2,6.46,62.93,46,Female,2024,9,26,3,39,1,0.0,154.2,154.2,Profit,0.0
O104501,C12429,P202590,Beauty,81.41,0.0,1,UPI,2025-05-08,4,West,Yes,81.41,7.08,29.55,44,Male,2025,5,8,3,19,1,0.0,81.41,81.41,Profit,0.0
O104517,C15823,P217314,Electronics,71.13,0.05,3,Credit Card,2024-04-30,6,North,Yes,202.72,7.11,17.22,56,Male,2024,4,30,1,18,1,5.0,213.39,202.7205,Profit,0.0
O104539,C16048,P205781,Electronics,220.52,0.0,1,Credit Card,2024-06-23,6,South,Yes,220.52,8.62,17.84,21,Female,2024,6,23,6,25,1,0.0,220.52,220.52,Profit,0.0
O104547,C17320,P239678,Fashion,26.86,0.0,2,UPI,2024-10-05,4,North,Yes,53.72,5.38,13.42,44,Female,2024,10,5,5,40,1,0.0,53.72,53.72,Profit,0.0
O104601,C12501,P243275,Electronics,537.45,0.2,1,Wallet,2024-08-05,4,West,Yes,429.96,7.79,43.81,42,Male,2024,8,5,0,32,1,20.0,537.45,429.96,Profit,0.0
O104609,C13421,P202924,Home,65.97,0.0,1,Credit Card,2024-05-08,5,South,Yes,65.97,5.99,12.48,22,Male,2024,5,8,2,19,1,0.0,65.97,65.97,Profit,0.0
O104631,C11431,P208065,Fashion,36.53,0.0,1,Wallet,2023-11-06,5,West,Yes,36.53,5.83,6.96,52,Female,2023,11,6,0,45,1,0.0,36.53,36.53,Profit,0.0
O104632,C15624,P242871,Fashion,27.37,0.2,1,PayPal,2024-11-16,4,West,Yes,21.9,4.06,3.6,32,Female,2024,11,16,5,46,1,20.0,27.37,21.896,Profit,0.0
O104642,C10374,P247229,Electronics,1370.05,0.05,2,Credit Card,2023-09-13,7,East,Yes,2603.09,9.94,302.43,19,Female,2023,9,13,2,37,1,5.0,2740.1,2603.095,Profit,0.0
O104646,C13705,P218628,Fashion,90.23,0.0,1,Credit Card,2024-11-03,3,North,Yes,90.23,6.55,25.03,53,Female,2024,11,3,6,44,1,0.0,90.23,90.23,Profit,0.0
O104663,C16815,P244482,Toys,12.09,0.1,1,PayPal,2024-09-28,5,East,Yes,10.88,3.55,0.8,19,Female,2024,9,28,5,39,1,10.0,12.09,10.881,Profit,0.0
O104687,C17611,P215948,Fashion,28.87,0.0,1,Credit Card,2025-02-28,5,Central,Yes,28.87,6.58,3.52,64,Female,2025,2,28,4,9,1,0.0,28.87,28.87,Profit,0.0
O104701,C16468,P208856,Home,58.86,0.0,1,COD,2024-07-22,7,East,Yes,58.86,6.07,10.41,33,Female,2024,7,22,0,30,1,0.0,58.86,58.86,Profit,0.0
O104706,C11463,P230796,Sports,103.59,0.1,1,UPI,2024-10-17,4,West,Yes,93.23,7.14,20.83,62,Female,2024,10,17,3,42,1,10.0,103.59,93.231,Profit,0.0
O104710,C11054,P238892,Toys,25.34,0.0,2,Credit Card,2024-02-04,5,West,Yes,50.68,7.53,12.74,44,Male,2024,2,4,6,5,1,0.0,50.68,50.68,Profit,0.0
O104720,C13650,P207603,Fashion,21.14,0.0,1,PayPal,2023-11-16,5,West,Yes,21.14,6.14,1.26,47,Female,2023,11,16,3,46,1,0.0,21.14,21.14,Profit,0.0
O104723,C17939,P246088,Fashion,45.37,0.0,1,UPI,2023-12-15,7,East,Yes,45.37,5.07,10.81,59,Female,2023,12,15,4,50,1,0.0,45.37,45.37,Profit,0.0
O104730,C11257,P215925,Toys,34.03,0.0,1,Debit Card,2024-11-14,5,South,Yes,34.03,6.09,7.52,20,Female,2024,11,14,3,46,1,0.0,34.03,34.03,Profit,0.0
O104736,C10910,P201547,Electronics,172.43,0.05,2,Debit Card,2024-08-30,5,South,Yes,327.62,8.63,30.68,53,Female,2024,8,30,4,35,1,5.0,344.86,327.617,Profit,0.0
O104750,C10785,P229966,Beauty,20.68,0.1,3,Debit Card,2024-03-11,4,Central,Yes,55.84,6.72,18.41,52,Female,2024,3,11,0,11,1,10.0,62.04,55.836,Profit,0.0
O104836,C13211,P206932,Toys,11.86,0.0,3,Wallet,2025-04-03,5,North,Yes,35.58,4.93,9.3,66,Female,2025,4,3,3,14,1,0.0,35.58,35.58,Profit,0.0
O104838,C13732,P230241,Grocery,6.83,0.05,1,UPI,2024-03-09,3,Central,Yes,6.49,4.12,-3.6,67,Female,2024,3,9,5,10,1,5.0,6.83,6.4885,Loss,0.23358600000000002
O104844,C10976,P222356,Electronics,748.95,0.0,1,Credit Card,2024-07-03,5,South,Yes,748.95,9.7,80.17,54,Male,2024,7,3,2,27,1,0.0,748.95,748.95,Profit,0.0
O104853,C10882,P243777,Home,100.89,0.0,1,Debit Card,2025-01-28,3,Central,Yes,100.89,6.63,21.62,43,Male,2025,1,28,1,5,1,0.0,100.89,100.89,Profit,0.0
O104874,C14799,P212343,Home,78.87,0.0,1,Debit Card,2023-11-02,6,South,Yes,78.87,6.07,16.01,48,Female,2023,11,2,3,44,1,0.0,78.87,78.87,Profit,0.0
O104937,C14152,P201630,Fashion,30.44,0.2,1,Credit Card,2024-11-14,5,South,Yes,24.35,4.43,4.09,48,Male,2024,11,14,3,46,1,20.0,30.44,24.352000000000004,Profit,0.0
O104943,C12311,P247558,Fashion,44.7,0.0,1,Credit Card,2024-08-01,4,West,Yes,44.7,4.69,10.95,45,Female,2024,8,1,3,31,1,0.0,44.7,44.7,Profit,0.0
O104950,C14674,P222454,Electronics,401.45,0.05,2,Credit Card,2023-10-29,5,West,Yes,762.76,11.78,79.75,34,Male,2023,10,29,6,43,1,5.0,802.9,762.755,Profit,0.0
O104953,C10024,P233823,Toys,30.84,0.0,1,COD,2024-05-25,5,West,Yes,30.84,4.32,8.02,58,Female,2024,5,25,5,21,1,0.0,30.84,30.84,Profit,0.0
O104959,C11767,P209361,Electronics,481.04,0.0,1,UPI,2024-04-22,4,South,Yes,481.04,9.47,48.25,54,Female,2024,4,22,0,17,1,0.0,481.04,481.04,Profit,0.0
O105009,C15132,P220698,Toys,12.72,0.05,1,COD,2023-09-20,4,South,Yes,12.08,3.48,1.35,54,Female,2023,9,20,2,38,1,5.0,12.72,12.084,Profit,0.0
O105010,C16327,P239819,Fashion,47.5,0.15,2,Debit Card,2025-06-19,7,East,Yes,80.75,7.04,21.22,53,Male,2025,6,19,3,25,1,15.0,95.0,80.75,Profit,0.0
O105020,C14727,P248276,Fashion,38.55,0.0,1,Credit Card,2023-10-13,6,North,Yes,38.55,4.97,8.52,57,Male,2023,10,13,4,41,1,0.0,38.55,38.55,Profit,0.0
O105027,C11588,P206445,Fashion,36.39,0.1,2,PayPal,2024-08-04,5,South,Yes,65.5,6.06,16.86,21,Female,2024,8,4,6,31,1,10.0,72.78,65.50200000000001,Profit,0.0
O105032,C15789,P236427,Electronics,697.72,0.1,2,Credit Card,2024-11-18,4,West,Yes,1255.9,10.66,140.05,39,Male,2024,11,18,0,47,1,10.0,1395.44,1255.8960000000002,Profit,0.0
O105060,C11011,P247207,Electronics,755.48,0.0,1,Wallet,2024-01-28,6,North,Yes,755.48,9.96,80.7,49,Male,2024,1,28,6,4,1,0.0,755.48,755.48,Profit,0.0
O105071,C16919,P229787,Fashion,40.31,0.0,3,Credit Card,2025-03-06,3,North,Yes,120.93,6.78,35.55,38,Male,2025,3,6,3,10,1,0.0,120.93,120.93,Profit,0.0
O105084,C15835,P207575,Home,165.41,0.15,2,UPI,2024-12-01,6,East,Yes,281.2,8.07,70.67,38,Female,2024,12,1,6,48,1,15.0,330.82,281.197,Profit,0.0
O105102,C16056,P237992,Fashion,8.3,0.0,1,Debit Card,2024-03-04,4,West,Yes,8.3,3.09,-0.18,45,Female,2024,3,4,0,10,1,0.0,8.3,8.3,Loss,0.01494
O105108,C15276,P209787,Fashion,21.25,0.0,1,Debit Card,2025-04-22,4,North,Yes,21.25,5.49,1.95,37,Male,2025,4,22,1,17,1,0.0,21.25,21.25,Profit,0.0
O105123,C12188,P227467,Electronics,388.44,0.0,1,Credit Card,2024-02-27,7,East,Yes,388.44,9.14,37.47,66,Male,2024,2,27,1,9,1,0.0,388.44,388.44,Profit,0.0
O105141,C16775,P203959,Home,16.53,0.0,1,Credit Card,2023-09-18,6,West,Yes,16.53,4.6,0.03,68,Male,2023,9,18,0,38,1,0.0,16.53,16.53,Profit,0.0
O105228,C16370,P228880,Electronics,159.32,0.05,1,Debit Card,2024-02-19,4,South,Yes,151.35,6.4,11.76,31,Female,2024,2,19,0,8,1,5.0,159.32,151.35399999999998,Profit,0.0
O105245,C13841,P218884,Electronics,652.65,0.2,1,Credit Card,2025-04-17,5,East,Yes,522.12,9.31,53.34,21,Male,2025,4,17,3,16,1,20.0,652.65,522.12,Profit,0.0
O105252,C12158,P235912,Electronics,326.89,0.05,3,Debit Card,2024-06-15,6,West,Yes,931.64,10.58,101.22,64,Male,2024,6,15,5,24,1,5.0,980.67,931.6365,Profit,0.0
O105276,C12745,P214418,Home,24.81,0.0,1,UPI,2024-07-02,6,East,Yes,24.81,5.53,1.42,38,Female,2024,7,2,1,27,1,0.0,24.81,24.81,Profit,0.0
O105281,C15801,P221459,Fashion,72.79,0.0,1,COD,2024-10-09,3,North,Yes,72.79,4.24,21.24,44,Male,2024,10,9,2,41,1,0.0,72.79,72.79,Profit,0.0
O105324,C10643,P219171,Electronics,64.89,0.05,1,Debit Card,2025-03-26,5,North,Yes,61.65,7.85,-0.45,47,Female,2025,3,26,2,13,1,5.0,64.89,61.6455,Loss,0.27740475
O105343,C13716,P229377,Fashion,18.4,0.0,2,Debit Card,2025-03-03,5,East,Yes,36.8,5.15,7.73,30,Female,2025,3,3,0,10,1,0.0,36.8,36.8,Profit,0.0
O105355,C15690,P200513,Sports,36.07,0.0,1,Credit Card,2025-06-17,3,North,Yes,36.07,4.1,6.72,51,Female,2025,6,17,1,25,1,0.0,36.07,36.07,Profit,0.0
O105395,C15939,P220456,Fashion,54.5,0.05,1,COD,2023-09-28,4,South,Yes,51.78,6.31,11.81,57,Female,2023,9,28,3,39,1,5.0,54.5,51.775,Profit,0.0
O105401,C12993,P236474,Home,215.31,0.0,1,Credit Card,2025-08-24,5,North,Yes,215.31,7.92,52.37,52,Female,2025,8,24,6,34,1,0.0,215.31,215.31,Profit,0.0
O105424,C16146,P213175,Electronics,83.32,0.1,1,Debit Card,2024-05-14,4,North,Yes,74.99,7.55,1.45,31,Other,2024,5,14,1,20,1,10.0,83.32,74.988,Profit,0.0
O105479,C10244,P228077,Fashion,17.57,0.0,5,Credit Card,2025-02-11,4,West,Yes,87.85,4.14,26.61,28,Female,2025,2,11,1,7,1,0.0,87.85,87.85,Profit,0.0
O105500,C12801,P248028,Beauty,5.34,0.0,1,Debit Card,2024-05-24,4,South,Yes,5.34,2.67,-0.27,45,Female,2024,5,24,4,21,1,0.0,5.34,5.34,Loss,0.014418
O105534,C12787,P241302,Electronics,80.6,0.0,2,Credit Card,2024-04-18,4,South,Yes,161.2,8.62,10.72,64,Female,2024,4,18,3,16,1,0.0,161.2,161.2,Profit,0.0
O105541,C15618,P220810,Toys,2.63,0.0,1,Wallet,2023-11-25,3,Central,Yes,2.63,1.89,-0.84,26,Male,2023,11,25,5,47,1,0.0,2.63,2.63,Loss,0.022091999999999997
O105554,C17778,P200073,Fashion,5.03,0.0,4,COD,2025-09-10,8,West,Yes,20.12,5.02,2.02,27,Male,2025,9,10,2,37,1,0.0,20.12,20.12,Profit,0.0
O105559,C12765,P208487,Electronics,84.5,0.0,1,COD,2025-05-03,4,West,Yes,84.5,7.57,2.57,69,Female,2025,5,3,5,18,1,0.0,84.5,84.5,Profit,0.0
O105563,C10115,P245567,Fashion,38.38,0.0,1,Credit Card,2024-09-17,5,West,Yes,38.38,7.01,6.42,43,Male,2024,9,17,1,38,1,0.0,38.38,38.38,Profit,0.0
O105595,C17423,P248036,Home,117.54,0.05,2,UPI,2023-10-14,3,Central,Yes,223.33,7.25,55.28,53,Female,2023,10,14,5,41,1,5.0,235.08,223.326,Profit,0.0
O105600,C16242,P216699,Fashion,24.13,0.0,1,Credit Card,2025-07-15,5,West,Yes,24.13,4.85,3.6,35,Male,2025,7,15,1,29,1,0.0,24.13,24.13,Profit,0.0
O105602,C12329,P207069,Electronics,294.35,0.0,1,Debit Card,2023-09-16,4,Central,Yes,294.35,8.25,27.07,20,Male,2023,9,16,5,37,1,0.0,294.35,294.35,Profit,0.0
O105617,C12838,P239550,Sports,40.28,0.0,1,Credit Card,2023-12-22,4,West,Yes,40.28,6.71,5.37,63,Male,2023,12,22,4,51,1,0.0,40.28,40.28,Profit,0.0
O105624,C14316,P245335,Sports,226.75,0.15,1,Debit Card,2025-08-12,6,East,Yes,192.74,7.52,50.3,33,Male,2025,8,12,1,33,1,15.0,226.75,192.7375,Profit,0.0
O105650,C15089,P203204,Electronics,420.61,0.1,3,Credit Card,2023-10-23,5,West,Yes,1135.65,10.72,125.56,56,Male,2023,10,23,0,43,1,10.0,1261.83,1135.647,Profit,0.0
O105699,C12798,P205362,Fashion,56.56,0.0,1,Credit Card,2025-03-03,4,West,Yes,56.56,5.99,13.81,40,Female,2025,3,3,0,10,1,0.0,56.56,56.56,Profit,0.0
O105715,C14591,P227683,Beauty,27.24,0.05,1,Credit Card,2025-03-31,4,North,Yes,25.88,4.74,6.91,43,Female,2025,3,31,0,14,1,5.0,27.24,25.878,Profit,0.0
O105717,C17214,P237628,Electronics,78.58,0.15,2,Credit Card,2023-09-19,5,South,Yes,133.59,7.62,8.41,47,Male,2023,9,19,1,38,1,15.0,157.16,133.58599999999998,Profit,0.0
O105720,C13622,P200767,Electronics,1188.74,0.05,1,UPI,2025-07-23,5,East,Yes,1129.3,11.77,123.75,56,Male,2025,7,23,2,30,1,5.0,1188.74,1129.303,Profit,0.0
O105728,C16896,P239853,Electronics,264.45,0.2,1,PayPal,2024-09-22,4,South,Yes,211.56,8.24,17.15,55,Female,2024,9,22,6,38,1,20.0,264.45,211.56,Profit,0.0
O105740,C10520,P243562,Home,77.89,0.0,1,Debit Card,2024-09-24,4,West,Yes,77.89,7.07,14.74,54,Female,2024,9,24,1,39,1,0.0,77.89,77.89,Profit,0.0
O105753,C15754,P208349,Beauty,54.19,0.0,2,PayPal,2025-08-12,6,East,Yes,108.38,6.96,41.81,20,Male,2025,8,12,1,33,1,0.0,108.38,108.38,Profit,0.0
O105760,C11752,P213549,Fashion,8.72,0.0,4,Credit Card,2025-01-02,6,South,Yes,34.88,6.41,5.8,53,Male,2025,1,2,3,1,1,0.0,34.88,34.88,Profit,0.0
O105773,C17365,P222234,Fashion,8.02,0.1,1,UPI,2025-08-17,6,East,Yes,7.22,3.48,-0.95,38,Male,2025,8,17,6,33,1,10.0,8.02,7.218,Loss,0.068571
O105790,C14357,P244223,Fashion,153.23,0.15,2,Debit Card,2024-05-28,8,North,Yes,260.49,8.83,82.34,20,Male,2024,5,28,1,22,1,15.0,306.46,260.491,Profit,0.0
O105866,C14935,P208094,Toys,9.23,0.05,2,Debit Card,2024-03-04,5,South,Yes,17.54,4.39,2.63,22,Female,2024,3,4,0,10,1,5.0,18.46,17.537,Profit,0.0
O105879,C17291,P222709,Home,17.63,0.2,1,Credit Card,2023-10-13,3,Central,Yes,14.1,3.18,0.77,55,Female,2023,10,13,4,41,1,20.0,17.63,14.104,Profit,0.0
O105946,C14776,P220378,Electronics,69.09,0.1,2,UPI,2024-02-28,4,Central,Yes,124.36,7.15,7.77,51,Female,2024,2,28,2,9,1,10.0,138.18,124.362,Profit,0.0
O105966,C17959,P240536,Fashion,23.22,0.0,3,Credit Card,2024-11-12,3,North,Yes,69.66,5.81,18.57,65,Male,2024,11,12,1,46,1,0.0,69.66,69.66,Profit,0.0
O105967,C12633,P205135,Home,249.78,0.0,1,Debit Card,2024-08-02,6,South,Yes,249.78,8.84,61.1,68,Other,2024,8,2,4,31,1,0.0,249.78,249.78,Profit,0.0
O106021,C11271,P203517,Grocery,21.87,0.05,1,Credit Card,2025-04-06,6,West,Yes,20.78,3.57,-1.91,37,Male,2025,4,6,6,14,1,5.0,21.87,20.7765,Loss,0.3968311499999999
O106040,C13491,P202332,Fashion,14.39,0.0,2,Debit Card,2024-10-11,4,North,Yes,28.78,6.02,4.05,26,Female,2024,10,11,4,41,1,0.0,28.78,28.78,Profit,0.0
O106052,C10369,P247415,Fashion,21.69,0.0,1,Credit Card,2024-08-17,4,Central,Yes,21.69,4.9,2.69,45,Male,2024,8,17,5,33,1,0.0,21.69,21.69,Profit,0.0
O106066,C12426,P229475,Fashion,62.55,0.05,1,Debit Card,2024-07-31,5,South,Yes,59.42,5.07,15.73,45,Male,2024,7,31,2,31,1,5.0,62.55,59.42249999999999,Profit,0.0
O106073,C12424,P235344,Fashion,6.45,0.05,1,UPI,2025-02-25,7,East,Yes,6.13,2.44,-0.29,51,Female,2025,2,25,1,9,1,5.0,6.45,6.1275,Loss,0.01776975
O106094,C12346,P232059,Sports,23.14,0.05,1,PayPal,2025-02-15,4,South,Yes,21.98,5.87,0.72,51,Male,2025,2,15,5,7,1,5.0,23.14,21.983,Profit,0.0
O106122,C12434,P247383,Electronics,563.23,0.0,3,Credit Card,2024-01-26,7,West,Yes,1689.69,11.25,191.51,69,Male,2024,1,26,4,4,1,0.0,1689.69,1689.69,Profit,0.0
O106151,C12817,P221763,Electronics,730.67,0.0,3,Credit Card,2025-05-18,4,Central,Yes,2192.01,11.73,251.31,52,Male,2025,5,18,6,20,1,0.0,2192.01,2192.01,Profit,0.0
O106178,C10134,P215251,Home,282.51,0.05,2,UPI,2024-06-07,5,West,Yes,536.77,10.23,140.07,35,Male,2024,6,7,4,23,1,5.0,565.02,536.769,Profit,0.0
O106179,C13644,P227074,Fashion,102.33,0.0,1,PayPal,2025-01-11,5,North,Yes,102.33,8.13,27.69,35,Male,2025,1,11,5,2,1,0.0,102.33,102.33,Profit,0.0
O106199,C12032,P242726,Electronics,352.75,0.05,1,Debit Card,2024-04-08,5,East,Yes,335.11,7.24,32.97,25,Female,2024,4,8,0,15,1,5.0,352.75,335.1125,Profit,0.0
O106206,C12668,P211085,Beauty,75.99,0.05,1,Debit Card,2024-08-11,4,South,Yes,72.19,6.76,25.73,18,Female,2024,8,11,6,32,1,5.0,75.99,72.19049999999999,Profit,0.0
O106230,C15430,P214020,Sports,21.77,0.15,1,Debit Card,2023-11-20,4,West,Yes,18.5,3.75,1.8,62,Male,2023,11,20,0,47,1,15.0,21.77,18.5045,Profit,0.0
O106235,C17556,P240120,Electronics,123.75,0.0,2,COD,2025-02-03,5,East,Yes,247.5,8.33,21.37,19,Male,2025,2,3,0,6,1,0.0,247.5,247.5,Profit,0.0
O106250,C17154,P211211,Toys,24.87,0.0,2,Credit Card,2025-06-18,7,East,Yes,49.74,5.96,13.94,43,Male,2025,6,18,2,25,1,0.0,49.74,49.74,Profit,0.0
O106279,C15164,P217711,Fashion,9.36,0.0,1,Credit Card,2024-01-17,6,South,Yes,9.36,3.81,-0.53,27,Male,2024,1,17,2,3,1,0.0,9.36,9.36,Loss,0.049608
O106288,C13089,P223770,Electronics,772.14,0.15,2,Credit Card,2025-02-23,4,West,Yes,1312.64,11.33,146.19,36,Male,2025,2,23,6,8,1,15.0,1544.28,1312.638,Profit,0.0
O106304,C13067,P231379,Toys,34.34,0.0,1,UPI,2024-04-22,6,West,Yes,34.34,5.55,8.19,57,Female,2024,4,22,0,17,1,0.0,34.34,34.34,Profit,0.0
O106344,C16901,P223379,Toys,7.29,0.15,1,Wallet,2024-04-11,4,Central,Yes,6.2,3.44,-0.96,53,Male,2024,4,11,3,15,1,15.0,7.29,6.1965,Loss,0.0594864
O106354,C14927,P225068,Electronics,178.48,0.2,1,Debit Card,2025-08-28,5,North,Yes,142.78,7.29,9.84,68,Male,2025,8,28,3,35,1,20.0,178.48,142.784,Profit,0.0
O106403,C11387,P245364,Beauty,31.1,0.05,1,UPI,2025-07-31,5,South,Yes,29.54,5.17,8.12,56,Female,2025,7,31,3,31,1,5.0,31.1,29.545,Profit,0.0
O106453,C13804,P208432,Toys,36.57,0.05,1,UPI,2024-01-25,4,West,Yes,34.74,4.24,9.66,45,Male,2024,1,25,3,4,1,5.0,36.57,34.7415,Profit,0.0
O106454,C12370,P215700,Home,112.74,0.1,2,Credit Card,2024-05-01,6,East,Yes,202.93,8.05,48.77,26,Female,2024,5,1,2,18,1,10.0,225.48,202.932,Profit,0.0
O106529,C15876,P223318,Home,148.82,0.0,1,Credit Card,2025-03-03,3,Central,Yes,148.82,7.21,34.46,55,Other,2025,3,3,0,10,1,0.0,148.82,148.82,Profit,0.0
O106548,C11629,P207570,Sports,107.23,0.0,1,PayPal,2024-05-17,7,West,Yes,107.23,5.6,26.57,19,Female,2024,5,17,4,20,1,0.0,107.23,107.23,Profit,0.0
O106589,C12950,P215032,Toys,8.0,0.1,1,Credit Card,2024-09-18,4,North,Yes,7.2,3.03,-0.15,36,Female,2024,9,18,2,38,1,10.0,8.0,7.2,Loss,0.0108
O106620,C12875,P248633,Beauty,8.95,0.0,1,Debit Card,2023-12-17,3,North,Yes,8.95,5.07,-1.04,51,Female,2023,12,17,6,50,1,0.0,8.95,8.95,Loss,0.09308
O106634,C14199,P244847,Fashion,38.91,0.05,1,Credit Card,2024-12-10,4,North,Yes,36.96,4.77,8.17,44,Female,2024,12,10,1,50,1,5.0,38.91,36.9645,Profit,0.0
O106647,C13347,P237807,Home,86.31,0.0,1,Credit Card,2023-12-13,3,North,Yes,86.31,6.25,17.92,44,Female,2023,12,13,2,50,1,0.0,86.31,86.31,Profit,0.0
O106682,C12509,P207637,Toys,4.7,0.0,2,COD,2024-09-27,7,East,Yes,9.4,3.97,-0.21,18,Male,2024,9,27,4,39,1,0.0,9.4,9.4,Loss,0.01974
O106701,C12584,P213057,Home,119.68,0.1,1,COD,2024-05-10,5,West,Yes,107.71,7.18,22.98,18,Male,2024,5,10,4,19,1,10.0,119.68,107.712,Profit,0.0
O106735,C13539,P239144,Electronics,897.05,0.15,3,Credit Card,2024-08-20,6,East,Yes,2287.48,10.5,264.0,20,Male,2024,8,20,1,34,1,15.0,2691.15,2287.4774999999995,Profit,0.0
O106752,C10939,P209373,Grocery,24.64,0.0,2,Credit Card,2025-01-07,5,North,Yes,49.28,3.88,0.06,65,Male,2025,1,7,1,2,1,0.0,49.28,49.28,Profit,0.0
O106754,C13414,P249949,Electronics,406.86,0.0,4,Debit Card,2023-12-29,7,West,Yes,1627.44,11.47,183.82,48,Other,2023,12,29,4,52,1,0.0,1627.44,1627.44,Profit,0.0
O106778,C14749,P248256,Fashion,22.89,0.0,1,UPI,2025-03-06,5,Central,Yes,22.89,4.91,3.1,57,Female,2025,3,6,3,10,1,0.0,22.89,22.89,Profit,0.0
O106779,C13505,P211110,Fashion,18.11,0.15,1,COD,2025-02-20,6,North,Yes,15.39,4.91,0.48,38,Male,2025,2,20,3,8,1,15.0,18.11,15.3935,Profit,0.0
O106799,C14108,P230569,Fashion,25.6,0.2,3,COD,2023-12-28,4,North,Yes,61.44,6.76,14.74,36,Male,2023,12,28,3,52,1,20.0,76.80000000000001,61.44000000000001,Profit,0.0
O106807,C17605,P218058,Home,100.47,0.0,1,UPI,2024-02-21,3,North,Yes,100.47,6.75,21.38,21,Male,2024,2,21,2,8,1,0.0,100.47,100.47,Profit,0.0
O106840,C13327,P207675,Home,433.85,0.15,2,Debit Card,2024-11-11,4,West,Yes,737.54,10.89,195.62,57,Female,2024,11,11,0,46,1,15.0,867.7,737.5450000000001,Profit,0.0
O106841,C15630,P226228,Sports,317.38,0.05,1,Credit Card,2023-12-22,6,West,Yes,301.51,9.88,80.57,43,Female,2023,12,22,4,51,1,5.0,317.38,301.511,Profit,0.0
O106847,C11257,P209124,Electronics,93.22,0.0,1,Credit Card,2024-06-12,5,Central,Yes,93.22,7.92,3.27,33,Female,2024,6,12,2,24,1,0.0,93.22,93.22,Profit,0.0
O106856,C10884,P202700,Electronics,243.77,0.05,1,COD,2025-05-01,3,North,Yes,231.58,8.47,19.32,28,Male,2025,5,1,3,18,1,5.0,243.77,231.5815,Profit,0.0
O106874,C17265,P235860,Sports,225.58,0.05,1,Credit Card,2025-04-20,5,West,Yes,214.3,8.56,55.73,53,Male,2025,4,20,6,16,1,5.0,225.58,214.301,Profit,0.0
O106912,C13611,P240029,Beauty,33.32,0.0,1,Wallet,2023-10-26,4,North,Yes,33.32,4.73,10.26,18,Male,2023,10,26,3,43,1,0.0,33.32,33.32,Profit,0.0
O106914,C17587,P241988,Beauty,43.63,0.0,1,Credit Card,2025-01-20,5,South,Yes,43.63,5.87,13.76,48,Male,2025,1,20,0,4,1,0.0,43.63,43.63,Profit,0.0
O106921,C13587,P242800,Fashion,10.92,0.0,1,COD,2024-01-03,3,North,Yes,10.92,2.83,0.99,50,Male,2024,1,3,2,1,1,0.0,10.92,10.92,Profit,0.0
O106938,C12143,P209491,Sports,90.13,0.0,2,Debit Card,2025-08-27,5,South,Yes,180.26,8.62,45.46,53,Female,2025,8,27,2,35,1,0.0,180.26,180.26,Profit,0.0
O106954,C13216,P229548,Electronics,1284.65,0.1,2,Credit Card,2024-10-25,4,South,Yes,2312.37,11.25,266.23,25,Female,2024,10,25,4,43,1,10.0,2569.3,2312.3700000000003,Profit,0.0
O106966,C10776,P224286,Beauty,16.83,0.3,1,PayPal,2024-04-29,6,East,Yes,11.78,3.73,1.57,18,Female,2024,4,29,0,18,1,30.0,16.83,11.781,Profit,0.0
O106974,C15518,P218100,Fashion,56.71,0.0,1,Credit Card,2024-03-01,5,Central,Yes,56.71,7.05,12.8,31,Male,2024,3,1,4,9,1,0.0,56.71,56.71,Profit,0.0
O106978,C16974,P233124,Electronics,55.35,0.15,1,COD,2025-07-10,6,East,Yes,47.05,6.12,-0.47,30,Male,2025,7,10,3,28,1,15.0,55.35,47.0475,Loss,0.22112325
O107007,C11830,P233960,Fashion,167.36,0.0,4,Credit Card,2024-04-25,6,East,Yes,669.44,9.9,224.4,24,Male,2024,4,25,3,17,1,0.0,669.44,669.44,Profit,0.0
O107042,C11757,P207791,Sports,137.62,0.0,1,Credit Card,2023-11-07,5,South,Yes,137.62,7.34,33.95,50,Female,2023,11,7,1,45,1,0.0,137.62,137.62,Profit,0.0
O107051,C16751,P231358,Electronics,327.4,0.0,1,Wallet,2025-05-27,6,East,Yes,327.4,8.08,31.21,33,Male,2025,5,27,1,22,1,0.0,327.4,327.4,Profit,0.0
O107096,C10336,P245728,Fashion,16.21,0.0,1,COD,2023-12-07,5,East,Yes,16.21,6.28,-0.61,34,Male,2023,12,7,3,49,1,0.0,16.21,16.21,Loss,0.098881
O107104,C13129,P212560,Sports,93.77,0.0,1,UPI,2024-12-05,4,South,Yes,93.77,8.33,19.8,45,Female,2024,12,5,3,49,1,0.0,93.77,93.77,Profit,0.0
O107113,C10314,P208056,Home,150.73,0.15,1,UPI,2025-08-11,3,Central,Yes,128.12,7.13,28.74,57,Female,2025,8,11,0,33,1,15.0,150.73,128.1205,Profit,0.0
O107115,C11134,P221691,Sports,21.73,0.1,1,COD,2025-06-23,5,North,Yes,19.56,3.92,1.95,43,Female,2025,6,23,0,26,1,10.0,21.73,19.557,Profit,0.0
O107126,C12805,P206473,Fashion,68.18,0.0,1,Debit Card,2024-04-15,6,West,Yes,68.18,4.86,19.0,32,Female,2024,4,15,0,16,1,0.0,68.18,68.18,Profit,0.0
O107132,C14108,P200405,Home,164.05,0.0,3,UPI,2025-07-09,6,East,Yes,492.15,7.57,130.23,57,Male,2025,7,9,2,28,1,0.0,492.15,492.15,Profit,0.0
O107133,C16751,P245076,Fashion,22.24,0.0,2,Debit Card,2024-01-23,7,East,Yes,44.48,5.35,10.22,61,Male,2024,1,23,1,4,1,0.0,44.48,44.48,Profit,0.0
O107174,C13871,P247940,Home,509.91,0.0,2,Credit Card,2025-07-24,3,North,Yes,1019.82,9.72,275.83,25,Male,2025,7,24,3,30,1,0.0,1019.82,1019.82,Profit,0.0
O107179,C17117,P213344,Home,163.96,0.05,2,Debit Card,2025-08-03,5,East,Yes,311.52,9.81,77.42,23,Female,2025,8,3,6,31,1,5.0,327.92,311.524,Profit,0.0
O107189,C13303,P228434,Fashion,14.1,0.15,1,COD,2025-03-18,4,West,Yes,11.98,4.3,-0.11,39,Male,2025,3,18,1,12,1,15.0,14.1,11.985,Loss,0.013183499999999999
O107212,C10191,P208627,Fashion,112.08,0.3,1,Debit Card,2025-04-21,3,North,Yes,78.46,6.07,21.39,19,Male,2025,4,21,0,17,1,30.0,112.08,78.45599999999999,Profit,0.0
O107215,C15831,P227014,Fashion,21.44,0.15,1,PayPal,2025-06-25,4,North,Yes,18.22,4.17,2.21,35,Female,2025,6,25,2,26,1,15.0,21.44,18.224,Profit,0.0
O107227,C14199,P218079,Beauty,3.01,0.0,1,UPI,2025-06-21,4,West,Yes,3.01,2.36,-1.01,26,Female,2025,6,21,5,25,1,0.0,3.01,3.01,Loss,0.030400999999999997
O107238,C14033,P207461,Grocery,10.15,0.0,1,UPI,2024-06-14,3,North,Yes,10.15,2.17,-1.36,27,Male,2024,6,14,4,24,1,0.0,10.15,10.15,Loss,0.13804000000000002
O107269,C14992,P224966,Fashion,36.49,0.0,1,Credit Card,2025-02-22,5,Central,Yes,36.49,5.11,7.66,38,Male,2025,2,22,5,8,1,0.0,36.49,36.49,Profit,0.0
O107271,C14305,P239268,Electronics,694.22,0.0,1,Debit Card,2025-04-15,6,Central,Yes,694.22,9.0,74.31,47,Female,2025,4,15,1,16,1,0.0,694.22,694.22,Profit,0.0
O107302,C16773,P200345,Toys,32.35,0.15,1,Debit Card,2024-06-28,3,North,Yes,27.5,3.4,7.6,36,Male,2024,6,28,4,26,1,15.0,32.35,27.4975,Profit,0.0
O107306,C10915,P203770,Toys,12.96,0.0,1,UPI,2024-09-30,6,South,Yes,12.96,3.9,1.28,65,Male,2024,9,30,0,40,1,0.0,12.96,12.96,Profit,0.0
O107336,C10128,P206643,Electronics,348.59,0.0,1,UPI,2024-12-20,4,South,Yes,348.59,9.75,32.08,43,Male,2024,12,20,4,51,1,0.0,348.59,348.59,Profit,0.0
O107355,C15884,P238742,Sports,19.01,0.1,1,Credit Card,2023-11-21,4,South,Yes,17.11,4.8,0.33,28,Female,2023,11,21,1,47,1,10.0,19.01,17.109,Profit,0.0
O107391,C13783,P240725,Beauty,24.83,0.1,1,Debit Card,2024-03-19,6,South,Yes,22.35,3.73,6.33,32,Female,2024,3,19,1,12,1,10.0,24.83,22.347,Profit,0.0
O107394,C14668,P225604,Electronics,334.2,0.0,1,Credit Card,2024-06-17,3,Central,Yes,334.2,8.27,31.83,61,Female,2024,6,17,0,25,1,0.0,334.2,334.2,Profit,0.0
O107418,C12011,P210152,Electronics,157.14,0.05,1,UPI,2025-02-18,6,East,Yes,149.28,6.92,10.99,41,Male,2025,2,18,1,8,1,5.0,157.14,149.283,Profit,0.0
O107432,C13961,P214053,Toys,19.16,0.0,1,Debit Card,2025-04-13,6,East,Yes,19.16,3.7,3.96,19,Female,2025,4,13,6,15,1,0.0,19.16,19.16,Profit,0.0
O107438,C16100,P208211,Fashion,91.64,0.0,3,Credit Card,2025-01-27,6,East,Yes,274.92,8.18,88.04,38,Male,2025,1,27,0,5,1,0.0,274.92,274.92,Profit,0.0
O107447,C10896,P225456,Fashion,67.98,0.0,1,Credit Card,2024-06-16,5,East,Yes,67.98,6.45,17.34,62,Female,2024,6,16,6,24,1,0.0,67.98,67.98,Profit,0.0
O107450,C14647,P215963,Sports,79.72,0.0,1,UPI,2023-10-26,4,West,Yes,79.72,6.09,17.83,58,Male,2023,10,26,3,43,1,0.0,79.72,79.72,Profit,0.0
O107465,C12658,P242811,Electronics,104.39,0.1,1,Credit Card,2025-04-10,3,Central,Yes,93.95,6.87,4.4,56,Male,2025,4,10,3,15,1,10.0,104.39,93.951,Profit,0.0
O107481,C14524,P228329,Fashion,58.48,0.0,1,COD,2024-01-14,6,East,Yes,58.48,6.83,13.64,57,Female,2024,1,14,6,2,1,0.0,58.48,58.48,Profit,0.0
O107507,C16049,P225860,Fashion,19.68,0.0,2,Credit Card,2023-12-19,5,North,Yes,39.36,7.36,6.42,66,Female,2023,12,19,1,51,1,0.0,39.36,39.36,Profit,0.0
O107543,C14527,P237892,Sports,87.17,0.05,1,Credit Card,2025-02-25,6,North,Yes,82.81,5.6,19.24,45,Male,2025,2,25,1,9,1,5.0,87.17,82.8115,Profit,0.0
O107557,C13212,P235046,Grocery,6.49,0.05,2,Debit Card,2024-05-24,9,South,Yes,12.33,3.54,-2.55,38,Female,2024,5,24,4,21,1,5.0,12.98,12.331,Loss,0.31444049999999996
O107590,C11580,P237705,Sports,101.56,0.05,3,Credit Card,2024-09-21,5,Central,Yes,289.45,10.28,76.55,58,Female,2024,9,21,5,38,1,5.0,304.68,289.446,Profit,0.0
O107600,C13384,P242911,Toys,6.38,0.05,2,PayPal,2025-07-29,3,North,Yes,12.12,2.95,1.9,24,Female,2025,7,29,1,31,1,5.0,12.76,12.122,Profit,0.0
O107622,C16763,P209839,Fashion,86.36,0.0,1,COD,2025-03-10,3,North,Yes,86.36,6.03,24.2,46,Male,2025,3,10,0,11,1,0.0,86.36,86.36,Profit,0.0
O107626,C12053,P243220,Electronics,314.24,0.2,1,Credit Card,2024-03-27,3,North,Yes,251.39,9.05,21.12,45,Male,2024,3,27,2,13,1,20.0,314.24,251.392,Profit,0.0
O107631,C11447,P200894,Fashion,41.9,0.0,1,PayPal,2024-10-11,6,North,Yes,41.9,4.79,9.88,40,Male,2024,10,11,4,41,1,0.0,41.9,41.9,Profit,0.0
O107632,C16009,P201265,Fashion,35.67,0.0,1,COD,2025-01-06,3,North,Yes,35.67,6.5,5.98,38,Male,2025,1,6,0,2,1,0.0,35.67,35.67,Profit,0.0
O107655,C12463,P236165,Fashion,8.57,0.2,2,Wallet,2023-12-11,9,East,Yes,13.71,3.73,1.07,47,Male,2023,12,11,0,50,1,20.0,17.14,13.712000000000002,Profit,0.0
O107657,C17671,P245799,Fashion,83.97,0.05,2,PayPal,2025-04-27,4,West,Yes,159.54,8.18,47.66,26,Female,2025,4,27,6,17,1,5.0,167.94,159.54299999999998,Profit,0.0
O107712,C11357,P225078,Beauty,8.05,0.05,1,COD,2025-04-16,7,South,Yes,7.65,3.39,0.05,30,Female,2025,4,16,2,16,1,5.0,8.05,7.6475,Profit,0.0
O107726,C16646,P200260,Beauty,47.78,0.0,1,Credit Card,2023-12-12,5,South,Yes,47.78,7.16,14.34,26,Female,2023,12,12,1,50,1,0.0,47.78,47.78,Profit,0.0
O107737,C13066,P200166,Sports,103.93,0.0,1,Credit Card,2025-09-05,6,South,Yes,103.93,5.86,25.32,29,Female,2025,9,5,4,36,1,0.0,103.93,103.93,Profit,0.0
O107749,C15048,P214590,Sports,233.56,0.15,1,Credit Card,2023-12-26,5,South,Yes,198.53,6.61,52.95,21,Male,2023,12,26,1,52,1,15.0,233.56,198.526,Profit,0.0
O107830,C11187,P202406,Toys,21.27,0.05,1,UPI,2024-09-13,4,West,Yes,20.21,6.38,1.7,69,Female,2024,9,13,4,37,1,5.0,21.27,20.2065,Profit,0.0
O107857,C17154,P240693,Electronics,662.63,0.0,1,Credit Card,2025-04-25,6,East,Yes,662.63,10.62,68.9,22,Female,2025,4,25,4,17,1,0.0,662.63,662.63,Profit,0.0
O107859,C15669,P210714,Fashion,39.67,0.05,2,UPI,2025-03-05,5,North,Yes,75.37,5.81,20.57,61,Female,2025,3,5,2,10,1,5.0,79.34,75.373,Profit,0.0
O107891,C10489,P203374,Fashion,12.1,0.3,1,COD,2023-10-24,3,North,Yes,8.47,4.51,-1.55,69,Male,2023,10,24,1,43,1,30.0,12.1,8.469999999999999,Loss,0.13128499999999999
O107909,C16337,P217034,Sports,14.2,0.0,2,Credit Card,2024-04-29,5,East,Yes,28.4,3.67,4.85,25,Female,2024,4,29,0,18,1,0.0,28.4,28.4,Profit,0.0
O107921,C12176,P241164,Sports,129.58,0.0,1,Credit Card,2024-09-11,5,Central,Yes,129.58,5.25,33.62,55,Female,2024,9,11,2,37,1,0.0,129.58,129.58,Profit,0.0
O107938,C14654,P207649,Fashion,16.12,0.0,1,Credit Card,2025-02-19,4,Central,Yes,16.12,6.53,-0.89,31,Female,2025,2,19,2,8,1,0.0,16.12,16.12,Loss,0.143468
O107951,C13367,P241543,Fashion,56.44,0.05,3,Wallet,2024-01-26,6,South,Yes,160.85,8.33,47.97,65,Male,2024,1,26,4,4,1,5.0,169.32,160.85399999999998,Profit,0.0
O107982,C11015,P229227,Beauty,11.37,0.1,1,Credit Card,2024-01-20,5,Central,Yes,10.23,1.6,3.0,45,Female,2024,1,20,5,3,1,10.0,11.37,10.233,Profit,0.0
O107983,C11384,P223251,Electronics,277.78,0.0,1,Debit Card,2024-03-16,4,South,Yes,277.78,8.54,24.79,65,Female,2024,3,16,5,11,1,0.0,277.78,277.78,Profit,0.0
O107997,C15672,P210888,Fashion,28.18,0.05,1,Credit Card,2024-01-21,3,North,Yes,26.77,4.97,4.4,24,Male,2024,1,21,6,3,1,5.0,28.18,26.771,Profit,0.0
O108015,C14883,P244220,Fashion,56.09,0.0,1,Credit Card,2023-10-02,4,Central,Yes,56.09,6.78,12.85,30,Male,2023,10,2,0,40,1,0.0,56.09,56.09,Profit,0.0
O108017,C14155,P227161,Electronics,283.48,0.1,1,Credit Card,2024-04-04,6,East,Yes,255.13,6.96,23.66,45,Female,2024,4,4,3,14,1,10.0,283.48,255.13200000000003,Profit,0.0
O108022,C17843,P201017,Beauty,9.0,0.05,1,Credit Card,2025-02-07,8,West,Yes,8.55,1.25,2.6,47,Male,2025,2,7,4,6,1,5.0,9.0,8.549999999999999,Profit,0.0
O108037,C12172,P222679,Home,93.07,0.05,1,COD,2024-10-22,4,Central,Yes,88.42,5.86,18.9,66,Female,2024,10,22,1,43,1,5.0,93.07,88.41649999999998,Profit,0.0
O108060,C12686,P212031,Beauty,20.42,0.0,1,COD,2024-08-09,4,Central,Yes,20.42,5.57,3.62,33,Female,2024,8,9,4,32,1,0.0,20.42,20.42,Profit,0.0
O108062,C15475,P220026,Home,104.79,0.1,1,Debit Card,2024-06-07,6,North,Yes,94.31,7.02,19.39,67,Female,2024,6,7,4,23,1,10.0,104.79,94.311,Profit,0.0
O108140,C11985,P216520,Sports,53.41,0.2,2,Credit Card,2025-03-14,5,West,Yes,85.46,6.27,19.37,18,Male,2025,3,14,4,11,1,20.0,106.82,85.456,Profit,0.0
O108141,C16060,P222131,Fashion,34.4,0.2,1,Debit Card,2025-05-18,5,South,Yes,27.52,5.85,3.78,25,Male,2025,5,18,6,20,1,20.0,34.4,27.52,Profit,0.0
O108219,C10857,P210031,Home,466.33,0.0,1,Credit Card,2024-02-11,5,East,Yes,466.33,9.1,121.47,60,Male,2024,2,11,6,6,1,0.0,466.33,466.33,Profit,0.0
O108239,C11802,P248670,Sports,178.85,0.1,1,Credit Card,2024-06-06,4,South,Yes,160.96,8.23,40.06,57,Female,2024,6,6,3,23,1,10.0,178.85,160.965,Profit,0.0
O108256,C15351,P208187,Fashion,81.2,0.1,2,COD,2024-10-06,4,North,Yes,146.16,6.98,44.18,35,Female,2024,10,6,6,40,1,10.0,162.4,146.16,Profit,0.0
O108260,C13957,P241715,Sports,102.52,0.0,4,Debit Card,2024-07-16,7,West,Yes,410.08,7.38,115.64,20,Female,2024,7,16,1,29,1,0.0,410.08,410.08,Profit,0.0
O108277,C13892,P209646,Home,354.11,0.0,1,Debit Card,2024-10-29,5,East,Yes,354.11,7.8,91.35,59,Male,2024,10,29,1,44,1,0.0,354.11,354.11,Profit,0.0
O108301,C10790,P220084,Fashion,16.14,0.0,1,Debit Card,2024-08-09,5,South,Yes,16.14,3.6,2.05,25,Male,2024,8,9,4,32,1,0.0,16.14,16.14,Profit,0.0
O108308,C10920,P225314,Toys,12.59,0.0,1,UPI,2024-12-22,4,West,Yes,12.59,5.01,0.03,53,Other,2024,12,22,6,51,1,0.0,12.59,12.59,Profit,0.0
O108363,C12560,P213680,Fashion,14.6,0.05,1,Credit Card,2025-04-03,7,West,Yes,13.87,3.47,1.38,26,Female,2025,4,3,3,14,1,5.0,14.6,13.87,Profit,0.0
O108370,C10643,P218612,Beauty,12.99,0.1,1,Debit Card,2024-11-20,8,West,Yes,11.69,2.96,2.3,53,Female,2024,11,20,2,47,1,10.0,12.99,11.691,Profit,0.0
O108398,C11436,P217243,Fashion,34.21,0.0,1,COD,2023-10-30,7,East,Yes,34.21,6.29,5.68,60,Male,2023,10,30,0,44,1,0.0,34.21,34.21,Profit,0.0
O108404,C13102,P216820,Electronics,353.96,0.0,1,Credit Card,2025-05-17,4,North,Yes,353.96,9.47,33.01,18,Other,2025,5,17,5,20,1,0.0,353.96,353.96,Profit,0.0
O108426,C10692,P217297,Fashion,10.47,0.1,1,COD,2025-07-01,3,Central,Yes,9.42,4.4,-1.1,25,Female,2025,7,1,1,27,1,10.0,10.47,9.423,Loss,0.10365300000000001
O108464,C11564,P235539,Fashion,33.86,0.0,4,PayPal,2025-09-09,5,South,Yes,135.44,6.58,40.82,56,Male,2025,9,9,1,37,1,0.0,135.44,135.44,Profit,0.0
O108487,C17690,P232177,Toys,12.94,0.0,2,Credit Card,2024-08-05,4,South,Yes,25.88,4.79,5.56,64,Male,2024,8,5,0,32,1,0.0,25.88,25.88,Profit,0.0
O108495,C16103,P209547,Electronics,210.67,0.0,1,COD,2025-05-31,6,East,Yes,210.67,8.5,16.78,61,Female,2025,5,31,5,22,1,0.0,210.67,210.67,Profit,0.0
O108524,C12774,P212921,Home,59.0,0.0,1,Debit Card,2025-06-11,4,Central,Yes,59.0,6.09,10.43,49,Male,2025,6,11,2,24,1,0.0,59.0,59.0,Profit,0.0
O108546,C15515,P224120,Fashion,25.94,0.0,1,Credit Card,2025-09-07,5,North,Yes,25.94,4.06,5.02,61,Female,2025,9,7,6,36,1,0.0,25.94,25.94,Profit,0.0
O108579,C13496,P210349,Fashion,22.55,0.0,1,UPI,2025-02-14,3,North,Yes,22.55,3.42,4.47,29,Female,2025,2,14,4,7,1,0.0,22.55,22.55,Profit,0.0
O108585,C16144,P234442,Electronics,79.22,0.0,1,UPI,2025-03-13,3,North,Yes,79.22,5.75,3.76,31,Female,2025,3,13,3,11,1,0.0,79.22,79.22,Profit,0.0
O108600,C11517,P235480,Fashion,10.69,0.1,1,Credit Card,2024-11-02,6,West,Yes,9.62,5.57,-2.2,42,Female,2024,11,2,5,44,1,10.0,10.69,9.621,Loss,0.21166200000000004
O108601,C15487,P226983,Fashion,9.55,0.1,1,Credit Card,2023-09-26,4,West,Yes,8.6,3.44,-0.43,59,Male,2023,9,26,1,39,1,10.0,9.55,8.595,Loss,0.0369585
O108613,C15649,P209328,Grocery,7.8,0.1,1,Debit Card,2024-12-04,6,West,Yes,7.02,2.72,-2.16,46,Male,2024,12,4,2,49,1,10.0,7.8,7.02,Loss,0.151632
O108642,C12969,P239413,Electronics,519.14,0.0,1,Wallet,2024-01-03,4,North,Yes,519.14,9.18,53.12,52,Male,2024,1,3,2,1,1,0.0,519.14,519.14,Profit,0.0
O108654,C14243,P222479,Fashion,31.98,0.15,1,Debit Card,2024-07-22,4,South,Yes,27.18,5.84,3.67,22,Female,2024,7,22,0,30,1,15.0,31.98,27.183,Profit,0.0
O108658,C12897,P210747,Toys,9.83,0.05,2,Credit Card,2023-11-18,5,West,Yes,18.68,5.16,2.31,63,Male,2023,11,18,5,46,1,5.0,19.66,18.677,Profit,0.0
O108662,C12860,P240481,Fashion,6.02,0.0,4,Debit Card,2025-05-01,6,East,Yes,24.08,6.18,2.25,23,Female,2025,5,1,3,18,1,0.0,24.08,24.08,Profit,0.0
O108691,C13734,P201591,Electronics,491.23,0.0,1,Credit Card,2024-01-31,5,West,Yes,491.23,9.98,48.97,36,Female,2024,1,31,2,5,1,0.0,491.23,491.23,Profit,0.0
O108693,C17669,P216153,Toys,13.07,0.05,1,PayPal,2024-10-18,6,West,Yes,12.42,4.2,0.77,63,Female,2024,10,18,4,42,1,5.0,13.07,12.4165,Profit,0.0
O108703,C12962,P215380,Toys,16.96,0.1,1,Credit Card,2025-06-04,5,East,Yes,15.26,3.79,2.31,57,Female,2025,6,4,2,23,1,10.0,16.96,15.264,Profit,0.0
O108714,C10126,P239049,Electronics,64.39,0.1,1,Debit Card,2024-11-19,6,South,Yes,57.95,5.92,1.03,30,Female,2024,11,19,1,47,1,10.0,64.39,57.951,Profit,0.0
O108771,C10681,P224807,Electronics,157.69,0.1,1,Debit Card,2024-12-17,6,South,Yes,141.92,7.44,9.59,59,Female,2024,12,17,1,51,1,10.0,157.69,141.921,Profit,0.0
O108776,C12394,P238567,Home,492.29,0.0,1,COD,2024-02-01,4,North,Yes,492.29,9.68,128.16,37,Male,2024,2,1,3,5,1,0.0,492.29,492.29,Profit,0.0
O108790,C13248,P227696,Home,212.58,0.05,1,COD,2024-08-19,6,North,Yes,201.95,7.0,49.55,36,Female,2024,8,19,0,34,1,5.0,212.58,201.951,Profit,0.0
O108801,C15656,P212022,Sports,15.53,0.0,1,Credit Card,2024-05-22,4,West,Yes,15.53,3.43,1.23,69,Female,2024,5,22,2,21,1,0.0,15.53,15.53,Profit,0.0
O108838,C14586,P201229,Sports,55.18,0.15,1,Credit Card,2024-07-24,5,East,Yes,46.9,5.94,8.13,59,Other,2024,7,24,2,30,1,15.0,55.18,46.903,Profit,0.0
O108847,C17192,P222380,Electronics,148.67,0.0,1,UPI,2025-02-21,4,West,Yes,148.67,7.87,9.97,33,Female,2025,2,21,4,8,1,0.0,148.67,148.67,Profit,0.0
O108877,C16685,P208387,Beauty,12.71,0.05,1,PayPal,2024-12-10,6,West,Yes,12.07,4.24,1.19,64,Female,2024,12,10,1,50,1,5.0,12.71,12.0745,Profit,0.0
O108879,C16899,P235859,Sports,10.23,0.0,4,Debit Card,2025-03-26,5,South,Yes,40.92,3.69,8.59,44,Female,2025,3,26,2,13,1,0.0,40.92,40.92,Profit,0.0
O108883,C11779,P226025,Electronics,140.64,0.05,1,Credit Card,2025-08-20,6,West,Yes,133.61,6.47,9.56,32,Male,2025,8,20,2,34,1,5.0,140.64,133.60799999999998,Profit,0.0
O108900,C16008,P237421,Fashion,78.52,0.1,2,Debit Card,2025-02-05,7,West,Yes,141.34,6.92,42.55,42,Male,2025,2,5,2,6,1,10.0,157.04,141.33599999999998,Profit,0.0
O108905,C10787,P245272,Fashion,8.65,0.0,2,Credit Card,2024-09-21,6,South,Yes,17.3,4.49,1.56,37,Female,2024,9,21,5,38,1,0.0,17.3,17.3,Profit,0.0
O108908,C10622,P211998,Home,47.71,0.0,1,Credit Card,2025-07-06,4,Central,Yes,47.71,5.55,7.81,42,Male,2025,7,6,6,27,1,0.0,47.71,47.71,Profit,0.0
O108911,C12572,P245379,Fashion,20.93,0.0,2,Credit Card,2024-01-10,3,Central,Yes,41.86,5.62,9.03,27,Male,2024,1,10,2,2,1,0.0,41.86,41.86,Profit,0.0
O108927,C11140,P202063,Toys,29.71,0.0,1,Debit Card,2024-03-06,6,East,Yes,29.71,5.35,6.53,21,Female,2024,3,6,2,10,1,0.0,29.71,29.71,Profit,0.0
O108930,C12532,P245779,Electronics,205.47,0.05,1,UPI,2023-12-06,4,Central,Yes,195.2,7.3,16.12,24,Male,2023,12,6,2,49,1,5.0,205.47,195.1965,Profit,0.0
O108965,C17350,P227869,Home,305.93,0.05,3,Credit Card,2024-07-24,4,West,Yes,871.9,11.46,232.67,54,Male,2024,7,24,2,30,1,5.0,917.79,871.9005,Profit,0.0
O108974,C11129,P238294,Home,12.54,0.2,1,Credit Card,2024-09-08,5,North,Yes,10.03,4.28,-1.47,55,Female,2024,9,8,6,36,1,20.0,12.54,10.032,Loss,0.1474704
O108980,C14689,P241853,Sports,127.73,0.0,3,Credit Card,2024-11-29,4,West,Yes,383.19,8.02,106.94,64,Female,2024,11,29,4,48,1,0.0,383.19,383.19,Profit,0.0
O108983,C16995,P209438,Grocery,15.76,0.0,2,Credit Card,2025-09-11,3,Central,Yes,31.52,6.06,-3.54,59,Female,2025,9,11,3,37,1,0.0,31.52,31.52,Loss,1.115808
O109057,C15308,P230158,Sports,199.19,0.1,2,Credit Card,2025-03-06,4,North,Yes,358.54,9.53,98.03,18,Male,2025,3,6,3,10,1,10.0,398.38,358.54200000000003,Profit,0.0
O109077,C11644,P214754,Beauty,3.25,0.05,2,COD,2024-04-01,6,East,Yes,6.18,4.8,-2.02,63,Male,2024,4,1,0,14,1,5.0,6.5,6.175,Loss,0.124735
O109103,C16004,P218464,Home,438.05,0.05,1,Debit Card,2024-04-15,3,North,Yes,416.15,9.32,107.2,37,Male,2024,4,15,0,16,1,5.0,438.05,416.1475,Profit,0.0
O109145,C14657,P231322,Fashion,117.95,0.0,1,PayPal,2025-05-21,5,East,Yes,117.95,6.87,34.41,66,Female,2025,5,21,2,21,1,0.0,117.95,117.95,Profit,0.0
O109165,C11024,P243091,Sports,89.22,0.0,2,Credit Card,2023-12-27,6,East,Yes,178.44,7.51,46.02,40,Male,2023,12,27,2,52,1,0.0,178.44,178.44,Profit,0.0
O109182,C14645,P224224,Electronics,495.24,0.05,1,PayPal,2024-11-28,3,North,Yes,470.48,10.36,46.1,56,Male,2024,11,28,3,48,1,5.0,495.24,470.478,Profit,0.0
O109184,C14487,P202430,Electronics,256.41,0.1,1,Wallet,2023-10-22,7,East,Yes,230.77,7.69,20.0,28,Male,2023,10,22,6,42,1,10.0,256.41,230.76900000000003,Profit,0.0
O109237,C17509,P227778,Sports,110.66,0.1,1,UPI,2023-11-02,4,Central,Yes,99.59,7.08,22.8,65,Female,2023,11,2,3,44,1,10.0,110.66,99.594,Profit,0.0
O109249,C12374,P217489,Grocery,4.51,0.05,1,Debit Card,2025-06-01,4,South,Yes,4.28,2.23,-1.89,20,Female,2025,6,1,6,22,1,5.0,4.51,4.2845,Loss,0.08097705
O109287,C10170,P232952,Fashion,44.68,0.0,1,UPI,2025-02-04,5,West,Yes,44.68,6.67,8.97,53,Female,2025,2,4,1,6,1,0.0,44.68,44.68,Profit,0.0
O109290,C10425,P241466,Fashion,11.99,0.0,1,PayPal,2025-08-11,5,South,Yes,11.99,5.27,-1.07,24,Female,2025,8,11,0,33,1,0.0,11.99,11.99,Loss,0.12829300000000002
O109323,C12568,P207240,Fashion,19.92,0.05,3,Debit Card,2024-08-31,5,Central,Yes,56.77,6.0,13.87,67,Female,2024,8,31,5,35,1,5.0,59.760000000000005,56.772000000000006,Profit,0.0
O109333,C12579,P231070,Fashion,60.67,0.0,1,COD,2025-02-12,6,Central,Yes,60.67,6.16,15.07,41,Female,2025,2,12,2,7,1,0.0,60.67,60.67,Profit,0.0
O109347,C15077,P248005,Fashion,184.75,0.0,1,PayPal,2023-09-25,6,West,Yes,184.75,8.03,56.63,59,Female,2023,9,25,0,39,1,0.0,184.75,184.75,Profit,0.0
O109348,C17998,P237135,Beauty,32.36,0.1,2,COD,2025-02-21,5,Central,Yes,58.25,5.53,20.68,67,Female,2025,2,21,4,8,1,10.0,64.72,58.248,Profit,0.0
O109392,C13548,P240562,Home,10.86,0.05,2,Credit Card,2025-08-11,4,West,Yes,20.63,5.66,0.12,62,Male,2025,8,11,0,33,1,5.0,21.72,20.634,Profit,0.0
O109400,C16068,P243038,Fashion,24.98,0.05,1,Debit Card,2024-08-06,5,East,Yes,23.73,5.65,2.66,33,Female,2024,8,6,1,32,1,5.0,24.98,23.731,Profit,0.0
O109411,C10585,P207787,Electronics,641.34,0.15,1,Debit Card,2024-12-15,3,North,Yes,545.14,8.46,56.96,61,Female,2024,12,15,6,50,1,15.0,641.34,545.139,Profit,0.0
O109425,C16957,P223452,Fashion,73.84,0.05,1,Credit Card,2024-04-24,5,East,Yes,70.15,7.97,16.58,47,Male,2024,4,24,2,17,1,5.0,73.84,70.148,Profit,0.0
O109453,C10901,P249242,Electronics,1190.0,0.1,1,Debit Card,2024-11-20,4,West,Yes,1071.0,8.88,119.64,38,Female,2024,11,20,2,47,1,10.0,1190.0,1071.0,Profit,0.0
O109471,C15338,P214439,Electronics,351.41,0.0,1,Credit Card,2023-11-29,5,South,Yes,351.41,9.58,32.59,51,Female,2023,11,29,2,48,1,0.0,351.41,351.41,Profit,0.0
O109472,C14280,P204715,Home,64.31,0.15,1,Credit Card,2023-12-26,4,South,Yes,54.66,6.2,9.1,66,Female,2023,12,26,1,52,1,15.0,64.31,54.6635,Profit,0.0
O109473,C13140,P226107,Fashion,23.79,0.0,1,Credit Card,2024-10-17,5,Central,Yes,23.79,3.19,5.14,35,Male,2024,10,17,3,42,1,0.0,23.79,23.79,Profit,0.0
O109524,C17794,P245813,Electronics,162.37,0.1,3,PayPal,2024-11-05,3,North,Yes,438.4,10.1,42.51,65,Male,2024,11,5,1,45,1,10.0,487.11,438.399,Profit,0.0
O109583,C11341,P200576,Home,33.3,0.0,5,Debit Card,2025-07-24,3,Central,Yes,166.5,9.33,37.29,39,Female,2025,7,24,3,30,1,0.0,166.5,166.5,Profit,0.0
O109584,C17127,P232821,Fashion,8.76,0.0,2,Debit Card,2024-08-23,5,North,Yes,17.52,7.28,-1.15,63,Female,2024,8,23,4,34,1,0.0,17.52,17.52,Loss,0.20148
O109610,C11552,P207559,Fashion,5.53,0.15,1,Credit Card,2024-05-23,3,Central,Yes,4.7,2.78,-1.13,33,Male,2024,5,23,3,21,1,15.0,5.53,4.7005,Loss,0.053115649999999986
O109614,C10156,P213204,Beauty,15.98,0.2,1,UPI,2025-08-15,4,North,Yes,12.78,5.68,0.07,41,Other,2025,8,15,4,33,1,20.0,15.98,12.784,Profit,0.0
O109644,C11716,P231532,Electronics,222.46,0.15,1,Credit Card,2024-01-15,5,North,Yes,189.09,6.96,15.73,23,Male,2024,1,15,0,3,1,15.0,222.46,189.091,Profit,0.0
O109655,C12878,P211395,Beauty,22.13,0.1,2,Debit Card,2025-03-18,4,West,Yes,39.83,6.74,11.18,56,Female,2025,3,18,1,12,1,10.0,44.26,39.834,Profit,0.0
O109683,C17367,P239870,Electronics,141.53,0.05,1,Debit Card,2024-05-08,5,North,Yes,134.45,5.35,10.78,43,Other,2024,5,8,2,19,1,5.0,141.53,134.4535,Profit,0.0
O109703,C10723,P207714,Fashion,73.28,0.0,3,Credit Card,2024-09-25,4,North,Yes,219.84,6.72,70.22,26,Female,2024,9,25,2,39,1,0.0,219.84,219.84,Profit,0.0
O109704,C15694,P201137,Electronics,198.16,0.0,1,PayPal,2024-07-25,6,East,Yes,198.16,8.13,15.65,69,Male,2024,7,25,3,30,1,0.0,198.16,198.16,Profit,0.0
O109711,C11537,P210155,Electronics,1448.59,0.0,1,PayPal,2024-07-15,8,Central,Yes,1448.59,11.32,162.51,53,Female,2024,7,15,0,29,1,0.0,1448.59,1448.59,Profit,0.0
O109719,C16048,P236976,Fashion,100.62,0.05,1,Credit Card,2025-05-06,6,East,Yes,95.59,8.67,24.79,45,Male,2025,5,6,1,19,1,5.0,100.62,95.589,Profit,0.0
O109761,C10237,P223538,Fashion,13.7,0.0,3,Credit Card,2025-01-25,5,West,Yes,41.1,4.21,10.18,22,Male,2025,1,25,5,4,1,0.0,41.1,41.1,Profit,0.0
O109777,C17727,P243934,Beauty,20.74,0.05,1,Debit Card,2024-05-10,6,East,Yes,19.7,2.63,6.24,28,Male,2024,5,10,4,19,1,5.0,20.74,19.703,Profit,0.0
O109782,C16708,P245503,Home,176.15,0.0,2,COD,2024-05-23,5,Central,Yes,352.3,8.14,90.5,60,Male,2024,5,23,3,21,1,0.0,352.3,352.3,Profit,0.0
O109794,C16724,P220989,Electronics,584.58,0.0,1,UPI,2024-10-15,4,West,Yes,584.58,9.44,60.71,30,Female,2024,10,15,1,42,1,0.0,584.58,584.58,Profit,0.0
O109805,C14500,P244770,Grocery,12.8,0.0,1,Credit Card,2024-04-14,5,East,Yes,12.8,4.29,-3.27,43,Female,2024,4,14,6,15,1,0.0,12.8,12.8,Loss,0.41856000000000004
O109809,C13338,P202653,Toys,17.1,0.15,2,PayPal,2025-05-26,6,East,Yes,29.07,6.4,5.23,22,Other,2025,5,26,0,22,1,15.0,34.2,29.07,Profit,0.0
O109817,C17670,P237443,Electronics,385.96,0.05,2,Debit Card,2024-05-06,5,East,Yes,733.32,9.08,78.92,54,Female,2024,5,6,0,19,1,5.0,771.92,733.324,Profit,0.0
O109847,C12897,P240937,Fashion,16.1,0.0,1,Debit Card,2025-02-07,6,East,Yes,16.1,2.1,3.53,23,Female,2025,2,7,4,6,1,0.0,16.1,16.1,Profit,0.0
O109850,C10641,P231153,Toys,7.33,0.0,1,PayPal,2025-09-11,5,South,Yes,7.33,2.21,0.72,69,Male,2025,9,11,3,37,1,0.0,7.33,7.33,Profit,0.0
O109855,C10773,P208732,Sports,25.56,0.2,1,Credit Card,2024-06-10,5,South,Yes,20.45,2.56,3.58,20,Female,2024,6,10,0,24,1,20.0,25.56,20.448,Profit,0.0
O109868,C11674,P203682,Fashion,6.18,0.0,1,Debit Card,2025-06-07,7,East,Yes,6.18,4.18,-2.02,40,Female,2025,6,7,5,23,1,0.0,6.18,6.18,Loss,0.12483599999999999
O109894,C16359,P207674,Fashion,9.85,0.0,1,PayPal,2024-01-01,6,West,Yes,9.85,2.32,1.13,43,Male,2024,1,1,0,1,1,0.0,9.85,9.85,Profit,0.0
O109911,C17557,P207448,Fashion,101.83,0.0,1,Credit Card,2025-07-17,5,West,Yes,101.83,6.79,28.85,36,Female,2025,7,17,3,29,1,0.0,101.83,101.83,Profit,0.0
O109915,C17461,P206374,Fashion,36.74,0.15,4,PayPal,2024-12-26,5,East,Yes,124.92,6.31,37.41,61,Female,2024,12,26,3,52,1,15.0,146.96,124.916,Profit,0.0
O109972,C14977,P212337,Electronics,128.81,0.0,1,Credit Card,2025-01-17,7,East,Yes,128.81,6.02,9.44,59,Other,2025,1,17,4,3,1,0.0,128.81,128.81,Profit,0.0
O109975,C14497,P239855,Fashion,63.18,0.0,1,Debit Card,2023-11-09,5,South,Yes,63.18,6.18,15.93,28,Male,2023,11,9,3,45,1,0.0,63.18,63.18,Profit,0.0
O109987,C10176,P201981,Toys,67.94,0.1,1,Debit Card,2025-02-02,6,Central,Yes,61.15,5.92,18.54,24,Female,2025,2,2,6,5,1,10.0,67.94,61.146,Profit,0.0
O110004,C10953,P207086,Fashion,36.33,0.0,1,Debit Card,2025-08-20,7,West,Yes,36.33,6.67,6.05,41,Female,2025,8,20,2,34,1,0.0,36.33,36.33,Profit,0.0
O110014,C15112,P214263,Toys,13.58,0.0,1,Credit Card,2025-06-10,4,North,Yes,13.58,4.44,0.99,65,Other,2025,6,10,1,24,1,0.0,13.58,13.58,Profit,0.0
O110021,C15533,P220931,Home,308.44,0.0,1,UPI,2024-08-15,5,Central,Yes,308.44,8.2,78.16,29,Male,2024,8,15,3,33,1,0.0,308.44,308.44,Profit,0.0
O110022,C13253,P202153,Home,137.27,0.0,1,PayPal,2025-04-17,3,North,Yes,137.27,8.41,30.03,65,Male,2025,4,17,3,16,1,0.0,137.27,137.27,Profit,0.0
O110042,C13019,P206977,Electronics,243.78,0.2,2,Debit Card,2025-08-18,7,East,Yes,390.05,9.1,37.71,31,Female,2025,8,18,0,34,1,20.0,487.56,390.048,Profit,0.0
O110051,C16159,P247312,Electronics,212.14,0.05,1,UPI,2024-12-31,8,East,Yes,201.53,7.98,16.2,58,Male,2024,12,31,1,1,1,5.0,212.14,201.533,Profit,0.0
O110057,C12591,P217303,Electronics,114.91,0.0,1,Credit Card,2024-10-15,6,South,Yes,114.91,5.75,8.04,65,Female,2024,10,15,1,42,1,0.0,114.91,114.91,Profit,0.0
O110082,C17907,P244446,Home,15.95,0.0,2,PayPal,2023-09-26,4,South,Yes,31.9,5.8,3.13,37,Male,2023,9,26,1,39,1,0.0,31.9,31.9,Profit,0.0
O110102,C12508,P209306,Electronics,285.6,0.0,1,Debit Card,2023-11-05,8,East,Yes,285.6,9.15,25.12,51,Male,2023,11,5,6,44,1,0.0,285.6,285.6,Profit,0.0
O110120,C11007,P234288,Fashion,64.23,0.0,5,PayPal,2024-06-01,4,South,Yes,321.15,8.6,103.8,39,Female,2024,6,1,5,22,1,0.0,321.15000000000003,321.15000000000003,Profit,0.0
O110150,C13639,P206996,Home,69.28,0.05,2,Debit Card,2024-08-21,5,West,Yes,131.63,7.68,29.18,44,Female,2024,8,21,2,34,1,5.0,138.56,131.632,Profit,0.0
O110176,C14310,P216858,Electronics,72.27,0.0,1,Wallet,2024-10-29,5,North,Yes,72.27,5.15,3.52,19,Male,2024,10,29,1,44,1,0.0,72.27,72.27,Profit,0.0
O110190,C15752,P244269,Home,214.97,0.05,1,UPI,2024-02-04,3,North,Yes,204.22,7.49,49.69,55,Male,2024,2,4,6,5,1,5.0,214.97,204.2215,Profit,0.0
O110192,C10225,P219369,Home,51.19,0.0,2,Debit Card,2024-01-21,5,East,Yes,102.38,7.85,20.82,31,Male,2024,1,21,6,3,1,0.0,102.38,102.38,Profit,0.0
O110231,C10835,P229097,Fashion,8.38,0.0,1,COD,2024-04-24,6,East,Yes,8.38,3.24,-0.31,61,Male,2024,4,24,2,17,1,0.0,8.38,8.38,Loss,0.025978000000000005
O110241,C13310,P227478,Fashion,107.59,0.0,1,Debit Card,2023-10-08,5,South,Yes,107.59,7.25,30.41,58,Female,2023,10,8,6,40,1,0.0,107.59,107.59,Profit,0.0
O110245,C12607,P219787,Fashion,39.0,0.0,1,Wallet,2025-05-12,5,South,Yes,39.0,4.7,8.95,54,Female,2025,5,12,0,20,1,0.0,39.0,39.0,Profit,0.0
O110256,C13438,P244046,Fashion,12.84,0.15,1,COD,2025-01-21,4,North,Yes,10.91,3.73,0.09,67,Female,2025,1,21,1,4,1,15.0,12.84,10.914,Profit,0.0
O110300,C14428,P229793,Beauty,26.45,0.0,2,Debit Card,2024-05-23,3,North,Yes,52.9,5.25,18.56,69,Male,2024,5,23,3,21,1,0.0,52.9,52.9,Profit,0.0
O110307,C12467,P236074,Electronics,328.24,0.0,3,Credit Card,2023-12-14,3,North,Yes,984.72,9.31,108.86,44,Female,2023,12,14,3,50,1,0.0,984.72,984.72,Profit,0.0
O110325,C13039,P248809,Toys,13.25,0.0,5,PayPal,2024-04-23,6,West,Yes,66.25,6.52,19.98,65,Female,2024,4,23,1,17,1,0.0,66.25,66.25,Profit,0.0
O110384,C12266,P235801,Electronics,352.24,0.15,3,PayPal,2025-02-01,3,Central,Yes,898.21,9.68,98.11,66,Female,2025,2,1,5,5,1,15.0,1056.72,898.212,Profit,0.0
O110389,C15943,P211976,Sports,243.29,0.0,1,COD,2024-11-14,6,West,Yes,243.29,9.29,63.7,58,Female,2024,11,14,3,46,1,0.0,243.29,243.29,Profit,0.0
O110391,C10982,P215718,Home,102.0,0.15,1,Debit Card,2025-01-16,7,East,Yes,86.7,6.33,17.95,52,Male,2025,1,16,3,3,1,15.0,102.0,86.7,Profit,0.0
O110429,C15303,P242042,Home,14.54,0.0,1,Debit Card,2024-06-28,4,Central,Yes,14.54,3.17,0.9,55,Male,2024,6,28,4,26,1,0.0,14.54,14.54,Profit,0.0
O110431,C16102,P225509,Toys,54.32,0.0,1,Credit Card,2024-06-04,4,North,Yes,54.32,5.84,15.89,38,Female,2024,6,4,1,23,1,0.0,54.32,54.32,Profit,0.0
O110446,C10702,P221478,Grocery,3.54,0.0,1,Debit Card,2024-12-09,7,South,Yes,3.54,3.74,-3.46,33,Female,2024,12,9,0,50,1,0.0,3.54,3.54,Loss,0.122484
O110491,C10779,P227863,Fashion,19.88,0.2,2,PayPal,2025-03-14,5,Central,Yes,31.81,5.19,5.94,30,Male,2025,3,14,4,11,1,20.0,39.76,31.808,Profit,0.0
O110513,C17378,P215508,Electronics,91.91,0.0,1,Debit Card,2024-10-14,6,South,Yes,91.91,6.96,4.07,69,Male,2024,10,14,0,42,1,0.0,91.91,91.91,Profit,0.0
O110535,C16673,P205107,Home,37.1,0.05,2,Debit Card,2025-04-06,4,North,Yes,70.49,5.95,13.79,56,Female,2025,4,6,6,14,1,5.0,74.2,70.49,Profit,0.0
O110558,C15298,P242280,Grocery,3.22,0.05,5,COD,2023-12-22,3,Central,Yes,15.3,4.43,-3.21,26,Male,2023,12,22,4,51,1,5.0,16.1,15.295,Loss,0.4909695
O110569,C16552,P226374,Sports,36.25,0.0,1,Debit Card,2025-03-28,4,South,Yes,36.25,6.53,4.34,54,Female,2025,3,28,4,13,1,0.0,36.25,36.25,Profit,0.0
O110583,C14163,P216970,Beauty,10.32,0.0,1,Credit Card,2023-12-08,4,South,Yes,10.32,3.91,0.73,46,Female,2023,12,8,4,49,1,0.0,10.32,10.32,Profit,0.0
O110618,C10118,P225903,Electronics,50.84,0.0,1,PayPal,2025-03-09,3,North,Yes,50.84,5.66,0.44,47,Male,2025,3,9,6,10,1,0.0,50.84,50.84,Profit,0.0
O110640,C10508,P238005,Sports,115.39,0.05,1,UPI,2023-11-22,6,East,Yes,109.62,5.4,27.49,39,Female,2023,11,22,2,47,1,5.0,115.39,109.6205,Profit,0.0
O110672,C12371,P229733,Electronics,1428.13,0.05,1,Credit Card,2024-12-04,4,West,Yes,1356.72,11.2,151.61,25,Female,2024,12,4,2,49,1,5.0,1428.13,1356.7235,Profit,0.0
O110767,C16065,P241579,Electronics,250.97,0.15,1,UPI,2025-03-26,7,East,Yes,213.32,7.25,18.35,60,Male,2025,3,26,2,13,1,15.0,250.97,213.3245,Profit,0.0
O110770,C12758,P227727,Beauty,89.9,0.0,1,Debit Card,2025-07-12,4,North,Yes,89.9,7.78,32.68,55,Female,2025,7,12,5,28,1,0.0,89.9,89.9,Profit,0.0
O110777,C15210,P239032,Sports,23.51,0.05,1,Credit Card,2025-04-26,5,North,Yes,22.33,6.36,0.34,33,Female,2025,4,26,5,17,1,5.0,23.51,22.3345,Profit,0.0
O110780,C11189,P204480,Fashion,15.2,0.1,2,PayPal,2025-06-21,5,South,Yes,27.36,5.27,4.31,54,Male,2025,6,21,5,25,1,10.0,30.4,27.36,Profit,0.0
O110796,C15745,P226055,Electronics,457.09,0.0,5,COD,2024-12-31,7,South,Yes,2285.45,10.42,263.83,57,Female,2024,12,31,1,1,1,0.0,2285.45,2285.45,Profit,0.0
O110812,C17802,P227230,Sports,20.24,0.0,1,PayPal,2024-09-30,4,North,Yes,20.24,3.68,2.39,69,Male,2024,9,30,0,40,1,0.0,20.24,20.24,Profit,0.0
O110837,C17959,P215448,Electronics,1718.65,0.05,1,Credit Card,2024-10-04,4,South,Yes,1632.72,12.07,183.86,36,Male,2024,10,4,4,40,1,5.0,1718.65,1632.7175,Profit,0.0
O110864,C10348,P200620,Toys,21.18,0.05,2,Credit Card,2024-02-27,4,South,Yes,40.24,6.4,9.7,56,Male,2024,2,27,1,9,1,5.0,42.36,40.242,Profit,0.0
O110883,C13040,P206746,Sports,50.04,0.2,1,PayPal,2024-11-05,3,North,Yes,40.03,5.46,6.55,33,Female,2024,11,5,1,45,1,20.0,50.04,40.032,Profit,0.0
O110901,C13483,P208048,Home,115.91,0.0,3,Credit Card,2025-05-17,5,East,Yes,347.73,8.89,88.47,43,Male,2025,5,17,5,20,1,0.0,347.73,347.73,Profit,0.0
O110910,C11074,P245295,Beauty,6.03,0.0,1,Wallet,2025-06-25,6,East,Yes,6.03,1.8,0.91,54,Male,2025,6,25,2,26,1,0.0,6.03,6.03,Profit,0.0
O110914,C14587,P215373,Beauty,15.38,0.1,1,Debit Card,2024-09-06,3,Central,Yes,13.84,2.11,4.12,31,Male,2024,9,6,4,36,1,10.0,15.38,13.842,Profit,0.0
O110923,C10229,P224866,Sports,73.15,0.2,1,Credit Card,2024-09-18,3,North,Yes,58.52,6.88,10.68,49,Female,2024,9,18,2,38,1,20.0,73.15,58.52000000000001,Profit,0.0
O110944,C13052,P241493,Sports,175.05,0.2,4,Credit Card,2025-05-25,5,West,Yes,560.16,9.72,158.33,51,Female,2025,5,25,6,21,1,20.0,700.2,560.1600000000001,Profit,0.0
O110962,C14958,P214454,Electronics,168.24,0.0,2,PayPal,2024-01-23,5,East,Yes,336.48,10.53,29.85,21,Female,2024,1,23,1,4,1,0.0,336.48,336.48,Profit,0.0
O110966,C13382,P220403,Fashion,89.02,0.0,2,UPI,2024-12-11,8,South,Yes,178.04,9.36,52.95,63,Female,2024,12,11,2,50,1,0.0,178.04,178.04,Profit,0.0
O111018,C15544,P201436,Toys,26.24,0.05,1,Debit Card,2024-12-30,5,West,Yes,24.93,5.91,4.06,53,Male,2024,12,30,0,1,1,5.0,26.24,24.928,Profit,0.0
O111030,C17672,P217102,Home,35.41,0.1,3,Credit Card,2025-08-23,6,South,Yes,95.61,7.0,19.77,46,Female,2025,8,23,5,34,1,10.0,106.23,95.607,Profit,0.0
O111077,C16649,P207418,Beauty,66.94,0.0,1,Wallet,2025-06-05,5,South,Yes,66.94,6.94,23.18,60,Female,2025,6,5,3,23,1,0.0,66.94,66.94,Profit,0.0
O111082,C14757,P217566,Sports,91.48,0.0,2,Credit Card,2025-09-05,5,West,Yes,182.96,9.06,45.83,21,Female,2025,9,5,4,36,1,0.0,182.96,182.96,Profit,0.0
O111111,C12583,P201904,Sports,172.84,0.0,1,Credit Card,2024-01-23,4,Central,Yes,172.84,7.59,44.26,20,Female,2024,1,23,1,4,1,0.0,172.84,172.84,Profit,0.0
O111139,C11098,P248287,Toys,33.09,0.0,3,Credit Card,2023-11-04,8,West,Yes,99.27,5.2,34.51,30,Male,2023,11,4,5,44,1,0.0,99.27,99.27,Profit,0.0
O111147,C17110,P245281,Beauty,8.44,0.0,1,Credit Card,2025-01-03,3,Central,Yes,8.44,2.2,1.6,59,Male,2025,1,3,4,1,1,0.0,8.44,8.44,Profit,0.0
O111158,C17758,P212507,Electronics,308.88,0.0,2,Debit Card,2025-01-13,6,East,Yes,617.76,11.83,62.3,31,Male,2025,1,13,0,3,1,0.0,617.76,617.76,Profit,0.0
O111168,C10675,P215652,Toys,63.28,0.1,2,PayPal,2023-12-02,5,Central,Yes,113.9,7.87,37.69,47,Male,2023,12,2,5,48,1,10.0,126.56,113.904,Profit,0.0
O111278,C17741,P233993,Toys,5.85,0.05,4,Credit Card,2024-10-12,5,South,Yes,22.23,3.29,5.6,65,Female,2024,10,12,5,41,1,5.0,23.4,22.23,Profit,0.0
O111279,C16840,P234016,Toys,21.09,0.15,1,Debit Card,2024-04-01,4,Central,Yes,17.93,4.35,2.82,44,Male,2024,4,1,0,14,1,15.0,21.09,17.9265,Profit,0.0
O111292,C12129,P205196,Toys,23.06,0.0,1,Debit Card,2025-07-21,3,Central,Yes,23.06,5.04,4.18,57,Male,2025,7,21,0,30,1,0.0,23.06,23.06,Profit,0.0
O111348,C16396,P222942,Home,128.53,0.0,1,Wallet,2025-07-07,6,West,Yes,128.53,6.42,29.57,47,Male,2025,7,7,0,28,1,0.0,128.53,128.53,Profit,0.0
O111370,C10171,P229362,Beauty,13.47,0.1,1,Credit Card,2024-01-31,3,North,Yes,12.12,4.09,1.36,43,Male,2024,1,31,2,5,1,10.0,13.47,12.123,Profit,0.0
O111399,C12073,P228660,Fashion,27.98,0.1,1,COD,2025-02-17,3,North,Yes,25.18,4.13,4.68,23,Female,2025,2,17,0,8,1,10.0,27.98,25.182,Profit,0.0
O111415,C11894,P227387,Electronics,553.41,0.1,2,Debit Card,2025-04-27,5,Central,Yes,996.14,12.32,107.22,38,Male,2025,4,27,6,17,1,10.0,1106.82,996.138,Profit,0.0
O111444,C11298,P210362,Beauty,26.09,0.05,1,Credit Card,2024-09-04,5,South,Yes,24.79,6.69,4.47,53,Female,2024,9,4,2,36,1,5.0,26.09,24.7855,Profit,0.0
O111466,C16098,P225113,Fashion,51.18,0.2,2,Debit Card,2025-03-12,4,West,Yes,81.89,6.85,21.81,45,Female,2025,3,12,2,11,1,20.0,102.36,81.888,Profit,0.0
O111516,C15544,P235356,Home,224.22,0.1,2,Debit Card,2025-05-27,6,East,Yes,403.6,8.76,104.25,45,Female,2025,5,27,1,22,1,10.0,448.44,403.596,Profit,0.0
O111537,C15782,P204405,Toys,18.68,0.0,2,COD,2025-02-19,3,North,Yes,37.36,4.74,10.2,55,Female,2025,2,19,2,8,1,0.0,37.36,37.36,Profit,0.0
O111567,C12806,P240072,Beauty,29.7,0.05,3,PayPal,2025-06-30,4,Central,Yes,84.64,9.11,28.98,37,Male,2025,6,30,0,27,1,5.0,89.1,84.645,Profit,0.0
O111569,C10703,P215893,Electronics,580.01,0.05,1,Credit Card,2025-06-06,5,East,Yes,551.01,8.67,57.45,38,Female,2025,6,6,4,23,1,5.0,580.01,551.0095,Profit,0.0
O111585,C14224,P241041,Fashion,91.92,0.2,2,Debit Card,2025-01-23,6,East,Yes,147.07,7.26,44.21,21,Male,2025,1,23,3,4,1,20.0,183.84,147.072,Profit,0.0
O111590,C16865,P213036,Fashion,18.23,0.15,1,PayPal,2023-12-18,5,South,Yes,15.5,3.98,1.44,34,Female,2023,12,18,0,51,1,15.0,18.23,15.4955,Profit,0.0
O111594,C15249,P200645,Home,259.32,0.05,1,Debit Card,2024-08-10,4,Central,Yes,246.35,8.51,60.47,44,Female,2024,8,10,5,32,1,5.0,259.32,246.354,Profit,0.0
O111596,C11196,P239877,Beauty,10.36,0.05,1,Debit Card,2025-01-10,7,South,Yes,9.84,2.86,1.57,57,Female,2025,1,10,4,2,1,5.0,10.36,9.842,Profit,0.0
O111629,C17710,P213682,Fashion,150.5,0.0,1,Debit Card,2025-06-21,4,Central,Yes,150.5,6.09,46.58,38,Male,2025,6,21,5,25,1,0.0,150.5,150.5,Profit,0.0
O111631,C17399,P244599,Beauty,105.11,0.0,1,Credit Card,2025-01-21,3,North,Yes,105.11,7.34,39.96,51,Female,2025,1,21,1,4,1,0.0,105.11,105.11,Profit,0.0
O111633,C11564,P207618,Toys,4.99,0.05,1,Credit Card,2025-04-30,3,North,Yes,4.74,1.82,0.08,41,Female,2025,4,30,2,18,1,5.0,4.99,4.7405,Profit,0.0
O111651,C14928,P238133,Toys,17.77,0.05,1,COD,2023-11-12,4,Central,Yes,16.88,5.57,1.18,56,Female,2023,11,12,6,45,1,5.0,17.77,16.8815,Profit,0.0
O111699,C15462,P218069,Beauty,9.99,0.1,2,UPI,2024-09-24,5,East,Yes,17.98,3.93,4.16,27,Male,2024,9,24,1,39,1,10.0,19.98,17.982,Profit,0.0
O111758,C11781,P201593,Home,195.48,0.0,2,Credit Card,2025-04-24,5,South,Yes,390.96,10.61,98.86,53,Other,2025,4,24,3,17,1,0.0,390.96,390.96,Profit,0.0
O111806,C13161,P239301,Beauty,45.95,0.0,1,UPI,2025-05-28,4,South,Yes,45.95,5.76,14.92,42,Female,2025,5,28,2,22,1,0.0,45.95,45.95,Profit,0.0
O111813,C16617,P237458,Sports,184.46,0.0,5,UPI,2025-09-10,7,East,Yes,922.3,11.95,264.74,41,Male,2025,9,10,2,37,1,0.0,922.3,922.3,Profit,0.0
O111841,C16944,P235078,Fashion,163.05,0.0,1,Credit Card,2024-05-11,3,North,Yes,163.05,8.94,48.13,39,Female,2024,5,11,5,19,1,0.0,163.05,163.05,Profit,0.0
O111864,C15972,P201268,Electronics,371.54,0.0,1,Debit Card,2024-06-05,4,West,Yes,371.54,9.35,35.23,38,Female,2024,6,5,2,23,1,0.0,371.54,371.54,Profit,0.0
O111897,C11089,P210033,Fashion,23.46,0.0,1,COD,2024-02-07,7,East,Yes,23.46,5.81,2.4,44,Male,2024,2,7,2,6,1,0.0,23.46,23.46,Profit,0.0
O111904,C12003,P213410,Electronics,171.96,0.0,3,COD,2024-03-22,5,East,Yes,515.88,11.38,50.53,19,Female,2024,3,22,4,12,1,0.0,515.88,515.88,Profit,0.0
O111928,C17964,P233264,Electronics,396.7,0.1,1,Debit Card,2024-11-16,3,Central,Yes,357.03,8.05,34.79,26,Female,2024,11,16,5,46,1,10.0,396.7,357.03,Profit,0.0
O112016,C10904,P245202,Beauty,56.48,0.0,1,Debit Card,2024-09-07,8,South,Yes,56.48,5.44,19.98,23,Female,2024,9,7,5,36,1,0.0,56.48,56.48,Profit,0.0
O112029,C10294,P228352,Electronics,196.04,0.05,1,UPI,2024-04-23,5,South,Yes,186.24,8.44,13.91,23,Female,2024,4,23,1,17,1,5.0,196.04,186.238,Profit,0.0
O112089,C17493,P231343,Fashion,132.13,0.05,1,Debit Card,2024-11-03,7,West,Yes,125.52,8.03,35.9,46,Male,2024,11,3,6,44,1,5.0,132.13,125.52349999999998,Profit,0.0
O112092,C13333,P203950,Fashion,35.3,0.0,1,Debit Card,2023-12-09,5,East,Yes,35.3,5.66,6.69,46,Male,2023,12,9,5,49,1,0.0,35.3,35.3,Profit,0.0
O112103,C10974,P248334,Toys,7.41,0.0,1,Credit Card,2025-07-17,6,West,Yes,7.41,3.52,-0.56,19,Male,2025,7,17,3,29,1,0.0,7.41,7.41,Loss,0.041496000000000005
O112105,C13285,P217087,Electronics,146.48,0.1,3,Wallet,2025-01-10,4,North,Yes,395.5,9.95,37.51,55,Male,2025,1,10,4,2,1,10.0,439.44,395.496,Profit,0.0
O112156,C13078,P226235,Fashion,77.8,0.05,5,Credit Card,2024-02-09,4,North,Yes,369.55,8.94,120.4,61,Male,2024,2,9,4,6,1,5.0,389.0,369.55,Profit,0.0
O112183,C15097,P214962,Grocery,14.23,0.05,1,Wallet,2025-08-08,4,Central,Yes,13.52,5.07,-3.99,44,Male,2025,8,8,4,32,1,5.0,14.23,13.5185,Loss,0.53938815
O112223,C14419,P237297,Beauty,26.11,0.0,1,UPI,2023-10-01,6,East,Yes,26.11,6.19,5.56,64,Female,2023,10,1,6,39,1,0.0,26.11,26.11,Profit,0.0
O112226,C15886,P235583,Fashion,30.23,0.0,1,UPI,2024-10-30,6,South,Yes,30.23,4.54,6.04,54,Male,2024,10,30,2,44,1,0.0,30.23,30.23,Profit,0.0
O112231,C15837,P222332,Fashion,24.21,0.0,2,Credit Card,2024-07-19,6,West,Yes,48.42,5.09,11.86,30,Female,2024,7,19,4,29,1,0.0,48.42,48.42,Profit,0.0
O112233,C14847,P219973,Home,178.23,0.1,3,Debit Card,2023-12-29,4,West,Yes,481.22,9.49,125.25,49,Female,2023,12,29,4,52,1,10.0,534.6899999999999,481.221,Profit,0.0
O112253,C10378,P233496,Sports,261.97,0.0,1,UPI,2024-10-17,6,South,Yes,261.97,9.24,69.35,24,Male,2024,10,17,3,42,1,0.0,261.97,261.97,Profit,0.0
O112306,C14859,P244466,Fashion,22.5,0.1,1,Credit Card,2024-06-17,7,South,Yes,20.25,4.42,2.67,26,Female,2024,6,17,0,25,1,10.0,22.5,20.25,Profit,0.0
O112325,C10347,P223719,Sports,53.56,0.0,4,COD,2025-04-20,4,West,Yes,214.24,9.52,54.75,32,Male,2025,4,20,6,16,1,0.0,214.24,214.24,Profit,0.0
O112329,C17246,P228434,Electronics,196.31,0.1,1,PayPal,2024-12-02,4,Central,Yes,176.68,8.64,12.56,55,Female,2024,12,2,0,49,1,10.0,196.31,176.679,Profit,0.0
O112346,C10404,P240151,Beauty,6.73,0.0,1,Credit Card,2025-03-21,4,South,Yes,6.73,3.32,-0.29,33,Female,2025,3,21,4,12,1,0.0,6.73,6.73,Loss,0.019517
O112351,C13845,P227544,Toys,13.88,0.1,1,Credit Card,2024-04-27,7,West,Yes,12.49,3.71,1.29,56,Female,2024,4,27,5,17,1,10.0,13.88,12.492,Profit,0.0
O112360,C16445,P230904,Electronics,113.95,0.0,1,Debit Card,2024-03-11,6,West,Yes,113.95,7.87,5.8,36,Male,2024,3,11,0,11,1,0.0,113.95,113.95,Profit,0.0
O112422,C10089,P224085,Sports,28.47,0.0,5,PayPal,2023-10-05,3,North,Yes,142.35,7.57,35.14,29,Male,2023,10,5,3,40,1,0.0,142.35,142.35,Profit,0.0
O112535,C15008,P202419,Electronics,868.5,0.0,1,Credit Card,2024-09-27,5,Central,Yes,868.5,10.16,94.06,67,Female,2024,9,27,4,39,1,0.0,868.5,868.5,Profit,0.0
O112566,C15977,P235765,Electronics,306.88,0.0,1,COD,2025-08-03,5,North,Yes,306.88,10.44,26.39,19,Female,2025,8,3,6,31,1,0.0,306.88,306.88,Profit,0.0
O112568,C11109,P209946,Fashion,11.78,0.0,1,Debit Card,2024-01-16,5,South,Yes,11.78,4.05,0.07,40,Female,2024,1,16,1,3,1,0.0,11.78,11.78,Profit,0.0
O112605,C11658,P204655,Home,79.48,0.0,1,PayPal,2024-09-26,5,Central,Yes,79.48,5.31,16.94,29,Female,2024,9,26,3,39,1,0.0,79.48,79.48,Profit,0.0
O112633,C15986,P227856,Beauty,11.94,0.0,1,COD,2024-01-08,7,East,Yes,11.94,4.09,1.28,39,Female,2024,1,8,0,2,1,0.0,11.94,11.94,Profit,0.0
O112644,C16371,P220233,Electronics,201.54,0.15,1,Debit Card,2024-10-17,5,West,Yes,171.31,7.65,12.91,44,Male,2024,10,17,3,42,1,15.0,201.54,171.309,Profit,0.0
O112659,C13815,P248592,Electronics,99.58,0.05,4,UPI,2025-06-09,4,South,Yes,378.4,9.22,36.19,35,Male,2025,6,9,0,24,1,5.0,398.32,378.404,Profit,0.0
O112663,C17380,P208602,Fashion,31.84,0.2,1,Debit Card,2024-11-17,8,East,Yes,25.47,3.85,5.06,59,Male,2024,11,17,6,46,1,20.0,31.84,25.472,Profit,0.0
O112693,C12836,P227058,Sports,162.03,0.0,1,PayPal,2025-06-05,5,North,Yes,162.03,7.78,40.83,44,Female,2025,6,5,3,23,1,0.0,162.03,162.03,Profit,0.0
O112694,C10292,P249841,Home,93.21,0.0,3,Credit Card,2025-07-03,3,North,Yes,279.63,9.45,68.85,42,Female,2025,7,3,3,27,1,0.0,279.63,279.63,Profit,0.0
O112712,C17179,P222894,Beauty,26.42,0.1,4,Credit Card,2023-09-17,7,South,Yes,95.11,7.47,35.33,60,Male,2023,9,17,6,37,1,10.0,105.68,95.112,Profit,0.0
O112715,C13523,P243736,Electronics,211.47,0.0,3,COD,2025-07-05,6,South,Yes,634.41,10.04,66.09,49,Female,2025,7,5,5,27,1,0.0,634.41,634.41,Profit,0.0
O112729,C15409,P212769,Electronics,109.36,0.0,1,Credit Card,2025-09-01,5,Central,Yes,109.36,8.47,4.65,27,Male,2025,9,1,0,36,1,0.0,109.36,109.36,Profit,0.0
O112761,C17244,P249693,Fashion,38.19,0.1,1,Credit Card,2024-02-21,5,Central,Yes,34.37,3.7,8.33,52,Female,2024,2,21,2,8,1,10.0,38.19,34.371,Profit,0.0
O112764,C13368,P217368,Grocery,2.03,0.15,1,Credit Card,2025-04-12,6,West,Yes,1.73,1.26,-1.12,62,Male,2025,4,12,5,15,1,15.0,2.03,1.7254999999999998,Loss,0.019325600000000002
O112797,C13845,P226314,Home,276.4,0.0,2,COD,2025-07-10,4,Central,Yes,552.8,9.5,145.28,59,Female,2025,7,10,3,28,1,0.0,552.8,552.8,Profit,0.0
O112803,C16592,P228448,Beauty,36.68,0.05,2,Credit Card,2025-07-28,4,West,Yes,69.69,4.34,27.02,32,Female,2025,7,28,0,31,1,5.0,73.36,69.692,Profit,0.0
O112813,C16544,P201403,Beauty,36.83,0.0,1,Debit Card,2024-09-09,5,East,Yes,36.83,6.3,10.27,66,Male,2024,9,9,0,37,1,0.0,36.83,36.83,Profit,0.0
O112835,C15237,P234234,Home,49.95,0.0,1,Credit Card,2025-08-22,5,South,Yes,49.95,4.1,9.89,61,Female,2025,8,22,4,34,1,0.0,49.95,49.95,Profit,0.0
O112874,C16020,P245813,Toys,20.15,0.0,1,Credit Card,2024-10-13,4,South,Yes,20.15,3.45,4.61,61,Male,2024,10,13,6,41,1,0.0,20.15,20.15,Profit,0.0
O112916,C12934,P236772,Electronics,222.11,0.1,1,Credit Card,2024-08-13,7,East,Yes,199.9,9.56,14.43,49,Male,2024,8,13,1,33,1,10.0,222.11,199.89900000000003,Profit,0.0
O112919,C11209,P225035,Fashion,11.48,0.05,1,COD,2025-03-03,4,West,Yes,10.91,2.89,0.93,33,Female,2025,3,3,0,10,1,5.0,11.48,10.906,Profit,0.0
O112955,C10550,P201717,Fashion,37.4,0.0,4,Debit Card,2025-07-21,5,South,Yes,149.6,7.61,44.75,62,Female,2025,7,21,0,30,1,0.0,149.6,149.6,Profit,0.0
O112958,C15411,P221194,Fashion,45.21,0.05,1,Credit Card,2023-10-21,4,Central,Yes,42.95,6.17,8.86,60,Male,2023,10,21,5,42,1,5.0,45.21,42.9495,Profit,0.0
O112984,C11079,P245697,Fashion,180.89,0.0,1,Debit Card,2024-06-10,6,East,Yes,180.89,7.06,56.25,58,Male,2024,6,10,0,24,1,0.0,180.89,180.89,Profit,0.0
O112987,C17950,P226531,Fashion,33.56,0.0,1,Debit Card,2024-10-18,5,South,Yes,33.56,6.24,5.51,45,Male,2024,10,18,4,42,1,0.0,33.56,33.56,Profit,0.0
O112996,C13057,P236809,Sports,22.77,0.0,3,Credit Card,2025-06-24,4,West,Yes,68.31,7.77,12.72,28,Female,2025,6,24,1,26,1,0.0,68.31,68.31,Profit,0.0
O113002,C13688,P243289,Fashion,10.31,0.1,1,COD,2024-09-03,5,South,Yes,9.28,3.27,-0.02,48,Male,2024,9,3,1,36,1,10.0,10.31,9.279,Loss,0.0018558
O113006,C16227,P209698,Electronics,78.59,0.0,1,PayPal,2024-12-12,5,East,Yes,78.59,4.44,4.99,21,Female,2024,12,12,3,50,1,0.0,78.59,78.59,Profit,0.0
O113027,C14183,P225533,Sports,88.53,0.05,3,Credit Card,2024-06-04,5,West,Yes,252.31,8.89,66.8,25,Male,2024,6,4,1,23,1,5.0,265.59000000000003,252.3105,Profit,0.0
O113033,C11664,P246490,Home,216.6,0.1,1,UPI,2024-05-22,5,West,Yes,194.94,8.16,46.42,31,Female,2024,5,22,2,21,1,10.0,216.6,194.94,Profit,0.0
O113067,C15685,P219790,Fashion,16.71,0.0,1,Credit Card,2024-09-26,5,West,Yes,16.71,3.6,2.25,69,Female,2024,9,26,3,39,1,0.0,16.71,16.71,Profit,0.0
O113069,C16185,P236798,Toys,33.19,0.0,1,Debit Card,2024-03-29,4,North,Yes,33.19,4.23,9.05,68,Male,2024,3,29,4,13,1,0.0,33.19,33.19,Profit,0.0
O113071,C11308,P249944,Fashion,42.95,0.0,1,Credit Card,2024-06-28,8,West,Yes,42.95,6.58,8.45,23,Female,2024,6,28,4,26,1,0.0,42.95,42.95,Profit,0.0
O113072,C12986,P201136,Sports,19.8,0.15,2,PayPal,2023-12-28,6,East,Yes,33.66,4.4,5.7,32,Female,2023,12,28,3,52,1,15.0,39.6,33.660000000000004,Profit,0.0
O113074,C16131,P225938,Electronics,1325.94,0.0,1,Wallet,2024-12-04,6,West,Yes,1325.94,10.56,148.55,50,Female,2024,12,4,2,49,1,0.0,1325.94,1325.94,Profit,0.0
O113107,C15760,P202198,Beauty,23.54,0.2,2,Wallet,2024-07-29,4,North,Yes,37.66,2.75,14.2,23,Male,2024,7,29,0,31,1,20.0,47.08,37.664,Profit,0.0
O113114,C14263,P210411,Home,235.82,0.0,1,UPI,2024-12-01,5,West,Yes,235.82,9.37,56.66,35,Female,2024,12,1,6,48,1,0.0,235.82,235.82,Profit,0.0
O113118,C10104,P205259,Sports,100.09,0.0,1,COD,2024-08-25,3,North,Yes,100.09,7.28,22.75,33,Male,2024,8,25,6,34,1,0.0,100.09,100.09,Profit,0.0
O113133,C12511,P237825,Electronics,688.49,0.1,2,Credit Card,2024-08-26,4,South,Yes,1239.28,12.38,136.33,24,Female,2024,8,26,0,35,1,10.0,1376.98,1239.2820000000002,Profit,0.0
O113214,C14320,P206798,Toys,27.51,0.0,2,Debit Card,2023-10-02,4,West,Yes,55.02,5.6,16.41,49,Female,2023,10,2,0,40,1,0.0,55.02,55.02,Profit,0.0
O113219,C17454,P229309,Fashion,38.23,0.0,1,COD,2025-02-10,4,North,Yes,38.23,5.7,7.68,29,Female,2025,2,10,0,7,1,0.0,38.23,38.23,Profit,0.0
O113228,C12804,P225527,Toys,21.5,0.1,1,Debit Card,2025-03-14,9,East,Yes,19.35,4.95,2.79,46,Male,2025,3,14,4,11,1,10.0,21.5,19.35,Profit,0.0
O113246,C11124,P205226,Sports,164.5,0.15,1,Debit Card,2024-06-01,4,South,Yes,139.82,7.25,34.7,37,Female,2024,6,1,5,22,1,15.0,164.5,139.825,Profit,0.0
O113248,C16782,P245799,Fashion,63.69,0.0,1,Debit Card,2024-03-24,7,South,Yes,63.69,7.86,14.43,54,Female,2024,3,24,6,12,1,0.0,63.69,63.69,Profit,0.0
O113250,C15641,P221663,Beauty,20.21,0.0,3,Debit Card,2025-08-08,7,South,Yes,60.63,6.1,21.18,25,Male,2025,8,8,4,32,1,0.0,60.63,60.63,Profit,0.0
O113261,C17484,P204761,Beauty,37.5,0.15,2,Credit Card,2025-05-05,3,North,Yes,63.75,6.72,21.97,42,Female,2025,5,5,0,19,1,15.0,75.0,63.75,Profit,0.0
O113262,C16035,P221603,Electronics,156.42,0.0,1,COD,2025-02-15,4,North,Yes,156.42,6.69,12.08,27,Female,2025,2,15,5,7,1,0.0,156.42,156.42,Profit,0.0
O113275,C11875,P244380,Electronics,379.59,0.0,1,COD,2025-06-21,6,East,Yes,379.59,8.4,37.15,67,Male,2025,6,21,5,25,1,0.0,379.59,379.59,Profit,0.0
O113281,C10782,P242810,Home,39.57,0.0,3,UPI,2024-06-15,6,South,Yes,118.71,7.01,26.23,24,Female,2024,6,15,5,24,1,0.0,118.71,118.71,Profit,0.0
O113293,C13722,P205694,Home,449.81,0.0,1,COD,2025-09-02,4,North,Yes,449.81,9.17,116.78,47,Female,2025,9,2,1,36,1,0.0,449.81,449.81,Profit,0.0
O113307,C10916,P237985,Electronics,2211.69,0.0,2,Credit Card,2025-08-18,4,North,Yes,4423.38,12.66,518.15,64,Female,2025,8,18,0,34,1,0.0,4423.38,4423.38,Profit,0.0
O113312,C17709,P206671,Fashion,29.35,0.05,1,Debit Card,2025-01-22,6,West,Yes,27.88,4.8,4.96,24,Male,2025,1,22,2,4,1,5.0,29.35,27.8825,Profit,0.0
O113329,C17382,P219841,Sports,43.94,0.0,2,Debit Card,2024-11-20,4,Central,Yes,87.88,6.23,20.13,54,Female,2024,11,20,2,47,1,0.0,87.88,87.88,Profit,0.0
O113363,C11162,P228008,Fashion,37.28,0.0,1,Credit Card,2023-11-21,5,South,Yes,37.28,5.16,7.89,59,Female,2023,11,21,1,47,1,0.0,37.28,37.28,Profit,0.0
O113364,C16772,P229484,Fashion,53.59,0.05,1,COD,2024-04-24,4,North,Yes,50.91,6.94,10.88,60,Male,2024,4,24,2,17,1,5.0,53.59,50.9105,Profit,0.0
O113369,C14945,P248522,Home,21.46,0.0,1,UPI,2023-11-01,4,Central,Yes,21.46,5.35,0.66,41,Male,2023,11,1,2,44,1,0.0,21.46,21.46,Profit,0.0
O113397,C15950,P232592,Home,138.57,0.1,2,Credit Card,2025-07-26,5,Central,Yes,249.43,9.46,60.38,18,Male,2025,7,26,5,30,1,10.0,277.14,249.426,Profit,0.0
O113401,C17581,P214036,Electronics,337.78,0.0,2,Credit Card,2024-11-09,6,East,Yes,675.56,8.52,72.55,22,Male,2024,11,9,5,45,1,0.0,675.56,675.56,Profit,0.0
O113419,C14824,P201547,Toys,34.23,0.0,1,Debit Card,2024-10-01,5,West,Yes,34.23,4.68,9.01,56,Male,2024,10,1,1,40,1,0.0,34.23,34.23,Profit,0.0
O113499,C12568,P237491,Sports,150.1,0.0,2,UPI,2025-01-01,4,West,Yes,300.2,7.88,82.18,30,Male,2025,1,1,2,1,1,0.0,300.2,300.2,Profit,0.0
O113509,C13758,P228706,Toys,78.24,0.0,1,Debit Card,2025-03-11,4,North,Yes,78.24,6.91,24.39,31,Male,2025,3,11,1,11,1,0.0,78.24,78.24,Profit,0.0
O113519,C15166,P220384,Fashion,20.21,0.0,1,COD,2025-08-23,4,North,Yes,20.21,4.6,2.47,66,Other,2025,8,23,5,34,1,0.0,20.21,20.21,Profit,0.0
O113530,C14300,P218381,Electronics,71.11,0.0,1,PayPal,2024-12-16,5,South,Yes,71.11,5.31,3.22,32,Female,2024,12,16,0,51,1,0.0,71.11,71.11,Profit,0.0
O113602,C11821,P222579,Beauty,4.01,0.0,1,Debit Card,2025-07-04,4,North,Yes,4.01,1.98,-0.18,31,Female,2025,7,4,4,27,1,0.0,4.01,4.01,Loss,0.007217999999999999
O113646,C15985,P205960,Home,308.05,0.05,1,COD,2025-03-27,5,East,Yes,292.65,6.9,75.04,29,Male,2025,3,27,3,13,1,5.0,308.05,292.6475,Profit,0.0
O113670,C13432,P208061,Fashion,137.33,0.0,1,Credit Card,2024-02-04,5,West,Yes,137.33,5.23,42.84,47,Male,2024,2,4,6,5,1,0.0,137.33,137.33,Profit,0.0
O113674,C14144,P233646,Sports,79.18,0.15,1,Debit Card,2025-06-03,4,West,Yes,67.3,7.71,12.48,57,Male,2025,6,3,1,23,1,15.0,79.18,67.303,Profit,0.0
O113678,C10730,P229472,Home,141.4,0.05,1,Credit Card,2023-11-07,6,South,Yes,134.33,6.74,30.87,32,Male,2023,11,7,1,45,1,5.0,141.4,134.33,Profit,0.0
O113693,C17030,P232851,Toys,37.37,0.0,1,Credit Card,2024-10-20,5,North,Yes,37.37,6.11,8.84,54,Male,2024,10,20,6,42,1,0.0,37.37,37.37,Profit,0.0
O113723,C13122,P232548,Electronics,88.11,0.0,1,Credit Card,2024-09-10,6,East,Yes,88.11,7.24,3.33,50,Female,2024,9,10,1,37,1,0.0,88.11,88.11,Profit,0.0
O113733,C12243,P204194,Sports,56.37,0.15,2,Debit Card,2024-07-05,4,Central,Yes,95.83,7.49,21.26,43,Female,2024,7,5,4,27,1,15.0,112.74,95.829,Profit,0.0
O113747,C17819,P224233,Electronics,65.71,0.0,1,Credit Card,2025-03-01,3,Central,Yes,65.71,4.33,3.56,35,Male,2025,3,1,5,9,1,0.0,65.71,65.71,Profit,0.0
O113770,C15471,P247277,Home,563.46,0.1,2,Credit Card,2024-01-07,4,West,Yes,1014.23,9.27,274.71,55,Male,2024,1,7,6,1,1,10.0,1126.92,1014.228,Profit,0.0
O113776,C14538,P236612,Fashion,30.26,0.15,1,Credit Card,2024-01-20,7,East,Yes,25.72,5.75,3.25,25,Female,2024,1,20,5,3,1,15.0,30.26,25.721,Profit,0.0
O113782,C10146,P214206,Fashion,11.62,0.05,2,Credit Card,2025-08-10,5,North,Yes,22.08,3.0,4.73,69,Female,2025,8,10,6,32,1,5.0,23.24,22.078,Profit,0.0
O113786,C13677,P208354,Electronics,820.37,0.2,1,PayPal,2023-10-20,6,East,Yes,656.3,10.42,68.34,31,Male,2023,10,20,4,42,1,20.0,820.37,656.296,Profit,0.0
O113810,C13969,P221639,Beauty,6.42,0.05,1,Debit Card,2025-04-06,3,Central,Yes,6.1,2.22,0.52,31,Other,2025,4,6,6,14,1,5.0,6.42,6.098999999999999,Profit,0.0
O113811,C11306,P249403,Fashion,50.08,0.1,1,Credit Card,2024-09-28,5,West,Yes,45.07,5.44,10.33,56,Female,2024,9,28,5,39,1,10.0,50.08,45.072,Profit,0.0
O113876,C11076,P245684,Home,158.27,0.0,1,Debit Card,2024-07-02,6,West,Yes,158.27,6.93,37.39,23,Male,2024,7,2,1,27,1,0.0,158.27,158.27,Profit,0.0
O113895,C14644,P230220,Fashion,113.77,0.0,1,Debit Card,2024-11-15,4,West,Yes,113.77,8.63,31.19,32,Male,2024,11,15,4,46,1,0.0,113.77,113.77,Profit,0.0
O113903,C14196,P227987,Fashion,14.29,0.05,1,COD,2025-08-24,8,North,Yes,13.58,3.75,1.0,69,Male,2025,8,24,6,34,1,5.0,14.29,13.575499999999998,Profit,0.0
O113912,C10091,P211641,Toys,5.44,0.0,2,Debit Card,2024-08-24,3,North,Yes,10.88,3.83,0.52,58,Female,2024,8,24,5,34,1,0.0,10.88,10.88,Profit,0.0
O113915,C10108,P211315,Toys,46.71,0.0,1,COD,2025-01-24,5,North,Yes,46.71,7.3,11.38,48,Female,2025,1,24,4,4,1,0.0,46.71,46.71,Profit,0.0
O113930,C17741,P212497,Electronics,830.16,0.0,2,PayPal,2024-12-13,7,East,Yes,1660.32,9.49,189.75,49,Female,2024,12,13,4,50,1,0.0,1660.32,1660.32,Profit,0.0
O113938,C16981,P221205,Beauty,13.83,0.05,1,Debit Card,2025-08-03,5,East,Yes,13.14,4.07,1.84,22,Male,2025,8,3,6,31,1,5.0,13.83,13.1385,Profit,0.0
O113956,C12836,P242345,Fashion,19.22,0.0,1,Credit Card,2025-01-18,4,North,Yes,19.22,2.46,4.27,41,Male,2025,1,18,5,3,1,0.0,19.22,19.22,Profit,0.0
O113976,C14507,P212574,Electronics,538.46,0.0,1,COD,2025-04-30,5,West,Yes,538.46,8.62,56.0,48,Female,2025,4,30,2,18,1,0.0,538.46,538.46,Profit,0.0
O113980,C10481,P249893,Home,209.33,0.0,1,Credit Card,2025-06-16,4,South,Yes,209.33,10.05,48.56,49,Female,2025,6,16,0,25,1,0.0,209.33,209.33,Profit,0.0
O113997,C10603,P217406,Toys,24.62,0.0,1,Debit Card,2024-10-24,5,West,Yes,24.62,5.82,4.03,40,Female,2024,10,24,3,43,1,0.0,24.62,24.62,Profit,0.0
O114016,C11074,P243896,Home,344.34,0.0,3,UPI,2025-02-20,3,Central,Yes,1033.02,11.88,277.37,24,Female,2025,2,20,3,8,1,0.0,1033.02,1033.02,Profit,0.0
O114038,C14218,P248597,Electronics,1045.16,0.0,1,Debit Card,2025-04-04,6,East,Yes,1045.16,10.64,114.78,25,Female,2025,4,4,4,14,1,0.0,1045.16,1045.16,Profit,0.0
O114054,C12586,P220033,Fashion,8.68,0.0,4,Credit Card,2024-03-04,8,East,Yes,34.72,5.23,6.92,20,Male,2024,3,4,0,10,1,0.0,34.72,34.72,Profit,0.0
O114077,C15769,P228575,Fashion,33.73,0.05,1,Credit Card,2023-11-22,5,West,Yes,32.04,5.85,5.36,24,Male,2023,11,22,2,47,1,5.0,33.73,32.043499999999995,Profit,0.0
O114093,C13543,P231347,Electronics,73.03,0.05,1,UPI,2025-07-17,6,West,Yes,69.38,6.65,1.68,52,Male,2025,7,17,3,29,1,5.0,73.03,69.3785,Profit,0.0
O114112,C13118,P242125,Toys,7.75,0.05,4,Credit Card,2024-01-23,5,West,Yes,29.45,5.9,5.88,32,Male,2024,1,23,1,4,1,5.0,31.0,29.45,Profit,0.0
O114170,C14611,P205812,Sports,28.99,0.15,1,Wallet,2023-11-03,4,West,Yes,24.64,7.33,0.06,18,Male,2023,11,3,4,44,1,15.0,28.99,24.6415,Profit,0.0
O114190,C17432,P206652,Beauty,61.94,0.0,1,Debit Card,2024-01-03,4,South,Yes,61.94,5.97,21.9,30,Male,2024,1,3,2,1,1,0.0,61.94,61.94,Profit,0.0
O114211,C14420,P246221,Electronics,82.05,0.0,1,UPI,2025-01-30,3,Central,Yes,82.05,6.27,3.58,38,Male,2025,1,30,3,5,1,0.0,82.05,82.05,Profit,0.0
O114242,C14664,P241284,Electronics,1513.29,0.0,1,PayPal,2024-07-26,4,West,Yes,1513.29,9.45,172.14,55,Female,2024,7,26,4,30,1,0.0,1513.29,1513.29,Profit,0.0
O114266,C12460,P222727,Fashion,19.48,0.1,1,COD,2023-11-01,5,South,Yes,17.53,3.76,2.38,55,Female,2023,11,1,2,44,1,10.0,19.48,17.532,Profit,0.0
O114274,C14515,P235074,Sports,181.73,0.0,1,UPI,2024-09-18,4,South,Yes,181.73,7.72,46.8,41,Female,2024,9,18,2,38,1,0.0,181.73,181.73,Profit,0.0
O114307,C14183,P200260,Home,190.15,0.0,1,Credit Card,2024-03-04,5,West,Yes,190.15,8.07,45.17,65,Male,2024,3,4,0,10,1,0.0,190.15,190.15,Profit,0.0
O114319,C13890,P225379,Sports,23.21,0.1,1,Debit Card,2024-08-15,8,East,Yes,20.89,7.56,-1.29,55,Male,2024,8,15,3,33,1,10.0,23.21,20.889000000000003,Loss,0.26946810000000004
O114397,C11189,P244063,Electronics,709.49,0.0,5,Debit Card,2024-04-29,5,North,Yes,3547.45,11.86,413.83,57,Female,2024,4,29,0,18,1,0.0,3547.45,3547.45,Profit,0.0
O114403,C11212,P213240,Beauty,52.68,0.0,1,Credit Card,2025-06-12,6,West,Yes,52.68,5.85,17.86,33,Female,2025,6,12,3,24,1,0.0,52.68,52.68,Profit,0.0
O114473,C16909,P218211,Home,236.53,0.05,2,PayPal,2025-01-20,6,West,Yes,449.41,9.7,116.13,54,Male,2025,1,20,0,4,1,5.0,473.06,449.407,Profit,0.0
O114491,C12304,P208532,Fashion,11.55,0.0,1,Credit Card,2024-07-09,4,West,Yes,11.55,3.9,0.14,28,Male,2024,7,9,1,28,1,0.0,11.55,11.55,Profit,0.0
O114494,C10051,P201496,Beauty,39.23,0.05,1,Credit Card,2024-04-14,6,South,Yes,37.27,5.86,10.91,19,Female,2024,4,14,6,15,1,5.0,39.23,37.2685,Profit,0.0
O114507,C13139,P217803,Fashion,10.97,0.0,4,Credit Card,2025-07-27,5,North,Yes,43.88,6.39,8.97,35,Male,2025,7,27,6,30,1,0.0,43.88,43.88,Profit,0.0
O114549,C16129,P221829,Electronics,215.19,0.0,1,Credit Card,2024-04-06,4,West,Yes,215.19,9.1,16.72,58,Female,2024,4,6,5,14,1,0.0,215.19,215.19,Profit,0.0
O114563,C14308,P211090,Electronics,366.81,0.1,1,UPI,2025-05-10,3,North,Yes,330.13,9.86,29.76,26,Male,2025,5,10,5,19,1,10.0,366.81,330.129,Profit,0.0
O114574,C11782,P208300,Home,23.21,0.1,1,Credit Card,2023-12-17,5,West,Yes,20.89,4.53,1.32,57,Female,2023,12,17,6,50,1,10.0,23.21,20.889000000000003,Profit,0.0
O114591,C13936,P217258,Fashion,9.35,0.05,1,Credit Card,2025-09-06,4,North,Yes,8.88,3.53,-0.42,58,Male,2025,9,6,5,36,1,5.0,9.35,8.882499999999999,Loss,0.03730649999999999
O114592,C14428,P227009,Sports,82.93,0.05,1,PayPal,2024-06-21,4,West,Yes,78.78,7.38,16.25,22,Male,2024,6,21,4,25,1,5.0,82.93,78.7835,Profit,0.0
O114593,C15093,P207303,Beauty,91.75,0.0,1,Credit Card,2024-06-12,5,Central,Yes,91.75,6.52,34.77,50,Female,2024,6,12,2,24,1,0.0,91.75,91.75,Profit,0.0
O114595,C11419,P212177,Home,62.84,0.0,1,Wallet,2025-07-30,4,North,Yes,62.84,6.67,10.93,26,Female,2025,7,30,2,31,1,0.0,62.84,62.84,Profit,0.0
O114597,C11330,P231782,Electronics,485.06,0.0,1,COD,2025-07-25,6,South,Yes,485.06,9.84,48.37,46,Female,2025,7,25,4,30,1,0.0,485.06,485.06,Profit,0.0
O114602,C12844,P213276,Fashion,72.59,0.0,1,UPI,2024-08-28,5,West,Yes,72.59,6.81,18.6,61,Male,2024,8,28,2,35,1,0.0,72.59,72.59,Profit,0.0
O114632,C12784,P221344,Sports,110.41,0.15,5,Debit Card,2023-11-11,6,North,Yes,469.24,9.47,131.3,44,Male,2023,11,11,5,45,1,15.0,552.05,469.2425,Profit,0.0
O114634,C16391,P234207,Fashion,72.8,0.1,1,COD,2024-12-04,4,South,Yes,65.52,5.99,16.94,26,Male,2024,12,4,2,49,1,10.0,72.8,65.52,Profit,0.0
O114636,C17287,P208905,Electronics,62.48,0.0,1,Debit Card,2024-10-09,5,North,Yes,62.48,5.12,2.38,42,Female,2024,10,9,2,41,1,0.0,62.48,62.48,Profit,0.0
O114638,C16716,P225151,Electronics,1287.47,0.15,1,PayPal,2025-06-16,5,East,Yes,1094.35,10.45,120.87,18,Male,2025,6,16,0,25,1,15.0,1287.47,1094.3495,Profit,0.0
O114658,C14019,P221993,Sports,299.5,0.0,1,UPI,2025-07-22,5,North,Yes,299.5,7.37,82.48,42,Female,2025,7,22,1,30,1,0.0,299.5,299.5,Profit,0.0
O114668,C17961,P227532,Electronics,337.89,0.05,1,COD,2024-08-17,4,North,Yes,321.0,7.68,30.84,62,Female,2024,8,17,5,33,1,5.0,337.89,320.9955,Profit,0.0
O114683,C13319,P202690,Fashion,10.56,0.0,1,Debit Card,2025-02-11,5,South,Yes,10.56,3.4,0.3,31,Male,2025,2,11,1,7,1,0.0,10.56,10.56,Profit,0.0
O114695,C12888,P226469,Fashion,24.99,0.05,1,Credit Card,2023-09-22,5,East,Yes,23.74,4.4,3.91,57,Male,2023,9,22,4,38,1,5.0,24.99,23.7405,Profit,0.0
O114727,C11471,P227471,Toys,26.72,0.0,1,Debit Card,2023-11-23,5,West,Yes,26.72,4.73,5.96,52,Male,2023,11,23,3,47,1,0.0,26.72,26.72,Profit,0.0
O114759,C15969,P243948,Fashion,60.23,0.05,1,Debit Card,2023-11-25,3,Central,Yes,57.22,5.69,14.34,46,Female,2023,11,25,5,47,1,5.0,60.23,57.21849999999999,Profit,0.0
O114761,C14535,P222933,Home,288.78,0.05,1,Credit Card,2023-12-14,4,North,Yes,274.34,8.63,68.19,32,Other,2023,12,14,3,50,1,5.0,288.78,274.34099999999995,Profit,0.0
O114807,C13931,P212854,Electronics,413.68,0.15,1,Credit Card,2023-12-12,7,West,Yes,351.63,10.01,32.19,42,Male,2023,12,12,1,50,1,15.0,413.68,351.628,Profit,0.0
O114811,C13507,P219879,Fashion,44.66,0.0,2,PayPal,2023-12-13,4,North,Yes,89.32,7.31,23.95,47,Male,2023,12,13,2,50,1,0.0,89.32,89.32,Profit,0.0
O114828,C15756,P238719,Fashion,126.86,0.05,1,Credit Card,2024-10-21,5,South,Yes,120.52,8.18,34.0,37,Female,2024,10,21,0,43,1,5.0,126.86,120.517,Profit,0.0
O114836,C10442,P221949,Fashion,29.82,0.0,2,Credit Card,2024-06-28,6,South,Yes,59.64,6.2,14.67,53,Female,2024,6,28,4,26,1,0.0,59.64,59.64,Profit,0.0
O114854,C13409,P202192,Fashion,36.0,0.05,1,Debit Card,2025-07-23,4,West,Yes,34.2,4.69,7.28,37,Male,2025,7,23,2,30,1,5.0,36.0,34.2,Profit,0.0
O114879,C17829,P209740,Sports,138.46,0.05,1,Debit Card,2023-11-18,4,West,Yes,131.54,7.81,31.65,60,Male,2023,11,18,5,46,1,5.0,138.46,131.537,Profit,0.0
O114880,C13983,P234256,Sports,40.15,0.0,1,Debit Card,2024-08-12,5,East,Yes,40.15,5.31,6.74,25,Male,2024,8,12,0,33,1,0.0,40.15,40.15,Profit,0.0
O114889,C16488,P229407,Sports,207.55,0.0,1,UPI,2024-12-21,5,North,Yes,207.55,8.41,53.86,45,Female,2024,12,21,5,51,1,0.0,207.55,207.55,Profit,0.0
O114933,C15729,P219063,Toys,10.93,0.1,1,Debit Card,2024-12-14,5,East,Yes,9.84,3.5,0.44,56,Male,2024,12,14,5,50,1,10.0,10.93,9.837,Profit,0.0
O114988,C13148,P234204,Fashion,47.81,0.0,1,UPI,2025-01-30,8,East,Yes,47.81,5.94,10.79,66,Male,2025,1,30,3,5,1,0.0,47.81,47.81,Profit,0.0
O114990,C11004,P222759,Home,118.62,0.0,2,Debit Card,2025-07-29,5,West,Yes,237.24,6.87,59.56,66,Female,2025,7,29,1,31,1,0.0,237.24,237.24,Profit,0.0
O115012,C12210,P229666,Electronics,170.65,0.0,2,COD,2025-06-15,3,North,Yes,341.3,8.87,32.09,65,Female,2025,6,15,6,24,1,0.0,341.3,341.3,Profit,0.0
O115015,C16338,P237549,Electronics,98.38,0.0,1,Debit Card,2025-04-25,5,Central,Yes,98.38,5.54,6.27,59,Other,2025,4,25,4,17,1,0.0,98.38,98.38,Profit,0.0
O115023,C16971,P248623,Toys,16.69,0.15,1,Debit Card,2023-10-28,4,North,Yes,14.19,3.9,1.78,33,Female,2023,10,28,5,43,1,15.0,16.69,14.1865,Profit,0.0
O115062,C14995,P249548,Beauty,90.52,0.0,2,Credit Card,2023-11-19,5,East,Yes,181.04,8.3,73.17,40,Female,2023,11,19,6,46,1,0.0,181.04,181.04,Profit,0.0
O115078,C13350,P231724,Home,579.05,0.0,2,COD,2025-02-20,5,Central,Yes,1158.1,11.31,312.96,36,Male,2025,2,20,3,8,1,0.0,1158.1,1158.1,Profit,0.0
O115083,C15484,P209880,Fashion,10.68,0.1,3,Debit Card,2023-11-21,5,Central,Yes,28.84,5.12,4.97,40,Female,2023,11,21,1,47,1,10.0,32.04,28.836,Profit,0.0
O115099,C16838,P225824,Grocery,11.88,0.0,1,Debit Card,2025-04-18,5,West,Yes,11.88,4.23,-3.28,58,Female,2025,4,18,4,16,1,0.0,11.88,11.88,Loss,0.389664
O115124,C15901,P219531,Fashion,7.94,0.0,1,Debit Card,2024-10-11,6,South,Yes,7.94,4.57,-1.79,19,Male,2024,10,11,4,41,1,0.0,7.94,7.94,Loss,0.142126
O115170,C11654,P245766,Home,135.17,0.0,1,PayPal,2025-03-14,4,South,Yes,135.17,8.72,29.13,46,Male,2025,3,14,4,11,1,0.0,135.17,135.17,Profit,0.0
O115174,C15688,P226248,Fashion,74.37,0.0,2,Credit Card,2025-07-29,3,North,Yes,148.74,7.28,44.78,54,Female,2025,7,29,1,31,1,0.0,148.74,148.74,Profit,0.0
O115213,C17686,P241476,Electronics,71.59,0.0,1,UPI,2024-08-22,5,East,Yes,71.59,5.8,2.79,35,Female,2024,8,22,3,34,1,0.0,71.59,71.59,Profit,0.0
O115234,C10069,P234839,Home,55.64,0.0,1,Debit Card,2024-06-27,5,South,Yes,55.64,5.75,9.83,61,Female,2024,6,27,3,26,1,0.0,55.64,55.64,Profit,0.0
O115245,C17108,P201589,Fashion,10.14,0.0,2,Wallet,2025-04-03,6,East,Yes,20.28,4.67,2.43,32,Male,2025,4,3,3,14,1,0.0,20.28,20.28,Profit,0.0
O115261,C13448,P237265,Electronics,196.72,0.1,1,COD,2025-06-14,4,South,Yes,177.05,8.6,12.65,65,Female,2025,6,14,5,24,1,10.0,196.72,177.048,Profit,0.0
O115269,C14126,P221682,Fashion,6.35,0.15,1,Credit Card,2025-01-04,6,Central,Yes,5.4,3.83,-1.94,67,Male,2025,1,4,5,1,1,15.0,6.35,5.3975,Loss,0.1047115
O115272,C16011,P205652,Sports,55.43,0.05,3,Credit Card,2023-09-26,6,East,Yes,157.98,5.51,41.88,41,Female,2023,9,26,1,39,1,5.0,166.29,157.97549999999998,Profit,0.0
O115307,C17156,P246595,Sports,104.55,0.0,5,COD,2024-11-04,6,East,Yes,522.75,10.14,146.68,54,Male,2024,11,4,0,45,1,0.0,522.75,522.75,Profit,0.0
O115312,C16884,P230222,Electronics,234.04,0.1,2,Credit Card,2024-03-23,4,Central,Yes,421.27,9.71,40.84,66,Female,2024,3,23,5,12,1,10.0,468.08,421.272,Profit,0.0
O115332,C16450,P212546,Home,23.7,0.0,2,UPI,2024-05-22,5,South,Yes,47.4,4.79,8.48,51,Female,2024,5,22,2,21,1,0.0,47.4,47.4,Profit,0.0
O115346,C15415,P213235,Electronics,105.28,0.0,2,Credit Card,2024-02-10,3,Central,Yes,210.56,8.31,16.96,50,Male,2024,2,10,5,6,1,0.0,210.56,210.56,Profit,0.0
O115400,C14261,P249757,Home,16.46,0.0,1,Debit Card,2024-12-01,3,North,Yes,16.46,3.26,1.35,66,Female,2024,12,1,6,48,1,0.0,16.46,16.46,Profit,0.0
O115406,C11115,P212425,Grocery,6.77,0.0,1,Credit Card,2024-04-14,6,East,Yes,6.77,2.95,-2.41,50,Female,2024,4,14,6,15,1,0.0,6.77,6.77,Loss,0.163157
O115422,C14854,P225601,Fashion,48.74,0.15,1,COD,2024-10-14,5,West,Yes,41.43,5.48,9.02,30,Female,2024,10,14,0,42,1,15.0,48.74,41.429,Profit,0.0
O115427,C15403,P243701,Fashion,65.4,0.0,3,PayPal,2025-01-02,7,East,Yes,196.2,8.38,60.29,60,Male,2025,1,2,3,1,1,0.0,196.2,196.2,Profit,0.0
O115455,C14330,P200494,Electronics,229.19,0.1,1,Credit Card,2025-02-12,5,North,Yes,206.27,8.21,16.54,38,Male,2025,2,12,2,7,1,10.0,229.19,206.271,Profit,0.0
O115512,C10463,P233125,Home,190.47,0.0,1,Debit Card,2024-09-26,6,East,Yes,190.47,6.71,46.62,44,Female,2024,9,26,3,39,1,0.0,190.47,190.47,Profit,0.0
O115525,C16828,P247999,Electronics,101.3,0.05,1,Wallet,2023-12-06,5,South,Yes,96.24,7.72,3.83,59,Female,2023,12,6,2,49,1,5.0,101.3,96.235,Profit,0.0
O115526,C14253,P218167,Fashion,37.51,0.1,1,PayPal,2024-03-08,5,North,Yes,33.76,4.87,6.95,26,Female,2024,3,8,4,10,1,10.0,37.51,33.759,Profit,0.0
O115528,C10493,P248505,Beauty,64.89,0.0,3,UPI,2025-02-12,4,West,Yes,194.67,7.8,79.8,59,Female,2025,2,12,2,7,1,0.0,194.67,194.67,Profit,0.0
O115551,C10761,P243109,Electronics,101.35,0.1,1,Credit Card,2025-01-02,5,South,Yes,91.22,7.86,3.09,22,Female,2025,1,2,3,1,1,10.0,101.35,91.215,Profit,0.0
O115566,C14605,P233335,Fashion,70.41,0.15,1,Credit Card,2024-11-20,5,West,Yes,59.85,6.96,13.99,24,Female,2024,11,20,2,47,1,15.0,70.41,59.8485,Profit,0.0
O115570,C17378,P211804,Beauty,35.11,0.0,4,Credit Card,2024-06-16,4,Central,Yes,140.44,7.56,55.64,32,Male,2024,6,16,6,24,1,0.0,140.44,140.44,Profit,0.0
O115574,C14829,P200168,Beauty,36.96,0.05,3,Debit Card,2024-04-10,4,North,Yes,105.34,6.7,40.7,65,Female,2024,4,10,2,15,1,5.0,110.88,105.33599999999998,Profit,0.0
O115581,C14394,P232961,Sports,20.61,0.0,2,Debit Card,2024-12-25,5,East,Yes,41.22,4.85,7.52,36,Male,2024,12,25,2,52,1,0.0,41.22,41.22,Profit,0.0
O115671,C16857,P206042,Fashion,72.19,0.0,2,PayPal,2024-07-30,4,West,Yes,144.38,6.8,43.73,61,Male,2024,7,30,1,31,1,0.0,144.38,144.38,Profit,0.0
O115735,C17486,P213088,Beauty,93.6,0.0,1,UPI,2025-05-25,5,South,Yes,93.6,5.65,36.47,57,Male,2025,5,25,6,21,1,0.0,93.6,93.6,Profit,0.0
O115742,C11219,P211164,Sports,681.35,0.0,1,Debit Card,2024-05-03,4,South,Yes,681.35,8.94,195.46,67,Male,2024,5,3,4,18,1,0.0,681.35,681.35,Profit,0.0
O115750,C16659,P232869,Sports,29.56,0.05,1,COD,2024-06-22,3,Central,Yes,28.08,3.68,4.74,48,Male,2024,6,22,5,25,1,5.0,29.56,28.082,Profit,0.0
O115768,C13146,P228638,Toys,5.98,0.0,1,Wallet,2025-05-05,7,East,Yes,5.98,3.59,-1.2,30,Male,2025,5,5,0,19,1,0.0,5.98,5.98,Loss,0.07176
O115787,C11750,P200129,Sports,59.8,0.0,1,PayPal,2024-10-02,5,East,Yes,59.8,7.71,10.23,35,Female,2024,10,2,2,40,1,0.0,59.8,59.8,Profit,0.0
O115807,C11941,P211058,Toys,35.69,0.05,1,UPI,2025-06-05,5,North,Yes,33.91,5.19,8.37,26,Male,2025,6,5,3,23,1,5.0,35.69,33.9055,Profit,0.0
O115820,C11660,P224495,Electronics,382.47,0.05,1,Credit Card,2025-01-20,4,North,Yes,363.35,9.37,34.23,52,Female,2025,1,20,0,4,1,5.0,382.47,363.3465,Profit,0.0
O115830,C17512,P246489,Toys,12.0,0.0,1,Debit Card,2024-09-09,5,North,Yes,12.0,6.25,-1.45,64,Male,2024,9,9,0,37,1,0.0,12.0,12.0,Loss,0.174
O115842,C14953,P247622,Beauty,27.6,0.0,1,COD,2025-03-20,7,South,Yes,27.6,3.88,8.54,39,Female,2025,3,20,3,12,1,0.0,27.6,27.6,Profit,0.0
O115846,C15113,P228715,Toys,54.41,0.0,1,UPI,2024-09-08,5,West,Yes,54.41,5.81,15.95,53,Male,2024,9,8,6,36,1,0.0,54.41,54.41,Profit,0.0
O115854,C16979,P219369,Fashion,23.42,0.2,4,Credit Card,2024-04-19,5,South,Yes,74.94,5.71,20.52,64,Female,2024,4,19,4,16,1,20.0,93.68,74.944,Profit,0.0
O115856,C10065,P224401,Electronics,155.09,0.05,1,Credit Card,2024-12-24,4,West,Yes,147.34,7.44,10.24,59,Male,2024,12,24,1,52,1,5.0,155.09,147.3355,Profit,0.0
O115887,C16401,P242191,Fashion,33.72,0.0,1,Wallet,2025-02-04,5,East,Yes,33.72,3.57,8.23,63,Female,2025,2,4,1,6,1,0.0,33.72,33.72,Profit,0.0
O115905,C15097,P245010,Fashion,41.85,0.0,1,Credit Card,2024-05-01,5,East,Yes,41.85,5.19,9.46,62,Female,2024,5,1,2,18,1,0.0,41.85,41.85,Profit,0.0
O115906,C11660,P239989,Fashion,22.77,0.0,1,Debit Card,2025-05-07,6,East,Yes,22.77,4.06,3.91,19,Female,2025,5,7,2,19,1,0.0,22.77,22.77,Profit,0.0
O115922,C11390,P214265,Toys,9.96,0.05,1,Credit Card,2024-07-28,5,East,Yes,9.46,1.78,2.0,60,Male,2024,7,28,6,30,1,5.0,9.96,9.462,Profit,0.0
O115928,C12179,P202922,Electronics,503.16,0.05,2,Debit Card,2023-10-03,6,East,Yes,956.0,10.06,104.66,39,Female,2023,10,3,1,40,1,5.0,1006.32,956.004,Profit,0.0
O115952,C15712,P216037,Home,45.8,0.0,1,UPI,2024-10-14,5,East,Yes,45.8,6.88,5.94,38,Female,2024,10,14,0,42,1,0.0,45.8,45.8,Profit,0.0
O115954,C11245,P219079,Sports,13.65,0.2,1,Credit Card,2024-10-12,4,Central,Yes,10.92,3.36,-0.08,24,Male,2024,10,12,5,41,1,20.0,13.65,10.920000000000002,Loss,0.008736
O115967,C14377,P240065,Fashion,33.03,0.05,1,Wallet,2024-07-21,3,North,Yes,31.38,3.55,7.43,58,Female,2024,7,21,6,29,1,5.0,33.03,31.3785,Profit,0.0
O115973,C17096,P229928,Fashion,94.68,0.0,2,Credit Card,2025-07-31,6,North,Yes,189.36,7.0,59.28,34,Female,2025,7,31,3,31,1,0.0,189.36,189.36,Profit,0.0
O115982,C17960,P246669,Fashion,50.59,0.0,1,PayPal,2024-07-01,7,East,Yes,50.59,6.69,11.02,65,Female,2024,7,1,0,27,1,0.0,50.59,50.59,Profit,0.0
O115987,C10234,P204797,Fashion,32.86,0.0,1,Credit Card,2023-10-23,4,South,Yes,32.86,5.14,6.36,20,Female,2023,10,23,0,43,1,0.0,32.86,32.86,Profit,0.0
O115998,C13324,P209663,Grocery,12.25,0.0,1,PayPal,2024-02-22,4,South,Yes,12.25,1.73,-0.75,27,Female,2024,2,22,3,8,1,0.0,12.25,12.25,Loss,0.091875
O116001,C12939,P221796,Electronics,53.85,0.0,1,UPI,2025-08-13,5,East,Yes,53.85,6.47,-0.01,32,Male,2025,8,13,2,33,1,0.0,53.85,53.85,Loss,0.005385
O116003,C17966,P237380,Toys,4.48,0.05,4,Credit Card,2025-04-23,4,North,Yes,17.02,4.51,2.3,59,Female,2025,4,23,2,17,1,5.0,17.92,17.024,Profit,0.0
O116028,C12065,P236633,Home,66.55,0.0,1,Debit Card,2024-04-06,6,South,Yes,66.55,5.77,12.86,57,Male,2024,4,6,5,14,1,0.0,66.55,66.55,Profit,0.0
O116043,C13711,P231917,Grocery,1.11,0.0,2,Credit Card,2025-02-09,4,West,Yes,2.22,3.76,-3.58,52,Male,2025,2,9,6,6,1,0.0,2.22,2.22,Loss,0.079476
O116050,C11275,P220635,Electronics,482.46,0.15,1,Credit Card,2024-07-15,5,East,Yes,410.09,9.77,39.44,28,Female,2024,7,15,0,29,1,15.0,482.46,410.091,Profit,0.0
O116057,C12770,P202169,Electronics,374.63,0.0,5,Debit Card,2025-03-15,4,Central,Yes,1873.15,11.96,212.82,33,Female,2025,3,15,5,11,1,0.0,1873.15,1873.15,Profit,0.0
O116060,C10267,P242803,Electronics,155.23,0.05,1,PayPal,2024-12-13,3,Central,Yes,147.47,7.87,9.83,64,Male,2024,12,13,4,50,1,5.0,155.23,147.46849999999998,Profit,0.0
O116103,C11649,P207747,Electronics,52.48,0.1,1,UPI,2024-07-04,4,North,Yes,47.23,5.25,0.42,30,Male,2024,7,4,3,27,1,10.0,52.48,47.232,Profit,0.0
O116107,C12956,P235903,Home,37.31,0.05,4,Credit Card,2024-08-13,4,South,Yes,141.78,9.01,30.69,35,Female,2024,8,13,1,33,1,5.0,149.24,141.778,Profit,0.0
O116134,C15944,P245057,Electronics,378.57,0.2,1,Wallet,2025-03-26,7,East,Yes,302.86,8.1,28.24,63,Male,2025,3,26,2,13,1,20.0,378.57,302.856,Profit,0.0
O116143,C14747,P229107,Electronics,513.79,0.0,1,Debit Card,2025-03-19,4,West,Yes,513.79,9.57,52.08,44,Male,2025,3,19,2,12,1,0.0,513.79,513.79,Profit,0.0
O116170,C11746,P207420,Beauty,5.35,0.1,5,COD,2024-11-01,4,Central,Yes,24.08,4.67,6.17,21,Male,2024,11,1,4,44,1,10.0,26.75,24.075,Profit,0.0
O116174,C12696,P231453,Home,90.37,0.15,5,Debit Card,2025-05-21,3,North,Yes,384.07,7.92,99.62,69,Male,2025,5,21,2,21,1,15.0,451.85,384.0725,Profit,0.0
O116223,C15067,P234505,Home,198.27,0.15,3,Credit Card,2025-02-17,8,West,Yes,505.59,9.04,132.53,39,Female,2025,2,17,0,8,1,15.0,594.8100000000001,505.5885,Profit,0.0
O116229,C11810,P211360,Home,102.24,0.0,1,Debit Card,2024-10-27,4,West,Yes,102.24,6.95,21.68,55,Male,2024,10,27,6,43,1,0.0,102.24,102.24,Profit,0.0
O116238,C13737,P248001,Home,85.5,0.0,1,Credit Card,2025-08-07,8,South,Yes,85.5,6.94,17.0,54,Female,2025,8,7,3,32,1,0.0,85.5,85.5,Profit,0.0
O116241,C14241,P228062,Home,99.47,0.1,1,Debit Card,2024-12-22,6,East,Yes,89.52,7.16,17.91,49,Female,2024,12,22,6,51,1,10.0,99.47,89.523,Profit,0.0
O116244,C15371,P239633,Fashion,25.86,0.0,1,Credit Card,2025-04-18,4,South,Yes,25.86,4.75,4.3,43,Female,2025,4,18,4,16,1,0.0,25.86,25.86,Profit,0.0
O116262,C12980,P215567,Fashion,113.87,0.15,1,PayPal,2024-04-14,3,Central,Yes,96.79,6.85,27.03,52,Female,2024,4,14,6,15,1,15.0,113.87,96.7895,Profit,0.0
O116294,C12666,P211883,Electronics,182.01,0.05,2,UPI,2024-04-10,5,West,Yes,345.82,8.21,33.29,19,Male,2024,4,10,2,15,1,5.0,364.02,345.819,Profit,0.0
O116318,C17753,P201468,Home,176.67,0.0,1,Credit Card,2025-08-27,4,North,Yes,176.67,7.53,41.94,68,Male,2025,8,27,2,35,1,0.0,176.67,176.67,Profit,0.0
O116320,C17248,P235086,Fashion,24.6,0.1,1,Debit Card,2024-02-08,3,North,Yes,22.14,4.37,3.38,41,Male,2024,2,8,3,6,1,10.0,24.6,22.14,Profit,0.0
O116340,C14516,P220178,Electronics,908.98,0.1,1,Credit Card,2024-01-16,4,South,Yes,818.08,10.49,87.68,29,Female,2024,1,16,1,3,1,10.0,908.98,818.082,Profit,0.0
O116355,C14403,P233002,Electronics,124.79,0.0,1,Wallet,2024-11-19,5,West,Yes,124.79,6.83,8.14,47,Male,2024,11,19,1,47,1,0.0,124.79,124.79,Profit,0.0
O116366,C14746,P243570,Home,85.97,0.15,1,Credit Card,2024-02-24,3,Central,Yes,73.07,9.49,10.97,38,Male,2024,2,24,5,8,1,15.0,85.97,73.0745,Profit,0.0
O116371,C17239,P217794,Home,128.24,0.1,2,Debit Card,2024-11-12,4,West,Yes,230.83,8.5,56.13,49,Male,2024,11,12,1,46,1,10.0,256.48,230.832,Profit,0.0
O116402,C13183,P246207,Sports,266.71,0.05,1,Credit Card,2025-03-19,4,North,Yes,253.37,10.6,65.41,63,Female,2025,3,19,2,12,1,5.0,266.71,253.37449999999995,Profit,0.0
O116415,C15289,P206278,Sports,227.83,0.0,1,COD,2024-04-03,6,West,Yes,227.83,9.04,59.31,36,Male,2024,4,3,2,14,1,0.0,227.83,227.83,Profit,0.0
O116426,C15668,P242330,Electronics,342.42,0.05,2,Debit Card,2024-09-04,3,Central,Yes,650.6,8.45,69.62,63,Female,2024,9,4,2,36,1,5.0,684.84,650.598,Profit,0.0
O116452,C13807,P203677,Fashion,383.89,0.0,1,Debit Card,2025-06-06,4,South,Yes,383.89,9.65,124.71,64,Female,2025,6,6,4,23,1,0.0,383.89,383.89,Profit,0.0
O116488,C15886,P218403,Fashion,9.92,0.2,2,Credit Card,2024-01-28,3,North,Yes,15.87,3.43,2.12,58,Male,2024,1,28,6,4,1,20.0,19.84,15.872,Profit,0.0
O116497,C13688,P242379,Electronics,784.18,0.05,1,COD,2024-05-04,8,South,Yes,744.97,9.52,79.88,40,Male,2024,5,4,5,18,1,5.0,784.18,744.9709999999999,Profit,0.0
O116500,C16377,P208461,Electronics,78.52,0.0,1,Debit Card,2025-07-13,4,West,Yes,78.52,5.42,4.0,59,Male,2025,7,13,6,28,1,0.0,78.52,78.52,Profit,0.0
O116511,C14687,P249047,Toys,4.86,0.1,3,Credit Card,2024-01-09,3,Central,Yes,13.12,4.24,1.01,33,Female,2024,1,9,1,2,1,10.0,14.580000000000002,13.122000000000002,Profit,0.0
O116539,C12550,P218803,Electronics,336.17,0.05,1,Debit Card,2024-07-09,4,South,Yes,319.36,9.33,28.99,32,Male,2024,7,9,1,28,1,5.0,336.17,319.3615,Profit,0.0
O116570,C13046,P246498,Home,27.09,0.2,2,UPI,2024-12-22,6,South,Yes,43.34,5.89,6.25,23,Male,2024,12,22,6,51,1,20.0,54.18,43.344,Profit,0.0
O116597,C13495,P200889,Sports,188.11,0.15,1,Debit Card,2024-11-27,5,East,Yes,159.89,7.06,40.91,39,Female,2024,11,27,2,48,1,15.0,188.11,159.89350000000002,Profit,0.0
O116603,C11779,P248995,Electronics,426.04,0.0,1,Debit Card,2025-04-12,5,West,Yes,426.04,9.42,41.7,57,Male,2025,4,12,5,15,1,0.0,426.04,426.04,Profit,0.0
O116606,C16487,P202283,Toys,10.88,0.2,1,Debit Card,2024-07-01,5,South,Yes,8.7,3.55,-0.07,41,Female,2024,7,1,0,27,1,20.0,10.88,8.704,Loss,0.0060928000000000015
O116619,C12780,P232341,Fashion,174.86,0.0,1,PayPal,2024-07-20,6,East,Yes,174.86,8.36,52.84,60,Female,2024,7,20,5,29,1,0.0,174.86,174.86,Profit,0.0
O116633,C17345,P220141,Electronics,1086.53,0.15,1,Credit Card,2024-10-28,3,Central,Yes,923.55,9.59,101.24,62,Female,2024,10,28,0,44,1,15.0,1086.53,923.5505,Profit,0.0
O116645,C15218,P215971,Fashion,17.32,0.15,1,Debit Card,2025-06-29,4,North,Yes,14.72,2.95,2.2,65,Female,2025,6,29,6,26,1,15.0,17.32,14.722,Profit,0.0
O116648,C12372,P231359,Electronics,392.37,0.0,2,UPI,2025-01-31,3,Central,Yes,784.74,10.38,83.79,36,Male,2025,1,31,4,5,1,0.0,784.74,784.74,Profit,0.0
O116659,C11513,P210467,Toys,7.42,0.0,2,Debit Card,2024-05-09,6,East,Yes,14.84,3.92,2.02,62,Male,2024,5,9,3,19,1,0.0,14.84,14.84,Profit,0.0
O116666,C12196,P204400,Fashion,87.69,0.0,3,Credit Card,2025-05-27,4,South,Yes,263.07,9.88,82.19,27,Male,2025,5,27,1,22,1,0.0,263.07,263.07,Profit,0.0
O116685,C12593,P238449,Beauty,15.65,0.15,1,PayPal,2024-07-22,5,East,Yes,13.3,2.99,3.0,66,Male,2024,7,22,0,30,1,15.0,15.65,13.3025,Profit,0.0
O116709,C13932,P236513,Toys,70.63,0.0,2,PayPal,2024-01-22,6,South,Yes,141.26,7.41,49.09,50,Male,2024,1,22,0,4,1,0.0,141.26,141.26,Profit,0.0
O116716,C13085,P215620,Sports,60.56,0.0,1,PayPal,2023-12-18,3,North,Yes,60.56,6.59,11.58,59,Male,2023,12,18,0,51,1,0.0,60.56,60.56,Profit,0.0
O116729,C10051,P236855,Home,129.69,0.0,1,Credit Card,2023-09-15,5,Central,Yes,129.69,8.5,27.81,59,Female,2023,9,15,4,37,1,0.0,129.69,129.69,Profit,0.0
O116732,C14276,P249389,Sports,17.16,0.0,1,Wallet,2024-07-13,6,East,Yes,17.16,5.18,-0.03,41,Female,2024,7,13,5,28,1,0.0,17.16,17.16,Loss,0.005148000000000001
O116786,C14354,P237263,Toys,9.12,0.0,1,Credit Card,2025-06-06,6,East,Yes,9.12,3.58,0.07,55,Male,2025,6,6,4,23,1,0.0,9.12,9.12,Profit,0.0
O116805,C15614,P225297,Fashion,49.31,0.0,1,Credit Card,2025-09-04,5,North,Yes,49.31,7.31,9.95,57,Male,2025,9,4,3,36,1,0.0,49.31,49.31,Profit,0.0
O116806,C15913,P231619,Fashion,59.87,0.0,1,Debit Card,2024-10-07,4,West,Yes,59.87,5.47,15.48,38,Male,2024,10,7,0,41,1,0.0,59.87,59.87,Profit,0.0
O116822,C10329,P223831,Home,213.65,0.0,2,Credit Card,2024-08-24,5,Central,Yes,427.3,7.36,112.28,57,Male,2024,8,24,5,34,1,0.0,427.3,427.3,Profit,0.0
O116843,C17420,P237835,Home,180.57,0.0,1,Credit Card,2025-08-18,4,Central,Yes,180.57,8.12,42.44,19,Male,2025,8,18,0,34,1,0.0,180.57,180.57,Profit,0.0
O116846,C15226,P211070,Fashion,25.51,0.2,1,Credit Card,2024-11-07,5,East,Yes,20.41,3.9,3.24,68,Male,2024,11,7,3,45,1,20.0,25.51,20.408,Profit,0.0
O116850,C11906,P246707,Sports,61.05,0.0,3,Credit Card,2024-03-12,5,North,Yes,183.15,7.74,47.2,61,Male,2024,3,12,1,11,1,0.0,183.15,183.15,Profit,0.0
O116887,C17391,P237344,Fashion,234.27,0.1,1,Debit Card,2023-09-12,7,East,Yes,210.84,8.25,65.54,58,Female,2023,9,12,1,37,1,10.0,234.27,210.843,Profit,0.0
O116908,C15163,P217921,Fashion,28.77,0.0,1,Credit Card,2025-04-16,5,North,Yes,28.77,3.69,6.38,30,Female,2025,4,16,2,16,1,0.0,28.77,28.77,Profit,0.0
O116927,C10186,P242007,Toys,27.06,0.3,5,Debit Card,2024-02-12,7,East,Yes,94.71,6.01,31.87,68,Male,2024,2,12,0,7,1,30.0,135.29999999999998,94.70999999999998,Profit,0.0
O116959,C16290,P249535,Sports,160.61,0.0,1,Credit Card,2024-11-19,4,Central,Yes,160.61,7.39,40.79,56,Female,2024,11,19,1,47,1,0.0,160.61,160.61,Profit,0.0
O116964,C10332,P205243,Electronics,340.12,0.05,1,Credit Card,2025-08-25,3,North,Yes,323.11,7.85,30.92,53,Female,2025,8,25,0,35,1,5.0,340.12,323.114,Profit,0.0
O116967,C12991,P210594,Electronics,96.15,0.15,1,Debit Card,2025-06-19,6,North,Yes,81.73,5.98,3.83,34,Female,2025,6,19,3,25,1,15.0,96.15,81.7275,Profit,0.0
O116976,C13029,P223700,Toys,31.34,0.0,2,Debit Card,2024-05-01,3,Central,Yes,62.68,5.9,19.17,28,Other,2024,5,1,2,18,1,0.0,62.68,62.68,Profit,0.0
O116984,C12343,P234762,Electronics,285.18,0.0,1,Credit Card,2024-07-22,4,South,Yes,285.18,7.35,26.87,62,Female,2024,7,22,0,30,1,0.0,285.18,285.18,Profit,0.0
O116989,C11179,P223287,Fashion,11.67,0.0,3,Debit Card,2024-04-27,5,South,Yes,35.01,6.7,5.55,44,Male,2024,4,27,5,17,1,0.0,35.01,35.01,Profit,0.0
O117001,C10976,P225800,Electronics,839.89,0.0,1,Debit Card,2023-10-11,5,North,Yes,839.89,11.1,89.69,39,Male,2023,10,11,2,41,1,0.0,839.89,839.89,Profit,0.0
O117014,C11626,P231376,Toys,13.07,0.1,1,Credit Card,2024-08-28,6,East,Yes,11.76,1.8,2.9,53,Other,2024,8,28,2,35,1,10.0,13.07,11.763,Profit,0.0
O117017,C16229,P204546,Fashion,7.78,0.0,1,Credit Card,2025-02-23,9,South,Yes,7.78,2.44,0.28,37,Male,2025,2,23,6,8,1,0.0,7.78,7.78,Profit,0.0
O117018,C16877,P215361,Grocery,19.86,0.0,1,COD,2024-03-01,4,West,Yes,19.86,3.41,-1.82,68,Female,2024,3,1,4,9,1,0.0,19.86,19.86,Loss,0.36145200000000005
O117024,C12107,P245269,Electronics,287.34,0.0,1,Debit Card,2024-03-20,7,South,Yes,287.34,7.77,26.71,53,Female,2024,3,20,2,12,1,0.0,287.34,287.34,Profit,0.0
O117027,C10559,P233957,Grocery,1.91,0.0,1,Wallet,2023-12-01,4,West,Yes,1.91,3.09,-2.94,34,Female,2023,12,1,4,48,1,0.0,1.91,1.91,Loss,0.056153999999999996
O117053,C10818,P201153,Fashion,7.81,0.1,1,COD,2024-06-15,4,South,Yes,7.03,3.21,-0.75,67,Female,2024,6,15,5,24,1,10.0,7.81,7.029,Loss,0.0527175
O117066,C11791,P206189,Sports,97.16,0.3,1,Credit Card,2024-11-01,3,North,Yes,68.01,4.67,15.73,29,Female,2024,11,1,4,44,1,30.0,97.16,68.01199999999999,Profit,0.0
O117081,C16766,P219525,Home,206.03,0.0,3,Credit Card,2025-02-01,5,West,Yes,618.09,8.75,164.32,50,Female,2025,2,1,5,5,1,0.0,618.09,618.09,Profit,0.0
O117109,C12331,P216492,Electronics,224.09,0.0,3,PayPal,2025-07-14,5,South,Yes,672.27,8.4,72.27,49,Male,2025,7,14,0,29,1,0.0,672.27,672.27,Profit,0.0
O117110,C14570,P201231,Electronics,119.1,0.0,1,Debit Card,2024-07-06,5,North,Yes,119.1,7.26,7.03,51,Female,2024,7,6,5,27,1,0.0,119.1,119.1,Profit,0.0
O117115,C13685,P223950,Sports,61.23,0.0,2,Credit Card,2025-08-29,3,North,Yes,122.46,8.54,28.2,21,Male,2025,8,29,4,35,1,0.0,122.46,122.46,Profit,0.0
O117145,C10565,P238703,Home,59.15,0.0,1,UPI,2024-09-16,5,North,Yes,59.15,7.49,9.07,50,Female,2024,9,16,0,38,1,0.0,59.15,59.15,Profit,0.0
O117158,C16413,P215468,Fashion,247.05,0.05,1,Credit Card,2023-10-06,4,North,Yes,234.7,8.32,73.82,44,Female,2023,10,6,4,40,1,5.0,247.05,234.6975,Profit,0.0
O117160,C17614,P202938,Fashion,162.01,0.0,1,Debit Card,2024-11-13,6,East,Yes,162.01,6.19,50.51,39,Male,2024,11,13,2,46,1,0.0,162.01,162.01,Profit,0.0
O117197,C16201,P213633,Sports,124.91,0.05,1,UPI,2024-06-17,6,East,Yes,118.66,9.11,26.49,19,Other,2024,6,17,0,25,1,5.0,124.91,118.6645,Profit,0.0
O117198,C13164,P244337,Electronics,334.59,0.0,1,Credit Card,2025-07-24,7,East,Yes,334.59,6.65,33.5,50,Male,2025,7,24,3,30,1,0.0,334.59,334.59,Profit,0.0
O117216,C13879,P221566,Fashion,74.03,0.0,1,Credit Card,2024-05-16,6,West,Yes,74.03,6.82,19.09,26,Female,2024,5,16,3,20,1,0.0,74.03,74.03,Profit,0.0
O117222,C14687,P231469,Home,58.15,0.0,2,Debit Card,2023-12-21,3,Central,Yes,116.3,7.77,24.79,58,Female,2023,12,21,3,51,1,0.0,116.3,116.3,Profit,0.0
O117245,C13175,P214578,Toys,46.47,0.0,1,PayPal,2024-11-21,5,East,Yes,46.47,6.45,12.14,46,Female,2024,11,21,3,47,1,0.0,46.47,46.47,Profit,0.0
O117248,C16949,P221585,Beauty,13.19,0.0,1,COD,2024-03-12,4,West,Yes,13.19,0.58,5.36,36,Male,2024,3,12,1,11,1,0.0,13.19,13.19,Profit,0.0
O117249,C12377,P234225,Electronics,471.53,0.1,1,Credit Card,2024-08-25,3,North,Yes,424.38,9.29,41.64,69,Female,2024,8,25,6,34,1,10.0,471.53,424.377,Profit,0.0
O117263,C14122,P222141,Fashion,152.0,0.0,1,Credit Card,2025-02-17,5,North,Yes,152.0,6.42,46.78,22,Female,2025,2,17,0,8,1,0.0,152.0,152.0,Profit,0.0
O117268,C12412,P217989,Electronics,535.67,0.0,1,Credit Card,2024-03-14,5,Central,Yes,535.67,9.76,54.52,50,Female,2024,3,14,3,11,1,0.0,535.67,535.67,Profit,0.0
O117304,C13728,P214068,Fashion,18.8,0.05,1,Credit Card,2024-11-18,3,Central,Yes,17.86,2.83,3.42,42,Other,2024,11,18,0,47,1,5.0,18.8,17.86,Profit,0.0
O117342,C14782,P215058,Sports,75.88,0.05,1,UPI,2023-09-24,4,Central,Yes,72.09,5.96,15.67,69,Female,2023,9,24,6,38,1,5.0,75.88,72.086,Profit,0.0
O117479,C17207,P222859,Electronics,298.1,0.0,1,PayPal,2025-09-10,4,West,Yes,298.1,7.44,28.33,61,Male,2025,9,10,2,37,1,0.0,298.1,298.1,Profit,0.0
O117486,C13596,P221459,Fashion,15.4,0.15,1,PayPal,2024-04-28,4,North,Yes,13.09,4.67,-0.09,56,Female,2024,4,28,6,17,1,15.0,15.4,13.09,Loss,0.011781
O117518,C17576,P235757,Electronics,236.85,0.0,1,UPI,2025-05-25,4,North,Yes,236.85,7.61,20.81,42,Male,2025,5,25,6,21,1,0.0,236.85,236.85,Profit,0.0
O117534,C16965,P237524,Toys,26.96,0.1,1,PayPal,2024-06-19,4,Central,Yes,24.26,2.9,6.8,43,Female,2024,6,19,2,25,1,10.0,26.96,24.264000000000003,Profit,0.0
O117546,C15531,P201719,Fashion,52.71,0.0,1,Credit Card,2024-03-05,6,Central,Yes,52.71,7.34,11.11,63,Female,2024,3,5,1,10,1,0.0,52.71,52.71,Profit,0.0
O117556,C13839,P244262,Home,651.83,0.15,1,Wallet,2024-07-20,4,Central,Yes,554.06,7.21,147.93,25,Female,2024,7,20,5,29,1,15.0,651.83,554.0555,Profit,0.0
O117597,C16639,P202628,Grocery,26.88,0.15,3,Debit Card,2024-10-05,7,East,Yes,68.54,4.94,0.54,28,Male,2024,10,5,5,40,1,15.0,80.64,68.544,Profit,0.0
O117613,C14364,P220509,Fashion,15.07,0.15,1,PayPal,2024-09-07,6,East,Yes,12.81,4.56,-0.08,23,Female,2024,9,7,5,36,1,15.0,15.07,12.8095,Loss,0.0102476
O117697,C10869,P239872,Sports,150.84,0.0,2,Credit Card,2024-05-14,4,South,Yes,301.68,8.09,82.41,23,Female,2024,5,14,1,20,1,0.0,301.68,301.68,Profit,0.0
O117712,C14582,P205887,Toys,28.5,0.1,1,Credit Card,2024-10-26,5,South,Yes,25.65,5.26,5.0,68,Male,2024,10,26,5,43,1,10.0,28.5,25.65,Profit,0.0
O117726,C16820,P206856,Beauty,23.54,0.0,1,Credit Card,2024-07-19,5,South,Yes,23.54,5.12,5.47,19,Female,2024,7,19,4,29,1,0.0,23.54,23.54,Profit,0.0
O117737,C15374,P210637,Beauty,63.98,0.05,1,COD,2024-05-10,5,West,Yes,60.78,7.47,19.88,18,Female,2024,5,10,4,19,1,5.0,63.98,60.78099999999999,Profit,0.0
O117742,C15477,P235800,Grocery,22.05,0.0,1,Wallet,2024-03-13,9,East,Yes,22.05,4.29,-2.53,22,Female,2024,3,13,2,11,1,0.0,22.05,22.05,Loss,0.5578649999999999
O117770,C15588,P249740,Electronics,590.09,0.15,1,Credit Card,2025-07-27,4,North,Yes,501.58,8.96,51.23,35,Female,2025,7,27,6,30,1,15.0,590.09,501.5765,Profit,0.0
O117809,C12368,P228561,Toys,37.9,0.15,1,COD,2023-10-13,5,South,Yes,32.21,3.44,9.44,23,Male,2023,10,13,4,41,1,15.0,37.9,32.215,Profit,0.0
O117826,C13750,P224083,Home,66.66,0.0,1,Credit Card,2025-03-19,6,West,Yes,66.66,5.61,13.05,30,Male,2025,3,19,2,12,1,0.0,66.66,66.66,Profit,0.0
O117828,C14255,P242314,Beauty,7.24,0.0,1,PayPal,2024-03-01,4,Central,Yes,7.24,1.63,1.63,53,Male,2024,3,1,4,9,1,0.0,7.24,7.24,Profit,0.0
O117833,C15257,P202363,Home,34.99,0.05,1,PayPal,2025-01-06,5,South,Yes,33.24,4.98,4.33,45,Female,2025,1,6,0,2,1,5.0,34.99,33.2405,Profit,0.0
O117898,C16344,P223548,Electronics,956.18,0.0,2,Credit Card,2024-11-05,8,East,Yes,1912.36,10.38,219.1,21,Female,2024,11,5,1,45,1,0.0,1912.36,1912.36,Profit,0.0
O117913,C11351,P238672,Toys,17.27,0.0,1,Debit Card,2025-07-08,6,East,Yes,17.27,4.37,2.54,63,Other,2025,7,8,1,28,1,0.0,17.27,17.27,Profit,0.0
O117920,C11924,P246346,Home,140.21,0.0,1,Credit Card,2025-06-23,5,South,Yes,140.21,6.87,32.39,27,Male,2025,6,23,0,26,1,0.0,140.21,140.21,Profit,0.0
O117933,C16575,P205730,Sports,110.94,0.0,1,Debit Card,2024-08-03,5,Central,Yes,110.94,6.43,26.85,36,Male,2024,8,3,5,31,1,0.0,110.94,110.94,Profit,0.0
O117987,C12548,P242580,Fashion,32.85,0.05,1,Credit Card,2025-02-09,4,South,Yes,31.21,7.07,3.85,21,Female,2025,2,9,6,6,1,5.0,32.85,31.2075,Profit,0.0
O117997,C15444,P220326,Electronics,294.11,0.1,1,Debit Card,2024-06-11,5,South,Yes,264.7,8.92,22.84,55,Male,2024,6,11,1,24,1,10.0,294.11,264.699,Profit,0.0
O118013,C12215,P236847,Fashion,117.43,0.0,1,Credit Card,2024-09-09,4,South,Yes,117.43,8.45,32.65,40,Female,2024,9,9,0,37,1,0.0,117.43,117.43,Profit,0.0
O118018,C12537,P239379,Fashion,102.73,0.0,1,COD,2025-07-14,4,Central,Yes,102.73,5.89,30.07,69,Male,2025,7,14,0,29,1,0.0,102.73,102.73,Profit,0.0
O118048,C15543,P226876,Fashion,18.17,0.1,5,Credit Card,2025-05-29,4,North,Yes,81.77,4.2,24.42,66,Male,2025,5,29,3,22,1,10.0,90.85,81.76500000000001,Profit,0.0
O118054,C10666,P205557,Home,51.23,0.0,1,UPI,2024-04-19,3,Central,Yes,51.23,5.42,8.92,24,Male,2024,4,19,4,16,1,0.0,51.23,51.23,Profit,0.0
O118062,C16702,P210263,Fashion,27.08,0.1,1,Wallet,2024-07-03,4,Central,Yes,24.37,4.74,3.79,57,Male,2024,7,3,2,27,1,10.0,27.08,24.372,Profit,0.0
O118065,C12452,P242629,Fashion,14.22,0.15,1,Debit Card,2024-04-11,6,East,Yes,12.09,4.26,-0.03,34,Female,2024,4,11,3,15,1,15.0,14.22,12.087,Loss,0.0036260999999999997
O118073,C17956,P226162,Sports,70.6,0.0,1,Credit Card,2025-09-11,5,West,Yes,70.6,4.35,16.83,67,Other,2025,9,11,3,37,1,0.0,70.6,70.6,Profit,0.0
O118085,C10541,P209734,Toys,9.53,0.2,1,UPI,2024-07-30,6,West,Yes,7.62,4.06,-1.01,37,Female,2024,7,30,1,31,1,20.0,9.53,7.624,Loss,0.0770024
O118111,C10324,P249011,Electronics,400.79,0.05,1,Credit Card,2024-12-22,3,Central,Yes,380.75,8.04,37.65,46,Male,2024,12,22,6,51,1,5.0,400.79,380.7505,Profit,0.0
O118151,C17721,P231811,Electronics,307.7,0.2,1,Debit Card,2025-06-17,6,South,Yes,246.16,9.94,19.6,62,Male,2025,6,17,1,25,1,20.0,307.7,246.16,Profit,0.0
O118179,C17194,P245540,Beauty,33.63,0.05,1,Debit Card,2025-05-18,4,West,Yes,31.95,6.27,8.11,50,Male,2025,5,18,6,20,1,5.0,33.63,31.9485,Profit,0.0
O118192,C12310,P231002,Home,565.87,0.1,1,Debit Card,2024-11-29,4,West,Yes,509.28,9.72,132.88,54,Male,2024,11,29,4,48,1,10.0,565.87,509.283,Profit,0.0
O118199,C16538,P225262,Beauty,3.35,0.1,1,COD,2024-04-29,5,West,Yes,3.02,2.62,-1.26,28,Male,2024,4,29,0,18,1,10.0,3.35,3.015,Loss,0.037989
O118206,C14330,P240334,Fashion,60.17,0.3,1,Debit Card,2024-03-23,6,East,Yes,42.12,5.34,9.4,36,Female,2024,3,23,5,12,1,30.0,60.17,42.119,Profit,0.0
O118264,C15594,P207811,Home,169.77,0.15,1,Debit Card,2025-04-28,4,Central,Yes,144.3,7.75,32.65,25,Female,2025,4,28,0,18,1,15.0,169.77,144.30450000000002,Profit,0.0
O118276,C10615,P236236,Home,88.0,0.05,1,Credit Card,2025-04-13,5,West,Yes,83.6,6.62,16.79,19,Male,2025,4,13,6,15,1,5.0,88.0,83.6,Profit,0.0
O118299,C16907,P201905,Home,41.02,0.05,1,Credit Card,2023-12-21,5,Central,Yes,38.97,4.28,6.63,21,Female,2023,12,21,3,51,1,5.0,41.02,38.969,Profit,0.0
O118309,C14191,P242073,Fashion,50.08,0.0,1,PayPal,2025-03-25,7,East,Yes,50.08,7.22,10.31,35,Male,2025,3,25,1,13,1,0.0,50.08,50.08,Profit,0.0
O118367,C16569,P221223,Home,119.23,0.0,1,UPI,2025-01-31,9,West,Yes,119.23,7.11,26.27,34,Male,2025,1,31,4,5,1,0.0,119.23,119.23,Profit,0.0
O118370,C14866,P211882,Grocery,8.85,0.0,1,PayPal,2025-02-04,4,South,Yes,8.85,3.54,-2.83,21,Male,2025,2,4,1,6,1,0.0,8.85,8.85,Loss,0.250455
O118371,C11947,P224714,Home,80.03,0.0,1,Credit Card,2025-07-11,5,South,Yes,80.03,6.29,16.12,49,Male,2025,7,11,4,28,1,0.0,80.03,80.03,Profit,0.0
O118378,C12397,P212281,Beauty,4.77,0.0,1,Credit Card,2025-01-23,6,East,Yes,4.77,2.96,-0.81,61,Female,2025,1,23,3,4,1,0.0,4.77,4.77,Loss,0.038637
O118456,C12201,P225012,Beauty,51.02,0.0,1,Credit Card,2025-05-26,7,East,Yes,51.02,6.97,15.99,50,Female,2025,5,26,0,22,1,0.0,51.02,51.02,Profit,0.0
O118501,C10015,P243024,Electronics,141.7,0.0,4,Credit Card,2024-09-26,4,South,Yes,566.8,10.15,57.87,44,Female,2024,9,26,3,39,1,0.0,566.8,566.8,Profit,0.0
O118506,C13517,P213457,Toys,35.34,0.0,1,Debit Card,2024-08-18,4,North,Yes,35.34,6.43,7.71,47,Male,2024,8,18,6,33,1,0.0,35.34,35.34,Profit,0.0
O118513,C17556,P246412,Fashion,52.29,0.05,2,Debit Card,2023-12-14,6,South,Yes,99.35,6.54,28.23,43,Other,2023,12,14,3,50,1,5.0,104.58,99.351,Profit,0.0
O118569,C13280,P240200,Toys,4.01,0.1,1,Credit Card,2023-10-23,4,West,Yes,3.61,2.99,-1.55,68,Male,2023,10,23,0,43,1,10.0,4.01,3.609,Loss,0.0559395
O118574,C16221,P236396,Home,105.97,0.0,4,Debit Card,2024-06-03,4,Central,Yes,423.88,7.61,111.08,24,Female,2024,6,3,0,23,1,0.0,423.88,423.88,Profit,0.0
O118591,C13667,P205557,Sports,86.46,0.2,1,COD,2023-11-21,3,North,Yes,69.17,7.54,13.21,28,Female,2023,11,21,1,47,1,20.0,86.46,69.16799999999999,Profit,0.0
O118601,C14876,P200977,Grocery,3.97,0.0,1,Credit Card,2025-07-10,4,North,Yes,3.97,3.07,-2.75,49,Female,2025,7,10,3,28,1,0.0,3.97,3.97,Loss,0.10917500000000001
O118622,C13325,P215068,Beauty,11.6,0.0,2,Debit Card,2024-07-24,5,Central,Yes,23.2,3.92,6.52,58,Female,2024,7,24,2,30,1,0.0,23.2,23.2,Profit,0.0
O118634,C11790,P237788,Home,65.83,0.0,1,Credit Card,2024-12-30,6,South,Yes,65.83,9.12,9.31,40,Female,2024,12,30,0,1,1,0.0,65.83,65.83,Profit,0.0
O118643,C17622,P230375,Home,121.92,0.0,3,Credit Card,2024-09-11,6,East,Yes,365.76,9.67,92.74,32,Female,2024,9,11,2,37,1,0.0,365.76,365.76,Profit,0.0
O118662,C10962,P240583,Beauty,41.81,0.05,1,Credit Card,2025-01-22,7,South,Yes,39.72,5.17,12.7,18,Female,2025,1,22,2,4,1,5.0,41.81,39.7195,Profit,0.0
O118676,C14228,P200741,Electronics,729.25,0.05,1,PayPal,2024-09-12,5,South,Yes,692.79,10.6,72.53,25,Male,2024,9,12,3,37,1,5.0,729.25,692.7875,Profit,0.0
O118691,C15593,P222182,Fashion,55.33,0.0,1,Wallet,2025-07-01,7,North,Yes,55.33,6.81,12.56,53,Male,2025,7,1,1,27,1,0.0,55.33,55.33,Profit,0.0
O118721,C13205,P212846,Fashion,139.46,0.05,3,Credit Card,2024-06-22,5,Central,Yes,397.46,7.11,132.0,53,Female,2024,6,22,5,25,1,5.0,418.38,397.461,Profit,0.0
O118723,C14904,P246804,Home,57.06,0.0,1,Wallet,2024-11-14,6,East,Yes,57.06,5.55,10.43,53,Female,2024,11,14,3,46,1,0.0,57.06,57.06,Profit,0.0
O118762,C12940,P214919,Toys,18.16,0.0,1,Debit Card,2025-06-05,5,East,Yes,18.16,4.2,3.06,54,Other,2025,6,5,3,23,1,0.0,18.16,18.16,Profit,0.0
O118767,C17080,P224438,Electronics,103.73,0.0,1,UPI,2023-12-14,5,Central,Yes,103.73,7.72,4.73,52,Male,2023,12,14,3,50,1,0.0,103.73,103.73,Profit,0.0
O118771,C11923,P241543,Electronics,111.57,0.15,1,UPI,2025-04-03,6,South,Yes,94.83,7.28,4.1,59,Female,2025,4,3,3,14,1,15.0,111.57,94.8345,Profit,0.0
O118869,C12811,P211573,Beauty,81.63,0.1,1,UPI,2024-03-04,5,North,Yes,73.47,6.57,26.49,23,Female,2024,3,4,0,10,1,10.0,81.63,73.467,Profit,0.0
O118901,C11399,P228874,Fashion,5.68,0.1,1,Wallet,2025-04-24,8,South,Yes,5.11,1.97,-0.18,31,Male,2025,4,24,3,17,1,10.0,5.68,5.112,Loss,0.009201599999999999
O118930,C12288,P243919,Beauty,26.45,0.0,1,UPI,2024-01-30,4,South,Yes,26.45,4.55,7.35,19,Male,2024,1,30,1,5,1,0.0,26.45,26.45,Profit,0.0
O118935,C11454,P219009,Grocery,24.15,0.0,3,UPI,2025-06-05,3,North,Yes,72.45,7.45,-1.65,56,Male,2025,6,5,3,23,1,0.0,72.44999999999999,72.44999999999999,Loss,1.1954249999999997
O118997,C11645,P234703,Fashion,15.91,0.0,1,Debit Card,2023-11-06,5,North,Yes,15.91,2.5,3.07,18,Male,2023,11,6,0,45,1,0.0,15.91,15.91,Profit,0.0
O119008,C17011,P204170,Home,184.41,0.05,2,Credit Card,2025-06-22,5,North,Yes,350.38,6.68,91.43,30,Male,2025,6,22,6,25,1,5.0,368.82,350.379,Profit,0.0
O119014,C15567,P249294,Electronics,404.8,0.0,1,UPI,2023-10-09,3,North,Yes,404.8,8.31,40.27,39,Other,2023,10,9,0,41,1,0.0,404.8,404.8,Profit,0.0
O119017,C12322,P200220,Fashion,14.49,0.05,1,Wallet,2024-04-13,3,Central,Yes,13.77,6.39,-1.57,25,Female,2024,4,13,5,15,1,5.0,14.49,13.7655,Loss,0.21611835
O119031,C15323,P224940,Fashion,70.53,0.1,1,PayPal,2023-12-16,5,West,Yes,63.48,6.33,15.89,62,Male,2023,12,16,5,50,1,10.0,70.53,63.477,Profit,0.0
O119036,C11359,P216900,Grocery,13.38,0.0,1,Credit Card,2024-11-15,4,North,Yes,13.38,3.43,-2.36,45,Male,2024,11,15,4,46,1,0.0,13.38,13.38,Loss,0.315768
O119053,C14729,P206276,Toys,21.26,0.0,1,Debit Card,2024-09-10,5,West,Yes,21.26,4.27,4.23,55,Other,2024,9,10,1,37,1,0.0,21.26,21.26,Profit,0.0
O119061,C14925,P239009,Fashion,33.11,0.0,2,Debit Card,2025-08-24,5,South,Yes,66.22,6.03,17.15,37,Female,2025,8,24,6,34,1,0.0,66.22,66.22,Profit,0.0
O119081,C12527,P220105,Beauty,11.07,0.0,1,Debit Card,2024-08-05,4,West,Yes,11.07,4.09,0.89,18,Female,2024,8,5,0,32,1,0.0,11.07,11.07,Profit,0.0
O119092,C16968,P221930,Home,128.31,0.05,1,Credit Card,2023-11-10,7,West,Yes,121.89,6.43,27.7,61,Female,2023,11,10,4,45,1,5.0,128.31,121.8945,Profit,0.0
O119097,C14422,P230453,Electronics,544.19,0.0,2,PayPal,2023-11-13,4,Central,Yes,1088.38,9.26,121.35,35,Male,2023,11,13,0,46,1,0.0,1088.38,1088.38,Profit,0.0
O119124,C14895,P226030,Fashion,92.96,0.15,1,Credit Card,2025-08-29,6,North,Yes,79.02,7.0,20.66,34,Female,2025,8,29,4,35,1,15.0,92.96,79.01599999999999,Profit,0.0
O119134,C13336,P230596,Sports,85.81,0.0,1,Debit Card,2024-04-29,5,East,Yes,85.81,6.63,19.11,41,Female,2024,4,29,0,18,1,0.0,85.81,85.81,Profit,0.0
O119136,C13667,P247165,Electronics,654.04,0.0,2,Debit Card,2024-04-09,6,East,Yes,1308.08,10.18,146.79,66,Male,2024,4,9,1,15,1,0.0,1308.08,1308.08,Profit,0.0
O119166,C11080,P213111,Fashion,30.79,0.15,1,Credit Card,2024-01-17,4,North,Yes,26.17,4.31,4.85,34,Female,2024,1,17,2,3,1,15.0,30.79,26.1715,Profit,0.0
O119191,C10245,P220631,Sports,134.65,0.3,1,Credit Card,2025-02-12,3,North,Yes,94.26,5.51,22.77,44,Female,2025,2,12,2,7,1,30.0,134.65,94.255,Profit,0.0
O119202,C13008,P213382,Grocery,21.16,0.1,1,Wallet,2024-03-25,7,East,Yes,19.04,4.14,-2.62,53,Female,2024,3,25,0,13,1,10.0,21.16,19.044,Loss,0.4989528000000001
O119205,C15175,P229852,Fashion,44.78,0.15,1,Debit Card,2025-02-06,3,North,Yes,38.06,5.97,7.35,25,Female,2025,2,6,3,6,1,15.0,44.78,38.063,Profit,0.0
O119211,C12665,P227806,Home,127.54,0.2,1,Credit Card,2024-01-03,6,South,Yes,102.03,7.26,21.31,58,Female,2024,1,3,2,1,1,20.0,127.54,102.032,Profit,0.0
O119216,C11856,P231995,Toys,3.71,0.05,1,Credit Card,2024-05-16,4,South,Yes,3.52,2.81,-1.4,43,Male,2024,5,16,3,20,1,5.0,3.71,3.5245,Loss,0.049343000000000005
O119222,C15151,P238887,Toys,7.85,0.0,1,Debit Card,2024-05-19,5,West,Yes,7.85,4.19,-1.05,28,Female,2024,5,19,6,20,1,0.0,7.85,7.85,Loss,0.082425
O119228,C14019,P218332,Fashion,83.35,0.0,1,Wallet,2024-09-13,4,South,Yes,83.35,5.43,23.74,25,Female,2024,9,13,4,37,1,0.0,83.35,83.35,Profit,0.0
O119241,C14792,P213347,Electronics,279.0,0.15,1,Credit Card,2024-08-21,3,Central,Yes,237.15,9.72,18.74,54,Male,2024,8,21,2,34,1,15.0,279.0,237.15,Profit,0.0
O119254,C11445,P242796,Sports,48.18,0.0,1,COD,2024-07-04,6,South,Yes,48.18,5.4,9.05,40,Male,2024,7,4,3,27,1,0.0,48.18,48.18,Profit,0.0
O119281,C14492,P240372,Electronics,369.94,0.0,1,Credit Card,2024-08-23,7,West,Yes,369.94,8.47,35.92,53,Female,2024,8,23,4,34,1,0.0,369.94,369.94,Profit,0.0
O119289,C15029,P219208,Electronics,226.85,0.0,4,Debit Card,2023-12-07,4,South,Yes,907.4,11.91,96.98,63,Male,2023,12,7,3,49,1,0.0,907.4,907.4,Profit,0.0
O119347,C12292,P237141,Fashion,24.28,0.0,3,COD,2024-08-04,7,East,Yes,72.84,5.37,20.12,59,Male,2024,8,4,6,31,1,0.0,72.84,72.84,Profit,0.0
O119355,C12357,P204306,Beauty,16.99,0.0,2,Debit Card,2025-04-11,5,Central,Yes,33.98,4.77,10.52,27,Male,2025,4,11,4,15,1,0.0,33.98,33.98,Profit,0.0
O119356,C15491,P213177,Fashion,33.65,0.05,1,COD,2024-12-04,5,West,Yes,31.97,4.88,6.31,67,Male,2024,12,4,2,49,1,5.0,33.65,31.9675,Profit,0.0
O119362,C14886,P234405,Sports,41.03,0.15,1,Credit Card,2024-05-13,7,East,Yes,34.88,8.31,2.15,28,Male,2024,5,13,0,20,1,15.0,41.03,34.8755,Profit,0.0
O119364,C12511,P237879,Beauty,3.54,0.0,2,Credit Card,2024-10-05,5,East,Yes,7.08,3.07,0.12,36,Female,2024,10,5,5,40,1,0.0,7.08,7.08,Profit,0.0
O119368,C16813,P219671,Fashion,63.19,0.15,2,COD,2024-02-24,4,Central,Yes,107.42,7.54,30.06,18,Female,2024,2,24,5,8,1,15.0,126.38,107.423,Profit,0.0
O119376,C12811,P231171,Home,28.77,0.2,1,UPI,2025-06-08,3,North,Yes,23.02,3.67,2.78,56,Female,2025,6,8,6,23,1,20.0,28.77,23.016,Profit,0.0
O119384,C17280,P239194,Home,263.18,0.05,1,Wallet,2024-09-18,4,North,Yes,250.02,8.62,61.39,58,Male,2024,9,18,2,38,1,5.0,263.18,250.021,Profit,0.0
O119413,C17197,P241613,Fashion,6.67,0.0,1,Credit Card,2024-09-17,5,North,Yes,6.67,3.08,-0.75,49,Male,2024,9,17,1,38,1,0.0,6.67,6.67,Loss,0.05002499999999999
O119440,C17261,P212093,Sports,18.24,0.0,1,Wallet,2024-01-15,3,Central,Yes,18.24,3.53,1.94,20,Male,2024,1,15,0,3,1,0.0,18.24,18.24,Profit,0.0
O119445,C14947,P226726,Fashion,60.85,0.0,2,Credit Card,2025-05-14,7,West,Yes,121.7,6.62,35.98,24,Female,2025,5,14,2,20,1,0.0,121.7,121.7,Profit,0.0
O119455,C14004,P224331,Home,59.29,0.0,1,Credit Card,2025-08-14,5,West,Yes,59.29,5.7,10.9,60,Female,2025,8,14,3,33,1,0.0,59.29,59.29,Profit,0.0
O119456,C12344,P203583,Home,95.66,0.05,1,PayPal,2024-09-06,7,East,Yes,90.88,6.63,18.82,52,Male,2024,9,6,4,36,1,5.0,95.66,90.877,Profit,0.0
O119488,C15473,P236418,Fashion,105.3,0.15,5,Debit Card,2024-04-30,3,North,Yes,447.52,11.37,145.26,69,Female,2024,4,30,1,18,1,15.0,526.5,447.525,Profit,0.0
O119503,C15030,P221563,Grocery,4.88,0.0,1,Credit Card,2024-01-16,7,South,Yes,4.88,2.0,-1.61,22,Male,2024,1,16,1,3,1,0.0,4.88,4.88,Loss,0.07856800000000001
O119507,C11711,P227771,Electronics,99.16,0.0,1,Debit Card,2025-09-08,4,Central,Yes,99.16,6.06,5.84,59,Female,2025,9,8,0,37,1,0.0,99.16,99.16,Profit,0.0
O119510,C12734,P205535,Home,177.62,0.0,1,COD,2024-11-09,7,East,Yes,177.62,8.09,41.64,28,Female,2024,11,9,5,45,1,0.0,177.62,177.62,Profit,0.0
O119512,C13630,P212020,Fashion,169.86,0.1,1,Credit Card,2024-04-27,5,East,Yes,152.87,7.35,46.15,35,Female,2024,4,27,5,17,1,10.0,169.86,152.87400000000002,Profit,0.0
O119517,C14216,P237853,Toys,56.51,0.0,2,Debit Card,2025-04-01,5,East,Yes,113.02,7.47,37.74,43,Female,2025,4,1,1,14,1,0.0,113.02,113.02,Profit,0.0
O119554,C15679,P234726,Electronics,168.87,0.05,1,Credit Card,2024-08-09,5,West,Yes,160.43,8.5,10.75,60,Female,2024,8,9,4,32,1,5.0,168.87,160.4265,Profit,0.0
O119601,C13692,P207477,Toys,5.34,0.0,5,Credit Card,2025-04-04,3,Central,Yes,26.7,5.33,5.35,31,Male,2025,4,4,4,14,1,0.0,26.7,26.7,Profit,0.0
O119641,C10275,P213020,Home,53.52,0.0,1,Credit Card,2024-09-22,5,North,Yes,53.52,4.7,10.29,69,Male,2024,9,22,6,38,1,0.0,53.52,53.52,Profit,0.0
O119658,C13377,P222303,Fashion,18.49,0.2,1,COD,2025-05-22,5,East,Yes,14.79,4.59,0.59,55,Female,2025,5,22,3,21,1,20.0,18.49,14.792,Profit,0.0
O119676,C17033,P223041,Fashion,56.36,0.05,1,Credit Card,2024-12-22,5,Central,Yes,53.54,5.48,13.26,36,Female,2024,12,22,6,51,1,5.0,56.36,53.542,Profit,0.0
O119692,C14353,P218883,Toys,23.66,0.0,1,Debit Card,2024-11-11,4,South,Yes,23.66,6.74,2.72,69,Male,2024,11,11,0,46,1,0.0,23.66,23.66,Profit,0.0
O119717,C11992,P239642,Toys,3.89,0.1,1,Credit Card,2024-10-28,4,South,Yes,3.5,2.55,-1.15,49,Female,2024,10,28,0,44,1,10.0,3.89,3.5010000000000003,Loss,0.040261500000000006
O119726,C13568,P213771,Fashion,72.07,0.1,4,Credit Card,2024-02-07,5,East,Yes,259.45,7.92,82.89,62,Male,2024,2,7,2,6,1,10.0,288.28,259.452,Profit,0.0
O119733,C17265,P219459,Toys,3.2,0.05,1,Credit Card,2023-12-20,5,West,Yes,3.04,2.04,-0.82,31,Male,2023,12,20,2,51,1,5.0,3.2,3.04,Loss,0.024928
O119739,C10693,P208794,Sports,30.35,0.15,1,Credit Card,2024-11-09,4,South,Yes,25.8,4.31,3.43,39,Male,2024,11,9,5,45,1,15.0,30.35,25.7975,Profit,0.0
O119747,C17746,P217525,Home,85.38,0.0,1,COD,2025-04-30,5,North,Yes,85.38,5.95,17.96,22,Female,2025,4,30,2,18,1,0.0,85.38,85.38,Profit,0.0
O119768,C12324,P214526,Fashion,95.11,0.05,1,Debit Card,2024-08-26,6,East,Yes,90.35,6.33,25.29,46,Female,2024,8,26,0,35,1,5.0,95.11,90.3545,Profit,0.0
O119777,C10362,P204136,Sports,80.13,0.0,3,Debit Card,2025-07-27,6,West,Yes,240.39,9.32,62.8,47,Male,2025,7,27,6,30,1,0.0,240.39,240.39,Profit,0.0
O119788,C17195,P243326,Fashion,96.82,0.15,1,Credit Card,2025-06-04,3,Central,Yes,82.3,7.91,20.89,67,Female,2025,6,4,2,23,1,15.0,96.82,82.297,Profit,0.0
O119796,C16184,P219182,Electronics,400.23,0.15,1,UPI,2023-11-09,4,South,Yes,340.2,7.85,32.97,48,Female,2023,11,9,3,45,1,15.0,400.23,340.1955,Profit,0.0
O119815,C15291,P237943,Beauty,23.92,0.0,1,Debit Card,2025-05-04,6,South,Yes,23.92,5.54,5.22,68,Female,2025,5,4,6,18,1,0.0,23.92,23.92,Profit,0.0
O119835,C14147,P202717,Home,368.15,0.0,1,PayPal,2023-11-23,4,South,Yes,368.15,9.17,93.91,53,Male,2023,11,23,3,47,1,0.0,368.15,368.15,Profit,0.0
O119845,C11424,P227224,Fashion,16.92,0.0,1,Credit Card,2024-06-25,4,West,Yes,16.92,4.64,1.28,61,Male,2024,6,25,1,26,1,0.0,16.92,16.92,Profit,0.0
O119908,C11548,P228007,Toys,3.8,0.0,1,PayPal,2024-12-27,7,West,Yes,3.8,1.78,-0.26,31,Female,2024,12,27,4,52,1,0.0,3.8,3.8,Loss,0.00988
O119924,C17322,P213855,Grocery,8.05,0.0,2,Credit Card,2024-01-08,3,North,Yes,16.1,4.64,-3.35,23,Male,2024,1,8,0,2,1,0.0,16.1,16.1,Loss,0.5393500000000001
O119933,C11395,P207275,Home,162.24,0.1,1,UPI,2024-07-29,4,North,Yes,146.02,7.69,33.2,59,Female,2024,7,29,0,31,1,10.0,162.24,146.01600000000002,Profit,0.0
O119944,C15358,P237931,Fashion,144.76,0.0,2,PayPal,2025-02-06,5,South,Yes,289.52,7.01,94.32,65,Male,2025,2,6,3,6,1,0.0,289.52,289.52,Profit,0.0
O119947,C12004,P237362,Fashion,29.14,0.0,1,PayPal,2023-11-16,3,North,Yes,29.14,6.14,4.06,52,Male,2023,11,16,3,46,1,0.0,29.14,29.14,Profit,0.0
O119952,C15422,P222502,Electronics,194.2,0.0,3,Credit Card,2024-11-26,5,South,Yes,582.6,10.67,59.24,63,Female,2024,11,26,1,48,1,0.0,582.5999999999999,582.5999999999999,Profit,0.0
O119969,C17702,P214272,Beauty,39.52,0.0,1,Debit Card,2024-04-27,6,East,Yes,39.52,4.33,13.45,40,Female,2024,4,27,5,17,1,0.0,39.52,39.52,Profit,0.0
O119981,C14464,P218027,Electronics,343.46,0.3,1,UPI,2025-08-02,4,North,Yes,240.42,6.07,22.78,66,Female,2025,8,2,5,31,1,30.0,343.46,240.422,Profit,0.0
O119993,C16266,P236705,Electronics,118.95,0.1,2,UPI,2025-05-23,6,East,Yes,214.11,6.67,19.02,32,Male,2025,5,23,4,21,1,10.0,237.9,214.11,Profit,0.0
O120007,C10427,P210517,Home,36.17,0.0,1,COD,2024-06-15,5,West,Yes,36.17,4.82,5.31,20,Other,2024,6,15,5,24,1,0.0,36.17,36.17,Profit,0.0
O120017,C15278,P237204,Electronics,66.04,0.0,1,COD,2023-12-26,6,East,Yes,66.04,7.12,0.8,62,Male,2023,12,26,1,52,1,0.0,66.04,66.04,Profit,0.0
O120039,C13383,P203884,Beauty,3.11,0.0,1,UPI,2025-04-11,3,North,Yes,3.11,2.4,-1.0,40,Female,2025,4,11,4,15,1,0.0,3.11,3.11,Loss,0.0311
O120047,C17523,P216707,Electronics,266.44,0.2,3,Credit Card,2025-08-22,3,North,Yes,639.46,8.07,68.67,19,Female,2025,8,22,4,34,1,20.0,799.3199999999999,639.456,Profit,0.0
O120067,C13291,P239674,Fashion,34.48,0.0,1,Credit Card,2025-04-24,6,East,Yes,34.48,5.54,6.53,64,Female,2025,4,24,3,17,1,0.0,34.48,34.48,Profit,0.0
O120089,C12742,P221535,Electronics,64.44,0.0,1,Wallet,2024-03-16,4,South,Yes,64.44,6.82,0.91,39,Female,2024,3,16,5,11,1,0.0,64.44,64.44,Profit,0.0
O120132,C13833,P229530,Electronics,222.6,0.0,1,Credit Card,2024-04-10,6,South,Yes,222.6,7.58,19.13,30,Male,2024,4,10,2,15,1,0.0,222.6,222.6,Profit,0.0
O120137,C16481,P227762,Beauty,14.35,0.05,1,COD,2024-09-01,5,West,Yes,13.63,4.93,1.2,44,Female,2024,9,1,6,35,1,5.0,14.35,13.6325,Profit,0.0
O120142,C12572,P206857,Fashion,22.89,0.05,1,UPI,2025-04-25,5,East,Yes,21.75,2.98,4.63,25,Female,2025,4,25,4,17,1,5.0,22.89,21.7455,Profit,0.0
O120143,C13929,P200067,Fashion,81.6,0.0,1,UPI,2024-02-14,5,South,Yes,81.6,5.94,22.62,34,Male,2024,2,14,2,7,1,0.0,81.6,81.6,Profit,0.0
O120144,C10491,P209863,Home,73.33,0.0,1,PayPal,2025-03-15,3,North,Yes,73.33,6.76,13.77,28,Other,2025,3,15,5,11,1,0.0,73.33,73.33,Profit,0.0
O120157,C11761,P237146,Home,43.67,0.0,2,COD,2025-05-22,5,South,Yes,87.34,5.9,18.56,65,Male,2025,5,22,3,21,1,0.0,87.34,87.34,Profit,0.0
O120160,C15364,P236166,Beauty,45.37,0.05,1,Debit Card,2023-12-28,8,South,Yes,43.1,5.72,13.68,36,Male,2023,12,28,3,52,1,5.0,45.37,43.1015,Profit,0.0
O120166,C13892,P234846,Electronics,269.16,0.0,1,Debit Card,2025-08-13,5,West,Yes,269.16,8.68,23.62,63,Female,2025,8,13,2,33,1,0.0,269.16,269.16,Profit,0.0
O120197,C15253,P243001,Sports,25.66,0.0,1,UPI,2024-12-23,3,North,Yes,25.66,6.92,0.78,66,Other,2024,12,23,0,52,1,0.0,25.66,25.66,Profit,0.0
O120257,C10611,P208847,Sports,88.3,0.0,1,Credit Card,2024-04-13,4,West,Yes,88.3,5.71,20.78,33,Male,2024,4,13,5,15,1,0.0,88.3,88.3,Profit,0.0
O120316,C13063,P248755,Electronics,377.31,0.3,1,Debit Card,2025-05-18,7,East,Yes,264.12,7.39,24.3,31,Male,2025,5,18,6,20,1,30.0,377.31,264.117,Profit,0.0
O120336,C14135,P208200,Fashion,41.49,0.0,1,Credit Card,2025-06-16,4,North,Yes,41.49,6.7,7.82,64,Female,2025,6,16,0,25,1,0.0,41.49,41.49,Profit,0.0
O120393,C15657,P235032,Fashion,45.4,0.0,1,Credit Card,2024-03-01,3,North,Yes,45.4,5.96,9.93,64,Male,2024,3,1,4,9,1,0.0,45.4,45.4,Profit,0.0
O120395,C14899,P231389,Fashion,64.58,0.0,1,UPI,2025-01-28,4,South,Yes,64.58,7.32,15.28,33,Female,2025,1,28,1,5,1,0.0,64.58,64.58,Profit,0.0
O120408,C11818,P211492,Electronics,424.99,0.0,1,Credit Card,2023-10-26,4,West,Yes,424.99,9.29,41.71,25,Female,2023,10,26,3,43,1,0.0,424.99,424.99,Profit,0.0
O120409,C15062,P249845,Toys,7.53,0.0,1,UPI,2024-02-13,3,Central,Yes,7.53,2.53,0.48,39,Female,2024,2,13,1,7,1,0.0,7.53,7.53,Profit,0.0
O120414,C14008,P210582,Electronics,296.74,0.1,1,Debit Card,2024-10-05,4,North,Yes,267.07,8.65,23.4,48,Female,2024,10,5,5,40,1,10.0,296.74,267.06600000000003,Profit,0.0
O120427,C15089,P231793,Fashion,14.04,0.0,1,Debit Card,2024-01-08,5,East,Yes,14.04,4.1,0.81,66,Female,2024,1,8,0,2,1,0.0,14.04,14.04,Profit,0.0
O120441,C17240,P203155,Electronics,747.32,0.0,1,Credit Card,2025-01-27,4,South,Yes,747.32,9.81,79.87,35,Male,2025,1,27,0,5,1,0.0,747.32,747.32,Profit,0.0
O120462,C17506,P211531,Electronics,201.03,0.1,2,Credit Card,2025-03-14,4,West,Yes,361.85,9.48,33.94,29,Male,2025,3,14,4,11,1,10.0,402.06,361.854,Profit,0.0
O120468,C17248,P228270,Toys,42.19,0.15,1,COD,2024-01-05,4,North,Yes,35.86,4.07,10.27,57,Male,2024,1,5,4,1,1,15.0,42.19,35.8615,Profit,0.0
O120507,C15625,P229094,Fashion,71.04,0.0,2,PayPal,2024-04-29,5,East,Yes,142.08,7.84,41.89,51,Male,2024,4,29,0,18,1,0.0,142.08,142.08,Profit,0.0
O120515,C10445,P228287,Fashion,33.12,0.15,3,Credit Card,2025-04-24,4,Central,Yes,84.46,5.14,24.42,38,Male,2025,4,24,3,17,1,15.0,99.36,84.45599999999999,Profit,0.0
O120527,C17636,P217874,Grocery,4.67,0.0,4,Credit Card,2025-04-29,5,East,Yes,18.68,3.48,-1.99,55,Female,2025,4,29,1,18,1,0.0,18.68,18.68,Loss,0.371732
O120560,C16693,P207491,Fashion,74.63,0.15,1,Credit Card,2025-03-10,5,West,Yes,63.44,8.34,13.86,23,Male,2025,3,10,0,11,1,15.0,74.63,63.4355,Profit,0.0
O120567,C11122,P248788,Home,43.19,0.05,5,Debit Card,2024-01-03,4,Central,Yes,205.15,8.8,48.64,31,Male,2024,1,3,2,1,1,5.0,215.95,205.1525,Profit,0.0
O120573,C11748,P229899,Electronics,133.59,0.0,4,Wallet,2025-08-09,5,East,Yes,534.36,9.76,54.36,43,Female,2025,8,9,5,32,1,0.0,534.36,534.36,Profit,0.0
O120584,C13813,P246442,Sports,438.12,0.0,1,Credit Card,2023-12-25,4,South,Yes,438.12,8.61,122.83,25,Female,2023,12,25,0,52,1,0.0,438.12,438.12,Profit,0.0
O120595,C15285,P229899,Fashion,57.72,0.0,3,Credit Card,2024-01-12,3,North,Yes,173.16,7.44,53.17,31,Male,2024,1,12,4,2,1,0.0,173.16,173.16,Profit,0.0
O120617,C15491,P215890,Fashion,10.88,0.0,2,UPI,2025-08-09,5,West,Yes,21.76,4.91,2.71,35,Female,2025,8,9,5,32,1,0.0,21.76,21.76,Profit,0.0
O120633,C14959,P213115,Electronics,471.33,0.1,3,UPI,2023-11-15,3,Central,Yes,1272.59,9.97,142.74,46,Female,2023,11,15,2,46,1,10.0,1413.99,1272.591,Profit,0.0
O120639,C13257,P207688,Home,411.76,0.1,1,COD,2025-04-01,7,West,Yes,370.58,7.58,96.18,56,Female,2025,4,1,1,14,1,10.0,411.76,370.584,Profit,0.0
O120647,C13464,P241259,Home,59.36,0.0,1,UPI,2023-10-25,5,Central,Yes,59.36,7.47,9.15,35,Female,2023,10,25,2,43,1,0.0,59.36,59.36,Profit,0.0
O120656,C11165,P212793,Grocery,3.21,0.0,1,Debit Card,2025-07-17,6,South,Yes,3.21,2.93,-2.67,68,Male,2025,7,17,3,29,1,0.0,3.21,3.21,Loss,0.085707
O120683,C12340,P246165,Fashion,6.5,0.0,1,PayPal,2025-08-12,5,South,Yes,6.5,2.49,-0.22,45,Female,2025,8,12,1,33,1,0.0,6.5,6.5,Loss,0.0143
O120695,C14675,P246678,Fashion,71.65,0.1,1,Credit Card,2024-12-07,3,Central,Yes,64.49,5.69,16.88,25,Male,2024,12,7,5,49,1,10.0,71.65,64.48500000000001,Profit,0.0
O120700,C11976,P204564,Home,179.84,0.0,1,Debit Card,2024-02-17,5,East,Yes,179.84,8.49,41.87,67,Male,2024,2,17,5,7,1,0.0,179.84,179.84,Profit,0.0
O120706,C13803,P211388,Toys,2.72,0.0,3,Credit Card,2024-02-26,6,East,Yes,8.16,4.39,-1.13,42,Male,2024,2,26,0,9,1,0.0,8.16,8.16,Loss,0.09220799999999998
O120726,C11916,P233462,Beauty,10.61,0.0,1,Debit Card,2024-03-20,7,West,Yes,10.61,3.66,1.11,38,Female,2024,3,20,2,12,1,0.0,10.61,10.61,Profit,0.0
O120746,C15147,P227483,Electronics,166.45,0.05,1,Credit Card,2025-03-27,4,North,Yes,158.13,7.55,11.43,36,Female,2025,3,27,3,13,1,5.0,166.45,158.12749999999997,Profit,0.0
O120754,C12125,P206274,Electronics,702.67,0.0,1,Debit Card,2024-07-12,6,West,Yes,702.67,10.09,74.23,22,Female,2024,7,12,4,28,1,0.0,702.67,702.67,Profit,0.0
O120762,C11286,P213990,Fashion,9.33,0.05,1,Debit Card,2024-07-10,6,East,Yes,8.86,3.37,-0.27,36,Male,2024,7,10,2,28,1,5.0,9.33,8.8635,Loss,0.02393145
O120775,C14863,P237844,Home,280.85,0.0,1,Debit Card,2024-10-27,5,West,Yes,280.85,9.04,69.6,24,Male,2024,10,27,6,43,1,0.0,280.85,280.85,Profit,0.0
O120795,C12268,P239136,Fashion,82.38,0.1,1,Credit Card,2025-04-10,5,North,Yes,74.14,7.5,18.45,67,Male,2025,4,10,3,15,1,10.0,82.38,74.142,Profit,0.0
O120796,C15632,P227531,Electronics,153.98,0.0,1,PayPal,2025-01-20,5,East,Yes,153.98,8.28,10.2,54,Male,2025,1,20,0,4,1,0.0,153.98,153.98,Profit,0.0
O120798,C13512,P236710,Home,68.1,0.05,1,Debit Card,2025-01-28,5,East,Yes,64.69,8.72,9.39,21,Female,2025,1,28,1,5,1,5.0,68.1,64.695,Profit,0.0
O120817,C12296,P218534,Sports,106.93,0.05,1,Debit Card,2023-10-10,3,Central,Yes,101.58,8.15,22.32,52,Female,2023,10,10,1,41,1,5.0,106.93,101.5835,Profit,0.0
O120827,C16167,P220806,Beauty,30.42,0.05,1,UPI,2023-11-05,4,Central,Yes,28.9,4.21,8.79,23,Male,2023,11,5,6,44,1,5.0,30.42,28.899,Profit,0.0
O120842,C14040,P209766,Sports,146.53,0.05,1,Credit Card,2024-02-01,5,Central,Yes,139.2,8.88,32.88,47,Other,2024,2,1,3,5,1,5.0,146.53,139.2035,Profit,0.0
O120878,C13951,P203938,Fashion,74.92,0.0,1,Credit Card,2024-03-04,7,East,Yes,74.92,5.58,20.64,63,Female,2024,3,4,0,10,1,0.0,74.92,74.92,Profit,0.0
O120893,C15825,P236320,Home,42.07,0.05,2,Credit Card,2025-09-07,3,North,Yes,79.93,6.16,16.22,58,Female,2025,9,7,6,36,1,5.0,84.14,79.93299999999999,Profit,0.0
O120900,C10823,P248640,Beauty,17.96,0.0,1,Credit Card,2024-10-07,5,West,Yes,17.96,4.17,3.91,44,Male,2024,10,7,0,41,1,0.0,17.96,17.96,Profit,0.0
O120932,C13560,P221074,Fashion,19.84,0.3,1,Credit Card,2024-03-28,4,West,Yes,13.89,3.69,1.17,26,Female,2024,3,28,3,13,1,30.0,19.84,13.888,Profit,0.0
O120945,C11774,P245871,Electronics,1920.33,0.0,2,Debit Card,2024-10-04,6,West,Yes,3840.66,13.39,447.49,32,Male,2024,10,4,4,40,1,0.0,3840.66,3840.66,Profit,0.0
O120985,C12060,P235094,Fashion,21.59,0.0,1,COD,2024-11-29,4,South,Yes,21.59,6.39,1.17,18,Male,2024,11,29,4,48,1,0.0,21.59,21.59,Profit,0.0
O121004,C14863,P221464,Sports,124.16,0.0,2,UPI,2024-04-26,6,South,Yes,248.32,7.52,66.98,30,Male,2024,4,26,4,17,1,0.0,248.32,248.32,Profit,0.0
O121025,C14308,P200916,Fashion,14.93,0.0,1,UPI,2025-03-04,5,East,Yes,14.93,5.49,-0.26,49,Female,2025,3,4,1,10,1,0.0,14.93,14.93,Loss,0.038818
O121037,C10548,P211001,Fashion,53.3,0.0,1,Credit Card,2024-01-19,4,South,Yes,53.3,5.82,12.83,30,Female,2024,1,19,4,3,1,0.0,53.3,53.3,Profit,0.0
O121058,C14367,P237326,Sports,176.97,0.0,1,Credit Card,2025-07-31,6,West,Yes,176.97,6.71,46.38,27,Female,2025,7,31,3,31,1,0.0,176.97,176.97,Profit,0.0
O121066,C16556,P221997,Fashion,30.5,0.0,1,PayPal,2023-10-23,4,West,Yes,30.5,3.84,6.83,28,Female,2023,10,23,0,43,1,0.0,30.5,30.5,Profit,0.0
O121101,C13696,P224946,Home,72.4,0.1,3,UPI,2024-12-04,5,South,Yes,195.48,10.97,43.76,45,Male,2024,12,4,2,49,1,10.0,217.2,195.48,Profit,0.0
O121115,C15643,P244135,Electronics,328.44,0.0,2,PayPal,2024-02-12,4,West,Yes,656.88,9.07,69.76,47,Female,2024,2,12,0,7,1,0.0,656.88,656.88,Profit,0.0
O121118,C15455,P215855,Electronics,321.73,0.1,1,Credit Card,2023-10-22,4,West,Yes,289.56,9.45,25.3,41,Female,2023,10,22,6,42,1,10.0,321.73,289.557,Profit,0.0
O121119,C15541,P226736,Toys,10.43,0.3,5,Credit Card,2024-05-14,7,East,Yes,36.5,5.19,9.41,67,Male,2024,5,14,1,20,1,30.0,52.15,36.505,Profit,0.0
O121122,C12355,P249913,Beauty,18.45,0.15,1,Debit Card,2025-08-07,7,South,Yes,15.68,5.53,1.53,56,Female,2025,8,7,3,32,1,15.0,18.45,15.6825,Profit,0.0
O121127,C17970,P225524,Fashion,16.06,0.15,1,PayPal,2024-09-05,4,West,Yes,13.65,3.64,1.14,29,Male,2024,9,5,3,36,1,15.0,16.06,13.650999999999998,Profit,0.0
O121134,C14578,P235469,Electronics,900.77,0.05,1,UPI,2025-03-01,5,South,Yes,855.73,12.03,90.66,18,Female,2025,3,1,5,9,1,5.0,900.77,855.7315,Profit,0.0
O121140,C12835,P202128,Electronics,125.64,0.05,2,Debit Card,2024-12-16,6,East,Yes,238.72,9.65,19.0,26,Male,2024,12,16,0,51,1,5.0,251.28,238.716,Profit,0.0
O121148,C12696,P219005,Home,227.47,0.15,1,Credit Card,2024-11-03,5,South,Yes,193.35,8.91,45.23,49,Male,2024,11,3,6,44,1,15.0,227.47,193.3495,Profit,0.0
O121164,C14494,P224875,Electronics,800.01,0.1,1,Credit Card,2023-12-25,5,South,Yes,720.01,10.41,75.99,50,Female,2023,12,25,0,52,1,10.0,800.01,720.009,Profit,0.0
O121171,C17432,P226964,Home,235.64,0.0,1,COD,2025-04-17,3,Central,Yes,235.64,8.69,57.29,62,Female,2025,4,17,3,16,1,0.0,235.64,235.64,Profit,0.0
O121174,C11421,P239199,Fashion,89.39,0.0,2,Wallet,2025-05-30,4,West,Yes,178.78,7.9,54.67,57,Male,2025,5,30,4,22,1,0.0,178.78,178.78,Profit,0.0
O121180,C14001,P236387,Home,86.89,0.0,2,COD,2024-04-16,6,East,Yes,173.78,4.88,43.78,46,Female,2024,4,16,1,16,1,0.0,173.78,173.78,Profit,0.0
O121190,C10915,P247999,Fashion,15.73,0.0,1,Credit Card,2025-01-20,5,West,Yes,15.73,3.88,1.63,21,Male,2025,1,20,0,4,1,0.0,15.73,15.73,Profit,0.0
O121199,C13358,P243728,Fashion,47.33,0.0,1,PayPal,2024-12-16,4,North,Yes,47.33,7.83,8.74,48,Male,2024,12,16,0,51,1,0.0,47.33,47.33,Profit,0.0
O121214,C11059,P246828,Beauty,37.87,0.0,1,PayPal,2024-07-08,3,North,Yes,37.87,5.25,11.79,21,Male,2024,7,8,0,28,1,0.0,37.87,37.87,Profit,0.0
O121261,C14389,P201789,Fashion,22.9,0.0,1,COD,2023-10-19,4,Central,Yes,22.9,4.08,3.93,38,Female,2023,10,19,3,42,1,0.0,22.9,22.9,Profit,0.0
O121264,C16114,P238946,Beauty,7.95,0.05,1,COD,2024-03-31,5,South,Yes,7.55,3.13,0.27,63,Female,2024,3,31,6,13,1,5.0,7.95,7.5525,Profit,0.0
O121271,C16209,P211885,Beauty,8.84,0.05,4,UPI,2025-08-06,9,South,Yes,33.59,8.34,6.78,25,Male,2025,8,6,2,32,1,5.0,35.36,33.592,Profit,0.0
O121278,C17777,P237524,Electronics,156.37,0.1,1,Debit Card,2023-09-26,6,East,Yes,140.73,8.31,8.58,55,Male,2023,9,26,1,39,1,10.0,156.37,140.733,Profit,0.0
O121296,C12126,P234755,Electronics,1405.23,0.15,1,UPI,2024-10-12,6,East,Yes,1194.45,12.26,131.07,32,Female,2024,10,12,5,41,1,15.0,1405.23,1194.4455,Profit,0.0
O121318,C15307,P215876,Beauty,24.78,0.05,5,PayPal,2025-05-14,6,West,Yes,117.7,6.9,46.07,68,Female,2025,5,14,2,20,1,5.0,123.9,117.705,Profit,0.0
O121338,C13153,P234547,Home,17.14,0.05,1,Credit Card,2023-12-07,4,West,Yes,16.28,4.63,-0.07,62,Female,2023,12,7,3,49,1,5.0,17.14,16.283,Loss,0.011398100000000001
O121351,C12274,P225317,Fashion,21.42,0.0,1,PayPal,2025-03-13,4,North,Yes,21.42,4.19,3.31,69,Female,2025,3,13,3,11,1,0.0,21.42,21.42,Profit,0.0
O121356,C12102,P220736,Home,328.76,0.05,1,Credit Card,2023-10-21,4,West,Yes,312.32,7.36,80.09,44,Male,2023,10,21,5,42,1,5.0,328.76,312.322,Profit,0.0
O121359,C12471,P205649,Fashion,36.8,0.0,2,Credit Card,2023-10-02,4,North,Yes,73.6,7.23,18.53,38,Male,2023,10,2,0,40,1,0.0,73.6,73.6,Profit,0.0
O121369,C12799,P237785,Fashion,57.96,0.0,1,Wallet,2023-12-04,5,East,Yes,57.96,6.96,13.33,43,Female,2023,12,4,0,49,1,0.0,57.96,57.96,Profit,0.0
O121410,C15347,P202369,Electronics,380.5,0.05,1,Credit Card,2024-06-24,6,East,Yes,361.48,8.49,34.89,42,Female,2024,6,24,0,26,1,5.0,380.5,361.475,Profit,0.0
O121412,C10529,P232241,Electronics,104.47,0.0,1,COD,2024-08-20,5,East,Yes,104.47,7.25,5.29,61,Male,2024,8,20,1,34,1,0.0,104.47,104.47,Profit,0.0
O121421,C12525,P243625,Sports,84.47,0.0,2,Credit Card,2024-04-07,5,West,Yes,168.94,8.25,42.43,22,Female,2024,4,7,6,14,1,0.0,168.94,168.94,Profit,0.0
O121438,C14055,P209223,Fashion,11.46,0.0,1,Debit Card,2024-04-25,4,West,Yes,11.46,3.59,0.42,54,Female,2024,4,25,3,17,1,0.0,11.46,11.46,Profit,0.0
O121458,C13644,P206002,Fashion,82.1,0.0,2,Credit Card,2025-07-31,6,South,Yes,164.2,9.24,48.23,68,Female,2025,7,31,3,31,1,0.0,164.2,164.2,Profit,0.0
O121464,C11283,P233093,Electronics,359.07,0.0,1,UPI,2025-05-13,4,West,Yes,359.07,8.3,34.79,51,Male,2025,5,13,1,20,1,0.0,359.07,359.07,Profit,0.0
O121476,C13336,P207990,Beauty,35.74,0.0,1,Credit Card,2025-06-04,5,North,Yes,35.74,5.56,10.52,18,Male,2025,6,4,2,23,1,0.0,35.74,35.74,Profit,0.0
O121480,C17784,P204344,Fashion,55.61,0.0,2,Credit Card,2023-09-18,3,Central,Yes,111.22,7.37,31.56,37,Male,2023,9,18,0,38,1,0.0,111.22,111.22,Profit,0.0
O121493,C15432,P231686,Grocery,37.16,0.1,2,Credit Card,2023-11-04,4,West,Yes,66.89,6.59,-1.24,21,Male,2023,11,4,5,44,1,10.0,74.32,66.88799999999999,Loss,0.8294111999999998
O121511,C14714,P213926,Toys,10.87,0.2,3,Credit Card,2025-06-27,4,North,Yes,26.09,4.58,5.86,43,Male,2025,6,27,4,26,1,20.0,32.61,26.088,Profit,0.0
O121515,C15973,P203266,Sports,279.55,0.0,2,Debit Card,2024-11-24,6,West,Yes,559.1,8.85,158.88,66,Female,2024,11,24,6,47,1,0.0,559.1,559.1,Profit,0.0
O121517,C16990,P214842,Fashion,57.19,0.0,1,COD,2024-01-19,5,East,Yes,57.19,6.68,13.34,64,Male,2024,1,19,4,3,1,0.0,57.19,57.19,Profit,0.0
O121519,C17945,P203497,Fashion,36.68,0.05,1,PayPal,2025-02-10,5,West,Yes,34.85,4.1,8.1,51,Female,2025,2,10,0,7,1,5.0,36.68,34.846,Profit,0.0
O121521,C17414,P234742,Fashion,121.07,0.0,2,Credit Card,2024-11-22,8,East,Yes,242.14,8.09,76.66,62,Female,2024,11,22,4,47,1,0.0,242.14,242.14,Profit,0.0
O121608,C17959,P219012,Electronics,225.43,0.0,1,PayPal,2024-12-24,7,South,Yes,225.43,8.18,18.87,44,Male,2024,12,24,1,52,1,0.0,225.43,225.43,Profit,0.0
O121642,C16563,P234541,Sports,144.18,0.15,1,Credit Card,2024-08-08,7,West,Yes,122.55,7.34,29.42,55,Male,2024,8,8,3,32,1,15.0,144.18,122.553,Profit,0.0
O121665,C14118,P224061,Toys,25.69,0.15,1,Credit Card,2025-01-25,6,East,Yes,21.84,4.41,4.33,56,Male,2025,1,25,5,4,1,15.0,25.69,21.8365,Profit,0.0
O121672,C13324,P224448,Fashion,87.99,0.0,1,Credit Card,2025-06-09,5,East,Yes,87.99,6.68,24.12,53,Other,2025,6,9,0,24,1,0.0,87.99,87.99,Profit,0.0
O121695,C13102,P226659,Fashion,19.84,0.0,2,COD,2024-09-27,8,South,Yes,39.68,6.18,7.71,54,Female,2024,9,27,4,39,1,0.0,39.68,39.68,Profit,0.0
O121696,C15637,P203905,Toys,9.67,0.0,1,Credit Card,2024-09-28,3,North,Yes,9.67,1.69,2.18,52,Male,2024,9,28,5,39,1,0.0,9.67,9.67,Profit,0.0
O121722,C10991,P235049,Toys,11.15,0.1,1,Credit Card,2023-10-11,4,North,Yes,10.04,4.68,-0.66,46,Male,2023,10,11,2,41,1,10.0,11.15,10.035,Loss,0.066231
O121731,C11083,P225427,Fashion,31.61,0.0,1,Debit Card,2023-12-12,4,West,Yes,31.61,5.63,5.43,68,Male,2023,12,12,1,50,1,0.0,31.61,31.61,Profit,0.0
O121741,C16841,P223202,Electronics,245.55,0.0,2,Credit Card,2025-01-09,4,North,Yes,491.1,9.94,48.99,47,Female,2025,1,9,3,2,1,0.0,491.1,491.1,Profit,0.0
O121744,C17744,P219314,Home,189.27,0.0,1,Debit Card,2025-06-11,4,North,Yes,189.27,7.22,45.78,22,Male,2025,6,11,2,24,1,0.0,189.27,189.27,Profit,0.0
O121750,C14521,P218991,Electronics,239.17,0.15,2,Credit Card,2025-07-28,4,West,Yes,406.59,9.75,39.04,56,Female,2025,7,28,0,31,1,15.0,478.34,406.589,Profit,0.0
O121767,C15083,P237261,Toys,9.56,0.0,1,PayPal,2024-08-20,5,South,Yes,9.56,5.31,-1.49,48,Female,2024,8,20,1,34,1,0.0,9.56,9.56,Loss,0.14244400000000002
O121769,C14125,P231896,Electronics,70.37,0.0,1,COD,2025-09-08,4,Central,Yes,70.37,5.02,3.42,62,Male,2025,9,8,0,37,1,0.0,70.37,70.37,Profit,0.0
O121782,C12438,P218083,Home,145.48,0.0,1,UPI,2023-10-20,5,West,Yes,145.48,8.65,32.08,52,Female,2023,10,20,4,42,1,0.0,145.48,145.48,Profit,0.0
O121794,C12254,P229491,Sports,73.6,0.0,1,PayPal,2025-08-09,5,East,Yes,73.6,6.34,15.74,48,Male,2025,8,9,5,32,1,0.0,73.6,73.6,Profit,0.0
O121803,C17343,P237504,Beauty,29.8,0.1,2,UPI,2024-07-07,3,North,Yes,53.64,4.75,19.39,54,Male,2024,7,7,6,27,1,10.0,59.6,53.64,Profit,0.0
O121806,C15229,P213887,Fashion,11.34,0.0,1,UPI,2023-10-31,6,North,Yes,11.34,2.67,1.3,57,Female,2023,10,31,1,44,1,0.0,11.34,11.34,Profit,0.0
O121823,C15696,P209846,Sports,94.92,0.15,3,COD,2024-05-02,6,East,Yes,242.05,7.98,64.63,55,Female,2024,5,2,3,18,1,15.0,284.76,242.046,Profit,0.0
O121873,C11226,P209949,Toys,38.39,0.0,1,Debit Card,2024-01-12,5,Central,Yes,38.39,5.83,9.53,51,Female,2024,1,12,4,2,1,0.0,38.39,38.39,Profit,0.0
O121888,C15700,P248394,Sports,28.12,0.05,1,UPI,2025-04-24,3,Central,Yes,26.71,5.95,2.06,60,Female,2025,4,24,3,17,1,5.0,28.12,26.714,Profit,0.0
O121903,C16817,P234730,Fashion,43.12,0.15,2,Debit Card,2025-05-10,4,North,Yes,73.3,5.92,19.74,37,Female,2025,5,10,5,19,1,15.0,86.24,73.30399999999999,Profit,0.0
O121913,C15268,P219507,Fashion,89.6,0.15,1,Debit Card,2023-10-11,8,West,Yes,76.16,7.82,18.84,24,Female,2023,10,11,2,41,1,15.0,89.6,76.16,Profit,0.0
O121920,C15308,P243208,Fashion,49.36,0.0,1,Debit Card,2024-06-05,7,East,Yes,49.36,6.61,10.67,34,Female,2024,6,5,2,23,1,0.0,49.36,49.36,Profit,0.0
O121984,C12807,P249967,Sports,21.11,0.0,1,Debit Card,2025-06-01,7,East,Yes,21.11,5.28,1.05,34,Male,2025,6,1,6,22,1,0.0,21.11,21.11,Profit,0.0
O122033,C13995,P222235,Toys,53.19,0.15,2,Credit Card,2024-04-19,6,East,Yes,90.42,5.39,30.78,57,Other,2024,4,19,4,16,1,15.0,106.38,90.423,Profit,0.0
O122042,C17443,P245648,Electronics,174.83,0.05,1,Wallet,2025-03-16,4,South,Yes,166.09,7.86,12.07,25,Female,2025,3,16,6,11,1,5.0,174.83,166.0885,Profit,0.0
O122087,C10600,P227122,Sports,126.61,0.0,4,Credit Card,2023-10-07,6,South,Yes,506.44,10.99,140.94,43,Female,2023,10,7,5,40,1,0.0,506.44,506.44,Profit,0.0
O122100,C12063,P249659,Electronics,983.01,0.0,1,Debit Card,2025-03-05,7,East,Yes,983.01,9.89,108.07,41,Female,2025,3,5,2,10,1,0.0,983.01,983.01,Profit,0.0
O122129,C12818,P228652,Fashion,14.78,0.0,1,Wallet,2024-05-03,4,North,Yes,14.78,4.05,1.12,54,Female,2024,5,3,4,18,1,0.0,14.78,14.78,Profit,0.0
O122148,C16049,P204360,Fashion,42.44,0.0,1,COD,2025-04-13,4,North,Yes,42.44,5.52,9.33,64,Female,2025,4,13,6,15,1,0.0,42.44,42.44,Profit,0.0
O122158,C16037,P209681,Home,132.68,0.0,2,Credit Card,2024-01-24,6,Central,Yes,265.36,9.78,64.52,27,Female,2024,1,24,2,4,1,0.0,265.36,265.36,Profit,0.0
O122177,C15891,P247620,Grocery,17.57,0.0,1,Debit Card,2024-02-22,4,North,Yes,17.57,3.34,-1.93,64,Male,2024,2,22,3,8,1,0.0,17.57,17.57,Loss,0.339101
O122191,C11479,P215293,Fashion,46.1,0.3,1,Credit Card,2024-09-21,4,North,Yes,32.27,5.79,5.5,23,Male,2024,9,21,5,38,1,30.0,46.1,32.27,Profit,0.0
O122208,C15568,P203943,Sports,302.8,0.0,1,Debit Card,2025-03-01,4,South,Yes,302.8,8.67,82.17,68,Male,2025,3,1,5,9,1,0.0,302.8,302.8,Profit,0.0
O122240,C16201,P212764,Electronics,992.15,0.1,1,Credit Card,2023-09-17,4,Central,Yes,892.94,12.99,94.16,56,Male,2023,9,17,6,37,1,10.0,992.15,892.935,Profit,0.0
O122249,C14766,P249899,Electronics,291.05,0.05,1,Credit Card,2025-06-13,6,West,Yes,276.5,8.68,24.5,54,Female,2025,6,13,4,24,1,5.0,291.05,276.4975,Profit,0.0
O122262,C11046,P201808,Sports,55.51,0.2,1,Wallet,2025-08-09,4,South,Yes,44.41,5.28,8.04,18,Female,2025,8,9,5,32,1,20.0,55.51,44.408,Profit,0.0
O122284,C15817,P203869,Toys,5.65,0.0,5,Credit Card,2024-04-11,5,South,Yes,28.25,6.65,4.65,49,Female,2024,4,11,3,15,1,0.0,28.25,28.25,Profit,0.0
O122285,C15380,P205200,Electronics,337.05,0.0,1,Wallet,2023-11-14,4,South,Yes,337.05,9.66,30.79,26,Other,2023,11,14,1,46,1,0.0,337.05,337.05,Profit,0.0
O122309,C13851,P245209,Sports,71.34,0.0,1,Wallet,2024-03-12,4,West,Yes,71.34,7.18,14.22,20,Female,2024,3,12,1,11,1,0.0,71.34,71.34,Profit,0.0
O122320,C11921,P217398,Toys,16.6,0.0,1,Credit Card,2025-08-10,4,North,Yes,16.6,5.01,1.63,56,Other,2025,8,10,6,32,1,0.0,16.6,16.6,Profit,0.0
O122323,C14775,P211997,Fashion,68.15,0.1,1,UPI,2024-10-27,4,South,Yes,61.34,5.98,15.49,53,Female,2024,10,27,6,43,1,10.0,68.15,61.33500000000001,Profit,0.0
O122329,C17068,P208664,Fashion,33.03,0.0,1,Credit Card,2023-10-25,4,West,Yes,33.03,4.52,7.04,22,Male,2023,10,25,2,43,1,0.0,33.03,33.03,Profit,0.0
O122333,C17803,P230060,Home,162.16,0.05,3,Wallet,2025-02-12,5,Central,Yes,462.16,10.01,119.39,34,Other,2025,2,12,2,7,1,5.0,486.48,462.156,Profit,0.0
O122334,C13667,P213985,Toys,4.27,0.05,1,PayPal,2024-08-16,5,South,Yes,4.06,2.33,-0.71,54,Female,2024,8,16,4,33,1,5.0,4.27,4.0565,Loss,0.028801149999999994
O122343,C10318,P226312,Beauty,27.27,0.0,2,Debit Card,2023-10-08,3,North,Yes,54.54,5.46,19.08,46,Female,2023,10,8,6,40,1,0.0,54.54,54.54,Profit,0.0
O122352,C13058,P235229,Home,29.68,0.0,1,Credit Card,2024-12-25,4,South,Yes,29.68,4.86,3.45,51,Male,2024,12,25,2,52,1,0.0,29.68,29.68,Profit,0.0
O122357,C12256,P240762,Sports,119.3,0.1,3,COD,2024-09-03,4,South,Yes,322.11,10.12,86.51,49,Female,2024,9,3,1,36,1,10.0,357.9,322.11,Profit,0.0
O122372,C12079,P210709,Electronics,701.03,0.0,1,Credit Card,2024-11-23,6,North,Yes,701.03,9.73,74.39,55,Male,2024,11,23,5,47,1,0.0,701.03,701.03,Profit,0.0
O122378,C11255,P228036,Fashion,17.45,0.15,1,Credit Card,2023-11-20,10,West,Yes,14.83,4.2,0.99,55,Male,2023,11,20,0,47,1,15.0,17.45,14.8325,Profit,0.0
O122404,C11545,P228821,Grocery,15.37,0.05,2,Debit Card,2024-05-23,5,East,Yes,29.2,5.68,-3.34,62,Male,2024,5,23,3,21,1,5.0,30.74,29.203,Loss,0.9753801999999999
O122492,C17361,P202862,Beauty,27.9,0.0,1,Credit Card,2024-05-09,4,West,Yes,27.9,5.19,7.36,40,Female,2024,5,9,3,19,1,0.0,27.9,27.9,Profit,0.0
O122513,C14126,P235819,Toys,2.96,0.0,1,Debit Card,2025-08-03,5,East,Yes,2.96,2.39,-1.21,69,Male,2025,8,3,6,31,1,0.0,2.96,2.96,Loss,0.035816
O122514,C14257,P214065,Beauty,7.52,0.0,1,Debit Card,2024-08-25,6,North,Yes,7.52,3.09,0.29,33,Male,2024,8,25,6,34,1,0.0,7.52,7.52,Profit,0.0
O122521,C14522,P240575,Electronics,88.97,0.0,1,Credit Card,2024-07-31,6,South,Yes,88.97,7.15,3.53,50,Female,2024,7,31,2,31,1,0.0,88.97,88.97,Profit,0.0
O122558,C14529,P237312,Electronics,805.29,0.05,1,Credit Card,2024-08-02,5,South,Yes,765.03,10.65,81.15,40,Male,2024,8,2,4,31,1,5.0,805.29,765.0255,Profit,0.0
O122578,C14132,P214362,Sports,49.94,0.1,1,Credit Card,2023-11-26,4,West,Yes,44.95,6.3,7.19,24,Female,2023,11,26,6,47,1,10.0,49.94,44.946,Profit,0.0
O122583,C14167,P226194,Fashion,32.34,0.0,2,Debit Card,2024-06-04,4,North,Yes,64.68,5.6,17.04,42,Female,2024,6,4,1,23,1,0.0,64.68,64.68,Profit,0.0
O122615,C17810,P229214,Electronics,79.11,0.15,1,Credit Card,2023-10-12,5,South,Yes,67.24,5.9,2.17,40,Male,2023,10,12,3,41,1,15.0,79.11,67.2435,Profit,0.0
O122621,C11469,P232414,Toys,52.1,0.0,1,COD,2024-05-07,7,East,Yes,52.1,4.93,15.91,69,Male,2024,5,7,1,19,1,0.0,52.1,52.1,Profit,0.0
O122633,C13234,P242279,Fashion,84.77,0.3,2,COD,2024-12-03,4,North,Yes,118.68,8.58,32.96,48,Male,2024,12,3,1,49,1,30.0,169.54,118.67799999999998,Profit,0.0
O122650,C15390,P237889,Electronics,160.19,0.05,1,UPI,2025-04-03,5,West,Yes,152.18,7.71,10.55,37,Female,2025,4,3,3,14,1,5.0,160.19,152.1805,Profit,0.0
O122671,C16305,P222341,Sports,14.06,0.05,3,UPI,2023-11-18,6,South,Yes,40.07,6.2,5.82,53,Male,2023,11,18,5,46,1,5.0,42.18,40.071,Profit,0.0
O122675,C16810,P221091,Fashion,22.36,0.0,2,Credit Card,2024-01-13,5,East,Yes,44.72,4.71,10.94,28,Male,2024,1,13,5,2,1,0.0,44.72,44.72,Profit,0.0
O122716,C15585,P201107,Electronics,479.2,0.1,4,Credit Card,2024-03-20,4,South,Yes,1725.12,10.88,196.13,50,Male,2024,3,20,2,12,1,10.0,1916.8,1725.12,Profit,0.0
O122729,C12890,P226872,Fashion,18.74,0.05,3,PayPal,2024-03-23,5,South,Yes,53.41,7.36,11.33,64,Female,2024,3,23,5,12,1,5.0,56.22,53.409,Profit,0.0
O122777,C15385,P214748,Toys,19.87,0.2,1,Credit Card,2025-06-15,4,South,Yes,15.9,4.91,1.45,45,Female,2025,6,15,6,24,1,20.0,19.87,15.896,Profit,0.0
O122783,C16379,P227589,Electronics,655.94,0.2,1,UPI,2024-07-21,6,South,Yes,524.75,8.9,54.07,43,Female,2024,7,21,6,29,1,20.0,655.94,524.7520000000001,Profit,0.0
O122788,C16056,P244676,Sports,336.17,0.0,1,Credit Card,2024-06-21,4,Central,Yes,336.17,10.41,90.44,64,Male,2024,6,21,4,25,1,0.0,336.17,336.17,Profit,0.0
O122818,C10865,P208204,Electronics,317.92,0.0,5,UPI,2023-12-26,6,East,Yes,1589.6,10.7,180.05,21,Female,2023,12,26,1,52,1,0.0,1589.6,1589.6,Profit,0.0
O122820,C10600,P220467,Home,281.98,0.05,1,Debit Card,2025-07-31,3,North,Yes,267.88,8.79,66.22,68,Other,2025,7,31,3,31,1,5.0,281.98,267.88100000000003,Profit,0.0
O122830,C15084,P227980,Toys,11.68,0.0,2,Credit Card,2024-11-28,6,South,Yes,23.36,6.22,3.12,24,Female,2024,11,28,3,48,1,0.0,23.36,23.36,Profit,0.0
O122841,C15529,P229884,Fashion,8.94,0.0,2,COD,2024-03-20,4,South,Yes,17.88,5.9,0.36,25,Male,2024,3,20,2,12,1,0.0,17.88,17.88,Profit,0.0
O122855,C11042,P238744,Beauty,3.37,0.1,1,Debit Card,2025-09-01,5,East,Yes,3.03,2.99,-1.63,40,Female,2025,9,1,0,36,1,10.0,3.37,3.0330000000000004,Loss,0.0494379
O122875,C15763,P233330,Sports,357.4,0.1,1,Wallet,2023-11-08,3,Central,Yes,321.66,6.85,89.65,37,Male,2023,11,8,2,45,1,10.0,357.4,321.66,Profit,0.0
O122880,C11121,P230331,Electronics,294.09,0.0,4,Debit Card,2023-10-27,5,West,Yes,1176.36,10.49,130.67,45,Female,2023,10,27,4,43,1,0.0,1176.36,1176.36,Profit,0.0
O122886,C12829,P232361,Home,22.86,0.0,1,UPI,2025-02-07,4,North,Yes,22.86,5.54,0.86,23,Male,2025,2,7,4,6,1,0.0,22.86,22.86,Profit,0.0
O122901,C13787,P248409,Sports,111.84,0.2,1,Credit Card,2025-05-21,3,Central,Yes,89.47,5.97,20.87,28,Female,2025,5,21,2,21,1,20.0,111.84,89.47200000000001,Profit,0.0
O122923,C17654,P249151,Home,50.41,0.05,2,PayPal,2025-03-16,4,South,Yes,95.78,8.27,18.55,67,Male,2025,3,16,6,11,1,5.0,100.82,95.77899999999998,Profit,0.0
O122925,C11982,P218225,Fashion,43.65,0.1,1,Wallet,2025-08-30,5,South,Yes,39.28,6.09,7.66,21,Female,2025,8,30,5,35,1,10.0,43.65,39.285,Profit,0.0
O122957,C14399,P218508,Electronics,405.17,0.0,2,Debit Card,2024-05-05,4,Central,Yes,810.34,11.4,85.84,24,Female,2024,5,5,6,18,1,0.0,810.34,810.34,Profit,0.0
O122964,C12435,P215311,Home,125.47,0.05,1,Credit Card,2023-09-14,6,West,Yes,119.2,7.04,26.34,51,Male,2023,9,14,3,37,1,5.0,125.47,119.1965,Profit,0.0
O122965,C12804,P205538,Home,49.47,0.1,2,Credit Card,2024-03-02,4,North,Yes,89.05,7.11,17.82,33,Female,2024,3,2,5,9,1,10.0,98.94,89.046,Profit,0.0
O123000,C16441,P247055,Electronics,228.31,0.15,5,COD,2025-08-25,5,East,Yes,970.32,11.52,104.92,42,Male,2025,8,25,0,35,1,15.0,1141.55,970.3175,Profit,0.0
O123001,C10493,P200937,Sports,12.23,0.05,3,Wallet,2024-03-03,5,South,Yes,34.86,4.38,6.08,53,Female,2024,3,3,6,9,1,5.0,36.69,34.8555,Profit,0.0
O123026,C13300,P216428,Electronics,89.45,0.0,1,Credit Card,2025-06-01,4,North,Yes,89.45,7.91,2.82,60,Female,2025,6,1,6,22,1,0.0,89.45,89.45,Profit,0.0
O123030,C12963,P204778,Toys,19.75,0.1,2,Credit Card,2025-05-24,3,Central,Yes,35.55,7.16,7.06,24,Female,2025,5,24,5,21,1,10.0,39.5,35.550000000000004,Profit,0.0
O123038,C14848,P202201,Home,152.04,0.3,1,Debit Card,2024-03-14,4,South,Yes,106.43,7.71,22.09,67,Female,2024,3,14,3,11,1,30.0,152.04,106.42799999999998,Profit,0.0
O123042,C17442,P240870,Electronics,229.59,0.0,1,Credit Card,2025-07-19,5,South,Yes,229.59,8.93,18.62,51,Female,2025,7,19,5,29,1,0.0,229.59,229.59,Profit,0.0
O123050,C10105,P233758,Toys,13.71,0.0,1,Debit Card,2024-10-14,6,East,Yes,13.71,4.66,0.82,58,Other,2024,10,14,0,42,1,0.0,13.71,13.71,Profit,0.0
O123101,C13158,P239021,Fashion,29.43,0.3,2,Credit Card,2025-05-15,3,North,Yes,41.2,6.09,8.33,19,Male,2025,5,15,3,20,1,30.0,58.86,41.202,Profit,0.0
O123116,C10541,P225999,Home,77.93,0.0,3,Credit Card,2024-07-06,4,South,Yes,233.79,8.99,56.47,31,Male,2024,7,6,5,27,1,0.0,233.79,233.79,Profit,0.0
O123123,C15798,P201560,Electronics,917.43,0.2,1,UPI,2023-11-26,5,Central,Yes,733.94,9.41,78.66,20,Female,2023,11,26,6,47,1,20.0,917.43,733.944,Profit,0.0
O123145,C16439,P237603,Electronics,487.56,0.0,1,COD,2025-08-15,5,North,Yes,487.56,10.23,48.28,40,Female,2025,8,15,4,33,1,0.0,487.56,487.56,Profit,0.0
O123146,C14082,P228940,Beauty,47.43,0.0,1,Debit Card,2024-03-07,4,North,Yes,47.43,6.33,15.01,45,Female,2024,3,7,3,10,1,0.0,47.43,47.43,Profit,0.0
O123178,C10893,P228197,Home,95.55,0.0,1,UPI,2025-08-14,5,East,Yes,95.55,4.99,21.76,55,Female,2025,8,14,3,33,1,0.0,95.55,95.55,Profit,0.0
O123215,C13331,P212027,Fashion,7.15,0.05,1,Wallet,2024-05-03,4,South,Yes,6.79,2.5,-0.12,49,Male,2024,5,3,4,18,1,5.0,7.15,6.7925,Loss,0.008151
O123218,C15766,P218565,Home,97.93,0.05,3,UPI,2023-12-09,5,Central,Yes,279.1,9.28,68.87,62,Male,2023,12,9,5,49,1,5.0,293.79,279.1005,Profit,0.0
O123227,C13573,P225586,Fashion,23.11,0.05,1,UPI,2024-12-17,3,North,Yes,21.95,4.16,3.52,19,Male,2024,12,17,1,51,1,5.0,23.11,21.9545,Profit,0.0
O123236,C11176,P213315,Toys,13.13,0.0,1,COD,2025-09-11,4,Central,Yes,13.13,4.16,1.09,49,Male,2025,9,11,3,37,1,0.0,13.13,13.13,Profit,0.0
O123257,C11769,P211319,Grocery,22.62,0.15,1,Debit Card,2024-02-01,7,South,Yes,19.23,4.32,-2.78,46,Male,2024,2,1,3,5,1,15.0,22.62,19.227,Loss,0.5345106
O123281,C11210,P210333,Fashion,105.21,0.0,1,Credit Card,2025-01-17,4,North,Yes,105.21,8.44,28.38,19,Male,2025,1,17,4,3,1,0.0,105.21,105.21,Profit,0.0
O123289,C14349,P232448,Home,218.09,0.0,1,COD,2023-12-31,4,North,Yes,218.09,8.76,52.31,23,Other,2023,12,31,6,52,1,0.0,218.09,218.09,Profit,0.0
O123297,C10989,P200750,Home,89.13,0.05,2,PayPal,2025-08-04,6,South,Yes,169.35,7.49,39.93,46,Male,2025,8,4,0,32,1,5.0,178.26,169.34699999999998,Profit,0.0
O123318,C16618,P205239,Beauty,66.53,0.0,1,COD,2025-01-06,3,North,Yes,66.53,7.08,22.86,34,Male,2025,1,6,0,2,1,0.0,66.53,66.53,Profit,0.0
O123335,C12099,P203498,Home,330.58,0.0,3,PayPal,2024-03-05,6,West,Yes,991.74,10.79,266.9,20,Female,2024,3,5,1,10,1,0.0,991.74,991.74,Profit,0.0
O123340,C13276,P243251,Home,135.48,0.05,4,COD,2024-09-20,5,South,Yes,514.82,11.22,132.93,44,Female,2024,9,20,4,38,1,5.0,541.92,514.824,Profit,0.0
O123348,C17772,P226373,Electronics,57.44,0.05,2,Credit Card,2024-07-31,4,West,Yes,109.14,7.28,5.82,42,Female,2024,7,31,2,31,1,5.0,114.88,109.136,Profit,0.0
O123351,C16253,P247417,Electronics,78.92,0.2,1,Credit Card,2025-05-08,5,North,Yes,63.14,5.47,2.11,22,Male,2025,5,8,3,19,1,20.0,78.92,63.136,Profit,0.0
O123367,C14004,P249725,Electronics,892.94,0.1,1,Debit Card,2025-06-22,5,East,Yes,803.65,10.67,85.77,42,Male,2025,6,22,6,25,1,10.0,892.94,803.6460000000001,Profit,0.0
O123372,C12234,P214497,Electronics,78.71,0.0,1,PayPal,2024-03-04,4,Central,Yes,78.71,7.9,1.55,63,Female,2024,3,4,0,10,1,0.0,78.71,78.71,Profit,0.0
O123388,C12654,P215960,Fashion,62.85,0.05,1,Credit Card,2024-04-20,3,North,Yes,59.71,5.86,15.04,23,Male,2024,4,20,5,16,1,5.0,62.85,59.7075,Profit,0.0
O123399,C13908,P244983,Electronics,499.87,0.1,1,UPI,2025-08-18,4,Central,Yes,449.88,11.03,42.96,40,Male,2025,8,18,0,34,1,10.0,499.87,449.883,Profit,0.0
O123453,C13560,P205126,Home,24.26,0.2,2,Debit Card,2024-06-10,4,North,Yes,38.82,7.12,3.75,69,Male,2024,6,10,0,24,1,20.0,48.52,38.816,Profit,0.0
O123463,C17680,P244640,Electronics,91.99,0.05,1,Credit Card,2025-08-17,6,South,Yes,87.39,8.48,2.01,58,Male,2025,8,17,6,33,1,5.0,91.99,87.39049999999999,Profit,0.0
O123477,C14268,P222575,Fashion,21.52,0.0,1,PayPal,2024-06-09,6,Central,Yes,21.52,4.06,3.47,30,Male,2024,6,9,6,23,1,0.0,21.52,21.52,Profit,0.0
O123552,C16966,P230091,Beauty,48.49,0.1,2,Credit Card,2024-12-21,5,South,Yes,87.28,6.93,32.35,40,Female,2024,12,21,5,51,1,10.0,96.98,87.28200000000001,Profit,0.0
O123571,C15488,P233187,Home,64.21,0.0,1,Credit Card,2025-05-27,4,South,Yes,64.21,3.74,14.24,64,Female,2025,5,27,1,22,1,0.0,64.21,64.21,Profit,0.0
O123572,C13754,P241612,Sports,221.73,0.0,4,Debit Card,2025-06-02,5,North,Yes,886.92,11.19,254.89,59,Male,2025,6,2,0,23,1,0.0,886.92,886.92,Profit,0.0
O123576,C14983,P213101,Toys,67.11,0.05,1,Credit Card,2023-09-19,3,North,Yes,63.75,6.38,19.12,43,Female,2023,9,19,1,38,1,5.0,67.11,63.75449999999999,Profit,0.0
O123589,C14758,P235010,Electronics,476.6,0.2,1,Credit Card,2024-01-25,5,West,Yes,381.28,8.73,37.02,49,Male,2024,1,25,3,4,1,20.0,476.6,381.28,Profit,0.0
O123590,C14363,P212815,Fashion,40.66,0.05,1,PayPal,2025-06-19,4,North,Yes,38.63,7.07,6.45,58,Female,2025,6,19,3,25,1,5.0,40.66,38.627,Profit,0.0
O123638,C10222,P206882,Home,258.99,0.05,1,Debit Card,2023-09-20,9,East,Yes,246.04,7.94,60.95,44,Male,2023,9,20,2,38,1,5.0,258.99,246.0405,Profit,0.0
O123645,C10653,P242587,Sports,76.86,0.0,4,Debit Card,2024-11-09,4,North,Yes,307.44,8.97,83.26,66,Female,2024,11,9,5,45,1,0.0,307.44,307.44,Profit,0.0
O123670,C15239,P214749,Fashion,30.98,0.05,1,UPI,2025-05-18,5,South,Yes,29.43,4.87,5.43,29,Male,2025,5,18,6,20,1,5.0,30.98,29.431,Profit,0.0
O123672,C16362,P227198,Electronics,128.9,0.0,1,Wallet,2023-11-02,6,West,Yes,128.9,6.4,9.07,39,Female,2023,11,2,3,44,1,0.0,128.9,128.9,Profit,0.0
O123673,C12953,P216651,Home,36.96,0.3,1,Credit Card,2025-02-18,5,East,Yes,25.87,4.3,2.94,40,Male,2025,2,18,1,8,1,30.0,36.96,25.872,Profit,0.0
O123674,C13981,P225360,Electronics,449.16,0.0,1,Debit Card,2025-05-17,5,East,Yes,449.16,8.96,44.94,32,Male,2025,5,17,5,20,1,0.0,449.16,449.16,Profit,0.0
O123677,C14339,P239299,Fashion,14.31,0.0,1,Wallet,2023-10-26,4,South,Yes,14.31,2.83,2.18,40,Female,2023,10,26,3,43,1,0.0,14.31,14.31,Profit,0.0
O123680,C16661,P227917,Electronics,128.1,0.2,1,COD,2024-09-14,5,West,Yes,102.48,9.28,3.02,34,Male,2024,9,14,5,37,1,20.0,128.1,102.48,Profit,0.0
O123720,C17819,P240305,Fashion,13.34,0.1,1,PayPal,2024-02-10,4,South,Yes,12.01,3.24,0.96,67,Female,2024,2,10,5,6,1,10.0,13.34,12.006,Profit,0.0
O123726,C15250,P241303,Toys,26.61,0.0,1,Debit Card,2025-05-01,5,South,Yes,26.61,6.29,4.35,32,Male,2025,5,1,3,18,1,0.0,26.61,26.61,Profit,0.0
O123748,C15838,P227374,Beauty,11.71,0.1,1,Debit Card,2024-04-04,5,East,Yes,10.54,3.49,1.25,53,Male,2024,4,4,3,14,1,10.0,11.71,10.539,Profit,0.0
O123778,C17677,P203820,Home,102.26,0.0,1,Credit Card,2024-08-09,5,South,Yes,102.26,5.9,22.73,38,Female,2024,8,9,4,32,1,0.0,102.26,102.26,Profit,0.0
O123791,C17296,P217467,Home,435.37,0.05,1,Credit Card,2023-10-24,5,East,Yes,413.6,7.79,108.02,68,Female,2023,10,24,1,43,1,5.0,435.37,413.6015,Profit,0.0
O123830,C11663,P209324,Fashion,105.85,0.2,3,Credit Card,2024-12-08,4,West,Yes,254.04,9.27,79.64,59,Female,2024,12,8,6,49,1,20.0,317.54999999999995,254.04,Profit,0.0
O123834,C11671,P208003,Home,58.45,0.0,1,Credit Card,2024-08-09,8,East,Yes,58.45,7.91,8.46,55,Male,2024,8,9,4,32,1,0.0,58.45,58.45,Profit,0.0
O123837,C17916,P202675,Toys,11.18,0.3,1,Debit Card,2025-06-26,5,North,Yes,7.83,3.03,0.1,69,Female,2025,6,26,3,26,1,30.0,11.18,7.826,Profit,0.0
O123848,C13646,P203747,Sports,122.43,0.0,1,Credit Card,2025-05-02,7,East,Yes,122.43,7.4,29.33,50,Female,2025,5,2,4,18,1,0.0,122.43,122.43,Profit,0.0
O123850,C11330,P225887,Fashion,91.41,0.0,1,Credit Card,2025-03-25,6,East,Yes,91.41,6.74,25.25,54,Female,2025,3,25,1,13,1,0.0,91.41,91.41,Profit,0.0
O123857,C16658,P240080,Electronics,326.32,0.15,1,PayPal,2025-06-25,6,East,Yes,277.37,8.87,24.41,19,Male,2025,6,25,2,26,1,15.0,326.32,277.372,Profit,0.0
O123860,C17735,P242297,Electronics,224.96,0.0,1,Credit Card,2024-08-17,6,East,Yes,224.96,7.67,19.33,36,Male,2024,8,17,5,33,1,0.0,224.96,224.96,Profit,0.0
O123876,C11361,P222482,Beauty,25.42,0.05,1,Debit Card,2024-05-11,6,East,Yes,24.15,6.24,4.63,23,Female,2024,5,11,5,19,1,5.0,25.42,24.149,Profit,0.0
O123879,C16210,P235472,Home,138.14,0.0,1,Credit Card,2024-07-05,3,North,Yes,138.14,5.71,32.97,69,Female,2024,7,5,4,27,1,0.0,138.14,138.14,Profit,0.0
O123906,C15648,P203610,Electronics,93.75,0.1,1,Credit Card,2024-08-08,7,West,Yes,84.38,7.41,2.72,43,Male,2024,8,8,3,32,1,10.0,93.75,84.375,Profit,0.0
O123946,C16582,P223885,Toys,4.55,0.0,1,COD,2024-09-08,4,West,Yes,4.55,1.53,0.29,38,Male,2024,9,8,6,36,1,0.0,4.55,4.55,Profit,0.0
O123967,C13527,P240785,Home,249.58,0.05,1,UPI,2024-01-28,4,South,Yes,237.1,8.23,58.16,21,Male,2024,1,28,6,4,1,5.0,249.58,237.101,Profit,0.0
O123969,C11621,P206464,Fashion,13.85,0.0,1,Credit Card,2025-03-21,4,North,Yes,13.85,2.88,1.97,49,Male,2025,3,21,4,12,1,0.0,13.85,13.85,Profit,0.0
O123974,C14190,P234698,Toys,22.9,0.05,4,Credit Card,2024-12-08,3,Central,Yes,87.02,6.84,27.97,65,Female,2024,12,8,6,49,1,5.0,91.6,87.02,Profit,0.0
O123992,C13490,P205121,Electronics,1449.95,0.0,1,COD,2024-12-11,5,South,Yes,1449.95,9.8,164.19,58,Male,2024,12,11,2,50,1,0.0,1449.95,1449.95,Profit,0.0
O123994,C11523,P232472,Home,117.47,0.05,1,Credit Card,2023-11-11,3,Central,Yes,111.6,7.24,24.01,64,Female,2023,11,11,5,45,1,5.0,117.47,111.5965,Profit,0.0
O123999,C17359,P200941,Sports,41.98,0.0,1,Debit Card,2023-12-05,6,Central,Yes,41.98,6.73,5.86,69,Male,2023,12,5,1,49,1,0.0,41.98,41.98,Profit,0.0
O124002,C15304,P218038,Home,48.11,0.1,3,Wallet,2024-02-12,5,East,Yes,129.9,8.9,27.47,25,Female,2024,2,12,0,7,1,10.0,144.32999999999998,129.897,Profit,0.0
O124004,C17925,P203068,Sports,57.47,0.0,1,Debit Card,2023-11-14,6,North,Yes,57.47,6.16,11.08,38,Female,2023,11,14,1,46,1,0.0,57.47,57.47,Profit,0.0
O124039,C15203,P216907,Electronics,989.0,0.0,2,Credit Card,2025-04-02,5,South,Yes,1978.0,10.89,226.47,42,Female,2025,4,2,2,14,1,0.0,1978.0,1978.0,Profit,0.0
O124055,C17524,P248048,Fashion,127.67,0.0,2,Credit Card,2025-06-03,5,East,Yes,255.34,7.8,81.57,58,Other,2025,6,3,1,23,1,0.0,255.34,255.34,Profit,0.0
O124063,C11028,P205335,Fashion,14.47,0.1,3,Credit Card,2025-05-08,5,South,Yes,39.07,5.91,7.76,24,Male,2025,5,8,3,19,1,10.0,43.41,39.069,Profit,0.0
O124085,C15852,P235065,Beauty,9.25,0.0,2,Credit Card,2024-10-28,4,Central,Yes,18.5,3.24,5.09,64,Male,2024,10,28,0,44,1,0.0,18.5,18.5,Profit,0.0
O124091,C13765,P238086,Home,98.56,0.15,1,UPI,2025-02-07,5,North,Yes,83.78,7.19,16.27,42,Female,2025,2,7,4,6,1,15.0,98.56,83.776,Profit,0.0
O124093,C13462,P248248,Electronics,634.99,0.05,1,COD,2025-06-05,3,North,Yes,603.24,8.16,64.23,52,Female,2025,6,5,3,23,1,5.0,634.99,603.2405,Profit,0.0
O124130,C15176,P218989,Home,299.26,0.0,2,Credit Card,2025-07-30,3,North,Yes,598.52,10.25,157.34,30,Female,2025,7,30,2,31,1,0.0,598.52,598.52,Profit,0.0
O124149,C12555,P205611,Beauty,36.76,0.05,1,Credit Card,2024-08-29,4,West,Yes,34.92,5.09,10.62,20,Male,2024,8,29,3,35,1,5.0,36.76,34.922,Profit,0.0
O124161,C12540,P238662,Electronics,100.47,0.05,3,Wallet,2024-05-05,5,East,Yes,286.34,8.13,26.23,35,Male,2024,5,5,6,18,1,5.0,301.41,286.3395,Profit,0.0
O124185,C12025,P246300,Electronics,918.84,0.0,3,Debit Card,2025-05-04,5,Central,Yes,2756.52,10.51,320.27,39,Male,2025,5,4,6,18,1,0.0,2756.52,2756.52,Profit,0.0
O124199,C16575,P236217,Toys,19.14,0.0,1,Credit Card,2024-04-11,4,West,Yes,19.14,3.7,3.96,38,Female,2024,4,11,3,15,1,0.0,19.14,19.14,Profit,0.0
O124203,C12610,P230761,Electronics,116.78,0.0,1,PayPal,2024-04-13,6,South,Yes,116.78,7.43,6.58,37,Other,2024,4,13,5,15,1,0.0,116.78,116.78,Profit,0.0
O124213,C14107,P248822,Sports,102.2,0.0,1,Credit Card,2025-04-14,4,South,Yes,102.2,6.34,24.32,34,Male,2025,4,14,0,16,1,0.0,102.2,102.2,Profit,0.0
O124215,C11895,P223700,Grocery,6.56,0.0,1,Credit Card,2024-09-17,7,South,Yes,6.56,5.71,-5.19,50,Male,2024,9,17,1,38,1,0.0,6.56,6.56,Loss,0.340464
O124247,C10062,P210557,Fashion,30.61,0.05,2,Credit Card,2023-11-21,5,East,Yes,58.16,7.36,13.0,30,Male,2023,11,21,1,47,1,5.0,61.22,58.159,Profit,0.0
O124252,C12031,P232545,Toys,22.12,0.0,1,UPI,2023-09-23,6,North,Yes,22.12,3.94,4.91,54,Male,2023,9,23,5,38,1,0.0,22.12,22.12,Profit,0.0
O124265,C16167,P222500,Beauty,38.65,0.15,1,PayPal,2024-03-10,5,West,Yes,32.85,6.52,8.26,45,Female,2024,3,10,6,10,1,15.0,38.65,32.8525,Profit,0.0
O124284,C16900,P246952,Home,30.24,0.0,1,Debit Card,2024-08-23,4,Central,Yes,30.24,4.69,3.78,57,Female,2024,8,23,4,34,1,0.0,30.24,30.24,Profit,0.0
O124291,C17054,P212817,Fashion,31.77,0.05,1,PayPal,2024-11-15,6,South,Yes,30.18,4.35,6.21,32,Male,2024,11,15,4,46,1,5.0,31.77,30.1815,Profit,0.0
O124384,C12959,P213429,Sports,39.59,0.0,1,Credit Card,2024-04-25,4,South,Yes,39.59,6.91,4.97,49,Male,2024,4,25,3,17,1,0.0,39.59,39.59,Profit,0.0
O124396,C13314,P232891,Electronics,80.4,0.2,1,Credit Card,2024-01-24,6,East,Yes,64.32,5.4,2.32,63,Female,2024,1,24,2,4,1,20.0,80.4,64.32000000000001,Profit,0.0
O124414,C13051,P241645,Fashion,63.73,0.15,1,Credit Card,2025-02-27,5,West,Yes,54.17,6.0,12.96,45,Male,2025,2,27,3,9,1,15.0,63.73,54.1705,Profit,0.0
O124429,C11701,P200061,Beauty,19.87,0.2,1,COD,2024-02-04,4,North,Yes,15.9,4.12,3.04,27,Male,2024,2,4,6,5,1,20.0,19.87,15.896,Profit,0.0
O124435,C10370,P206794,Electronics,191.23,0.0,1,Debit Card,2025-05-06,5,South,Yes,191.23,6.63,16.32,19,Female,2025,5,6,1,19,1,0.0,191.23,191.23,Profit,0.0
O124448,C14145,P222814,Electronics,281.43,0.0,1,Credit Card,2024-03-06,4,North,Yes,281.43,9.05,24.72,62,Male,2024,3,6,2,10,1,0.0,281.43,281.43,Profit,0.0
O124495,C14026,P200343,Electronics,669.29,0.1,1,Debit Card,2023-11-29,5,West,Yes,602.36,10.9,61.38,38,Female,2023,11,29,2,48,1,10.0,669.29,602.361,Profit,0.0
O124514,C11979,P214836,Fashion,107.34,0.0,1,Credit Card,2024-09-06,4,South,Yes,107.34,6.65,30.92,57,Male,2024,9,6,4,36,1,0.0,107.34,107.34,Profit,0.0
O124518,C11918,P226430,Fashion,30.37,0.0,3,COD,2023-11-12,5,North,Yes,91.11,7.84,24.05,33,Male,2023,11,12,6,45,1,0.0,91.11,91.11,Profit,0.0
O124522,C12073,P209572,Fashion,32.65,0.0,2,PayPal,2024-06-24,5,West,Yes,65.3,7.85,15.0,30,Female,2024,6,24,0,26,1,0.0,65.3,65.3,Profit,0.0
O124548,C16798,P249658,Fashion,26.78,0.05,3,Credit Card,2024-10-22,3,Central,Yes,76.32,6.6,20.11,26,Male,2024,10,22,1,43,1,5.0,80.34,76.323,Profit,0.0
O124566,C11178,P249530,Home,80.91,0.3,1,Wallet,2025-05-30,4,South,Yes,56.64,7.34,8.52,44,Female,2025,5,30,4,22,1,30.0,80.91,56.63699999999999,Profit,0.0
O124580,C13330,P225866,Sports,22.91,0.15,1,Credit Card,2024-03-30,3,North,Yes,19.47,4.9,0.94,24,Female,2024,3,30,5,13,1,15.0,22.91,19.4735,Profit,0.0
O124587,C11410,P236963,Electronics,736.33,0.0,1,COD,2024-04-07,5,West,Yes,736.33,11.59,76.77,44,Female,2024,4,7,6,14,1,0.0,736.33,736.33,Profit,0.0
O124596,C13580,P248667,Fashion,21.29,0.2,1,Debit Card,2023-10-12,4,North,Yes,17.03,4.77,1.19,53,Male,2023,10,12,3,41,1,20.0,21.29,17.032,Profit,0.0
O124609,C14471,P228337,Fashion,90.74,0.0,2,Credit Card,2024-07-13,5,North,Yes,181.48,7.28,56.24,57,Other,2024,7,13,5,28,1,0.0,181.48,181.48,Profit,0.0
O124620,C12089,P218013,Grocery,18.88,0.05,1,Debit Card,2025-09-04,3,North,Yes,17.94,5.94,-4.5,33,Male,2025,9,4,3,36,1,5.0,18.88,17.936,Loss,0.8071200000000001
O124654,C10264,P220402,Fashion,30.01,0.05,1,Debit Card,2025-03-28,4,South,Yes,28.51,5.01,4.97,33,Male,2025,3,28,4,13,1,5.0,30.01,28.5095,Profit,0.0
O124688,C15288,P211865,Electronics,751.31,0.05,1,PayPal,2024-06-28,4,South,Yes,713.74,10.37,75.28,31,Male,2024,6,28,4,26,1,5.0,751.31,713.7444999999999,Profit,0.0
O124695,C10607,P210458,Electronics,79.14,0.0,3,Debit Card,2024-10-11,4,North,Yes,237.42,9.1,19.39,39,Other,2024,10,11,4,41,1,0.0,237.42,237.42,Profit,0.0
O124722,C12782,P235942,Fashion,32.24,0.15,1,Debit Card,2025-02-13,7,West,Yes,27.4,4.29,5.3,57,Male,2025,2,13,3,7,1,15.0,32.24,27.404,Profit,0.0
O124751,C13365,P238397,Fashion,7.98,0.0,2,Debit Card,2024-12-19,5,South,Yes,15.96,4.69,0.9,45,Female,2024,12,19,3,51,1,0.0,15.96,15.96,Profit,0.0
O124778,C13861,P220724,Electronics,778.85,0.05,1,Wallet,2024-12-14,4,South,Yes,739.91,10.33,78.46,29,Female,2024,12,14,5,50,1,5.0,778.85,739.9075,Profit,0.0
O124782,C13738,P240318,Fashion,27.95,0.0,1,Credit Card,2025-01-08,4,North,Yes,27.95,5.81,3.97,43,Male,2025,1,8,2,2,1,0.0,27.95,27.95,Profit,0.0
O124800,C12860,P204351,Beauty,25.53,0.15,2,Debit Card,2024-04-26,5,South,Yes,43.4,6.7,12.83,25,Female,2024,4,26,4,17,1,15.0,51.06,43.401,Profit,0.0
O124808,C16671,P240459,Fashion,38.02,0.05,1,PayPal,2024-03-18,6,South,Yes,36.12,4.32,8.32,46,Female,2024,3,18,0,12,1,5.0,38.02,36.119,Profit,0.0
O124829,C11165,P242251,Home,25.24,0.0,1,Debit Card,2023-10-08,4,South,Yes,25.24,6.18,0.89,31,Female,2023,10,8,6,40,1,0.0,25.24,25.24,Profit,0.0
O124843,C11934,P229671,Sports,44.71,0.0,2,Debit Card,2024-05-31,4,South,Yes,89.42,6.88,19.95,51,Female,2024,5,31,4,22,1,0.0,89.42,89.42,Profit,0.0
O124855,C11464,P217031,Toys,39.43,0.0,1,Debit Card,2025-04-12,7,East,Yes,39.43,4.65,11.12,21,Male,2025,4,12,5,15,1,0.0,39.43,39.43,Profit,0.0
O124868,C10354,P206080,Electronics,290.77,0.0,1,PayPal,2023-12-11,6,East,Yes,290.77,9.49,25.4,55,Female,2023,12,11,0,50,1,0.0,290.77,290.77,Profit,0.0
O124890,C11916,P226133,Electronics,843.85,0.0,1,UPI,2024-03-13,6,East,Yes,843.85,9.27,91.99,53,Female,2024,3,13,2,11,1,0.0,843.85,843.85,Profit,0.0
O124894,C12925,P228269,Toys,5.69,0.0,1,COD,2023-09-24,4,Central,Yes,5.69,2.59,-0.31,37,Female,2023,9,24,6,38,1,0.0,5.69,5.69,Loss,0.017639000000000002
O124896,C15469,P236574,Home,131.16,0.05,5,Debit Card,2024-04-17,4,Central,Yes,623.01,9.14,165.3,51,Male,2024,4,17,2,16,1,5.0,655.8,623.0099999999999,Profit,0.0
O124897,C11223,P229140,Fashion,32.33,0.05,1,Debit Card,2024-11-23,5,North,Yes,30.71,4.39,6.36,29,Male,2024,11,23,5,47,1,5.0,32.33,30.7135,Profit,0.0
O124905,C13678,P204585,Electronics,208.75,0.0,1,Debit Card,2024-02-26,5,West,Yes,208.75,8.59,16.46,44,Male,2024,2,26,0,9,1,0.0,208.75,208.75,Profit,0.0
O124954,C10497,P212313,Electronics,560.0,0.05,1,Credit Card,2023-11-17,6,Central,Yes,532.0,10.98,52.86,51,Male,2023,11,17,4,46,1,5.0,560.0,532.0,Profit,0.0
O124976,C16590,P203562,Electronics,74.45,0.15,1,Credit Card,2025-08-15,4,South,Yes,63.28,6.12,1.47,23,Female,2025,8,15,4,33,1,15.0,74.45,63.2825,Profit,0.0
O124982,C13873,P216325,Sports,53.09,0.0,1,PayPal,2025-08-13,5,North,Yes,53.09,6.46,9.47,63,Male,2025,8,13,2,33,1,0.0,53.09,53.09,Profit,0.0
O124984,C13436,P246774,Sports,389.8,0.15,1,Credit Card,2025-08-19,4,South,Yes,331.33,8.97,90.43,36,Female,2025,8,19,1,34,1,15.0,389.8,331.33,Profit,0.0
O124996,C17194,P205516,Electronics,345.82,0.0,1,Debit Card,2024-04-10,5,Central,Yes,345.82,9.28,32.22,26,Female,2024,4,10,2,15,1,0.0,345.82,345.82,Profit,0.0
O125025,C11316,P231509,Toys,68.21,0.05,2,Credit Card,2025-06-30,6,West,Yes,129.6,8.26,43.58,39,Other,2025,6,30,0,27,1,5.0,136.42,129.599,Profit,0.0
O125028,C14356,P245598,Fashion,42.33,0.0,2,PayPal,2024-02-22,4,Central,Yes,84.66,6.8,22.83,29,Female,2024,2,22,3,8,1,0.0,84.66,84.66,Profit,0.0
O125071,C11714,P243757,Toys,41.65,0.1,4,Debit Card,2024-09-10,5,South,Yes,149.94,6.69,53.29,33,Other,2024,9,10,1,37,1,10.0,166.6,149.94,Profit,0.0
O125077,C16926,P213472,Home,75.69,0.0,1,Debit Card,2024-09-30,3,North,Yes,75.69,7.8,13.39,24,Male,2024,9,30,0,40,1,0.0,75.69,75.69,Profit,0.0
O125083,C15167,P242251,Grocery,3.68,0.0,2,Credit Card,2024-01-07,4,West,Yes,7.36,3.98,-3.39,30,Male,2024,1,7,6,1,1,0.0,7.36,7.36,Loss,0.24950400000000003
O125117,C11596,P232282,Toys,20.85,0.05,1,Credit Card,2024-03-29,6,South,Yes,19.81,3.81,4.11,52,Male,2024,3,29,4,13,1,5.0,20.85,19.8075,Profit,0.0
O125138,C15465,P204538,Fashion,53.04,0.05,1,UPI,2024-09-02,6,East,Yes,50.39,6.56,11.08,37,Female,2024,9,2,0,36,1,5.0,53.04,50.388,Profit,0.0
O125140,C15419,P204842,Home,58.68,0.0,1,UPI,2024-04-09,3,Central,Yes,58.68,8.03,8.4,34,Female,2024,4,9,1,15,1,0.0,58.68,58.68,Profit,0.0
O125206,C10601,P226733,Electronics,192.53,0.0,1,PayPal,2024-10-16,6,North,Yes,192.53,6.82,16.28,48,Female,2024,10,16,2,42,1,0.0,192.53,192.53,Profit,0.0
O125213,C16219,P223147,Fashion,80.33,0.2,1,Credit Card,2023-12-28,6,East,Yes,64.26,8.0,14.49,36,Female,2023,12,28,3,52,1,20.0,80.33,64.264,Profit,0.0
O125221,C16626,P235632,Electronics,274.91,0.0,1,Debit Card,2025-01-13,4,South,Yes,274.91,9.05,23.94,26,Male,2025,1,13,0,3,1,0.0,274.91,274.91,Profit,0.0
O125224,C17134,P237983,Home,108.57,0.05,1,Credit Card,2025-06-24,5,South,Yes,103.14,6.24,22.64,53,Female,2025,6,24,1,26,1,5.0,108.57,103.1415,Profit,0.0
O125265,C14533,P245347,Home,207.98,0.0,1,Credit Card,2024-02-01,4,West,Yes,207.98,6.85,51.38,19,Female,2024,2,1,3,5,1,0.0,207.98,207.98,Profit,0.0
O125295,C12155,P212384,Home,27.09,0.1,1,PayPal,2023-10-19,4,West,Yes,24.38,4.92,1.91,21,Male,2023,10,19,3,42,1,10.0,27.09,24.381,Profit,0.0
O125308,C11384,P236496,Home,209.77,0.0,1,PayPal,2024-02-05,6,East,Yes,209.77,8.41,50.33,43,Male,2024,2,5,0,6,1,0.0,209.77,209.77,Profit,0.0
O125324,C12989,P235864,Electronics,118.98,0.05,4,COD,2023-10-10,6,South,Yes,452.12,8.32,45.93,68,Female,2023,10,10,1,41,1,5.0,475.92,452.124,Profit,0.0
O125333,C16541,P231298,Electronics,62.89,0.1,1,UPI,2025-05-12,5,South,Yes,56.6,6.97,-0.18,36,Female,2025,5,12,0,20,1,10.0,62.89,56.601,Loss,0.1018818
O125336,C16100,P226359,Sports,206.33,0.0,2,Credit Card,2024-12-02,6,East,Yes,412.66,8.26,115.54,47,Female,2024,12,2,0,49,1,0.0,412.66,412.66,Profit,0.0
O125350,C14818,P240442,Toys,12.61,0.0,2,Debit Card,2024-12-09,4,West,Yes,25.22,5.27,4.82,47,Female,2024,12,9,0,50,1,0.0,25.22,25.22,Profit,0.0
O125382,C14073,P235340,Electronics,374.57,0.05,2,Credit Card,2024-01-25,6,East,Yes,711.68,8.0,77.4,64,Male,2024,1,25,3,4,1,5.0,749.14,711.683,Profit,0.0
O125397,C12297,P219613,Grocery,2.09,0.0,2,Debit Card,2025-04-04,5,North,Yes,4.18,2.39,-2.06,20,Female,2025,4,4,4,14,1,0.0,4.18,4.18,Loss,0.08610799999999999
O125424,C13134,P245573,Fashion,57.54,0.0,1,Credit Card,2025-07-12,8,West,Yes,57.54,5.47,14.67,61,Female,2025,7,12,5,28,1,0.0,57.54,57.54,Profit,0.0
O125520,C16548,P205696,Toys,4.88,0.0,5,UPI,2024-02-01,5,Central,Yes,24.4,4.54,5.22,56,Female,2024,2,1,3,5,1,0.0,24.4,24.4,Profit,0.0
O125528,C16577,P236473,Fashion,95.18,0.1,1,Debit Card,2024-12-10,3,Central,Yes,85.66,6.02,23.96,19,Male,2024,12,10,1,50,1,10.0,95.18,85.662,Profit,0.0
O125548,C15453,P208838,Electronics,964.4,0.0,1,COD,2024-12-25,3,North,Yes,964.4,10.14,105.59,59,Male,2024,12,25,2,52,1,0.0,964.4,964.4,Profit,0.0
O125552,C16541,P216140,Home,34.82,0.05,1,Debit Card,2023-10-12,7,East,Yes,33.08,5.75,3.51,66,Male,2023,10,12,3,41,1,5.0,34.82,33.079,Profit,0.0
O125553,C16274,P214092,Fashion,5.6,0.05,1,Debit Card,2024-10-09,5,South,Yes,5.32,2.15,-0.29,20,Female,2024,10,9,2,41,1,5.0,5.6,5.319999999999999,Loss,0.015427999999999997
O125570,C11212,P237462,Sports,80.07,0.05,1,Wallet,2024-03-30,3,Central,Yes,76.07,6.96,15.86,61,Female,2024,3,30,5,13,1,5.0,80.07,76.06649999999999,Profit,0.0
O125599,C10368,P239679,Sports,208.72,0.0,1,Credit Card,2024-07-16,4,Central,Yes,208.72,6.57,56.05,57,Female,2024,7,16,1,29,1,0.0,208.72,208.72,Profit,0.0
O125629,C11254,P204342,Fashion,126.54,0.0,1,Credit Card,2025-06-27,5,East,Yes,126.54,6.86,37.43,65,Female,2025,6,27,4,26,1,0.0,126.54,126.54,Profit,0.0
O125725,C17095,P216659,Fashion,38.42,0.0,1,UPI,2024-06-10,4,Central,Yes,38.42,5.47,7.98,26,Female,2024,6,10,0,24,1,0.0,38.42,38.42,Profit,0.0
O125774,C11404,P208201,Home,374.34,0.0,2,Debit Card,2025-05-18,3,North,Yes,748.68,6.81,202.82,59,Female,2025,5,18,6,20,1,0.0,748.68,748.68,Profit,0.0
O125779,C12816,P233094,Fashion,30.06,0.0,1,Debit Card,2024-02-16,6,East,Yes,30.06,3.19,7.33,38,Male,2024,2,16,4,7,1,0.0,30.06,30.06,Profit,0.0
O125790,C11037,P224496,Toys,33.66,0.0,1,Debit Card,2024-05-25,4,South,Yes,33.66,3.92,9.54,36,Female,2024,5,25,5,21,1,0.0,33.66,33.66,Profit,0.0
O125939,C13731,P231824,Home,37.98,0.05,1,Debit Card,2025-06-13,5,West,Yes,36.08,4.94,5.16,20,Female,2025,6,13,4,24,1,5.0,37.98,36.081,Profit,0.0
O125945,C16540,P212851,Electronics,226.25,0.0,1,COD,2023-12-13,6,East,Yes,226.25,9.0,18.15,65,Female,2023,12,13,2,50,1,0.0,226.25,226.25,Profit,0.0
O125957,C10374,P249739,Electronics,61.96,0.0,1,UPI,2024-11-18,4,North,Yes,61.96,5.54,1.9,65,Male,2024,11,18,0,47,1,0.0,61.96,61.96,Profit,0.0
O125971,C12569,P221014,Electronics,885.62,0.0,1,COD,2025-02-24,7,South,Yes,885.62,9.85,96.42,55,Female,2025,2,24,0,9,1,0.0,885.62,885.62,Profit,0.0
O125975,C15413,P216176,Home,284.55,0.1,1,Credit Card,2025-08-28,6,East,Yes,256.1,8.73,62.98,29,Female,2025,8,28,3,35,1,10.0,284.55,256.095,Profit,0.0
O125979,C15231,P232143,Electronics,169.35,0.3,1,Credit Card,2024-02-20,5,West,Yes,118.54,7.25,6.97,64,Male,2024,2,20,1,8,1,30.0,169.35,118.545,Profit,0.0
O125995,C11236,P246783,Toys,18.62,0.05,1,UPI,2025-09-03,4,South,Yes,17.69,3.61,3.47,35,Male,2025,9,3,2,36,1,5.0,18.62,17.689,Profit,0.0
O126024,C13138,P247024,Toys,13.64,0.15,1,Credit Card,2025-05-25,6,West,Yes,11.59,4.76,-0.12,61,Female,2025,5,25,6,21,1,15.0,13.64,11.594,Loss,0.013912799999999998
O126036,C14583,P220867,Sports,149.14,0.0,1,Credit Card,2024-05-29,7,South,Yes,149.14,7.65,37.09,53,Female,2024,5,29,2,22,1,0.0,149.14,149.14,Profit,0.0
O126045,C11135,P241069,Fashion,48.54,0.05,3,UPI,2024-08-24,5,East,Yes,138.34,7.91,40.51,26,Female,2024,8,24,5,34,1,5.0,145.62,138.339,Profit,0.0
O126068,C16499,P211059,Fashion,209.51,0.05,1,Credit Card,2024-02-18,4,North,Yes,199.03,7.3,62.36,60,Male,2024,2,18,6,7,1,5.0,209.51,199.0345,Profit,0.0
O126082,C10765,P209006,Electronics,157.26,0.0,1,Debit Card,2025-01-08,5,North,Yes,157.26,7.55,11.32,28,Male,2025,1,8,2,2,1,0.0,157.26,157.26,Profit,0.0
O126100,C11047,P211884,Electronics,234.99,0.0,1,COD,2024-07-13,5,East,Yes,234.99,6.62,21.58,62,Male,2024,7,13,5,28,1,0.0,234.99,234.99,Profit,0.0
O126148,C11825,P249402,Home,41.81,0.0,1,COD,2024-11-26,5,East,Yes,41.81,5.05,6.66,25,Female,2024,11,26,1,48,1,0.0,41.81,41.81,Profit,0.0
O126160,C10841,P230604,Home,83.63,0.05,3,COD,2024-02-04,5,South,Yes,238.35,7.34,59.4,51,Female,2024,2,4,6,5,1,5.0,250.89,238.3455,Profit,0.0
O126209,C11860,P228647,Toys,5.31,0.0,2,COD,2024-01-04,3,Central,Yes,10.62,4.67,-0.42,62,Male,2024,1,4,3,1,1,0.0,10.62,10.62,Loss,0.044604
O126288,C14989,P228946,Grocery,11.24,0.0,3,UPI,2024-10-28,5,West,Yes,33.72,3.91,-1.21,37,Male,2024,10,28,0,44,1,0.0,33.72,33.72,Loss,0.40801199999999993
O126309,C13579,P226359,Home,171.11,0.0,1,Credit Card,2025-04-24,5,West,Yes,171.11,7.66,40.25,66,Female,2025,4,24,3,17,1,0.0,171.11,171.11,Profit,0.0
O126351,C12566,P226670,Sports,125.08,0.0,1,Wallet,2025-06-18,5,North,Yes,125.08,6.04,31.48,42,Female,2025,6,18,2,25,1,0.0,125.08,125.08,Profit,0.0
O126353,C10771,P224688,Home,35.37,0.05,1,UPI,2025-07-27,6,East,Yes,33.6,4.32,5.09,43,Male,2025,7,27,6,30,1,5.0,35.37,33.601499999999994,Profit,0.0
O126358,C15713,P215765,Sports,16.32,0.0,3,PayPal,2024-05-16,5,North,Yes,48.96,6.08,8.61,47,Female,2024,5,16,3,20,1,0.0,48.96,48.96,Profit,0.0
O126362,C15314,P221636,Sports,64.95,0.15,2,Credit Card,2025-07-04,6,West,Yes,110.42,8.33,24.8,20,Female,2025,7,4,4,27,1,15.0,129.9,110.415,Profit,0.0
O126367,C12042,P242980,Electronics,109.08,0.0,5,Wallet,2023-10-13,4,West,Yes,545.4,9.74,55.71,47,Male,2023,10,13,4,41,1,0.0,545.4,545.4,Profit,0.0
O126395,C14626,P223070,Sports,188.06,0.3,1,Credit Card,2025-05-11,4,North,Yes,131.64,7.92,31.57,64,Male,2025,5,11,6,19,1,30.0,188.06,131.642,Profit,0.0
O126419,C17485,P228917,Home,142.58,0.0,1,Credit Card,2025-05-20,5,South,Yes,142.58,6.57,33.35,38,Female,2025,5,20,1,21,1,0.0,142.58,142.58,Profit,0.0
O126438,C11841,P246270,Toys,31.32,0.0,1,Debit Card,2024-05-30,6,East,Yes,31.32,5.38,7.15,45,Male,2024,5,30,3,22,1,0.0,31.32,31.32,Profit,0.0
O126458,C15175,P231175,Fashion,35.63,0.05,4,COD,2024-02-09,4,South,Yes,135.39,5.7,41.69,24,Male,2024,2,9,4,6,1,5.0,142.52,135.394,Profit,0.0
O126523,C15073,P205355,Fashion,65.56,0.15,1,Debit Card,2024-09-21,4,West,Yes,55.73,5.82,13.69,18,Female,2024,9,21,5,38,1,15.0,65.56,55.726,Profit,0.0
O126537,C12365,P249271,Sports,60.54,0.2,3,Wallet,2024-03-28,4,South,Yes,145.3,8.34,35.25,39,Female,2024,3,28,3,13,1,20.0,181.62,145.29600000000002,Profit,0.0
O126540,C13038,P244525,Toys,9.18,0.1,4,PayPal,2024-01-15,4,Central,Yes,33.05,6.54,6.68,40,Male,2024,1,15,0,3,1,10.0,36.72,33.048,Profit,0.0
O126587,C13760,P216190,Fashion,11.62,0.0,3,UPI,2024-11-21,7,East,Yes,34.86,5.04,7.16,58,Other,2024,11,21,3,47,1,0.0,34.86,34.86,Profit,0.0
O126595,C12921,P209855,Home,236.49,0.05,1,Debit Card,2023-12-15,5,West,Yes,224.67,7.73,55.18,46,Male,2023,12,15,4,50,1,5.0,236.49,224.6655,Profit,0.0
O126614,C12818,P215594,Home,464.69,0.0,1,COD,2024-03-14,9,South,Yes,464.69,6.33,123.78,51,Female,2024,3,14,3,11,1,0.0,464.69,464.69,Profit,0.0
O126622,C14604,P206796,Fashion,106.73,0.05,1,Wallet,2025-03-30,5,East,Yes,101.39,5.88,29.61,61,Male,2025,3,30,6,13,1,5.0,106.73,101.3935,Profit,0.0
O126649,C17245,P238374,Home,21.25,0.05,1,PayPal,2024-10-07,5,West,Yes,20.19,4.45,1.2,25,Male,2024,10,7,0,41,1,5.0,21.25,20.1875,Profit,0.0
O126655,C14553,P218796,Electronics,348.09,0.0,1,UPI,2024-06-07,6,East,Yes,348.09,9.01,32.76,39,Male,2024,6,7,4,23,1,0.0,348.09,348.09,Profit,0.0
O126671,C11002,P245883,Fashion,92.35,0.0,1,COD,2024-11-02,3,North,Yes,92.35,7.43,24.89,56,Male,2024,11,2,5,44,1,0.0,92.35,92.35,Profit,0.0
O126672,C11542,P230899,Home,53.93,0.0,1,PayPal,2024-06-04,6,East,Yes,53.93,7.79,7.31,48,Male,2024,6,4,1,23,1,0.0,53.93,53.93,Profit,0.0
O126676,C16467,P215660,Beauty,48.72,0.0,1,PayPal,2025-09-07,4,South,Yes,48.72,6.4,15.52,31,Female,2025,9,7,6,36,1,0.0,48.72,48.72,Profit,0.0
O126701,C12605,P217193,Sports,130.51,0.0,1,Credit Card,2025-01-30,5,East,Yes,130.51,5.82,33.33,28,Male,2025,1,30,3,5,1,0.0,130.51,130.51,Profit,0.0
O126746,C15918,P211206,Home,80.53,0.1,2,Debit Card,2024-07-19,6,East,Yes,144.95,9.01,31.58,42,Female,2024,7,19,4,29,1,10.0,161.06,144.954,Profit,0.0
O126749,C12702,P248752,Toys,7.31,0.0,2,Credit Card,2024-10-26,7,East,Yes,14.62,3.65,2.2,37,Female,2024,10,26,5,43,1,0.0,14.62,14.62,Profit,0.0
O126780,C14799,P247122,Fashion,35.99,0.0,1,Debit Card,2023-10-22,6,West,Yes,35.99,6.38,6.22,36,Female,2023,10,22,6,42,1,0.0,35.99,35.99,Profit,0.0
O126791,C11823,P235617,Fashion,76.57,0.0,1,UPI,2024-09-20,3,Central,Yes,76.57,6.66,20.14,52,Female,2024,9,20,4,38,1,0.0,76.57,76.57,Profit,0.0
O126806,C13373,P208628,Toys,40.58,0.15,1,PayPal,2023-09-18,6,South,Yes,34.49,4.19,9.61,34,Male,2023,9,18,0,38,1,15.0,40.58,34.492999999999995,Profit,0.0
O126810,C11240,P231295,Home,11.06,0.05,1,Credit Card,2025-06-13,7,East,Yes,10.51,3.47,-0.53,20,Female,2025,6,13,4,24,1,5.0,11.06,10.507,Loss,0.0556871
O126820,C12421,P212363,Sports,11.0,0.05,1,Credit Card,2024-09-25,4,West,Yes,10.45,3.55,-0.42,49,Female,2024,9,25,2,39,1,5.0,11.0,10.45,Loss,0.04388999999999999
O126824,C14558,P206874,Sports,45.86,0.0,1,Debit Card,2025-05-03,5,South,Yes,45.86,4.86,8.9,32,Male,2025,5,3,5,18,1,0.0,45.86,45.86,Profit,0.0
O126826,C14503,P217253,Home,134.19,0.0,1,UPI,2025-02-04,4,South,Yes,134.19,6.93,30.64,24,Male,2025,2,4,1,6,1,0.0,134.19,134.19,Profit,0.0
O126854,C15376,P215737,Toys,2.35,0.0,1,Credit Card,2024-02-09,6,East,Yes,2.35,2.16,-1.22,60,Male,2024,2,9,4,6,1,0.0,2.35,2.35,Loss,0.02867
O126862,C10384,P249843,Fashion,221.82,0.05,1,Debit Card,2024-03-28,4,South,Yes,210.73,8.02,65.74,35,Male,2024,3,28,3,13,1,5.0,221.82,210.729,Profit,0.0
O126896,C15914,P238005,Beauty,25.58,0.1,1,Debit Card,2025-05-26,3,North,Yes,23.02,4.74,5.62,41,Female,2025,5,26,0,22,1,10.0,25.58,23.022,Profit,0.0
O126897,C15482,P246187,Electronics,699.98,0.1,4,PayPal,2024-04-29,4,North,Yes,2519.93,10.58,291.81,26,Male,2024,4,29,0,18,1,10.0,2799.92,2519.9280000000003,Profit,0.0
O126900,C17184,P233270,Toys,42.48,0.15,1,Credit Card,2025-07-20,3,North,Yes,36.11,4.68,9.76,34,Male,2025,7,20,6,29,1,15.0,42.48,36.108,Profit,0.0
O126921,C13160,P247993,Home,84.0,0.1,2,Credit Card,2024-12-26,4,Central,Yes,151.2,9.05,33.29,18,Female,2024,12,26,3,52,1,10.0,168.0,151.20000000000002,Profit,0.0
O126922,C13044,P221655,Fashion,46.42,0.05,1,Credit Card,2024-03-26,4,Central,Yes,44.1,5.08,10.35,27,Male,2024,3,26,1,13,1,5.0,46.42,44.099,Profit,0.0
O126948,C14066,P243484,Home,417.66,0.0,1,Credit Card,2024-03-24,4,North,Yes,417.66,8.58,108.36,54,Female,2024,3,24,6,12,1,0.0,417.66,417.66,Profit,0.0
O126970,C13137,P233686,Fashion,35.3,0.0,1,Debit Card,2024-03-19,4,South,Yes,35.3,6.05,6.3,51,Male,2024,3,19,1,12,1,0.0,35.3,35.3,Profit,0.0
O126973,C12909,P231368,Fashion,62.06,0.0,1,COD,2024-04-19,5,East,Yes,62.06,6.68,15.04,31,Male,2024,4,19,4,16,1,0.0,62.06,62.06,Profit,0.0
O127007,C17710,P244146,Sports,56.89,0.0,1,PayPal,2024-09-17,5,South,Yes,56.89,5.09,11.98,61,Female,2024,9,17,1,38,1,0.0,56.89,56.89,Profit,0.0
O127022,C17122,P246397,Home,20.49,0.0,1,Credit Card,2024-07-17,4,West,Yes,20.49,6.93,-1.19,42,Female,2024,7,17,2,29,1,0.0,20.49,20.49,Loss,0.24383099999999996
O127064,C16570,P227870,Electronics,150.42,0.15,4,Debit Card,2024-05-16,4,North,Yes,511.43,8.67,52.7,46,Female,2024,5,16,3,20,1,15.0,601.68,511.428,Profit,0.0
O127066,C17870,P235781,Toys,2.26,0.0,2,UPI,2025-02-14,7,West,Yes,4.52,3.73,-1.92,45,Female,2025,2,14,4,7,1,0.0,4.52,4.52,Loss,0.08678399999999999
O127068,C15111,P214065,Grocery,16.04,0.05,4,PayPal,2024-07-22,7,West,Yes,60.95,4.73,0.15,45,Male,2024,7,22,0,30,1,5.0,64.16,60.95199999999999,Profit,0.0
O127078,C11081,P247379,Toys,9.28,0.05,2,Credit Card,2024-03-07,5,North,Yes,17.63,3.29,3.76,62,Male,2024,3,7,3,10,1,5.0,18.56,17.631999999999998,Profit,0.0
O127101,C11237,P204963,Electronics,220.98,0.0,1,PayPal,2025-03-21,7,South,Yes,220.98,8.06,18.46,35,Male,2025,3,21,4,12,1,0.0,220.98,220.98,Profit,0.0
O127114,C16255,P230627,Beauty,41.82,0.05,1,PayPal,2023-11-28,6,North,Yes,39.73,4.93,12.95,43,Male,2023,11,28,1,48,1,5.0,41.82,39.729,Profit,0.0
O127121,C13149,P230786,Electronics,389.02,0.05,4,PayPal,2024-03-24,8,East,Yes,1478.28,9.4,167.99,51,Male,2024,3,24,6,12,1,5.0,1556.08,1478.2759999999998,Profit,0.0
O127126,C17101,P229501,Toys,43.06,0.0,1,COD,2025-04-25,6,East,Yes,43.06,5.49,11.73,30,Male,2025,4,25,4,17,1,0.0,43.06,43.06,Profit,0.0
O127127,C16490,P236888,Toys,3.78,0.0,2,COD,2024-05-03,6,South,Yes,7.56,2.13,0.89,25,Female,2024,5,3,4,18,1,0.0,7.56,7.56,Profit,0.0
O127149,C14508,P237069,Fashion,17.81,0.0,1,PayPal,2024-07-14,4,West,Yes,17.81,3.02,3.21,62,Female,2024,7,14,6,28,1,0.0,17.81,17.81,Profit,0.0
O127150,C13804,P245638,Electronics,83.98,0.05,3,Credit Card,2024-05-10,4,West,Yes,239.34,7.6,21.12,59,Male,2024,5,10,4,19,1,5.0,251.94,239.343,Profit,0.0
O127169,C16704,P216450,Home,183.71,0.0,1,Credit Card,2024-06-15,5,Central,Yes,183.71,9.32,42.12,30,Male,2024,6,15,5,24,1,0.0,183.71,183.71,Profit,0.0
O127179,C16196,P216742,Home,94.5,0.0,1,Debit Card,2025-05-21,5,Central,Yes,94.5,6.16,20.3,63,Female,2025,5,21,2,21,1,0.0,94.5,94.5,Profit,0.0
O127265,C16808,P218688,Fashion,32.58,0.0,1,PayPal,2025-08-14,5,South,Yes,32.58,3.95,7.45,27,Male,2025,8,14,3,33,1,0.0,32.58,32.58,Profit,0.0
O127282,C17586,P243292,Toys,2.7,0.0,1,PayPal,2024-08-20,6,East,Yes,2.7,1.76,-0.68,41,Female,2024,8,20,1,34,1,0.0,2.7,2.7,Loss,0.01836
O127298,C16733,P242440,Electronics,184.71,0.1,2,UPI,2025-02-15,4,Central,Yes,332.48,9.07,30.83,57,Female,2025,2,15,5,7,1,10.0,369.42,332.478,Profit,0.0
O127299,C13582,P229004,Home,52.14,0.05,1,Wallet,2025-02-05,5,North,Yes,49.53,6.51,7.36,52,Female,2025,2,5,2,6,1,5.0,52.14,49.533,Profit,0.0
O127302,C16130,P222016,Home,94.63,0.1,1,Debit Card,2023-12-25,3,Central,Yes,85.17,7.99,15.86,56,Female,2023,12,25,0,52,1,10.0,94.63,85.167,Profit,0.0
O127303,C14311,P215079,Home,182.72,0.2,1,Credit Card,2024-10-23,6,East,Yes,146.18,8.08,32.85,47,Male,2024,10,23,2,43,1,20.0,182.72,146.17600000000002,Profit,0.0
O127332,C13825,P222444,Electronics,117.08,0.0,1,UPI,2024-01-04,3,North,Yes,117.08,6.77,7.28,41,Female,2024,1,4,3,1,1,0.0,117.08,117.08,Profit,0.0
O127361,C16121,P216714,Home,34.81,0.0,1,Debit Card,2025-01-25,6,West,Yes,34.81,5.41,4.34,49,Female,2025,1,25,5,4,1,0.0,34.81,34.81,Profit,0.0
O127372,C14766,P234353,Electronics,501.5,0.1,1,COD,2025-08-27,4,West,Yes,451.35,9.14,45.02,23,Female,2025,8,27,2,35,1,10.0,501.5,451.35,Profit,0.0
O127385,C12620,P201770,Beauty,49.63,0.1,1,Credit Card,2024-09-19,4,Central,Yes,44.67,5.99,14.11,36,Female,2024,9,19,3,38,1,10.0,49.63,44.667,Profit,0.0
O127389,C15744,P240519,Fashion,90.64,0.0,2,COD,2024-08-09,5,West,Yes,181.28,8.04,55.41,34,Female,2024,8,9,4,32,1,0.0,181.28,181.28,Profit,0.0
O127428,C15139,P203604,Electronics,581.45,0.0,1,PayPal,2024-12-31,5,East,Yes,581.45,8.19,61.58,24,Male,2024,12,31,1,1,1,0.0,581.45,581.45,Profit,0.0
O127460,C12438,P232137,Home,180.05,0.0,1,Credit Card,2024-04-05,5,North,Yes,180.05,8.87,41.54,61,Other,2024,4,5,4,14,1,0.0,180.05,180.05,Profit,0.0
O127465,C10599,P249803,Home,60.51,0.0,1,COD,2024-11-19,5,West,Yes,60.51,4.16,12.78,37,Male,2024,11,19,1,47,1,0.0,60.51,60.51,Profit,0.0
O127509,C12948,P230238,Beauty,23.17,0.0,3,Debit Card,2025-07-17,5,Central,Yes,69.51,6.84,24.44,39,Female,2025,7,17,3,29,1,0.0,69.51,69.51,Profit,0.0
O127535,C11995,P204837,Fashion,20.73,0.0,1,COD,2023-10-20,6,South,Yes,20.73,4.58,2.68,36,Male,2023,10,20,4,42,1,0.0,20.73,20.73,Profit,0.0
O127555,C15301,P248512,Toys,7.62,0.0,2,UPI,2024-11-30,5,East,Yes,15.24,3.39,2.71,28,Male,2024,11,30,5,48,1,0.0,15.24,15.24,Profit,0.0
O127558,C11173,P222398,Electronics,393.16,0.0,4,Credit Card,2024-02-09,6,East,Yes,1572.64,10.35,178.37,64,Female,2024,2,9,4,6,1,0.0,1572.64,1572.64,Profit,0.0
O127567,C11857,P208040,Fashion,51.92,0.0,1,PayPal,2025-06-13,4,South,Yes,51.92,5.26,12.91,32,Male,2025,6,13,4,24,1,0.0,51.92,51.92,Profit,0.0
O127572,C14898,P233897,Sports,18.68,0.1,1,Wallet,2025-01-17,4,West,Yes,16.81,3.99,1.05,43,Male,2025,1,17,4,3,1,10.0,18.68,16.812,Profit,0.0
O127575,C15614,P243015,Beauty,17.4,0.1,1,Wallet,2025-08-10,3,North,Yes,15.66,2.74,4.31,39,Female,2025,8,10,6,32,1,10.0,17.4,15.659999999999998,Profit,0.0
O127624,C10567,P240698,Grocery,5.05,0.0,2,Debit Card,2025-02-02,4,West,Yes,10.1,3.63,-2.82,21,Female,2025,2,2,6,5,1,0.0,10.1,10.1,Loss,0.28481999999999996
O127629,C17346,P238928,Home,218.11,0.05,1,Credit Card,2024-04-19,4,West,Yes,207.2,8.33,49.69,39,Male,2024,4,19,4,16,1,5.0,218.11,207.2045,Profit,0.0
O127646,C12419,P246069,Fashion,12.64,0.0,3,Debit Card,2023-12-21,6,East,Yes,37.92,5.63,7.64,31,Male,2023,12,21,3,51,1,0.0,37.92,37.92,Profit,0.0
O127676,C16104,P201023,Fashion,38.65,0.0,1,Credit Card,2025-08-01,7,West,Yes,38.65,5.09,8.44,29,Male,2025,8,1,4,31,1,0.0,38.65,38.65,Profit,0.0
O127680,C11286,P248548,Electronics,337.06,0.1,2,PayPal,2024-07-07,6,East,Yes,606.71,9.0,63.81,26,Female,2024,7,7,6,27,1,10.0,674.12,606.708,Profit,0.0
O127687,C11253,P214581,Toys,131.44,0.0,1,UPI,2024-09-29,5,Central,Yes,131.44,7.29,45.29,31,Female,2024,9,29,6,39,1,0.0,131.44,131.44,Profit,0.0
O127735,C10690,P201869,Toys,42.43,0.2,1,Credit Card,2025-05-17,5,North,Yes,33.94,5.28,8.3,38,Female,2025,5,17,5,20,1,20.0,42.43,33.944,Profit,0.0
O127746,C15037,P244327,Sports,12.41,0.0,1,Debit Card,2025-01-22,3,North,Yes,12.41,4.08,-0.36,43,Female,2025,1,22,2,4,1,0.0,12.41,12.41,Loss,0.044676
O127774,C12472,P245649,Toys,2.96,0.05,1,PayPal,2025-06-02,3,North,Yes,2.81,2.72,-1.6,52,Female,2025,6,2,0,23,1,5.0,2.96,2.812,Loss,0.044992000000000004
O127799,C10654,P234621,Electronics,305.1,0.0,1,Debit Card,2024-11-07,5,Central,Yes,305.1,7.64,28.97,20,Female,2024,11,7,3,45,1,0.0,305.1,305.1,Profit,0.0
O127800,C15835,P244814,Beauty,10.72,0.0,1,Credit Card,2025-02-18,3,Central,Yes,10.72,4.37,0.45,61,Female,2025,2,18,1,8,1,0.0,10.72,10.72,Profit,0.0
O127842,C13193,P229922,Home,536.97,0.1,1,UPI,2024-08-25,6,North,Yes,483.27,10.13,125.19,40,Male,2024,8,25,6,34,1,10.0,536.97,483.273,Profit,0.0
O127876,C15072,P228424,Electronics,67.37,0.0,3,Credit Card,2025-02-09,7,East,Yes,202.11,9.14,15.11,63,Male,2025,2,9,6,6,1,0.0,202.11,202.11,Profit,0.0
O127884,C13671,P204994,Home,30.26,0.0,1,Credit Card,2025-09-03,5,North,Yes,30.26,5.12,3.35,60,Female,2025,9,3,2,36,1,0.0,30.26,30.26,Profit,0.0
O127908,C17023,P209186,Home,22.19,0.0,1,Debit Card,2024-08-12,3,North,Yes,22.19,6.35,-0.14,67,Female,2024,8,12,0,33,1,0.0,22.19,22.19,Loss,0.031066000000000007
O127916,C17476,P220717,Sports,65.24,0.2,3,Wallet,2025-07-20,5,West,Yes,156.58,8.11,38.86,66,Male,2025,7,20,6,29,1,20.0,195.72,156.576,Profit,0.0
O127922,C11553,P245832,Fashion,78.41,0.0,1,Debit Card,2024-10-30,5,South,Yes,78.41,6.4,21.04,62,Female,2024,10,30,2,44,1,0.0,78.41,78.41,Profit,0.0
O127924,C12689,P231289,Home,392.01,0.0,4,Credit Card,2025-02-02,4,South,Yes,1568.04,10.23,428.82,66,Female,2025,2,2,6,5,1,0.0,1568.04,1568.04,Profit,0.0
O127961,C11761,P215306,Fashion,16.72,0.2,1,PayPal,2024-01-08,3,North,Yes,13.38,4.2,0.48,43,Female,2024,1,8,0,2,1,20.0,16.72,13.376,Profit,0.0
O127985,C12565,P225534,Toys,14.28,0.0,1,PayPal,2024-03-03,4,South,Yes,14.28,3.19,2.52,35,Male,2024,3,3,6,9,1,0.0,14.28,14.28,Profit,0.0
O128003,C16883,P237843,Home,153.47,0.0,1,Debit Card,2024-12-08,4,Central,Yes,153.47,8.22,34.75,54,Male,2024,12,8,6,49,1,0.0,153.47,153.47,Profit,0.0
O128006,C14403,P226901,Electronics,248.48,0.0,1,PayPal,2024-07-03,5,West,Yes,248.48,6.97,22.85,38,Female,2024,7,3,2,27,1,0.0,248.48,248.48,Profit,0.0
O128009,C10163,P235623,Toys,5.59,0.1,1,Debit Card,2024-07-27,5,Central,Yes,5.03,2.8,-0.79,42,Female,2024,7,27,5,30,1,10.0,5.59,5.031,Loss,0.0397449
O128043,C10114,P205996,Fashion,23.25,0.0,2,UPI,2024-04-01,4,West,Yes,46.5,6.89,9.38,45,Female,2024,4,1,0,14,1,0.0,46.5,46.5,Profit,0.0
O128052,C10957,P219219,Fashion,20.88,0.3,1,Debit Card,2024-03-12,6,East,Yes,14.62,3.23,1.89,29,Female,2024,3,12,1,11,1,30.0,20.88,14.615999999999998,Profit,0.0
O128061,C10697,P248562,Fashion,71.51,0.0,2,Credit Card,2025-05-21,3,Central,Yes,143.02,7.32,42.74,39,Female,2025,5,21,2,21,1,0.0,143.02,143.02,Profit,0.0
O128067,C15562,P201156,Toys,14.06,0.0,1,UPI,2023-11-20,5,West,Yes,14.06,3.75,1.87,61,Male,2023,11,20,0,47,1,0.0,14.06,14.06,Profit,0.0
O128072,C16192,P244177,Fashion,78.36,0.0,1,UPI,2023-12-09,6,East,Yes,78.36,7.5,19.93,31,Female,2023,12,9,5,49,1,0.0,78.36,78.36,Profit,0.0
O128084,C16154,P244724,Electronics,271.53,0.0,1,Debit Card,2025-08-18,4,North,Yes,271.53,8.37,24.21,31,Female,2025,8,18,0,34,1,0.0,271.53,271.53,Profit,0.0
O128127,C17846,P236748,Electronics,319.97,0.0,3,Wallet,2025-04-15,5,Central,Yes,959.91,12.15,103.04,45,Male,2025,4,15,1,16,1,0.0,959.91,959.91,Profit,0.0
O128132,C13838,P200810,Electronics,267.8,0.0,1,Credit Card,2024-05-31,4,South,Yes,267.8,8.9,23.24,20,Male,2024,5,31,4,22,1,0.0,267.8,267.8,Profit,0.0
O128136,C10790,P206033,Electronics,446.25,0.0,5,Credit Card,2024-06-20,5,West,Yes,2231.25,10.99,256.76,32,Female,2024,6,20,3,25,1,0.0,2231.25,2231.25,Profit,0.0
O128165,C16667,P208314,Fashion,163.84,0.0,3,Credit Card,2024-09-07,4,South,Yes,491.52,9.62,162.41,30,Male,2024,9,7,5,36,1,0.0,491.52,491.52,Profit,0.0
O128169,C14719,P204165,Electronics,330.73,0.1,1,COD,2025-02-15,6,East,Yes,297.66,9.84,25.88,60,Male,2025,2,15,5,7,1,10.0,330.73,297.65700000000004,Profit,0.0
O128179,C10753,P247094,Home,277.37,0.05,2,Debit Card,2025-02-23,5,West,Yes,527.0,7.38,140.18,52,Female,2025,2,23,6,8,1,5.0,554.74,527.0029999999999,Profit,0.0
O128192,C10483,P227683,Electronics,1287.47,0.0,1,UPI,2024-06-10,6,South,Yes,1287.47,9.19,145.31,18,Female,2024,6,10,0,24,1,0.0,1287.47,1287.47,Profit,0.0
O128197,C11020,P242931,Electronics,254.76,0.0,2,UPI,2024-04-08,5,East,Yes,509.52,9.71,51.43,37,Male,2024,4,8,0,15,1,0.0,509.52,509.52,Profit,0.0
O128199,C14964,P244666,Home,140.45,0.05,1,Debit Card,2025-05-04,3,North,Yes,133.43,7.55,29.81,65,Male,2025,5,4,6,18,1,5.0,140.45,133.42749999999998,Profit,0.0
O128204,C10695,P224838,Electronics,249.76,0.0,1,PayPal,2023-10-10,3,Central,Yes,249.76,6.76,23.21,41,Female,2023,10,10,1,41,1,0.0,249.76,249.76,Profit,0.0
O128214,C17830,P245431,Fashion,76.06,0.0,1,PayPal,2024-03-13,5,West,Yes,76.06,5.68,20.94,65,Male,2024,3,13,2,11,1,0.0,76.06,76.06,Profit,0.0
O128269,C17903,P244219,Electronics,107.59,0.0,4,Credit Card,2023-12-05,6,East,Yes,430.36,10.42,41.22,45,Male,2023,12,5,1,49,1,0.0,430.36,430.36,Profit,0.0
O128276,C10106,P201626,Toys,4.5,0.1,1,UPI,2024-10-12,6,East,Yes,4.05,1.98,-0.36,51,Female,2024,10,12,5,41,1,10.0,4.5,4.05,Loss,0.01458
O128290,C11511,P229103,Sports,225.73,0.05,1,Credit Card,2025-06-26,5,North,Yes,214.44,8.29,56.04,40,Male,2025,6,26,3,26,1,5.0,225.73,214.4435,Profit,0.0
O128331,C11715,P242276,Fashion,27.53,0.0,2,Debit Card,2024-11-07,4,West,Yes,55.06,3.8,15.47,37,Female,2024,11,7,3,45,1,0.0,55.06,55.06,Profit,0.0
O128341,C17124,P222447,Toys,19.04,0.0,1,UPI,2025-07-13,5,West,Yes,19.04,4.92,2.7,49,Male,2025,7,13,6,28,1,0.0,19.04,19.04,Profit,0.0
O128353,C14723,P206796,Electronics,717.86,0.0,1,UPI,2024-08-30,8,East,Yes,717.86,9.02,77.12,25,Male,2024,8,30,4,35,1,0.0,717.86,717.86,Profit,0.0
O128361,C11876,P234698,Grocery,13.2,0.0,1,Wallet,2024-09-15,5,East,Yes,13.2,3.83,-2.77,53,Female,2024,9,15,6,37,1,0.0,13.2,13.2,Loss,0.36564
O128396,C11069,P214271,Electronics,702.51,0.0,1,COD,2024-03-11,6,East,Yes,702.51,7.82,76.48,67,Male,2024,3,11,0,11,1,0.0,702.51,702.51,Profit,0.0
O128418,C16405,P209867,Fashion,25.96,0.0,1,Debit Card,2025-05-11,3,North,Yes,25.96,7.14,1.95,22,Female,2025,5,11,6,19,1,0.0,25.96,25.96,Profit,0.0
O128443,C17791,P210456,Electronics,499.04,0.1,2,Credit Card,2024-05-25,5,West,Yes,898.27,10.8,96.99,39,Male,2024,5,25,5,21,1,10.0,998.08,898.272,Profit,0.0
O128477,C11464,P230642,Home,164.1,0.0,1,Wallet,2024-04-19,7,West,Yes,164.1,6.55,39.4,29,Male,2024,4,19,4,16,1,0.0,164.1,164.1,Profit,0.0
O128501,C10719,P215955,Fashion,10.0,0.05,1,COD,2025-05-29,3,North,Yes,9.5,1.64,1.68,60,Female,2025,5,29,3,22,1,5.0,10.0,9.5,Profit,0.0
O128547,C13560,P249072,Home,411.97,0.0,1,Credit Card,2024-08-30,4,West,Yes,411.97,8.85,106.5,33,Female,2024,8,30,4,35,1,0.0,411.97,411.97,Profit,0.0
O128549,C17482,P237083,Electronics,232.39,0.0,1,COD,2025-03-27,3,North,Yes,232.39,7.15,20.74,48,Male,2025,3,27,3,13,1,0.0,232.39,232.39,Profit,0.0
O128626,C10773,P222903,Electronics,103.42,0.05,4,Credit Card,2025-08-07,4,South,Yes,393.0,9.88,37.28,22,Female,2025,8,7,3,32,1,5.0,413.68,392.996,Profit,0.0
O128644,C13251,P226176,Sports,330.52,0.0,1,Credit Card,2024-03-25,6,East,Yes,330.52,11.1,88.06,34,Female,2024,3,25,0,13,1,0.0,330.52,330.52,Profit,0.0
O128657,C12765,P203462,Sports,41.72,0.3,1,Credit Card,2024-03-10,5,North,Yes,29.2,5.66,3.1,20,Male,2024,3,10,6,10,1,30.0,41.72,29.204,Profit,0.0
O128660,C13242,P230666,Fashion,6.05,0.1,1,Credit Card,2025-04-04,4,West,Yes,5.44,1.61,0.29,66,Female,2025,4,4,4,14,1,10.0,6.05,5.445,Profit,0.0
O128666,C12945,P248242,Fashion,50.87,0.15,1,Credit Card,2023-11-02,4,South,Yes,43.24,5.7,9.43,37,Female,2023,11,2,3,44,1,15.0,50.87,43.2395,Profit,0.0
O128689,C13582,P208977,Sports,33.56,0.0,2,Credit Card,2025-08-14,5,South,Yes,67.12,4.66,15.48,27,Female,2025,8,14,3,33,1,0.0,67.12,67.12,Profit,0.0
O128740,C13094,P232605,Electronics,59.82,0.0,2,Credit Card,2024-08-01,6,East,Yes,119.64,8.6,5.76,31,Other,2024,8,1,3,31,1,0.0,119.64,119.64,Profit,0.0
O128748,C10372,P242914,Electronics,519.37,0.0,1,Credit Card,2025-02-24,4,West,Yes,519.37,9.6,52.72,35,Male,2025,2,24,0,9,1,0.0,519.37,519.37,Profit,0.0
O128778,C13510,P231310,Home,100.81,0.15,1,COD,2024-09-09,5,South,Yes,85.69,5.62,18.37,67,Female,2024,9,9,0,37,1,15.0,100.81,85.6885,Profit,0.0
O128800,C13940,P214669,Sports,60.19,0.05,2,COD,2024-10-12,4,South,Yes,114.36,6.99,27.32,31,Male,2024,10,12,5,41,1,5.0,120.38,114.361,Profit,0.0
O128812,C10594,P200166,Fashion,31.42,0.0,1,PayPal,2024-12-29,3,Central,Yes,31.42,4.91,6.09,46,Female,2024,12,29,6,52,1,0.0,31.42,31.42,Profit,0.0
O128825,C17821,P230778,Electronics,316.66,0.15,1,Debit Card,2025-02-03,6,East,Yes,269.16,10.06,22.24,58,Female,2025,2,3,0,6,1,15.0,316.66,269.161,Profit,0.0
O128835,C13611,P229386,Toys,42.91,0.15,1,COD,2024-06-25,6,East,Yes,36.47,6.11,8.48,43,Male,2024,6,25,1,26,1,15.0,42.91,36.4735,Profit,0.0
O128838,C10314,P242447,Electronics,908.37,0.05,1,Debit Card,2025-08-26,5,West,Yes,862.95,10.04,93.51,42,Other,2025,8,26,1,35,1,5.0,908.37,862.9515,Profit,0.0
O128850,C13106,P247675,Home,37.66,0.1,1,Credit Card,2025-05-21,6,South,Yes,33.89,5.61,3.88,33,Female,2025,5,21,2,21,1,10.0,37.66,33.894,Profit,0.0
O128870,C11194,P244738,Beauty,20.24,0.2,1,Credit Card,2025-03-21,5,East,Yes,16.19,5.51,1.78,35,Female,2025,3,21,4,12,1,20.0,20.24,16.192,Profit,0.0
O128884,C17026,P234654,Beauty,28.36,0.0,3,PayPal,2023-09-18,4,Central,Yes,85.08,8.11,30.18,25,Female,2023,9,18,0,38,1,0.0,85.08,85.08,Profit,0.0
O128890,C10983,P243485,Fashion,15.05,0.0,1,Credit Card,2025-07-20,3,North,Yes,15.05,4.51,0.76,53,Female,2025,7,20,6,29,1,0.0,15.05,15.05,Profit,0.0
O128930,C11689,P219682,Electronics,145.71,0.05,1,Credit Card,2024-12-15,4,North,Yes,138.42,7.37,9.24,64,Female,2024,12,15,6,50,1,5.0,145.71,138.4245,Profit,0.0
O128943,C10118,P218551,Electronics,237.61,0.0,1,COD,2025-02-03,4,Central,Yes,237.61,9.08,19.43,57,Male,2025,2,3,0,6,1,0.0,237.61,237.61,Profit,0.0
O128947,C10972,P242245,Toys,10.51,0.0,2,UPI,2025-05-13,6,Central,Yes,21.02,5.87,2.54,46,Male,2025,5,13,1,20,1,0.0,21.02,21.02,Profit,0.0
O128948,C10915,P215077,Beauty,6.6,0.05,1,Credit Card,2025-09-11,4,South,Yes,6.27,3.76,-0.94,35,Male,2025,9,11,3,37,1,5.0,6.6,6.27,Loss,0.058938
O128952,C10350,P204814,Home,14.43,0.05,1,Credit Card,2025-04-28,4,West,Yes,13.71,3.91,-0.07,24,Male,2025,4,28,0,18,1,5.0,14.43,13.7085,Loss,0.009595950000000002
O128957,C14591,P241860,Electronics,209.05,0.1,1,PayPal,2024-09-21,5,East,Yes,188.14,7.89,14.69,57,Female,2024,9,21,5,38,1,10.0,209.05,188.145,Profit,0.0
O129004,C12100,P216519,Beauty,25.39,0.15,1,Debit Card,2024-02-09,5,East,Yes,21.58,3.49,6.22,39,Female,2024,2,9,4,6,1,15.0,25.39,21.5815,Profit,0.0
O129019,C14816,P234237,Sports,171.79,0.2,1,Credit Card,2025-02-13,5,East,Yes,137.43,6.85,34.38,61,Male,2025,2,13,3,7,1,20.0,171.79,137.432,Profit,0.0
O129051,C10159,P239581,Electronics,55.46,0.1,4,Debit Card,2023-12-22,4,North,Yes,199.66,8.88,15.08,18,Female,2023,12,22,4,51,1,10.0,221.84,199.656,Profit,0.0
O129080,C12659,P215117,Sports,82.55,0.0,1,Credit Card,2024-06-19,6,South,Yes,82.55,6.51,18.25,45,Female,2024,6,19,2,25,1,0.0,82.55,82.55,Profit,0.0
O129109,C15439,P248401,Home,54.7,0.15,1,COD,2024-02-11,3,North,Yes,46.5,5.57,7.45,30,Male,2024,2,11,6,6,1,15.0,54.7,46.495000000000005,Profit,0.0
O129112,C10184,P221646,Toys,31.37,0.0,1,Credit Card,2024-05-14,5,West,Yes,31.37,5.78,6.77,26,Other,2024,5,14,1,20,1,0.0,31.37,31.37,Profit,0.0
O129119,C15510,P239175,Electronics,404.44,0.0,2,Credit Card,2023-12-28,4,Central,Yes,808.88,9.26,87.81,33,Female,2023,12,28,3,52,1,0.0,808.88,808.88,Profit,0.0
O129125,C15101,P206198,Beauty,49.59,0.1,1,Credit Card,2023-11-04,3,North,Yes,44.63,6.05,14.03,52,Female,2023,11,4,5,44,1,10.0,49.59,44.63100000000001,Profit,0.0
O129159,C13215,P228099,Fashion,45.72,0.2,4,Wallet,2025-03-27,3,North,Yes,146.3,7.25,43.96,26,Female,2025,3,27,3,13,1,20.0,182.88,146.304,Profit,0.0
O129160,C17541,P229455,Sports,261.95,0.15,1,COD,2024-02-14,6,East,Yes,222.66,10.23,56.57,40,Female,2024,2,14,2,7,1,15.0,261.95,222.6575,Profit,0.0
O129166,C12429,P219715,Fashion,59.27,0.05,1,Credit Card,2025-02-10,4,North,Yes,56.31,6.01,13.7,41,Male,2025,2,10,0,7,1,5.0,59.27,56.3065,Profit,0.0
O129187,C13941,P246892,Home,41.61,0.3,1,Debit Card,2024-07-23,4,West,Yes,29.13,4.33,3.83,69,Female,2024,7,23,1,30,1,30.0,41.61,29.127,Profit,0.0
O129189,C16603,P222980,Sports,73.43,0.15,3,Credit Card,2024-12-09,4,North,Yes,187.25,8.32,47.86,33,Male,2024,12,9,0,50,1,15.0,220.29,187.24650000000003,Profit,0.0
O129250,C10224,P209074,Sports,88.57,0.1,1,PayPal,2025-01-19,3,North,Yes,79.71,7.23,16.68,54,Male,2025,1,19,6,3,1,10.0,88.57,79.713,Profit,0.0
O129263,C14386,P230900,Fashion,9.77,0.15,3,COD,2024-08-29,6,East,Yes,24.91,6.56,2.16,36,Female,2024,8,29,3,35,1,15.0,29.31,24.9135,Profit,0.0
O129297,C14475,P209848,Home,126.3,0.0,3,Credit Card,2023-11-02,5,South,Yes,378.9,11.38,94.71,45,Male,2023,11,2,3,44,1,0.0,378.9,378.9,Profit,0.0
O129306,C14848,P246682,Sports,94.74,0.0,2,Credit Card,2025-06-13,5,East,Yes,189.48,8.03,48.81,49,Female,2025,6,13,4,24,1,0.0,189.48,189.48,Profit,0.0
O129329,C12794,P223765,Toys,24.92,0.15,1,Debit Card,2024-04-15,5,North,Yes,21.18,3.14,5.33,45,Male,2024,4,15,0,16,1,15.0,24.92,21.182,Profit,0.0
O129333,C17612,P238822,Electronics,231.24,0.0,1,Credit Card,2024-05-30,6,Central,Yes,231.24,8.41,19.34,58,Male,2024,5,30,3,22,1,0.0,231.24,231.24,Profit,0.0
O129342,C11125,P231210,Fashion,101.75,0.0,1,Credit Card,2024-03-06,6,East,Yes,101.75,7.29,28.32,61,Male,2024,3,6,2,10,1,0.0,101.75,101.75,Profit,0.0
O129398,C11017,P239474,Home,175.5,0.0,1,Debit Card,2025-04-21,6,East,Yes,175.5,7.29,41.85,50,Male,2025,4,21,0,17,1,0.0,175.5,175.5,Profit,0.0
O129460,C11055,P227530,Fashion,86.45,0.0,2,Credit Card,2025-07-09,6,East,Yes,172.9,7.2,53.32,46,Male,2025,7,9,2,28,1,0.0,172.9,172.9,Profit,0.0
O129462,C11023,P229088,Home,18.68,0.05,1,Credit Card,2024-02-15,5,South,Yes,17.75,4.97,0.0,37,Female,2024,2,15,3,7,1,5.0,18.68,17.746,Loss,0.0
O129491,C16978,P208249,Fashion,84.44,0.0,3,PayPal,2025-04-21,5,West,Yes,253.32,8.78,79.88,64,Female,2025,4,21,0,17,1,0.0,253.32,253.32,Profit,0.0
O129522,C10870,P231994,Electronics,430.76,0.15,1,UPI,2024-12-07,7,East,Yes,366.15,7.31,36.63,67,Female,2024,12,7,5,49,1,15.0,430.76,366.146,Profit,0.0
O129532,C15857,P203920,Electronics,271.92,0.05,1,UPI,2025-07-31,5,North,Yes,258.32,9.09,21.91,61,Male,2025,7,31,3,31,1,5.0,271.92,258.324,Profit,0.0
O129544,C17181,P230487,Home,171.9,0.1,1,Credit Card,2023-10-27,6,East,Yes,154.71,7.47,35.85,36,Male,2023,10,27,4,43,1,10.0,171.9,154.71,Profit,0.0
O129565,C17749,P205097,Toys,30.5,0.05,1,PayPal,2024-01-09,4,Central,Yes,28.98,3.92,7.67,46,Female,2024,1,9,1,2,1,5.0,30.5,28.975,Profit,0.0
O129595,C14012,P208481,Home,36.32,0.15,3,Credit Card,2024-10-17,6,South,Yes,92.62,7.13,18.8,25,Male,2024,10,17,3,42,1,15.0,108.96,92.616,Profit,0.0
O129598,C14594,P206243,Electronics,264.02,0.05,2,Debit Card,2024-09-01,3,North,Yes,501.64,8.92,51.28,29,Female,2024,9,1,6,35,1,5.0,528.04,501.6379999999999,Profit,0.0
O129623,C14899,P222662,Sports,149.91,0.0,2,Debit Card,2024-07-10,5,East,Yes,299.82,8.83,81.12,27,Female,2024,7,10,2,28,1,0.0,299.82,299.82,Profit,0.0
O129624,C13295,P215271,Fashion,12.75,0.05,1,Credit Card,2025-06-06,6,Central,Yes,12.11,2.71,1.53,47,Female,2025,6,6,4,23,1,5.0,12.75,12.1125,Profit,0.0
O129649,C13997,P240789,Fashion,36.55,0.15,1,PayPal,2024-04-05,7,South,Yes,31.07,3.84,7.03,37,Female,2024,4,5,4,14,1,15.0,36.55,31.067499999999995,Profit,0.0
O129696,C16135,P246124,Electronics,807.35,0.1,1,Wallet,2024-11-01,4,North,Yes,726.62,11.5,75.69,63,Male,2024,11,1,4,44,1,10.0,807.35,726.615,Profit,0.0
O129703,C12428,P246958,Electronics,161.93,0.1,3,COD,2024-11-23,4,West,Yes,437.21,8.29,44.18,44,Male,2024,11,23,5,47,1,10.0,485.79,437.211,Profit,0.0
O129726,C13958,P209899,Fashion,40.7,0.0,1,PayPal,2024-04-21,4,South,Yes,40.7,6.67,7.57,66,Female,2024,4,21,6,16,1,0.0,40.7,40.7,Profit,0.0
O129728,C13859,P240100,Toys,20.92,0.0,1,PayPal,2024-03-24,5,South,Yes,20.92,4.31,4.06,46,Male,2024,3,24,6,12,1,0.0,20.92,20.92,Profit,0.0
O129733,C14578,P204055,Beauty,23.95,0.05,1,PayPal,2023-12-25,4,Central,Yes,22.75,6.0,4.24,63,Female,2023,12,25,0,52,1,5.0,23.95,22.7525,Profit,0.0
O129758,C11488,P232617,Fashion,17.7,0.1,2,PayPal,2024-01-31,6,East,Yes,31.86,4.63,6.52,36,Male,2024,1,31,2,5,1,10.0,35.4,31.86,Profit,0.0
O129771,C10173,P217445,Sports,171.04,0.0,1,Debit Card,2023-12-09,3,North,Yes,171.04,8.42,42.89,29,Female,2023,12,9,5,49,1,0.0,171.04,171.04,Profit,0.0
O129775,C17822,P231277,Electronics,255.84,0.05,1,Credit Card,2023-09-29,4,West,Yes,243.05,8.63,20.54,59,Male,2023,9,29,4,39,1,5.0,255.84,243.048,Profit,0.0
O129784,C13645,P230101,Fashion,7.64,0.1,4,COD,2024-10-09,8,South,Yes,27.5,5.38,4.24,54,Male,2024,10,9,2,41,1,10.0,30.56,27.504,Profit,0.0
O129816,C14574,P215448,Beauty,5.6,0.0,1,PayPal,2025-08-11,5,West,Yes,5.6,3.74,-1.22,44,Male,2025,8,11,0,33,1,0.0,5.6,5.6,Loss,0.06831999999999999
O129817,C16371,P247862,Home,204.67,0.0,1,Credit Card,2023-10-30,6,Central,Yes,204.67,7.2,50.11,29,Male,2023,10,30,0,44,1,0.0,204.67,204.67,Profit,0.0
O129846,C15696,P207155,Electronics,534.01,0.1,1,PayPal,2024-04-09,4,South,Yes,480.61,8.06,49.61,47,Male,2024,4,9,1,15,1,10.0,534.01,480.609,Profit,0.0
O129847,C15042,P210201,Home,90.9,0.15,1,Credit Card,2025-05-24,7,West,Yes,77.26,7.28,14.35,38,Female,2025,5,24,5,21,1,15.0,90.9,77.265,Profit,0.0
O129851,C14851,P207080,Fashion,87.79,0.0,1,Debit Card,2024-09-14,6,East,Yes,87.79,5.97,24.76,66,Male,2024,9,14,5,37,1,0.0,87.79,87.79,Profit,0.0
O129879,C13457,P240585,Toys,30.06,0.15,1,Debit Card,2024-09-16,3,North,Yes,25.55,4.59,5.63,64,Male,2024,9,16,0,38,1,15.0,30.06,25.551,Profit,0.0
O129922,C17704,P245963,Fashion,101.13,0.0,1,Debit Card,2025-07-06,5,South,Yes,101.13,6.65,28.75,31,Male,2025,7,6,6,27,1,0.0,101.13,101.13,Profit,0.0
O129931,C10741,P205627,Toys,5.65,0.0,1,UPI,2023-09-24,5,West,Yes,5.65,4.17,-1.91,40,Female,2023,9,24,6,38,1,0.0,5.65,5.65,Loss,0.10791500000000001
O129935,C14568,P217863,Fashion,58.71,0.15,1,Credit Card,2025-02-13,4,West,Yes,49.9,5.32,12.14,22,Female,2025,2,13,3,7,1,15.0,58.71,49.9035,Profit,0.0
O129948,C13213,P234373,Fashion,11.76,0.2,2,Debit Card,2025-07-31,5,Central,Yes,18.82,5.93,0.66,54,Female,2025,7,31,3,31,1,20.0,23.52,18.816,Profit,0.0
O129955,C10041,P204454,Sports,122.24,0.0,2,Debit Card,2024-03-20,4,North,Yes,244.48,7.31,66.03,22,Female,2024,3,20,2,12,1,0.0,244.48,244.48,Profit,0.0
O129973,C10107,P233526,Sports,90.28,0.0,1,Debit Card,2024-12-27,5,West,Yes,90.28,6.8,20.28,47,Female,2024,12,27,4,52,1,0.0,90.28,90.28,Profit,0.0
O129989,C12306,P223015,Home,38.92,0.0,1,COD,2025-07-09,5,East,Yes,38.92,6.73,4.17,61,Male,2025,7,9,2,28,1,0.0,38.92,38.92,Profit,0.0
O130045,C13857,P212455,Fashion,18.0,0.1,1,Credit Card,2024-04-16,3,Central,Yes,16.2,4.0,1.67,65,Female,2024,4,16,1,16,1,10.0,18.0,16.2,Profit,0.0
O130057,C12202,P245427,Electronics,530.49,0.05,1,Credit Card,2024-07-20,4,Central,Yes,503.97,8.18,52.3,54,Male,2024,7,20,5,29,1,5.0,530.49,503.9655,Profit,0.0
O130075,C12074,P225354,Home,254.53,0.05,1,COD,2024-05-19,6,Central,Yes,241.8,8.17,59.53,53,Male,2024,5,19,6,20,1,5.0,254.53,241.8035,Profit,0.0
O130088,C16402,P237301,Toys,33.58,0.05,1,PayPal,2025-07-06,5,North,Yes,31.9,6.78,5.98,20,Male,2025,7,6,6,27,1,5.0,33.58,31.901,Profit,0.0
O130149,C16074,P230290,Electronics,171.31,0.1,1,PayPal,2025-09-10,4,South,Yes,154.18,7.84,10.66,46,Female,2025,9,10,2,37,1,10.0,171.31,154.179,Profit,0.0
O130154,C15274,P224198,Fashion,32.49,0.0,1,Debit Card,2024-07-02,4,North,Yes,32.49,5.32,6.05,29,Male,2024,7,2,1,27,1,0.0,32.49,32.49,Profit,0.0
O130155,C13231,P246344,Toys,35.16,0.05,2,UPI,2024-08-02,3,North,Yes,66.8,7.17,19.55,35,Male,2024,8,2,4,31,1,5.0,70.32,66.80399999999999,Profit,0.0
O130168,C10344,P239727,Fashion,96.95,0.0,1,Credit Card,2024-03-11,4,Central,Yes,96.95,7.29,26.64,24,Female,2024,3,11,0,11,1,0.0,96.95,96.95,Profit,0.0
O130175,C17079,P208955,Fashion,95.95,0.0,1,Wallet,2023-10-17,6,South,Yes,95.95,7.36,26.22,20,Female,2023,10,17,1,42,1,0.0,95.95,95.95,Profit,0.0
O130177,C15223,P202326,Fashion,15.02,0.05,2,Debit Card,2025-06-13,4,South,Yes,28.54,5.89,4.1,38,Female,2025,6,13,4,24,1,5.0,30.04,28.538,Profit,0.0
O130191,C11807,P224918,Electronics,67.76,0.0,4,Credit Card,2024-06-08,6,East,Yes,271.04,7.84,24.68,21,Male,2024,6,8,5,23,1,0.0,271.04,271.04,Profit,0.0
O130259,C15769,P246432,Home,21.1,0.0,1,Debit Card,2024-12-14,6,South,Yes,21.1,5.01,0.9,59,Female,2024,12,14,5,50,1,0.0,21.1,21.1,Profit,0.0
O130282,C11031,P224432,Toys,5.58,0.1,2,Credit Card,2024-11-16,4,South,Yes,10.04,3.33,0.69,31,Female,2024,11,16,5,46,1,10.0,11.16,10.044,Profit,0.0
O130283,C16857,P215366,Fashion,71.56,0.0,1,Credit Card,2024-07-06,3,Central,Yes,71.56,8.0,17.05,63,Male,2024,7,6,5,27,1,0.0,71.56,71.56,Profit,0.0
O130289,C10106,P204409,Home,206.42,0.0,1,Credit Card,2025-08-06,7,East,Yes,206.42,7.7,50.1,55,Male,2025,8,6,2,32,1,0.0,206.42,206.42,Profit,0.0
O130315,C17443,P203816,Toys,14.52,0.0,1,COD,2024-10-12,6,West,Yes,14.52,2.05,3.76,65,Female,2024,10,12,5,41,1,0.0,14.52,14.52,Profit,0.0
O130326,C16085,P245203,Home,146.1,0.05,3,Debit Card,2024-11-02,5,East,Yes,416.38,8.48,108.11,30,Female,2024,11,2,5,44,1,5.0,438.3,416.38499999999993,Profit,0.0
O130347,C16375,P236713,Sports,46.71,0.0,1,UPI,2025-02-07,5,West,Yes,46.71,3.93,10.08,25,Male,2025,2,7,4,6,1,0.0,46.71,46.71,Profit,0.0
O130351,C14492,P215037,Fashion,163.45,0.2,1,PayPal,2024-11-12,5,East,Yes,130.76,6.07,39.7,40,Male,2024,11,12,1,46,1,20.0,163.45,130.76,Profit,0.0
O130353,C15522,P238610,Beauty,15.18,0.3,1,Debit Card,2023-10-22,7,West,Yes,10.63,4.01,0.77,64,Male,2023,10,22,6,42,1,30.0,15.18,10.626,Profit,0.0
O130406,C15928,P227987,Home,104.33,0.05,1,Credit Card,2024-09-25,5,East,Yes,99.11,5.65,22.1,25,Male,2024,9,25,2,39,1,5.0,104.33,99.1135,Profit,0.0
O130411,C17256,P217422,Electronics,523.28,0.2,1,COD,2025-03-30,5,South,Yes,418.62,10.16,40.07,47,Other,2025,3,30,6,13,1,20.0,523.28,418.624,Profit,0.0
O130436,C13818,P223519,Beauty,44.74,0.15,1,Wallet,2024-12-21,4,South,Yes,38.03,5.66,11.45,23,Male,2024,12,21,5,51,1,15.0,44.74,38.029,Profit,0.0
O130455,C16599,P240787,Electronics,110.68,0.05,1,Credit Card,2024-05-30,4,Central,Yes,105.15,8.06,4.56,36,Male,2024,5,30,3,22,1,5.0,110.68,105.146,Profit,0.0
O130478,C14809,P224658,Grocery,9.39,0.0,1,Debit Card,2024-06-12,4,South,Yes,9.39,3.66,-2.91,65,Female,2024,6,12,2,24,1,0.0,9.39,9.39,Loss,0.273249
O130489,C14834,P227915,Toys,10.29,0.05,1,Credit Card,2023-12-20,6,West,Yes,9.78,5.91,-2.0,29,Male,2023,12,20,2,51,1,5.0,10.29,9.7755,Loss,0.19551
O130498,C17515,P211017,Fashion,113.81,0.0,1,UPI,2024-11-24,6,South,Yes,113.81,7.82,32.01,64,Male,2024,11,24,6,47,1,0.0,113.81,113.81,Profit,0.0
O130544,C10448,P228880,Fashion,15.07,0.05,2,Credit Card,2025-01-28,6,South,Yes,28.63,4.37,5.65,18,Male,2025,1,28,1,5,1,5.0,30.14,28.633,Profit,0.0
O130551,C13962,P235950,Electronics,469.84,0.0,1,UPI,2024-07-04,3,Central,Yes,469.84,8.68,47.7,66,Male,2024,7,4,3,27,1,0.0,469.84,469.84,Profit,0.0
O130560,C15943,P225893,Sports,124.21,0.0,3,Credit Card,2025-06-18,4,South,Yes,372.63,9.03,102.76,63,Female,2025,6,18,2,25,1,0.0,372.63,372.63,Profit,0.0
O130565,C15063,P201274,Electronics,515.7,0.05,4,PayPal,2024-11-27,5,South,Yes,1959.66,11.3,223.86,18,Female,2024,11,27,2,48,1,5.0,2062.8,1959.66,Profit,0.0
O130580,C14329,P222639,Fashion,20.5,0.0,1,Credit Card,2024-11-07,5,South,Yes,20.5,3.68,3.49,55,Male,2024,11,7,3,45,1,0.0,20.5,20.5,Profit,0.0
O130583,C15512,P200332,Toys,3.36,0.0,2,Debit Card,2024-02-17,5,South,Yes,6.72,3.83,-1.14,19,Male,2024,2,17,5,7,1,0.0,6.72,6.72,Loss,0.076608
O130589,C14708,P205282,Grocery,21.25,0.05,4,Credit Card,2023-12-04,4,North,Yes,80.75,6.79,-0.33,66,Male,2023,12,4,0,49,1,5.0,85.0,80.75,Loss,0.266475
O130596,C14929,P211545,Toys,17.17,0.0,1,PayPal,2023-12-08,8,East,Yes,17.17,4.41,2.46,62,Female,2023,12,8,4,49,1,0.0,17.17,17.17,Profit,0.0
O130614,C17095,P205304,Electronics,289.27,0.0,1,UPI,2025-04-01,4,South,Yes,289.27,8.15,26.56,44,Male,2025,4,1,1,14,1,0.0,289.27,289.27,Profit,0.0
O130629,C12927,P221140,Fashion,35.45,0.0,1,Debit Card,2025-03-25,4,West,Yes,35.45,5.55,6.86,25,Male,2025,3,25,1,13,1,0.0,35.45,35.45,Profit,0.0
O130633,C16417,P215212,Home,255.38,0.1,1,COD,2024-09-29,5,East,Yes,229.84,8.17,56.19,45,Male,2024,9,29,6,39,1,10.0,255.38,229.842,Profit,0.0
O130658,C17034,P225203,Electronics,342.61,0.0,2,COD,2024-12-20,4,South,Yes,685.22,10.87,71.36,51,Female,2024,12,20,4,51,1,0.0,685.22,685.22,Profit,0.0
O130664,C13355,P245216,Fashion,14.82,0.05,1,PayPal,2024-01-05,7,East,Yes,14.08,4.12,0.81,33,Female,2024,1,5,4,1,1,5.0,14.82,14.079,Profit,0.0
O130666,C15251,P234942,Sports,105.72,0.05,1,Debit Card,2023-12-18,4,South,Yes,100.43,7.56,22.57,44,Female,2023,12,18,0,51,1,5.0,105.72,100.434,Profit,0.0
O130697,C17399,P241892,Home,195.51,0.0,1,Credit Card,2024-04-18,5,East,Yes,195.51,8.74,46.0,62,Male,2024,4,18,3,16,1,0.0,195.51,195.51,Profit,0.0
O130708,C10625,P200666,Electronics,60.04,0.1,1,Debit Card,2023-12-13,4,North,Yes,54.04,6.74,-0.26,36,Male,2023,12,13,2,50,1,10.0,60.04,54.036,Loss,0.1404936
O130710,C15988,P211300,Fashion,16.27,0.0,2,Debit Card,2024-04-19,4,South,Yes,32.54,4.43,6.96,21,Female,2024,4,19,4,16,1,0.0,32.54,32.54,Profit,0.0
O130711,C17509,P236044,Home,30.98,0.0,2,COD,2024-03-28,7,West,Yes,61.96,7.95,9.4,22,Male,2024,3,28,3,13,1,0.0,61.96,61.96,Profit,0.0
O130720,C11165,P204683,Home,21.09,0.0,1,Credit Card,2025-05-16,6,East,Yes,21.09,5.79,0.12,18,Female,2025,5,16,4,20,1,0.0,21.09,21.09,Profit,0.0
O130758,C13254,P227359,Electronics,267.93,0.05,2,Credit Card,2023-09-13,5,South,Yes,509.07,8.58,52.51,25,Female,2023,9,13,2,37,1,5.0,535.86,509.067,Profit,0.0
O130764,C13984,P228259,Electronics,392.18,0.0,1,Credit Card,2024-05-18,5,South,Yes,392.18,10.02,37.04,27,Male,2024,5,18,5,20,1,0.0,392.18,392.18,Profit,0.0
O130787,C15143,P200440,Grocery,2.4,0.0,1,UPI,2024-10-19,5,East,Yes,2.4,2.5,-2.31,35,Male,2024,10,19,5,42,1,0.0,2.4,2.4,Loss,0.055439999999999996
O130806,C11375,P225281,Electronics,1131.63,0.2,1,COD,2023-10-17,4,South,Yes,905.3,9.62,99.02,52,Female,2023,10,17,1,42,1,20.0,1131.63,905.304,Profit,0.0
O130820,C10184,P244953,Beauty,7.23,0.0,2,Debit Card,2024-01-14,3,North,Yes,14.46,4.74,1.77,68,Female,2024,1,14,6,2,1,0.0,14.46,14.46,Profit,0.0
O130865,C15566,P217737,Electronics,614.29,0.0,4,Debit Card,2024-12-27,6,South,Yes,2457.16,10.84,284.02,45,Male,2024,12,27,4,52,1,0.0,2457.16,2457.16,Profit,0.0
O130927,C13008,P214324,Electronics,112.32,0.0,1,Credit Card,2025-07-10,5,East,Yes,112.32,6.33,7.15,23,Female,2025,7,10,3,28,1,0.0,112.32,112.32,Profit,0.0
O131000,C13088,P222772,Home,83.28,0.3,1,Credit Card,2025-08-16,5,West,Yes,58.3,6.53,9.79,48,Male,2025,8,16,5,33,1,30.0,83.28,58.296,Profit,0.0
O131006,C11261,P232557,Toys,83.59,0.0,2,COD,2024-12-16,5,South,Yes,167.18,7.87,59.0,58,Female,2024,12,16,0,51,1,0.0,167.18,167.18,Profit,0.0
O131032,C10675,P206917,Fashion,8.75,0.0,3,UPI,2025-04-09,7,South,Yes,26.25,6.02,3.17,40,Male,2025,4,9,2,15,1,0.0,26.25,26.25,Profit,0.0
O131041,C13247,P242977,Sports,151.74,0.0,2,Credit Card,2023-10-01,5,South,Yes,303.48,8.62,82.42,52,Male,2023,10,1,6,39,1,0.0,303.48,303.48,Profit,0.0
O131053,C13747,P208212,Beauty,7.64,0.15,1,Debit Card,2024-08-29,3,North,Yes,6.49,2.16,0.76,29,Female,2024,8,29,3,35,1,15.0,7.64,6.494,Profit,0.0
O131075,C14670,P249279,Beauty,15.14,0.15,1,Debit Card,2024-08-29,6,East,Yes,12.87,3.99,1.8,68,Female,2024,8,29,3,35,1,15.0,15.14,12.869,Profit,0.0
O131087,C14703,P235047,Sports,29.17,0.1,1,Credit Card,2023-10-25,5,South,Yes,26.25,5.04,2.84,41,Male,2023,10,25,2,43,1,10.0,29.17,26.253000000000004,Profit,0.0
O131122,C16837,P237140,Electronics,543.71,0.0,1,COD,2024-03-21,5,East,Yes,543.71,9.36,55.89,38,Female,2024,3,21,3,12,1,0.0,543.71,543.71,Profit,0.0
O131182,C17685,P242636,Home,110.81,0.0,1,Credit Card,2024-02-24,6,East,Yes,110.81,7.72,23.31,68,Male,2024,2,24,5,8,1,0.0,110.81,110.81,Profit,0.0
O131212,C14091,P216839,Home,182.87,0.1,5,Credit Card,2023-12-12,7,East,Yes,822.92,8.94,221.48,59,Other,2023,12,12,1,50,1,10.0,914.35,822.9150000000001,Profit,0.0
O131241,C17881,P209806,Fashion,6.59,0.0,1,PayPal,2025-04-01,3,Central,Yes,6.59,1.74,0.57,34,Male,2025,4,1,1,14,1,0.0,6.59,6.59,Profit,0.0
O131245,C13666,P234016,Electronics,669.69,0.05,1,Credit Card,2024-10-09,6,North,Yes,636.21,10.06,66.29,49,Female,2024,10,9,2,41,1,5.0,669.69,636.2055,Profit,0.0
O131250,C17868,P224726,Fashion,155.1,0.1,1,Credit Card,2023-11-25,3,North,Yes,139.59,9.08,39.78,41,Female,2023,11,25,5,47,1,10.0,155.1,139.59,Profit,0.0
O131252,C10557,P248898,Fashion,88.03,0.1,2,Credit Card,2024-02-01,5,West,Yes,158.45,9.67,45.79,62,Male,2024,2,1,3,5,1,10.0,176.06,158.454,Profit,0.0
O131267,C11631,P239474,Sports,142.71,0.05,2,COD,2024-05-04,4,Central,Yes,271.15,8.29,73.05,24,Male,2024,5,4,5,18,1,5.0,285.42,271.149,Profit,0.0
O131284,C13125,P233549,Electronics,471.87,0.0,1,PayPal,2025-07-13,4,North,Yes,471.87,7.05,49.57,53,Female,2025,7,13,6,28,1,0.0,471.87,471.87,Profit,0.0
O131322,C17971,P207442,Fashion,8.47,0.05,1,Credit Card,2024-04-05,4,North,Yes,8.05,3.41,-0.59,62,Male,2024,4,5,4,14,1,5.0,8.47,8.0465,Loss,0.04747434999999999
O131329,C14305,P213184,Electronics,913.22,0.0,2,Debit Card,2023-10-15,5,West,Yes,1826.44,11.59,207.58,37,Male,2023,10,15,6,41,1,0.0,1826.44,1826.44,Profit,0.0
O131338,C15656,P244770,Home,131.18,0.0,1,UPI,2025-07-01,5,Central,Yes,131.18,8.04,28.69,37,Female,2025,7,1,1,27,1,0.0,131.18,131.18,Profit,0.0
O131365,C15835,P249284,Fashion,56.85,0.05,1,UPI,2024-03-25,4,West,Yes,54.01,6.15,12.75,69,Male,2024,3,25,0,13,1,5.0,56.85,54.0075,Profit,0.0
O131371,C10612,P237845,Home,116.52,0.1,3,PayPal,2025-06-20,5,West,Yes,314.6,9.14,78.95,40,Female,2025,6,20,4,25,1,10.0,349.56,314.604,Profit,0.0
O131382,C17048,P231193,Toys,11.39,0.0,1,COD,2024-01-12,4,West,Yes,11.39,2.15,2.41,45,Female,2024,1,12,4,2,1,0.0,11.39,11.39,Profit,0.0
O131383,C15515,P230870,Fashion,98.5,0.1,1,Credit Card,2025-07-16,4,North,Yes,88.65,7.36,23.67,65,Male,2025,7,16,2,29,1,10.0,98.5,88.65,Profit,0.0
O131405,C15565,P237223,Home,152.94,0.0,1,Credit Card,2024-01-31,3,Central,Yes,152.94,6.57,36.25,57,Female,2024,1,31,2,5,1,0.0,152.94,152.94,Profit,0.0
O131416,C11722,P225592,Toys,3.91,0.05,1,Debit Card,2025-03-28,4,Central,Yes,3.71,3.95,-2.47,26,Female,2025,3,28,4,13,1,5.0,3.91,3.7145,Loss,0.09174815
O131439,C16706,P227087,Electronics,353.39,0.0,1,Credit Card,2023-12-31,6,East,Yes,353.39,8.9,33.51,33,Female,2023,12,31,6,52,1,0.0,353.39,353.39,Profit,0.0
O131447,C12799,P241098,Fashion,16.07,0.0,1,Credit Card,2025-07-15,6,South,Yes,16.07,6.12,-0.5,62,Male,2025,7,15,1,29,1,0.0,16.07,16.07,Loss,0.08035
O131462,C12747,P242843,Electronics,357.57,0.0,1,COD,2024-11-11,4,North,Yes,357.57,9.36,33.55,64,Male,2024,11,11,0,46,1,0.0,357.57,357.57,Profit,0.0
O131466,C11093,P230366,Home,72.91,0.1,1,Credit Card,2024-04-05,5,East,Yes,65.62,7.66,10.71,22,Female,2024,4,5,4,14,1,10.0,72.91,65.619,Profit,0.0
O131482,C11929,P235280,Fashion,28.23,0.15,1,Wallet,2025-08-19,4,Central,Yes,24.0,5.77,2.63,26,Male,2025,8,19,1,34,1,15.0,28.23,23.9955,Profit,0.0
O131485,C11648,P239446,Beauty,34.59,0.0,5,Credit Card,2024-07-29,7,East,Yes,172.95,8.48,69.35,65,Male,2024,7,29,0,31,1,0.0,172.95000000000002,172.95000000000002,Profit,0.0
O131506,C15826,P243479,Toys,27.54,0.0,1,Debit Card,2024-03-19,4,Central,Yes,27.54,4.43,6.59,44,Male,2024,3,19,1,12,1,0.0,27.54,27.54,Profit,0.0
O131518,C14618,P202446,Electronics,465.7,0.0,1,Credit Card,2023-12-20,6,East,Yes,465.7,9.18,46.7,43,Male,2023,12,20,2,51,1,0.0,465.7,465.7,Profit,0.0
O131545,C17007,P210988,Fashion,169.35,0.2,1,Debit Card,2024-07-29,5,South,Yes,135.48,5.77,41.65,48,Female,2024,7,29,0,31,1,20.0,169.35,135.48,Profit,0.0
O131571,C17173,P241429,Sports,72.46,0.1,1,Credit Card,2024-11-29,3,Central,Yes,65.21,5.25,14.31,27,Male,2024,11,29,4,48,1,10.0,72.46,65.214,Profit,0.0
O131620,C12438,P227515,Fashion,193.28,0.05,2,Debit Card,2025-04-01,3,Central,Yes,367.23,10.3,118.23,67,Other,2025,4,1,1,14,1,5.0,386.56,367.232,Profit,0.0
O131716,C10633,P231193,Fashion,100.58,0.05,1,Wallet,2025-02-19,3,North,Yes,95.55,7.21,26.23,36,Male,2025,2,19,2,8,1,5.0,100.58,95.551,Profit,0.0
O131718,C11210,P246831,Toys,9.23,0.0,1,COD,2024-12-24,7,East,Yes,9.23,4.67,-0.98,39,Female,2024,12,24,1,52,1,0.0,9.23,9.23,Loss,0.090454
O131728,C10856,P239189,Home,60.61,0.05,4,COD,2024-03-28,4,West,Yes,230.32,6.59,57.9,63,Female,2024,3,28,3,13,1,5.0,242.44,230.318,Profit,0.0
O131754,C17641,P215695,Toys,7.36,0.05,3,Credit Card,2024-01-08,6,South,Yes,20.98,4.8,3.59,58,Female,2024,1,8,0,2,1,5.0,22.08,20.976,Profit,0.0
O131777,C13182,P239306,Electronics,138.17,0.15,3,Credit Card,2025-03-19,6,East,Yes,352.33,8.02,34.26,25,Male,2025,3,19,2,12,1,15.0,414.51,352.3335,Profit,0.0
O131793,C10200,P224216,Home,93.71,0.05,1,Debit Card,2024-11-07,5,East,Yes,89.02,7.46,17.47,68,Female,2024,11,7,3,45,1,5.0,93.71,89.02449999999999,Profit,0.0
O131798,C10110,P221208,Fashion,11.93,0.0,4,COD,2025-05-22,4,South,Yes,47.72,6.87,9.83,20,Other,2025,5,22,3,21,1,0.0,47.72,47.72,Profit,0.0
O131814,C12226,P239352,Toys,8.31,0.0,1,Debit Card,2025-02-08,6,East,Yes,8.31,4.45,-1.13,46,Female,2025,2,8,5,6,1,0.0,8.31,8.31,Loss,0.093903
O131857,C13395,P225598,Home,91.7,0.0,1,Debit Card,2025-01-12,3,Central,Yes,91.7,8.88,16.8,27,Male,2025,1,12,6,2,1,0.0,91.7,91.7,Profit,0.0
O131872,C10698,P237596,Fashion,76.3,0.0,1,Credit Card,2025-04-12,5,East,Yes,76.3,7.57,19.13,29,Female,2025,4,12,5,15,1,0.0,76.3,76.3,Profit,0.0
O131909,C10576,P218113,Fashion,16.66,0.05,1,COD,2024-01-03,5,West,Yes,15.83,3.78,1.76,57,Male,2024,1,3,2,1,1,5.0,16.66,15.827,Profit,0.0
O131921,C13539,P229149,Beauty,22.55,0.05,1,Wallet,2024-12-21,6,East,Yes,21.42,5.17,4.47,69,Male,2024,12,21,5,51,1,5.0,22.55,21.4225,Profit,0.0
O131932,C15149,P235714,Home,12.49,0.0,1,Credit Card,2024-03-08,6,East,Yes,12.49,4.11,-0.61,51,Female,2024,3,8,4,10,1,0.0,12.49,12.49,Loss,0.076189
O131943,C15345,P216712,Toys,21.6,0.0,1,COD,2024-08-05,5,South,Yes,21.6,5.27,3.37,35,Male,2024,8,5,0,32,1,0.0,21.6,21.6,Profit,0.0
O131957,C17972,P227980,Electronics,178.26,0.0,1,Debit Card,2024-10-29,4,West,Yes,178.26,8.89,12.5,20,Male,2024,10,29,1,44,1,0.0,178.26,178.26,Profit,0.0
O131963,C14648,P229047,Sports,45.53,0.15,4,Debit Card,2025-08-17,4,North,Yes,154.8,7.27,39.17,19,Female,2025,8,17,6,33,1,15.0,182.12,154.802,Profit,0.0
O131968,C11497,P236264,Fashion,56.42,0.05,1,Debit Card,2023-12-22,5,North,Yes,53.6,5.54,13.22,48,Other,2023,12,22,4,51,1,5.0,56.42,53.599,Profit,0.0
O132014,C13374,P214048,Sports,47.64,0.05,3,Debit Card,2025-04-16,3,Central,Yes,135.77,6.88,33.85,46,Female,2025,4,16,2,16,1,5.0,142.92000000000002,135.774,Profit,0.0
O132017,C15863,P212848,Toys,7.81,0.0,1,Wallet,2024-10-18,6,East,Yes,7.81,0.0,3.12,40,Male,2024,10,18,4,42,1,0.0,7.81,7.81,Profit,0.0
O132027,C13596,P222065,Fashion,119.59,0.0,5,Credit Card,2024-12-15,7,North,Yes,597.95,9.9,199.38,45,Female,2024,12,15,6,50,1,0.0,597.95,597.95,Profit,0.0
O132028,C12745,P216614,Fashion,60.2,0.0,1,Credit Card,2025-05-07,4,South,Yes,60.2,5.55,15.52,50,Male,2025,5,7,2,19,1,0.0,60.2,60.2,Profit,0.0
O132041,C12207,P235866,Beauty,51.0,0.0,1,UPI,2025-05-15,4,North,Yes,51.0,6.61,16.34,31,Female,2025,5,15,3,20,1,0.0,51.0,51.0,Profit,0.0
O132043,C16542,P240316,Fashion,69.6,0.0,1,PayPal,2024-10-17,5,West,Yes,69.6,6.33,18.03,42,Male,2024,10,17,3,42,1,0.0,69.6,69.6,Profit,0.0
O132075,C10969,P206550,Beauty,4.44,0.0,1,Debit Card,2024-07-09,4,South,Yes,4.44,4.73,-2.73,47,Male,2024,7,9,1,28,1,0.0,4.44,4.44,Loss,0.12121200000000001
O132098,C17941,P204985,Home,44.12,0.0,2,Debit Card,2024-03-27,3,Central,Yes,88.24,8.28,16.43,58,Other,2024,3,27,2,13,1,0.0,88.24,88.24,Profit,0.0
O132111,C13140,P227752,Sports,88.11,0.1,1,Credit Card,2025-07-19,7,East,Yes,79.3,6.67,17.12,32,Male,2025,7,19,5,29,1,10.0,88.11,79.299,Profit,0.0
O132119,C10115,P201537,Fashion,44.73,0.3,1,Credit Card,2023-11-02,4,South,Yes,31.31,5.71,5.25,48,Female,2023,11,2,3,44,1,30.0,44.73,31.311,Profit,0.0
O132148,C13153,P235014,Fashion,74.17,0.0,3,UPI,2025-04-12,6,South,Yes,222.51,9.15,68.73,41,Female,2025,4,12,5,15,1,0.0,222.51,222.51,Profit,0.0
O132152,C11778,P219475,Toys,29.11,0.0,2,Debit Card,2023-10-05,5,North,Yes,58.22,6.38,16.91,37,Female,2023,10,5,3,40,1,0.0,58.22,58.22,Profit,0.0
O132159,C15306,P209942,Sports,172.76,0.1,1,Credit Card,2025-07-05,5,North,Yes,155.48,9.69,36.95,18,Female,2025,7,5,5,27,1,10.0,172.76,155.484,Profit,0.0
O132163,C12265,P213171,Fashion,55.93,0.0,2,PayPal,2025-09-01,4,West,Yes,111.86,6.78,32.37,45,Female,2025,9,1,0,36,1,0.0,111.86,111.86,Profit,0.0
O132174,C14954,P239811,Beauty,8.27,0.0,1,UPI,2024-09-03,5,South,Yes,8.27,3.35,0.37,23,Male,2024,9,3,1,36,1,0.0,8.27,8.27,Profit,0.0
O132176,C17181,P245406,Sports,303.77,0.05,1,Debit Card,2024-06-17,5,West,Yes,288.58,9.11,77.46,22,Female,2024,6,17,0,25,1,5.0,303.77,288.58149999999995,Profit,0.0
O132190,C15144,P222943,Toys,13.23,0.05,2,Credit Card,2025-07-10,5,West,Yes,25.14,6.0,4.06,67,Male,2025,7,10,3,28,1,5.0,26.46,25.137,Profit,0.0
O132200,C12809,P205901,Toys,19.84,0.0,1,Credit Card,2024-05-03,5,East,Yes,19.84,4.78,3.16,40,Male,2024,5,3,4,18,1,0.0,19.84,19.84,Profit,0.0
O132242,C12614,P206520,Fashion,121.06,0.0,1,Wallet,2025-06-23,4,Central,Yes,121.06,7.61,34.76,35,Male,2025,6,23,0,26,1,0.0,121.06,121.06,Profit,0.0
O132256,C11925,P203138,Electronics,212.62,0.1,2,Credit Card,2024-07-09,5,West,Yes,382.72,9.3,36.63,41,Other,2024,7,9,1,28,1,10.0,425.24,382.716,Profit,0.0
O132276,C10529,P205468,Home,60.37,0.05,1,COD,2024-10-29,7,North,Yes,57.35,6.74,9.32,48,Male,2024,10,29,1,44,1,5.0,60.37,57.3515,Profit,0.0
O132290,C11917,P202814,Fashion,59.5,0.0,1,Debit Card,2025-05-11,4,South,Yes,59.5,4.05,16.77,46,Female,2025,5,11,6,19,1,0.0,59.5,59.5,Profit,0.0
O132299,C12909,P249741,Toys,6.15,0.15,1,Credit Card,2025-05-29,4,South,Yes,5.23,1.49,0.6,49,Female,2025,5,29,3,22,1,15.0,6.15,5.2275,Profit,0.0
O132304,C16584,P225552,Toys,33.75,0.0,1,COD,2024-08-22,4,Central,Yes,33.75,4.82,8.68,18,Male,2024,8,22,3,34,1,0.0,33.75,33.75,Profit,0.0
O132322,C11418,P239218,Electronics,92.48,0.05,1,Debit Card,2024-06-09,5,West,Yes,87.86,6.65,3.89,19,Female,2024,6,9,6,23,1,5.0,92.48,87.856,Profit,0.0
O132345,C17337,P214431,Electronics,536.04,0.15,1,Credit Card,2024-07-26,6,East,Yes,455.63,8.9,45.78,46,Male,2024,7,26,4,30,1,15.0,536.04,455.634,Profit,0.0
O132360,C15717,P247642,Toys,14.49,0.0,2,Credit Card,2024-12-21,7,East,Yes,28.98,6.86,4.73,51,Male,2024,12,21,5,51,1,0.0,28.98,28.98,Profit,0.0
O132373,C12074,P242599,Fashion,76.76,0.0,1,Credit Card,2023-12-11,7,South,Yes,76.76,5.4,21.47,62,Male,2023,12,11,0,50,1,0.0,76.76,76.76,Profit,0.0
O132378,C14944,P220131,Home,23.57,0.0,1,Credit Card,2024-12-07,3,North,Yes,23.57,5.46,1.14,25,Male,2024,12,7,5,49,1,0.0,23.57,23.57,Profit,0.0
O132385,C10154,P209350,Toys,12.73,0.15,1,Credit Card,2024-12-14,5,South,Yes,10.82,4.73,-0.4,25,Male,2024,12,14,5,50,1,15.0,12.73,10.8205,Loss,0.043282
O132389,C11570,P201840,Fashion,71.54,0.0,1,Debit Card,2023-10-08,5,East,Yes,71.54,7.11,17.93,37,Male,2023,10,8,6,40,1,0.0,71.54,71.54,Profit,0.0
O132403,C13397,P247789,Home,84.11,0.0,1,Credit Card,2024-07-09,4,North,Yes,84.11,4.9,18.65,63,Female,2024,7,9,1,28,1,0.0,84.11,84.11,Profit,0.0
O132447,C14338,P242313,Beauty,6.36,0.0,1,Debit Card,2024-01-22,5,East,Yes,6.36,1.97,0.89,32,Other,2024,1,22,0,4,1,0.0,6.36,6.36,Profit,0.0
O132464,C17433,P248916,Home,33.62,0.05,1,Debit Card,2024-07-08,5,South,Yes,31.94,4.49,4.45,20,Male,2024,7,8,0,28,1,5.0,33.62,31.939,Profit,0.0
O132465,C17394,P245800,Home,52.64,0.05,2,Wallet,2025-04-28,3,Central,Yes,100.02,6.61,21.4,46,Female,2025,4,28,0,18,1,5.0,105.28,100.016,Profit,0.0
O132473,C17121,P206157,Fashion,65.92,0.0,2,Credit Card,2024-11-23,6,East,Yes,131.84,6.74,39.4,60,Female,2024,11,23,5,47,1,0.0,131.84,131.84,Profit,0.0
O132533,C16798,P218406,Fashion,154.15,0.0,1,COD,2025-08-29,4,North,Yes,154.15,8.06,45.89,61,Female,2025,8,29,4,35,1,0.0,154.15,154.15,Profit,0.0
O132536,C11407,P242580,Fashion,68.55,0.2,1,PayPal,2024-03-06,3,Central,Yes,54.84,4.79,14.4,47,Female,2024,3,6,2,10,1,20.0,68.55,54.84,Profit,0.0
O132555,C11478,P226274,Electronics,323.35,0.1,1,COD,2024-02-23,5,East,Yes,291.02,8.68,26.24,43,Female,2024,2,23,4,8,1,10.0,323.35,291.01500000000004,Profit,0.0
O132558,C11194,P240544,Fashion,49.65,0.0,2,PayPal,2024-03-06,4,South,Yes,99.3,7.07,27.68,31,Male,2024,3,6,2,10,1,0.0,99.3,99.3,Profit,0.0
O132559,C10575,P242081,Toys,43.01,0.0,1,Debit Card,2025-07-27,4,North,Yes,43.01,4.89,12.31,45,Female,2025,7,27,6,30,1,0.0,43.01,43.01,Profit,0.0
O132581,C14891,P236212,Electronics,74.56,0.0,1,Wallet,2024-03-11,3,Central,Yes,74.56,7.93,1.02,37,Female,2024,3,11,0,11,1,0.0,74.56,74.56,Profit,0.0
O132583,C12722,P247404,Electronics,1124.29,0.15,2,Debit Card,2025-03-21,5,South,Yes,1911.29,9.41,219.94,51,Female,2025,3,21,4,12,1,15.0,2248.58,1911.293,Profit,0.0
O132599,C11123,P232802,Beauty,23.89,0.05,1,UPI,2023-10-28,3,North,Yes,22.7,3.13,7.08,64,Male,2023,10,28,5,43,1,5.0,23.89,22.6955,Profit,0.0
O132656,C17763,P213322,Beauty,27.16,0.05,1,Wallet,2024-01-24,4,North,Yes,25.8,3.41,8.2,18,Female,2024,1,24,2,4,1,5.0,27.16,25.802,Profit,0.0
O132666,C17660,P206239,Home,23.16,0.0,1,Debit Card,2025-01-02,5,South,Yes,23.16,4.93,1.55,60,Male,2025,1,2,3,1,1,0.0,23.16,23.16,Profit,0.0
O132678,C12026,P239606,Sports,75.14,0.1,2,Credit Card,2024-01-23,6,East,Yes,135.25,7.88,32.69,39,Female,2024,1,23,1,4,1,10.0,150.28,135.252,Profit,0.0
O132679,C11987,P247121,Sports,82.11,0.0,1,PayPal,2024-06-26,3,Central,Yes,82.11,6.55,18.08,18,Male,2024,6,26,2,26,1,0.0,82.11,82.11,Profit,0.0
O132717,C16071,P224822,Sports,80.39,0.05,1,Credit Card,2024-12-08,4,South,Yes,76.37,7.29,15.62,28,Female,2024,12,8,6,49,1,5.0,80.39,76.37049999999999,Profit,0.0
O132721,C11621,P222942,Fashion,18.63,0.15,1,Debit Card,2023-11-05,7,East,Yes,15.84,4.3,1.24,51,Male,2023,11,5,6,44,1,15.0,18.63,15.835499999999998,Profit,0.0
O132738,C11474,P236743,Fashion,15.18,0.0,1,Credit Card,2024-11-29,6,West,Yes,15.18,3.71,1.6,47,Male,2024,11,29,4,48,1,0.0,15.18,15.18,Profit,0.0
O132742,C14129,P238168,Fashion,40.39,0.0,1,Debit Card,2024-03-28,5,North,Yes,40.39,6.01,8.13,21,Female,2024,3,28,3,13,1,0.0,40.39,40.39,Profit,0.0
O132744,C13054,P205623,Toys,16.47,0.05,1,UPI,2024-09-24,4,North,Yes,15.65,4.86,1.4,54,Male,2024,9,24,1,39,1,5.0,16.47,15.646499999999998,Profit,0.0
O132747,C10338,P220593,Fashion,19.6,0.0,1,Credit Card,2025-05-09,4,South,Yes,19.6,3.75,3.11,28,Female,2025,5,9,4,19,1,0.0,19.6,19.6,Profit,0.0
O132761,C11169,P208455,Fashion,103.74,0.15,1,Credit Card,2024-04-16,6,South,Yes,88.18,9.15,21.71,68,Other,2024,4,16,1,16,1,15.0,103.74,88.17899999999999,Profit,0.0
O132773,C17230,P241011,Toys,6.23,0.1,1,Debit Card,2024-07-27,4,Central,Yes,5.61,4.3,-2.06,23,Female,2024,7,27,5,30,1,10.0,6.23,5.607,Loss,0.1155042
O132774,C10611,P228929,Home,106.32,0.2,1,Debit Card,2025-06-06,3,North,Yes,85.06,6.01,17.81,54,Male,2025,6,6,4,23,1,20.0,106.32,85.056,Profit,0.0
O132776,C15167,P224284,Home,73.56,0.1,3,UPI,2023-12-25,6,South,Yes,198.61,8.29,47.32,61,Other,2023,12,25,0,52,1,10.0,220.68,198.612,Profit,0.0
O132790,C15032,P236669,Fashion,45.14,0.2,1,COD,2024-03-29,6,East,Yes,36.11,3.45,9.19,64,Male,2024,3,29,4,13,1,20.0,45.14,36.112,Profit,0.0
O132804,C11775,P228135,Fashion,105.78,0.05,1,Debit Card,2025-05-10,5,South,Yes,100.49,7.14,28.03,63,Female,2025,5,10,5,19,1,5.0,105.78,100.491,Profit,0.0
O132809,C13953,P242969,Fashion,5.94,0.05,2,COD,2023-11-24,5,East,Yes,11.29,4.61,-0.66,38,Female,2023,11,24,4,47,1,5.0,11.88,11.286,Loss,0.0744876
O132813,C12492,P220735,Beauty,67.23,0.0,1,Credit Card,2024-10-07,6,East,Yes,67.23,6.92,23.33,54,Male,2024,10,7,0,41,1,0.0,67.23,67.23,Profit,0.0
O132818,C15003,P247986,Home,562.3,0.0,1,Debit Card,2024-09-17,7,East,Yes,562.3,9.36,148.08,40,Female,2024,9,17,1,38,1,0.0,562.3,562.3,Profit,0.0
O132916,C16704,P237053,Grocery,13.63,0.0,1,Credit Card,2024-04-14,4,North,Yes,13.63,5.38,-4.29,45,Male,2024,4,14,6,15,1,0.0,13.63,13.63,Loss,0.584727
O132931,C16593,P238310,Electronics,266.92,0.0,1,PayPal,2025-01-24,3,North,Yes,266.92,9.0,23.03,18,Other,2025,1,24,4,4,1,0.0,266.92,266.92,Profit,0.0
O132948,C12972,P224459,Fashion,11.7,0.0,1,UPI,2025-05-02,6,East,Yes,11.7,3.01,1.08,39,Male,2025,5,2,4,18,1,0.0,11.7,11.7,Profit,0.0
O132960,C13910,P212003,Fashion,96.2,0.1,5,PayPal,2023-09-25,4,West,Yes,432.9,9.9,141.61,62,Female,2023,9,25,0,39,1,10.0,481.0,432.9,Profit,0.0
O132963,C10452,P247067,Beauty,43.8,0.05,1,Debit Card,2024-02-10,4,Central,Yes,41.61,5.23,13.49,38,Male,2024,2,10,5,6,1,5.0,43.8,41.60999999999999,Profit,0.0
O132969,C12581,P235076,Fashion,7.78,0.0,1,Credit Card,2024-07-23,6,West,Yes,7.78,2.96,-0.24,30,Male,2024,7,23,1,30,1,0.0,7.78,7.78,Loss,0.018672
O132971,C17379,P205119,Fashion,138.68,0.05,1,Credit Card,2025-04-24,5,East,Yes,131.75,7.94,38.17,35,Female,2025,4,24,3,17,1,5.0,138.68,131.746,Profit,0.0
O132990,C17729,P213634,Electronics,84.73,0.05,1,Credit Card,2024-03-20,5,East,Yes,80.49,5.51,4.15,47,Male,2024,3,20,2,12,1,5.0,84.73,80.4935,Profit,0.0
O132992,C14272,P243099,Sports,46.8,0.0,1,Wallet,2024-02-13,4,North,Yes,46.8,5.68,8.36,20,Female,2024,2,13,1,7,1,0.0,46.8,46.8,Profit,0.0
O132993,C11429,P200376,Electronics,335.69,0.0,1,Debit Card,2024-12-07,7,East,Yes,335.69,7.0,33.28,49,Male,2024,12,7,5,49,1,0.0,335.69,335.69,Profit,0.0
O133000,C17159,P211659,Electronics,298.58,0.15,1,UPI,2024-11-26,7,West,Yes,253.79,8.83,21.62,61,Female,2024,11,26,1,48,1,15.0,298.58,253.793,Profit,0.0
O133057,C11492,P227450,Electronics,837.37,0.15,1,UPI,2025-04-06,5,East,Yes,711.76,8.94,76.47,40,Male,2025,4,6,6,14,1,15.0,837.37,711.7645,Profit,0.0
O133063,C16723,P204006,Sports,49.61,0.15,1,Credit Card,2024-03-30,4,Central,Yes,42.17,7.3,5.35,40,Male,2024,3,30,5,13,1,15.0,49.61,42.1685,Profit,0.0
O133136,C16221,P210422,Electronics,72.72,0.05,1,PayPal,2024-01-03,4,Central,Yes,69.08,6.45,1.84,52,Female,2024,1,3,2,1,1,5.0,72.72,69.08399999999999,Profit,0.0
O133142,C11209,P213698,Electronics,504.69,0.05,1,UPI,2025-05-22,4,North,Yes,479.46,10.89,46.65,50,Male,2025,5,22,3,21,1,5.0,504.69,479.4555,Profit,0.0
O133146,C16861,P247182,Electronics,570.31,0.05,2,Debit Card,2024-09-09,5,South,Yes,1083.59,10.92,119.11,31,Female,2024,9,9,0,37,1,5.0,1140.62,1083.589,Profit,0.0
O133158,C14064,P201924,Electronics,357.85,0.1,1,Debit Card,2024-03-06,6,East,Yes,322.07,9.54,29.11,30,Female,2024,3,6,2,10,1,10.0,357.85,322.06500000000005,Profit,0.0
O133204,C10253,P220705,Toys,7.27,0.0,1,Debit Card,2024-10-31,5,Central,Yes,7.27,2.64,0.27,50,Female,2024,10,31,3,44,1,0.0,7.27,7.27,Profit,0.0
O133232,C14142,P249407,Electronics,204.83,0.05,1,Credit Card,2024-09-15,5,Central,Yes,194.59,7.61,15.74,45,Female,2024,9,15,6,37,1,5.0,204.83,194.5885,Profit,0.0
O133234,C14729,P229969,Fashion,80.54,0.0,1,UPI,2024-05-23,4,South,Yes,80.54,6.14,22.05,54,Male,2024,5,23,3,21,1,0.0,80.54,80.54,Profit,0.0
O133265,C11888,P228892,Fashion,44.78,0.1,1,Credit Card,2024-09-01,3,Central,Yes,40.3,5.47,8.63,43,Female,2024,9,1,6,35,1,10.0,44.78,40.302,Profit,0.0
O133295,C13704,P232235,Electronics,647.25,0.15,1,Credit Card,2024-07-23,5,North,Yes,550.16,8.43,57.59,67,Female,2024,7,23,1,30,1,15.0,647.25,550.1625,Profit,0.0
O133297,C16703,P202706,Electronics,87.27,0.05,1,UPI,2024-12-27,4,South,Yes,82.91,6.19,3.76,50,Female,2024,12,27,4,52,1,5.0,87.27,82.9065,Profit,0.0
O133308,C10309,P232867,Electronics,128.51,0.1,1,Debit Card,2023-12-26,6,East,Yes,115.66,7.33,6.55,48,Male,2023,12,26,1,52,1,10.0,128.51,115.659,Profit,0.0
O133310,C16892,P229051,Home,127.73,0.0,1,PayPal,2023-11-19,8,East,Yes,127.73,7.27,28.49,42,Male,2023,11,19,6,46,1,0.0,127.73,127.73,Profit,0.0
O133313,C13411,P206275,Home,192.79,0.05,1,Debit Card,2023-09-17,5,South,Yes,183.15,8.23,43.05,43,Female,2023,9,17,6,37,1,5.0,192.79,183.1505,Profit,0.0
O133350,C16802,P202640,Fashion,47.65,0.0,1,UPI,2024-12-02,3,Central,Yes,47.65,7.11,9.57,65,Male,2024,12,2,0,49,1,0.0,47.65,47.65,Profit,0.0
O133353,C17952,P229617,Fashion,136.81,0.0,1,UPI,2025-02-05,5,South,Yes,136.81,7.78,40.1,39,Female,2025,2,5,2,6,1,0.0,136.81,136.81,Profit,0.0
O133376,C10571,P212862,Fashion,35.19,0.0,1,UPI,2025-02-24,6,East,Yes,35.19,5.99,6.33,19,Female,2025,2,24,0,9,1,0.0,35.19,35.19,Profit,0.0
O133401,C11177,P219622,Fashion,31.33,0.0,1,Credit Card,2025-03-15,3,North,Yes,31.33,5.33,5.64,29,Male,2025,3,15,5,11,1,0.0,31.33,31.33,Profit,0.0
O133427,C11476,P241793,Toys,35.1,0.05,2,Debit Card,2025-07-02,6,East,Yes,66.69,5.84,20.84,68,Male,2025,7,2,2,27,1,5.0,70.2,66.69,Profit,0.0
O133434,C11006,P229153,Fashion,35.77,0.05,2,Wallet,2024-07-24,4,South,Yes,67.96,6.79,17.0,53,Female,2024,7,24,2,30,1,5.0,71.54,67.96300000000001,Profit,0.0
O133439,C17829,P218703,Sports,145.62,0.0,1,Credit Card,2025-05-25,4,North,Yes,145.62,7.4,36.29,26,Female,2025,5,25,6,21,1,0.0,145.62,145.62,Profit,0.0
O133507,C12400,P219126,Fashion,9.14,0.0,1,Debit Card,2024-04-11,4,South,Yes,9.14,4.42,-1.22,32,Male,2024,4,11,3,15,1,0.0,9.14,9.14,Loss,0.111508
O133528,C10787,P235120,Electronics,513.98,0.0,1,Credit Card,2024-02-06,5,South,Yes,513.98,10.31,51.37,26,Male,2024,2,6,1,6,1,0.0,513.98,513.98,Profit,0.0
O133534,C14258,P242604,Sports,115.23,0.05,1,COD,2025-03-27,6,Central,Yes,109.47,7.41,25.43,29,Female,2025,3,27,3,13,1,5.0,115.23,109.4685,Profit,0.0
O133551,C16969,P219781,Beauty,25.11,0.1,3,UPI,2024-03-03,5,East,Yes,67.8,7.48,23.03,54,Male,2024,3,3,6,9,1,10.0,75.33,67.797,Profit,0.0
O133557,C11657,P202576,Electronics,217.49,0.05,1,COD,2025-07-19,5,North,Yes,206.62,8.31,16.48,27,Other,2025,7,19,5,29,1,5.0,217.49,206.6155,Profit,0.0
O133566,C17825,P221072,Fashion,10.17,0.0,1,Debit Card,2025-03-17,6,East,Yes,10.17,2.81,0.75,53,Other,2025,3,17,0,12,1,0.0,10.17,10.17,Profit,0.0
O133577,C12324,P249054,Sports,295.42,0.0,1,Credit Card,2023-10-24,5,West,Yes,295.42,9.28,79.35,67,Female,2023,10,24,1,43,1,0.0,295.42,295.42,Profit,0.0
O133610,C16791,P202632,Home,205.45,0.0,1,PayPal,2024-07-14,4,West,Yes,205.45,7.96,49.57,55,Male,2024,7,14,6,28,1,0.0,205.45,205.45,Profit,0.0
O133682,C17043,P214563,Electronics,369.72,0.0,1,Credit Card,2024-10-01,4,North,Yes,369.72,9.93,34.44,36,Other,2024,10,1,1,40,1,0.0,369.72,369.72,Profit,0.0
O133687,C11686,P228673,Electronics,470.02,0.0,1,Credit Card,2025-02-11,4,South,Yes,470.02,9.59,46.81,54,Female,2025,2,11,1,7,1,0.0,470.02,470.02,Profit,0.0
O133699,C10103,P244517,Fashion,8.56,0.0,2,Debit Card,2025-01-31,5,West,Yes,17.12,6.06,-0.07,30,Female,2025,1,31,4,5,1,0.0,17.12,17.12,Loss,0.011984000000000002
O133711,C16651,P213055,Sports,206.37,0.0,1,Debit Card,2025-01-20,4,South,Yes,206.37,8.13,53.78,57,Female,2025,1,20,0,4,1,0.0,206.37,206.37,Profit,0.0
O133720,C14599,P237630,Electronics,127.66,0.15,1,COD,2024-05-15,5,South,Yes,108.51,7.64,5.38,59,Male,2024,5,15,2,20,1,15.0,127.66,108.511,Profit,0.0
O133721,C11976,P231983,Grocery,2.01,0.05,1,Wallet,2023-12-16,6,East,Yes,1.91,0.02,0.13,47,Male,2023,12,16,5,50,1,5.0,2.01,1.9095,Profit,0.0
O133771,C14223,P221460,Electronics,1220.86,0.0,4,COD,2025-04-08,4,South,Yes,4883.44,11.21,574.8,38,Male,2025,4,8,1,15,1,0.0,4883.44,4883.44,Profit,0.0
O133785,C12363,P204574,Home,186.77,0.0,2,UPI,2024-11-05,7,West,Yes,373.54,11.02,93.57,63,Male,2024,11,5,1,45,1,0.0,373.54,373.54,Profit,0.0
O133809,C10133,P205514,Electronics,1146.69,0.15,1,Credit Card,2023-09-22,6,East,Yes,974.69,10.21,106.75,43,Male,2023,9,22,4,38,1,15.0,1146.69,974.6865,Profit,0.0
O133817,C16281,P207753,Toys,6.23,0.15,1,Debit Card,2025-05-14,4,South,Yes,5.3,3.46,-1.34,42,Male,2025,5,14,2,20,1,15.0,6.23,5.2955000000000005,Loss,0.07095970000000001
O133834,C14734,P233534,Fashion,7.12,0.0,1,PayPal,2024-02-15,5,East,Yes,7.12,3.02,-0.53,67,Female,2024,2,15,3,7,1,0.0,7.12,7.12,Loss,0.037736
O133860,C10804,P244211,Grocery,13.24,0.0,4,Credit Card,2023-10-19,3,North,Yes,52.96,4.94,-0.7,68,Female,2023,10,19,3,42,1,0.0,52.96,52.96,Loss,0.37071999999999994
O133882,C13152,P223221,Toys,3.08,0.05,1,PayPal,2025-06-26,6,West,Yes,2.93,1.84,-0.67,52,Male,2025,6,26,3,26,1,5.0,3.08,2.926,Loss,0.019604200000000002
O133887,C16492,P224192,Fashion,87.08,0.0,1,Debit Card,2024-03-12,3,Central,Yes,87.08,8.48,22.0,49,Male,2024,3,12,1,11,1,0.0,87.08,87.08,Profit,0.0
O133913,C15019,P240896,Home,55.62,0.3,1,Debit Card,2024-11-01,6,East,Yes,38.93,5.85,5.05,22,Female,2024,11,1,4,44,1,30.0,55.62,38.934,Profit,0.0
O133936,C13021,P237528,Electronics,327.49,0.1,1,PayPal,2024-07-23,5,West,Yes,294.74,8.94,26.43,20,Male,2024,7,23,1,30,1,10.0,327.49,294.74100000000004,Profit,0.0
O133950,C12135,P235218,Electronics,417.7,0.1,1,Credit Card,2024-09-21,7,South,Yes,375.93,10.28,34.83,28,Male,2024,9,21,5,38,1,10.0,417.7,375.93,Profit,0.0
O133983,C17787,P215318,Beauty,12.99,0.1,2,Credit Card,2024-05-23,4,West,Yes,23.38,4.13,6.39,22,Male,2024,5,23,3,21,1,10.0,25.98,23.382,Profit,0.0
O134015,C14542,P231693,Fashion,29.22,0.0,1,Debit Card,2023-10-10,3,North,Yes,29.22,4.98,5.25,22,Male,2023,10,10,1,41,1,0.0,29.22,29.22,Profit,0.0
O134039,C11015,P247404,Electronics,154.56,0.0,3,Credit Card,2024-09-24,3,North,Yes,463.68,10.3,45.34,68,Male,2024,9,24,1,39,1,0.0,463.68,463.68,Profit,0.0
O134092,C14489,P242821,Home,69.92,0.0,2,Credit Card,2025-04-03,4,South,Yes,139.84,8.23,30.93,48,Other,2025,4,3,3,14,1,0.0,139.84,139.84,Profit,0.0
O134111,C12562,P242935,Fashion,21.22,0.0,1,Credit Card,2025-05-12,6,West,Yes,21.22,4.29,3.14,45,Male,2025,5,12,0,20,1,0.0,21.22,21.22,Profit,0.0
O134124,C12741,P212292,Sports,198.01,0.05,3,Debit Card,2024-04-25,3,North,Yes,564.33,9.19,160.11,54,Female,2024,4,25,3,17,1,5.0,594.03,564.3285,Profit,0.0
O134147,C11154,P225602,Electronics,817.69,0.0,1,Debit Card,2024-07-12,3,North,Yes,817.69,10.8,87.32,28,Female,2024,7,12,4,28,1,0.0,817.69,817.69,Profit,0.0
O134160,C11465,P222958,Toys,24.1,0.05,1,Credit Card,2024-04-09,5,West,Yes,22.9,6.15,3.01,56,Male,2024,4,9,1,15,1,5.0,24.1,22.895,Profit,0.0
O134190,C11581,P214539,Fashion,166.5,0.1,1,PayPal,2023-09-17,8,West,Yes,149.85,7.23,45.22,49,Male,2023,9,17,6,37,1,10.0,166.5,149.85,Profit,0.0
O134203,C17009,P243788,Electronics,219.32,0.1,3,UPI,2024-05-30,3,North,Yes,592.16,10.95,60.11,66,Female,2024,5,30,3,22,1,10.0,657.96,592.1640000000001,Profit,0.0
O134239,C16643,P224384,Electronics,129.62,0.2,3,Debit Card,2024-01-10,4,Central,Yes,311.09,9.7,27.63,22,Male,2024,1,10,2,2,1,20.0,388.86,311.088,Profit,0.0
O134254,C10638,P213514,Beauty,8.88,0.0,1,UPI,2025-02-09,4,West,Yes,8.88,2.33,1.67,35,Male,2025,2,9,6,6,1,0.0,8.88,8.88,Profit,0.0
O134260,C15913,P246520,Toys,16.11,0.0,1,UPI,2024-10-28,4,South,Yes,16.11,3.18,3.26,68,Female,2024,10,28,0,44,1,0.0,16.11,16.11,Profit,0.0
O134273,C12327,P222326,Fashion,89.13,0.1,1,Debit Card,2025-03-22,3,Central,Yes,80.22,7.26,20.82,34,Female,2025,3,22,5,12,1,10.0,89.13,80.217,Profit,0.0
O134335,C12435,P232818,Electronics,88.6,0.2,1,Debit Card,2024-05-31,3,Central,Yes,70.88,6.54,1.97,57,Female,2024,5,31,4,22,1,20.0,88.6,70.88,Profit,0.0
O134343,C12149,P238583,Fashion,70.38,0.0,1,Credit Card,2025-06-24,3,Central,Yes,70.38,5.92,18.71,37,Female,2025,6,24,1,26,1,0.0,70.38,70.38,Profit,0.0
O134385,C15353,P220850,Electronics,76.35,0.05,1,Debit Card,2023-11-17,5,South,Yes,72.53,5.17,3.53,69,Male,2023,11,17,4,46,1,5.0,76.35,72.53249999999998,Profit,0.0
O134412,C11809,P225368,Home,251.42,0.0,2,PayPal,2023-11-13,5,Central,Yes,502.84,9.3,131.5,36,Female,2023,11,13,0,46,1,0.0,502.84,502.84,Profit,0.0
O134415,C16073,P204383,Beauty,6.96,0.0,1,Debit Card,2024-07-01,6,West,Yes,6.96,2.29,0.84,69,Female,2024,7,1,0,27,1,0.0,6.96,6.96,Profit,0.0
O134431,C12091,P218330,Fashion,63.31,0.05,1,UPI,2023-09-20,5,West,Yes,60.14,5.57,15.48,34,Male,2023,9,20,2,38,1,5.0,63.31,60.1445,Profit,0.0
O134461,C12850,P208493,Beauty,16.91,0.05,1,COD,2023-10-26,5,South,Yes,16.06,4.38,2.85,46,Other,2023,10,26,3,43,1,5.0,16.91,16.0645,Profit,0.0
O134462,C11378,P202344,Home,34.92,0.05,1,Credit Card,2023-12-31,5,West,Yes,33.17,6.51,2.78,45,Female,2023,12,31,6,52,1,5.0,34.92,33.174,Profit,0.0
O134464,C17157,P245828,Electronics,372.13,0.0,1,Credit Card,2024-03-10,3,North,Yes,372.13,10.75,33.91,33,Female,2024,3,10,6,10,1,0.0,372.13,372.13,Profit,0.0
O134467,C14416,P227891,Fashion,78.95,0.0,5,Debit Card,2024-01-17,6,South,Yes,394.75,7.55,130.61,23,Male,2024,1,17,2,3,1,0.0,394.75,394.75,Profit,0.0
O134496,C11349,P218266,Beauty,4.79,0.1,5,Debit Card,2023-12-04,6,South,Yes,21.56,3.37,6.33,61,Female,2023,12,4,0,49,1,10.0,23.95,21.555,Profit,0.0
