Actual_Net_Sales,Predicted_Net_Sales,Error,Absolute_Error
249.99,241.2326426025924,8.757357397407617,8.757357397407617
1235.28,1216.9821622557156,18.29783774428438,18.29783774428438
189.36,183.97072600751736,5.389273992482657,5.389273992482657
130.79,135.40071684356238,-4.610716843562386,4.610716843562386
53.9,51.99402488839618,1.9059751116038157,1.9059751116038157
100.8,100.93928104532488,-0.1392810453248785,0.1392810453248785
370.72,362.7312897761538,7.988710223846226,7.988710223846226
509.67,518.7370128035722,-9.06701280357214,9.06701280357214
10.46,10.402017786863317,0.05798221313668428,0.05798221313668428
36.12,37.8380153302292,-1.7180153302291998,1.7180153302291998
25.28,25.27921928410917,0.0007807158908299527,0.0007807158908299527
42.12,42.74028902888323,-0.620289028883235,0.620289028883235
13.31,12.8912739801125,0.4187260198875009,0.4187260198875009
33.69,35.01001327461702,-1.3200132746170254,1.3200132746170254
43.72,40.21671509519003,3.5032849048099663,3.5032849048099663
24.51,24.093734674924452,0.4162653250755497,0.4162653250755497
63.12,63.80874056097274,-0.6887405609727395,0.6887405609727395
7.7,8.057591119695141,-0.3575911196951411,0.3575911196951411
27.67,27.173883000784187,0.49611699921581476,0.49611699921581476
88.71,87.01428244174006,1.695717558259929,1.695717558259929
13.58,13.843437247744182,-0.2634372477441822,0.2634372477441822
1.37,2.406981409251394,-1.036981409251394,1.036981409251394
204.22,207.7082116147569,-3.4882116147568922,3.4882116147568922
122.71,122.71653105804704,-0.006531058047045235,0.006531058047045235
97.2,88.86644164486525,8.333558355134755,8.333558355134755
29.34,29.78891918161314,-0.4489191816131388,0.4489191816131388
89.22,86.72811892401327,2.4918810759867256,2.4918810759867256
39.46,40.36156026400285,-0.9015602640028462,0.9015602640028462
28.45,27.8146702010338,0.6353297989662003,0.6353297989662003
1022.33,1036.8072579884158,-14.477257988415772,14.477257988415772
54.63,56.152810648337685,-1.522810648337682,1.522810648337682
18.31,18.454033055749377,-0.14403305574937875,0.14403305574937875
12.15,12.548997914218113,-0.39899791421811237,0.39899791421811237
9.82,9.716708518479448,0.1032914815205519,0.1032914815205519
13.89,13.910318489099188,-0.02031848909918743,0.02031848909918743
5.71,5.778253718546215,-0.06825371854621487,0.06825371854621487
39.27,41.08264973927355,-1.812649739273546,1.812649739273546
289.78,289.8094919070629,-0.029491907062947575,0.029491907062947575
65.08,63.1696201310499,1.9103798689500948,1.9103798689500948
60.72,61.5961113405186,-0.8761113405185981,0.8761113405185981
4.69,4.802642173835009,-0.11264217383500874,0.11264217383500874
262.87,265.4341214501734,-2.5641214501733884,2.5641214501733884
202.17,203.0655839703637,-0.8955839703637025,0.8955839703637025
5.4,12.762533149008524,-7.362533149008524,7.362533149008524
13.37,14.94245502270524,-1.57245502270524,1.57245502270524
49.43,48.38676758738562,1.0432324126143797,1.0432324126143797
33.19,33.34867943025958,-0.15867943025958198,0.15867943025958198
18.55,18.77536967870753,-0.22536967870752989,0.22536967870752989
147.63,145.59278707382248,2.037212926177517,2.037212926177517
31.39,30.670645703580856,0.7193542964191444,0.7193542964191444
58.27,57.88013403342728,0.3898659665727209,0.3898659665727209
155.39,163.00767803806164,-7.617678038061655,7.617678038061655
119.33,119.80837612021926,-0.47837612021926645,0.47837612021926645
4.43,4.739770584084084,-0.30977058408408453,0.30977058408408453
198.84,200.72636312937053,-1.8863631293705225,1.8863631293705225
108.09,108.7966644751563,-0.7066644751563018,0.7066644751563018
36.75,36.259549157315966,0.4904508426840337,0.4904508426840337
61.44,61.53529534474305,-0.09529534474305024,0.09529534474305024
20.14,20.471312655626736,-0.3313126556267356,0.3313126556267356
5.04,5.511707276201457,-0.4717072762014567,0.4717072762014567
11.07,11.495023464812837,-0.4250234648128366,0.4250234648128366
607.11,619.7458086339547,-12.635808633954639,12.635808633954639
44.22,41.83727417218346,2.382725827816536,2.382725827816536
90.23,89.33751522558424,0.8924847744157631,0.8924847744157631
55.84,57.35881109820349,-1.5188110982034857,1.5188110982034857
201.82,205.73003856478292,-3.9100385647829228,3.9100385647829228
46.94,45.76821151243615,1.1717884875638447,1.1717884875638447
42.65,41.30381491722711,1.346185082772891,1.346185082772891
22.95,23.341055180317124,-0.3910551803171245,0.3910551803171245
24.71,26.4602640701141,-1.750264070114099,1.750264070114099
137.33,136.39268123225884,0.937318767741175,0.937318767741175
19.79,20.43824127145983,-0.6482412714598311,0.6482412714598311
7.88,7.917359402758469,-0.03735940275846872,0.03735940275846872
12.6,12.691660190054838,-0.09166019005483861,0.09166019005483861
31.91,32.54211615734521,-0.6321161573452123,0.6321161573452123
130.76,124.29930318842766,6.460696811572333,6.460696811572333
137.23,136.7159234850828,0.5140765149171784,0.5140765149171784
17.98,18.288416151265256,-0.3084161512652557,0.3084161512652557
82.55,82.74206026005501,-0.19206026005501542,0.19206026005501542
139.37,140.66119907049878,-1.2911990704987772,1.2911990704987772
37.3,41.05902619511981,-3.759026195119816,3.759026195119816
101.73,104.26461046648492,-2.5346104664849207,2.5346104664849207
27.58,27.659671911671836,-0.07967191167183785,0.07967191167183785
9.11,9.721816302091616,-0.6118163020916167,0.6118163020916167
87.72,86.51037855142583,1.2096214485741683,1.2096214485741683
246.81,243.35852449225024,3.4514755077497625,3.4514755077497625
387.81,391.6331662502186,-3.8231662502186055,3.8231662502186055
44.1,42.13899026079354,1.9610097392064603,1.9610097392064603
94.81,90.86929733545662,3.9407026645433803,3.9407026645433803
4.95,5.333210941579161,-0.38321094157916047,0.38321094157916047
981.0,982.972254928124,-1.9722549281240163,1.9722549281240163
8.41,8.680227050230608,-0.27022705023060745,0.27022705023060745
44.57,48.101394569513,-3.5313945695129974,3.5313945695129974
188.65,189.7457555955197,-1.0957555955197051,1.0957555955197051
32.06,31.75760931821897,0.3023906817810307,0.3023906817810307
25.79,25.46375425265,0.32624574735000067,0.32624574735000067
13.14,13.056646974195488,0.08335302580451298,0.08335302580451298
7.22,7.339327594318627,-0.11932759431862738,0.11932759431862738
53.22,54.1614959344582,-0.941495934458203,0.941495934458203
200.23,203.18598345207585,-2.9559834520758557,2.9559834520758557
46.38,46.65760452034842,-0.27760452034841876,0.27760452034841876
48.46,45.764332516475086,2.6956674835249146,2.6956674835249146
17.55,17.298004282997386,0.2519957170026146,0.2519957170026146
4.91,5.333210941579161,-0.4232109415791605,0.4232109415791605
502.45,508.8200595099701,-6.370059509970133,6.370059509970133
11.2,11.848022659287986,-0.648022659287987,0.648022659287987
105.96,105.94737544062,0.012624559380000733,0.012624559380000733
4.79,5.114922377189962,-0.32492237718996186,0.32492237718996186
208.98,207.69738592341704,1.282614076582945,1.282614076582945
11.29,11.848022659287986,-0.5580226592879871,0.5580226592879871
131.61,135.63605610334002,-4.026056103340011,4.026056103340011
334.57,331.44527332718746,3.1247266728125282,3.1247266728125282
819.9,810.5478006296904,9.352199370309563,9.352199370309563
259.64,250.66444511964403,8.975554880355958,8.975554880355958
142.96,138.593109163058,4.366890836942019,4.366890836942019
423.31,414.8026762416582,8.507323758341784,8.507323758341784
74.46,73.12696857338986,1.333031426610134,1.333031426610134
33.7,35.01342998296175,-1.3134299829617504,1.3134299829617504
130.28,129.77328667808715,0.506713321912855,0.506713321912855
24.53,24.79893022575666,-0.2689302257566588,0.2689302257566588
140.22,139.77636108431355,0.4436389156864493,0.4436389156864493
8.47,8.680227050230608,-0.21022705023060695,0.21022705023060695
66.02,64.5242480464167,1.4957519535832944,1.4957519535832944
78.35,78.08472508665352,0.2652749133464738,0.2652749133464738
29.13,27.61335884494656,1.5166411550534384,1.5166411550534384
489.44,472.8654338308667,16.574566169133277,16.574566169133277
6.0,6.548426337125212,-0.5484263371252123,0.5484263371252123
30.71,29.502058526363207,1.2079414736367937,1.2079414736367937
122.34,125.3808650736004,-3.0408650736004006,3.0408650736004006
69.31,68.4982368366365,0.8117631633635085,0.8117631633635085
8.89,9.21988828017726,-0.3298882801772596,0.3298882801772596
300.2,301.95243331708446,-1.752433317084467,1.752433317084467
6.32,7.02636248236822,-0.7063624823682195,0.7063624823682195
110.11,109.60156504858598,0.5084349514140172,0.5084349514140172
264.33,255.99213949988007,8.337860500119916,8.337860500119916
411.41,414.2255216491738,-2.8155216491737747,2.8155216491737747
12.11,12.452449204962113,-0.3424492049621133,0.3424492049621133
25.92,28.56340416968691,-2.6434041696869066,2.6434041696869066
16.25,17.385683232780483,-1.135683232780483,1.135683232780483
67.76,69.1760909596315,-1.4160909596314895,1.4160909596314895
84.73,82.4455373487995,2.2844626512004993,2.2844626512004993
20.83,21.479610004251917,-0.6496100042519188,0.6496100042519188
38.02,37.554775529061786,0.4652244709382174,0.4652244709382174
105.29,106.24897815891492,-0.9589781589149169,0.9589781589149169
26.44,25.90013598784725,0.5398640121527514,0.5398640121527514
7.52,7.967427595946759,-0.44742759594675974,0.44742759594675974
210.14,205.78757421252692,4.3524257874730665,4.3524257874730665
10.77,10.6806177151937,0.08938228480629995,0.08938228480629995
82.06,81.6185134986169,0.4414865013830962,0.4414865013830962
143.67,143.4986630065502,0.1713369934497848,0.1713369934497848
1803.83,1702.2486054988626,101.58139450113731,101.58139450113731
4.39,4.3970969535411655,-0.007096953541165796,0.007096953541165796
26.11,25.75172949576492,0.35827050423507956,0.35827050423507956
59.31,57.38019236918071,1.9298076308192904,1.9298076308192904
26.26,29.68062907241354,-3.42062907241354,3.42062907241354
13.24,13.667246713484849,-0.42724671348484833,0.42724671348484833
18.0,18.619611737446785,-0.6196117374467853,0.6196117374467853
25.45,26.680030672799788,-1.2300306727997885,1.2300306727997885
148.39,146.13025865381826,2.259741346181727,2.259741346181727
137.68,135.89509112188773,1.784908878112276,1.784908878112276
41.3,41.38330710829399,-0.08330710829399379,0.08330710829399379
54.82,55.27557909476554,-0.4555790947655396,0.4555790947655396
16.79,16.92366876052758,-0.1336687605275806,0.1336687605275806
339.53,338.34940667258667,1.1805933274133054,1.1805933274133054
165.66,160.14823782945996,5.511762170540038,5.511762170540038
9.06,9.263514971837628,-0.20351497183762746,0.20351497183762746
14.0,14.34240453134928,-0.3424045313492794,0.3424045313492794
1110.98,1114.5964627499277,-3.6164627499276776,3.6164627499276776
21.84,23.801283768106984,-1.9612837681069841,1.9612837681069841
19.45,19.295772653122715,0.1542273468772848,0.1542273468772848
41.13,42.2176908967541,-1.087690896754097,1.087690896754097
17.34,18.35488897985568,-1.0148889798556802,1.0148889798556802
828.24,819.7317829361062,8.508217063893767,8.508217063893767
292.03,287.6044416564697,4.42555834353027,4.42555834353027
20.1,20.471312655626736,-0.37131265562673477,0.37131265562673477
37.56,34.21871168290322,3.341288317096783,3.341288317096783
104.2,111.95871832617269,-7.7587183261726835,7.7587183261726835
120.16,107.42974473342416,12.730255266575838,12.730255266575838
264.36,274.1425100441257,-9.782510044125672,9.782510044125672
19.75,19.395351023682448,0.3546489763175522,0.3546489763175522
117.61,119.25280680858408,-1.6428068085840835,1.6428068085840835
49.59,48.38676758738562,1.2032324126143834,1.2032324126143834
13.1,13.598339904440126,-0.498339904440126,0.498339904440126
2.71,3.0096489860772304,-0.29964898607723045,0.29964898607723045
20.56,22.24899178469375,-1.6889917846937514,1.6889917846937514
157.74,157.67018580715222,0.06981419284778667,0.06981419284778667
241.81,241.43065154803463,0.37934845196537026,0.37934845196537026
4.69,4.802642173835009,-0.11264217383500874,0.11264217383500874
19.09,17.803283962908566,1.2867160370914341,1.2867160370914341
2074.28,2004.0769431029576,70.20305689704264,70.20305689704264
120.69,117.71789356659065,2.972106433409351,2.972106433409351
62.68,61.01948296467104,1.660517035328958,1.660517035328958
487.87,487.6619078771447,0.2080921228553052,0.2080921228553052
96.48,96.7481821838454,-0.26818218384539705,0.26818218384539705
32.01,31.75760931821897,0.2523906817810264,0.2523906817810264
4.58,4.739770584084084,-0.15977058408408418,0.15977058408408418
76.21,69.48650494174356,6.723495058256432,6.723495058256432
32.63,31.09312863840379,1.5368713615962122,1.5368713615962122
30.52,28.59269469791168,1.927305302088321,1.927305302088321
39.02,41.2657873217921,-2.2457873217920934,2.2457873217920934
103.88,105.1243121620242,-1.244312162024201,1.244312162024201
52.16,54.487343388757886,-2.327343388757889,2.327343388757889
166.11,167.89466405698607,-1.7846640569860597,1.7846640569860597
94.46,91.4658823125928,2.994117687407197,2.994117687407197
78.06,74.62033172953592,3.4396682704640824,3.4396682704640824
4.2,4.584353609445809,-0.38435360944580843,0.38435360944580843
992.75,949.525591930614,43.22440806938596,43.22440806938596
77.35,74.86343719414693,2.486562805853069,2.486562805853069
4.42,4.772248746647042,-0.3522487466470423,0.3522487466470423
99.58,100.53058947579476,-0.9505894757947573,0.9505894757947573
10.05,10.884113462573731,-0.8341134625737308,0.8341134625737308
15.92,16.16110206134325,-0.24110206134325018,0.24110206134325018
118.6,118.67264452982592,-0.07264452982592218,0.07264452982592218
35.15,37.35977206643255,-2.2097720664325493,2.2097720664325493
31.14,34.11084165644293,-2.9708416564429285,2.9708416564429285
181.92,183.18237230837605,-1.262372308376058,1.262372308376058
25.8,25.46375425265,0.33624574735000223,0.33624574735000223
94.95,95.76847110699153,-0.8184711069915238,0.8184711069915238
149.38,149.08454609144707,0.2954539085529291,0.2954539085529291
353.52,361.10994241550327,-7.5899424155032875,7.5899424155032875
246.56,243.3503356632732,3.209664336726803,3.209664336726803
53.31,54.28629662233894,-0.9762966223389355,0.9762966223389355
78.42,83.98528220919913,-5.565282209199125,5.565282209199125
10.65,10.402017786863317,0.24798221313668378,0.24798221313668378
1203.76,1608.6877797976383,-404.9277797976383,404.9277797976383
178.45,174.12774832920297,4.322251670797016,4.322251670797016
4.7,4.916867208491826,-0.21686720849182617,0.21686720849182617
548.42,538.6220774874027,9.79792251259721,9.79792251259721
330.52,339.7431682782464,-9.223168278246419,9.223168278246419
53.08,47.65093655867531,5.429063441324686,5.429063441324686
65.44,69.92237876220484,-4.482378762204846,4.482378762204846
59.32,61.04499398287031,-1.7249939828703091,1.7249939828703091
37.02,35.404816592923524,1.6151834070764792,1.6151834070764792
354.09,369.8809892230488,-15.790989223048825,15.790989223048825
21.03,22.79492187297107,-1.764921872971069,1.764921872971069
39.28,36.20297886709949,3.077021132900512,3.077021132900512
58.67,57.93053270655094,0.73946729344906,0.73946729344906
14.81,15.16363270398548,-0.35363270398547897,0.35363270398547897
246.44,241.55943352175893,4.8805664782410645,4.8805664782410645
167.18,165.853695737372,1.326304262628014,1.326304262628014
178.26,177.1472509034041,1.112749096595877,1.112749096595877
42.81,39.24216084045794,3.5678391595420607,3.5678391595420607
15.63,15.838790521849903,-0.20879052184990243,0.20879052184990243
18.83,18.77536967870753,0.0546303212924677,0.0546303212924677
31.33,30.670645703580856,0.6593542964191421,0.6593542964191421
2.86,2.998922950452903,-0.13892295045290304,0.13892295045290304
43.78,41.83727417218346,1.9427258278165382,1.9427258278165382
35.41,35.199843321721914,0.21015667827808215,0.21015667827808215
182.3,181.83063484970165,0.46936515029835846,0.46936515029835846
211.35,210.81342850301107,0.5365714969889268,0.5365714969889268
146.26,142.1477151582438,4.112284841756178,4.112284841756178
166.85,167.89466405698607,-1.044664056986079,1.044664056986079
197.55,195.51865823018304,2.031341769816976,2.031341769816976
18.2,20.1106393761372,-1.9106393761372011,1.9106393761372011
80.75,82.32969736384325,-1.5796973638432519,1.5796973638432519
144.38,138.68495558806305,5.695044411936948,5.695044411936948
99.44,98.97174665600492,0.4682533439950731,0.4682533439950731
42.66,39.24216084045794,3.417839159542055,3.417839159542055
63.32,61.67374435381684,1.6462556461831568,1.6462556461831568
73.8,73.91459547097283,-0.11459547097283007,0.11459547097283007
124.26,122.10022917978208,2.159770820217929,2.159770820217929
31.18,30.670645703580856,0.5093542964191435,0.5093542964191435
348.32,347.6346818107696,0.6853181892303724,0.6853181892303724
13.86,14.273497722304556,-0.41349772230455706,0.41349772230455706
6.04,6.07222777822216,-0.032227778222160275,0.032227778222160275
167.5,162.5492359436529,4.950764056347111,4.950764056347111
223.24,219.62230818176295,3.6176918182370628,3.6176918182370628
160.14,161.07246542334522,-0.932465423345235,0.932465423345235
46.49,46.49381417761336,-0.003814177613357117,0.003814177613357117
3.24,3.5349992772184256,-0.29499927721842534,0.29499927721842534
15.0,17.397648922959515,-2.3976489229595153,2.3976489229595153
5.63,5.930240871227348,-0.30024087122734855,0.30024087122734855
6.76,7.437890927023522,-0.6778909270235225,0.6778909270235225
2.53,2.821753848875997,-0.291753848875997,0.291753848875997
183.01,182.40039721339053,0.6096027866094573,0.6096027866094573
23.58,23.479284785924552,0.10071521407544637,0.10071521407544637
11.37,11.709225214962546,-0.3392252149625463,0.3392252149625463
8.57,8.680227050230608,-0.1102270502306073,0.1102270502306073
8.0,8.652431187404773,-0.6524311874047726,0.6524311874047726
388.93,382.33069015346894,6.599309846531071,6.599309846531071
2689.1,2865.23869425579,-176.13869425579014,176.13869425579014
27.06,26.968621504930848,0.09137849506915074,0.09137849506915074
182.65,181.73445775547845,0.9155422445215606,0.9155422445215606
265.59,271.89788006245743,-6.307880062457457,6.307880062457457
25.96,28.717101251078,-2.757101251077998,2.757101251077998
869.2,848.7158282323561,20.484171767643943,20.484171767643943
7.97,8.057591119695141,-0.08759111969514155,0.08759111969514155
108.26,104.46103228154882,3.7989677184511805,3.7989677184511805
31.14,30.26938670018285,0.8706132998171512,0.8706132998171512
6.28,6.326246979922936,-0.046246979922935694,0.046246979922935694
73.38,72.89751872369322,0.4824812763067712,0.4824812763067712
22.08,20.967228525195345,1.1127714748046529,1.1127714748046529
1074.96,1020.376771748338,54.583228251662035,54.583228251662035
18.31,18.619611737446785,-0.3096117374467866,0.3096117374467866
116.38,116.19332973329207,0.18667026670792097,0.18667026670792097
200.04,205.83410310643015,-5.794103106430157,5.794103106430157
272.81,272.29803990426785,0.5119600957321495,0.5119600957321495
9.96,9.99358659357444,-0.03358659357443905,0.03358659357443905
42.6,43.0432620749731,-0.44326207497309866,0.44326207497309866
24.74,24.268865613962408,0.4711343860375905,0.4711343860375905
48.15,47.83265513044081,0.31734486955918584,0.31734486955918584
22.95,22.325328491372566,0.6246715086274328,0.6246715086274328
30.82,30.29866981203391,0.5213301879660897,0.5213301879660897
20.8,20.09122336070596,0.7087766392940402,0.7087766392940402
9.14,9.628319473466137,-0.48831947346613624,0.48831947346613624
10.18,10.402017786863317,-0.22201778686331686,0.22201778686331686
8.44,8.39912143180201,0.040878568197989296,0.040878568197989296
35.51,37.15970715215826,-1.649707152158264,1.649707152158264
10.77,12.69088804951167,-1.920888049511671,1.920888049511671
4.68,4.916867208491826,-0.23686720849182663,0.23686720849182663
168.63,165.9159404703577,2.7140595296422987,2.7140595296422987
7.12,7.339327594318627,-0.21932759431862703,0.21932759431862703
740.84,789.2904102076169,-48.45041020761687,48.45041020761687
199.88,200.9605555984914,-1.0805555984914008,1.0805555984914008
15.79,15.838790521849903,-0.04879052184990407,0.04879052184990407
176.89,179.76148945567735,-2.871489455677363,2.871489455677363
23.07,25.22271486492053,-2.1527148649205294,2.1527148649205294
212.73,212.1374466928131,0.5925533071868756,0.5925533071868756
6.87,7.262386716616038,-0.39238671661603775,0.39238671661603775
141.34,143.60179044941844,-2.2617904494184415,2.2617904494184415
224.18,221.88443707179448,2.295562928205527,2.295562928205527
35.29,34.55627378596934,0.7337262140306606,0.7337262140306606
10.58,11.076239880401465,-0.4962398804014647,0.4962398804014647
65.33,65.01923383964633,0.31076616035366555,0.31076616035366555
63.69,63.80874056097274,-0.11874056097273922,0.11874056097273922
16.35,16.597604613599813,-0.24760461359981178,0.24760461359981178
33.75,33.321054075844856,0.4289459241551441,0.4289459241551441
66.42,64.84792134613603,1.5720786538639686,1.5720786538639686
18.42,18.956916079833967,-0.5369160798339649,0.5369160798339649
291.16,290.51480136319464,0.6451986368053895,0.6451986368053895
14.79,14.812272703359726,-0.022272703359726975,0.022272703359726975
158.58,156.0898848117141,2.4901151882859267,2.4901151882859267
309.39,302.65930682888694,6.730693171113046,6.730693171113046
1.92,2.406981409251394,-0.4869814092513942,0.4869814092513942
53.91,56.23386925933938,-2.323869259339382,2.323869259339382
90.92,90.67789427770325,0.2421057222967562,0.2421057222967562
64.27,63.27257419181637,0.9974258081836282,0.9974258081836282
128.19,124.93216503329164,3.2578349667083586,3.2578349667083586
207.65,209.3978253227284,-1.7478253227284029,1.7478253227284029
11.4,12.916453779040468,-1.516453779040468,1.516453779040468
1.92,2.406981409251394,-0.4869814092513942,0.4869814092513942
71.99,69.59341001377592,2.396589986224072,2.396589986224072
5.65,6.301955542430988,-0.6519555424309873,0.6519555424309873
54.5,54.53169693185792,-0.03169693185792255,0.03169693185792255
62.74,62.55688456784959,0.1831154321504087,0.1831154321504087
659.9,659.9712122866598,-0.07121228665982926,0.07121228665982926
233.59,230.57952055661585,3.010479443384156,3.010479443384156
483.27,478.1107715006223,5.159228499377662,5.159228499377662
61.01,60.20673056692267,0.8032694330773253,0.8032694330773253
6.63,8.376447017745805,-1.7464470177458056,1.7464470177458056
24.05,23.769469470871567,0.2805305291284341,0.2805305291284341
1370.68,1288.8403542622282,81.83964573777189,81.83964573777189
74.47,82.24881358844206,-7.778813588442063,7.778813588442063
231.24,235.92371614593384,-4.683716145933829,4.683716145933829
82.28,81.25569421102279,1.024305788977216,1.024305788977216
192.12,180.84965094350875,11.270349056491256,11.270349056491256
1992.87,1970.737545874572,22.132454125427785,22.132454125427785
238.9,242.64143838024424,-3.741438380244233,3.741438380244233
3.51,3.9111127748145327,-0.4011127748145329,0.4011127748145329
86.71,87.11661951605612,-0.406619516056125,0.406619516056125
43.12,46.23888485552674,-3.118884855526744,3.118884855526744
116.17,116.74672539840458,-0.5767253984045766,0.5767253984045766
311.87,301.8522730398228,10.017726960177185,10.017726960177185
7.08,7.339327594318627,-0.25932759431862706,0.25932759431862706
1206.63,1214.2230461646302,-7.5930461646300955,7.5930461646300955
152.06,154.1881344119385,-2.128134411938504,2.128134411938504
4.88,5.114922377189962,-0.234922377189962,0.234922377189962
128.58,130.40781787446966,-1.8278178744696447,1.8278178744696447
112.76,110.68876981856108,2.0712301814389207,2.0712301814389207
10.32,10.319285496546282,0.0007145034537181516,0.0007145034537181516
49.4,48.38676758738562,1.0132324126143786,1.0132324126143786
57.82,58.05370602712292,-0.23370602712292055,0.23370602712292055
16.48,16.351856125669205,0.12814387433079588,0.12814387433079588
82.68,84.04621073566851,-1.3662107356685027,1.3662107356685027
303.3,298.5386453524984,4.761354647501605,4.761354647501605
5.6,5.930240871227348,-0.3302408712273488,0.3302408712273488
5.99,6.07222777822216,-0.0822277782221601,0.0822277782221601
108.51,107.71097700293188,0.7990229970681213,0.7990229970681213
9.65,9.94497315390125,-0.2949731539012497,0.2949731539012497
27.05,27.173883000784187,-0.12388300078418624,0.12388300078418624
11.14,11.260234928274244,-0.1202349282742432,0.1202349282742432
400.5,407.45245446333126,-6.952454463331264,6.952454463331264
17.18,17.298004282997386,-0.11800428299738641,0.11800428299738641
111.6,111.553957921403,0.04604207859699727,0.04604207859699727
18.98,17.803283962908566,1.1767160370914347,1.1767160370914347
3.26,3.5684391442716143,-0.30843914427161456,0.30843914427161456
3.82,4.044687423014816,-0.22468742301481592,0.22468742301481592
9.89,9.99358659357444,-0.10358659357443933,0.10358659357443933
42.88,43.46235143804048,-0.582351438040476,0.582351438040476
200.37,208.87793995641223,-8.50793995641223,8.50793995641223
110.74,109.60156504858598,1.1384349514140126,1.1384349514140126
28.4,30.402719273511245,-2.0027192735112465,2.0027192735112465
82.08,81.12437856234118,0.9556214376588201,0.9556214376588201
70.27,69.6769827993593,0.593017200640702,0.593017200640702
35.87,35.95265599517299,-0.08265599517299194,0.08265599517299194
21.02,20.998914046317957,0.021085953682042913,0.021085953682042913
8.11,8.141535584462725,-0.0315355844627252,0.0315355844627252
74.88,74.26147260316147,0.6185273968385303,0.6185273968385303
91.5,91.45922406688908,0.04077593311092187,0.04077593311092187
3.6,3.90697700535328,-0.3069770053532799,0.3069770053532799
6.34,6.7758116029610855,-0.4358116029610857,0.4358116029610857
5.45,6.085180972076818,-0.6351809720768182,0.6351809720768182
16.61,16.996305745296983,-0.38630574529698336,0.38630574529698336
95.85,96.7481821838454,-0.8981821838454067,0.8981821838454067
7.1,7.339327594318627,-0.2393275943186275,0.2393275943186275
66.21,64.84792134613603,1.3620786538639607,1.3620786538639607
100.85,100.93928104532488,-0.08928104532488135,0.08928104532488135
27.22,26.63517920661948,0.5848207933805192,0.5848207933805192
78.58,80.58547101338614,-2.005471013386142,2.005471013386142
22.92,23.774069657992545,-0.8540696579925431,0.8540696579925431
43.8,45.20179859578646,-1.4017985957864596,1.4017985957864596
55.02,52.79224977411193,2.227750225888073,2.227750225888073
3.35,3.72289441441966,-0.37289441441966,0.37289441441966
228.43,227.4651040548188,0.9648959451812118,0.9648959451812118
1111.79,1098.4973410119949,13.292658988005087,13.292658988005087
232.08,235.92371614593384,-3.8437161459338256,3.8437161459338256
625.6,620.003419904907,5.596580095093032,5.596580095093032
2.65,3.0096489860772304,-0.3596489860772305,0.3596489860772305
20.76,19.9371195752286,0.8228804247714017,0.8228804247714017
76.97,74.05029011284996,2.9197098871500344,2.9197098871500344
43.28,44.2514031641931,-0.9714031641930987,0.9714031641930987
24.04,24.063936353449083,-0.02393635344908418,0.02393635344908418
422.35,421.0080942492282,1.3419057507718435,1.3419057507718435
421.6,425.9962971333276,-4.3962971333275505,4.3962971333275505
18.68,19.264574827311424,-0.5845748273114246,0.5845748273114246
44.23,41.83727417218346,2.392725827816534,2.392725827816534
130.39,128.47086165354682,1.9191383464531668,1.9191383464531668
92.04,90.46775321512,1.572246784880008,1.572246784880008
24.47,24.79893022575666,-0.3289302257566611,0.3289302257566611
61.23,59.11355587500434,2.1164441249956596,2.1164441249956596
89.89,88.90055333110573,0.9894466688942742,0.9894466688942742
10.43,12.202559021924175,-1.7725590219241756,1.7725590219241756
350.36,346.50574916432845,3.8542508356715643,3.8542508356715643
126.54,125.58563449309746,0.9543655069025476,0.9543655069025476
1504.06,1463.3867268140082,40.673273185991775,40.673273185991775
496.04,502.3466423850918,-6.306642385091777,6.306642385091777
11.68,12.102259770909416,-0.4222597709094167,0.4222597709094167
17.45,17.298004282997386,0.15199571700261316,0.15199571700261316
490.86,487.79818491857486,3.061815081425152,3.061815081425152
30.19,32.02268072859928,-1.832680728599282,1.832680728599282
30.44,29.78891918161314,0.6510808183868626,0.6510808183868626
108.09,107.42820500930831,0.6617949906916891,0.6617949906916891
54.62,53.47243585481496,1.1475641451850365,1.1475641451850365
61.23,55.78339815181907,5.446601848180926,5.446601848180926
24.76,24.25916278142033,0.5008372185796723,0.5008372185796723
23.21,23.613445616571944,-0.40344561657194333,0.40344561657194333
453.39,457.98364094728936,-4.593640947289373,4.593640947289373
6.19,7.02636248236822,-0.8363624823682194,0.8363624823682194
21.25,21.50418903263475,-0.25418903263474846,0.25418903263474846
18.11,18.288416151265256,-0.17841615126525667,0.17841615126525667
1.61,1.876412641507243,-0.266412641507243,0.266412641507243
404.7,411.79786731937753,-7.097867319377542,7.097867319377542
402.58,408.4242079460293,-5.844207946029314,5.844207946029314
281.88,285.8066880204088,-3.9266880204087897,3.9266880204087897
90.57,92.4173374079276,-1.8473374079276113,1.8473374079276113
207.75,205.78757421252692,1.9624257874730802,1.9624257874730802
31.5,32.42668668827574,-0.926686688275737,0.926686688275737
6.09,6.326246979922936,-0.23624697992293608,0.23624697992293608
42.5,41.38484107220718,1.1151589277928196,1.1151589277928196
160.44,160.11946880367267,0.3205311963273232,0.3205311963273232
194.59,190.86605869100524,3.7239413089947675,3.7239413089947675
4.59,4.739770584084084,-0.1497705840840844,0.1497705840840844
126.62,122.02993957386998,4.590060426130023,4.590060426130023
15.33,15.27150345453532,0.05849654546467953,0.05849654546467953
45.94,46.070110057386856,-0.1301100573868581,0.1301100573868581
29.16,28.41747022975582,0.7425297702441789,0.7425297702441789
1169.94,1183.7209619857683,-13.780961985768272,13.780961985768272
256.62,254.57258508017375,2.0474149198262523,2.0474149198262523
130.89,131.65773699333462,-0.767736993334637,0.767736993334637
772.82,767.3061725863251,5.513827413674903,5.513827413674903
300.75,301.4953921544115,-0.7453921544114905,0.7453921544114905
15.52,15.231968388139892,0.2880316118601076,0.2880316118601076
1083.52,1087.5668611565686,-4.046861156568639,4.046861156568639
23.65,23.479284785924552,0.17071521407544665,0.17071521407544665
122.36,122.39328880522312,-0.03328880522312261,0.03328880522312261
95.15,94.28856206074512,0.8614379392548841,0.8614379392548841
10.9,10.6806177151937,0.21938228480630073,0.21938228480630073
37.62,37.71036658946246,-0.09036658946246234,0.09036658946246234
12.9,14.366979785781876,-1.4669797857818754,1.4669797857818754
29.58,29.18468977875935,0.3953102212406492,0.3953102212406492
39.14,39.79674054124767,-0.6567405412476717,0.6567405412476717
89.06,89.33751522558424,-0.2775152255842386,0.2775152255842386
1.24,2.0643077787084763,-0.8243077787084763,0.8243077787084763
46.46,45.593556922063215,0.8664430779367862,0.8664430779367862
106.47,102.8582203261834,3.6117796738165993,3.6117796738165993
5.36,5.778253718546215,-0.4182537185462145,0.4182537185462145
11.2,10.867179371346424,0.3328206286535753,0.3328206286535753
37.59,35.712347222419496,1.8776527775805079,1.8776527775805079
26.02,25.62918235914588,0.3908176408541202,0.3908176408541202
72.47,73.34368090924576,-0.8736809092457634,0.8736809092457634
52.68,53.09710286672826,-0.417102866728257,0.417102866728257
42.39,43.27640521764479,-0.8864052176447927,0.8864052176447927
124.21,124.67314205356558,-0.4631420535655906,0.4631420535655906
75.23,74.52950042077552,0.7004995792244841,0.7004995792244841
217.36,215.8421075219194,1.5178924780806256,1.5178924780806256
670.93,708.6234186781395,-37.69341867813955,37.69341867813955
259.04,250.66444511964403,8.375554880355992,8.375554880355992
37.08,38.06133840270351,-0.9813384027035141,0.9813384027035141
132.36,127.19282526021352,5.167174739786489,5.167174739786489
128.25,120.30957792912264,7.940422070877361,7.940422070877361
315.95,315.0929266783325,0.8570733216674853,0.8570733216674853
23.74,24.169128230225823,-0.4291282302258246,0.4291282302258246
178.3,180.0269162352888,-1.7269162352887975,1.7269162352887975
18.43,18.449305531779764,-0.01930553177976435,0.01930553177976435
36.72,35.99922276093616,0.7207772390638354,0.7207772390638354
20.84,20.998914046317957,-0.1589140463179568,0.1589140463179568
208.75,203.1733356602537,5.576664339746287,5.576664339746287
76.05,75.58921823772121,0.46078176227878487,0.46078176227878487
42.19,43.82003969350214,-1.630039693502141,1.630039693502141
845.16,883.7497133101367,-38.589713310136744,38.589713310136744
80.81,79.4850547154304,1.3249452845696084,1.3249452845696084
25.0,33.38102520079475,-8.381025200794753,8.381025200794753
28.88,34.21273020285296,-5.332730202852961,5.332730202852961
21.57,21.91986225894537,-0.34986225894536815,0.34986225894536815
717.86,700.2557599728277,17.604240027172295,17.604240027172295
46.29,45.593556922063215,0.6964430779367845,0.6964430779367845
15.02,15.231968388139892,-0.21196838813989238,0.21196838813989238
414.3,406.2217899449872,8.07821005501279,8.07821005501279
77.78,80.38322989467626,-2.603229894676261,2.603229894676261
80.74,76.4021238408945,4.337876159105491,4.337876159105491
63.29,60.46477210862879,2.825227891371206,2.825227891371206
13.38,12.85865980053972,0.5213401994602815,0.5213401994602815
948.12,925.038382252988,23.081617747012046,23.081617747012046
4.13,4.215360451506396,-0.08536045150639637,0.08536045150639637
228.72,226.67669950698357,2.0433004930164316,2.0433004930164316
131.87,133.72525609636446,-1.8552560963644567,1.8552560963644567
298.42,293.5494096579231,4.870590342076923,4.870590342076923
8.14,8.306429662015608,-0.1664296620156076,0.1664296620156076
41.79,42.21834506286708,-0.42834506286708063,0.42834506286708063
71.42,70.70118411617054,0.718815883829464,0.718815883829464
12.12,12.527886948885982,-0.40788694888598265,0.40788694888598265
12.3,12.197053606448412,0.10294639355158886,0.10294639355158886
19.49,19.395351023682448,0.09464897631755065,0.09464897631755065
57.23,57.43629377129606,-0.2062937712960604,0.2062937712960604
5.48,5.864116806727806,-0.384116806727806,0.384116806727806
1.12,2.406981409251394,-1.286981409251394,1.286981409251394
435.73,425.9031109859124,9.826889014087612,9.826889014087612
661.26,648.9874087947301,12.272591205269919,12.272591205269919
10.08,10.402017786863317,-0.3220177868633165,0.3220177868633165
20.6,20.471312655626736,0.12868734437326523,0.12868734437326523
7.27,7.683750629313004,-0.41375062931300466,0.41375062931300466
46.58,52.65664625847077,-6.076646258470774,6.076646258470774
9.54,9.99358659357444,-0.45358659357444076,0.45358659357444076
47.75,48.09642244352486,-0.3464224435248582,0.3464224435248582
25.71,25.46375425265,0.24624574735000238,0.24624574735000238
13.19,13.525449457787344,-0.3354494577873446,0.3354494577873446
1.6,2.406981409251394,-0.806981409251394,0.806981409251394
154.72,156.0514342677971,-1.331434267797107,1.331434267797107
18.63,18.77536967870753,-0.1453696787075316,0.1453696787075316
22.2,21.12260418441332,1.07739581558668,1.07739581558668
5.9,6.596580064619667,-0.6965800646196669,0.6965800646196669
151.24,153.8868623134084,-2.646862313408377,2.646862313408377
191.1,199.45417320447848,-8.354173204478485,8.354173204478485
181.98,184.2446357735172,-2.264635773517199,2.264635773517199
183.0,180.63995013559503,2.3600498644049708,2.3600498644049708
4.7,5.114922377189962,-0.4149223771899617,0.4149223771899617
309.9,319.4969236288775,-9.596923628877505,9.596923628877505
50.04,51.52280003730151,-1.4828000373015087,1.4828000373015087
318.24,313.8403940425701,4.3996059574299125,4.3996059574299125
153.43,154.32382420788687,-0.8938242078868655,0.8938242078868655
242.69,242.11607814003204,0.5739218599679532,0.5739218599679532
810.34,828.0505886639424,-17.710588663942417,17.710588663942417
215.01,219.870798143678,-4.860798143678011,4.860798143678011
47.0,48.10106006163596,-1.1010600616359625,1.1010600616359625
194.42,190.84756602057584,3.5724339794241473,3.5724339794241473
4.78,5.114922377189962,-0.33492237718996165,0.33492237718996165
48.53,48.00333626611154,0.5266637338884621,0.5266637338884621
24.74,26.63039242673582,-1.890392426735822,1.890392426735822
43.06,41.83727417218346,1.2227258278165394,1.2227258278165394
159.68,161.07246542334522,-1.3924654233452145,1.3924654233452145
113.07,111.44417340041169,1.6258265995883079,1.6258265995883079
16.22,16.124911207402253,0.09508879259774616,0.09508879259774616
2242.35,2190.0926853301626,52.25731466983734,52.25731466983734
373.46,361.1979504081281,12.262049591871858,12.262049591871858
3.82,4.078029993498078,-0.25802999349807854,0.25802999349807854
36.6,38.14998035122024,-1.549980351220242,1.549980351220242
671.07,676.4440787704381,-5.374078770438018,5.374078770438018
425.22,428.27672464012295,-3.0567246401229227,3.0567246401229227
94.26,96.98705757287786,-2.727057572877854,2.727057572877854
71.63,72.26518153126018,-0.6351815312601872,0.6351815312601872
2.07,1.9335987780866413,0.13640122191335857,0.13640122191335857
52.39,51.97471771255408,0.415282287445919,0.415282287445919
36.9,35.11737957035572,1.7826204296442754,1.7826204296442754
378.76,368.51442330414255,10.245576695857437,10.245576695857437
48.18,51.30013050791015,-3.1201305079101473,3.1201305079101473
20.38,19.37286057117934,1.0071394288206577,1.0071394288206577
1491.28,1238.7900926981702,252.48990730182982,252.48990730182982
74.61,75.0925443039171,-0.4825443039170949,0.4825443039170949
12.97,13.114604437950492,-0.14460443795049116,0.14460443795049116
195.23,198.0210550306834,-2.791055030683424,2.791055030683424
7.94,8.141535584462725,-0.20153558446272424,0.20153558446272424
172.8,176.2152844870421,-3.4152844870421006,3.4152844870421006
119.65,119.19779960925966,0.45220039074034446,0.45220039074034446
96.29,92.80427520435931,3.4857247956406923,3.4857247956406923
4.96,4.990537311036243,-0.030537311036242798,0.030537311036242798
55.56,53.9160679972084,1.6439320027916011,1.6439320027916011
487.88,490.6258169583487,-2.745816958348712,2.745816958348712
12.64,12.9593137687143,-0.3193137687142986,0.3193137687142986
2.92,3.1868180876541365,-0.2668180876541366,0.2668180876541366
11.16,11.585088717503856,-0.425088717503856,0.425088717503856
3.93,4.249650635896198,-0.3196506358961977,0.3196506358961977
89.26,91.46430206399906,-2.2043020639990516,2.2043020639990516
636.41,642.5763474404204,-6.166347440420395,6.166347440420395
27.81,28.863434382808627,-1.0534343828086286,1.0534343828086286
88.6,88.47139260661731,0.1286073933826799,0.1286073933826799
13.31,12.85865980053972,0.45134019946028126,0.45134019946028126
18.21,18.35488897985568,-0.14488897985567917,0.14488897985567917
109.26,109.95147393404775,-0.6914739340477496,0.6914739340477496
59.63,56.73332976349273,2.896670236507269,2.896670236507269
18.23,18.449305531779764,-0.21930553177976364,0.21930553177976364
322.93,326.4140538833398,-3.4840538833398114,3.4840538833398114
61.59,60.75303277936334,0.8369672206366658,0.8369672206366658
67.17,66.49711043781784,0.6728895621821636,0.6728895621821636
31.71,34.05452170229326,-2.3445217022932567,2.3445217022932567
87.08,91.4860721085355,-4.406072108535497,4.406072108535497
753.73,722.0569280522435,31.67307194775651,31.67307194775651
67.96,66.57995132570382,1.3800486742961766,1.3800486742961766
224.65,224.80816787943417,-0.15816787943415989,0.15816787943415989
265.27,264.9257317256833,0.3442682743166756,0.3442682743166756
1644.93,1619.2286051392214,25.70139486077869,25.70139486077869
60.3,57.1172133704394,3.1827866295605958,3.1827866295605958
409.1,402.7826077880226,6.317392211977449,6.317392211977449
36.47,36.13656189988269,0.3334381001173057,0.3334381001173057
43.21,45.30740005132376,-2.09740005132376,2.09740005132376
15.1,15.35024347532446,-0.25024347532446,0.25024347532446
133.99,130.98196318893395,3.008036811066063,3.008036811066063
30.19,29.395333266192736,0.794666733807265,0.794666733807265
85.08,83.8353191709953,1.2446808290046931,1.2446808290046931
22.1,23.95513402109728,-1.8551340210972782,1.8551340210972782
133.76,119.71376644379698,14.046233556203006,14.046233556203006
54.55,53.47243585481496,1.0775641451850362,1.0775641451850362
517.92,511.4514289930381,6.468571006961838,6.468571006961838
91.26,88.9673150905041,2.292684909495904,2.292684909495904
200.29,203.0655839703637,-2.775583970363698,2.775583970363698
293.77,292.32150574721817,1.4484942527818134,1.4484942527818134
933.73,974.781214322414,-41.05121432241401,41.05121432241401
291.02,285.65191552316594,5.368084476834042,5.368084476834042
119.44,117.71789356659065,1.7221064334093512,1.7221064334093512
46.42,46.56006082944375,-0.14006082944374754,0.14006082944374754
543.83,526.4756617103775,17.354338289622547,17.354338289622547
42.55,41.30381491722711,1.2461850827728895,1.2461850827728895
36.38,36.13656189988269,0.24343810011730938,0.24343810011730938
114.07,117.1483345148006,-3.078334514800602,3.078334514800602
261.84,266.6882581251655,-4.848258125165501,4.848258125165501
158.07,156.89591467710858,1.1740853228914148,1.1740853228914148
382.59,382.7746869216387,-0.18468692163872902,0.18468692163872902
139.88,136.45813253084734,3.4218674691526587,3.4218674691526587
2.93,1.7181823913535077,1.2118176086464925,1.2118176086464925
2466.32,2364.576009706824,101.74399029317601,101.74399029317601
1.33,1.5589865480094445,-0.2289865480094444,0.2289865480094444
102.33,104.57666597874882,-2.2466659787488226,2.2466659787488226
50.75,50.621892341061006,0.128107658938994,0.128107658938994
16.74,16.351856125669205,0.3881438743307939,0.3881438743307939
56.79,56.655482478723926,0.13451752127607364,0.13451752127607364
736.63,717.3628344104925,19.2671655895075,19.2671655895075
181.28,179.2746426571772,2.005357342822805,2.005357342822805
19.11,18.776907427102387,0.3330925728976126,0.3330925728976126
74.29,74.38495869656299,-0.09495869656298339,0.09495869656298339
337.19,340.0110589184588,-2.821058918458789,2.821058918458789
88.3,89.33751522558424,-1.0375152255842437,1.0375152255842437
411.99,415.6169824646956,-3.6269824646955726,3.6269824646955726
40.94,39.38340990698133,1.55659009301867,1.55659009301867
151.2,152.73692139681734,-1.5369213968173483,1.5369213968173483
99.58,100.74148051570734,-1.1614805157073391,1.1614805157073391
30.3,29.395333266192736,0.9046667338072645,0.9046667338072645
99.61,102.99326447457211,-3.3832644745721154,3.3832644745721154
10.94,12.661230182503834,-1.7212301825038345,1.7212301825038345
18.46,17.803283962908566,0.6567160370914351,0.6567160370914351
3329.35,3666.9143087938296,-337.5643087938297,337.5643087938297
195.68,190.86605869100524,4.813941308994771,4.813941308994771
8.37,8.680227050230608,-0.31022705023060837,0.31022705023060837
9.89,9.716708518479448,0.17329148152055218,0.17329148152055218
570.38,564.0885055762058,6.291494423794234,6.291494423794234
405.15,407.27770764687074,-2.1277076468707605,2.1277076468707605
495.94,514.1978023042108,-18.25780230421077,18.25780230421077
48.68,47.921152430658125,0.7588475693418744,0.7588475693418744
7.85,8.098318690521252,-0.248318690521252,0.248318690521252
13.38,12.85865980053972,0.5213401994602815,0.5213401994602815
8.88,8.680227050230608,0.1997729497693932,0.1997729497693932
425.64,413.5292570509644,12.110742949035568,12.110742949035568
80.05,78.48820502799428,1.561794972005714,1.561794972005714
163.46,163.8625002309669,-0.40250023096689347,0.40250023096689347
409.92,406.2217899449872,3.698210055012794,3.698210055012794
31.13,33.87384462006165,-2.7438446200616475,2.7438446200616475
358.59,354.74292750554423,3.8470724944557446,3.8470724944557446
16.98,17.347098183332186,-0.36709818333218536,0.36709818333218536
405.3,408.9732947777585,-3.6732947777584855,3.6732947777584855
12.79,13.114604437950492,-0.32460443795049265,0.32460443795049265
35.3,35.354864163508466,-0.05486416350846923,0.05486416350846923
144.32,145.4998834797227,-1.1798834797227187,1.1798834797227187
75.87,75.40900883278901,0.46099116721099165,0.46099116721099165
10.57,10.402017786863317,0.1679822131366837,0.1679822131366837
53.18,53.062410938741394,0.11758906125860591,0.11758906125860591
55.87,51.27014175136303,4.59985824863697,4.59985824863697
291.13,290.8424686302629,0.2875313697371098,0.2875313697371098
109.88,110.29874392369436,-0.41874392369436464,0.41874392369436464
53.11,52.12502861100196,0.9849713889980407,0.9849713889980407
43.93,42.13899026079354,1.7910097392064586,1.7910097392064586
5.73,6.07222777822216,-0.3422277782221599,0.3422277782221599
242.22,239.64218401752547,2.577815982474533,2.577815982474533
8.05,8.141535584462725,-0.09153558446272392,0.09153558446272392
2.18,4.697006226275826,-2.5170062262758255,2.5170062262758255
6.1,6.326246979922936,-0.2262469799229363,0.2262469799229363
793.85,808.0967981419642,-14.246798141964177,14.246798141964177
15.08,15.231968388139892,-0.15196838813989189,0.15196838813989189
8.89,9.06086238069365,-0.17086238069364867,0.17086238069364867
68.27,70.59671011238659,-2.3267101123865928,2.3267101123865928
22.88,22.55029641425513,0.3297035857448698,0.3297035857448698
181.38,189.94617730630992,-8.566177306309925,8.566177306309925
29.72,31.14455360919571,-1.424553609195712,1.424553609195712
2926.44,2926.46745017586,-0.027450175859939918,0.027450175859939918
195.07,190.86605869100524,4.203941308994757,4.203941308994757
5.0,5.333210941579161,-0.33321094157916065,0.33321094157916065
79.38,78.03209226501835,1.3479077349816464,1.3479077349816464
88.67,87.95512553087124,0.714874469128759,0.714874469128759
200.53,208.22321008627824,-7.693210086278242,7.693210086278242
62.24,60.83404068712626,1.4059593128737404,1.4059593128737404
53.64,52.99064194283626,0.6493580571637381,0.6493580571637381
6.26,6.326246979922936,-0.06624697992293616,0.06624697992293616
29.68,27.89800365497098,1.7819963450290182,1.7819963450290182
501.24,496.5048646432064,4.735135356793592,4.735135356793592
134.76,132.9587733239421,1.8012266760578939,1.8012266760578939
110.93,106.22761013019962,4.702389869800385,4.702389869800385
104.23,104.46241099610246,-0.23241099610245897,0.23241099610245897
137.04,136.03569515815994,1.004304841840053,1.004304841840053
21.8,21.38289147016085,0.41710852983915103,0.41710852983915103
9.22,12.997360844942444,-3.777360844942443,3.777360844942443
504.4,498.5441362497304,5.855863750269577,5.855863750269577
1289.07,1259.15483432823,29.915165671769955,29.915165671769955
102.23,104.93702386821522,-2.7070238682152166,2.7070238682152166
84.67,84.35574031814032,0.31425968185968145,0.31425968185968145
35.4,33.424306058923044,1.9756939410769547,1.9756939410769547
185.64,187.71116583443603,-2.0711658344360444,2.0711658344360444
40.5,42.1280743486044,-1.6280743486044003,1.6280743486044003
135.55,139.0129870220651,-3.4629870220650787,3.4629870220650787
230.68,235.92371614593384,-5.243716145933831,5.243716145933831
123.19,119.19779960925966,3.9922003907403365,3.9922003907403365
95.15,97.04008933195983,-1.8900893319598282,1.8900893319598282
22.7,23.479284785924552,-0.7792847859245526,0.7792847859245526
27.18,30.798632283179213,-3.6186322831792133,3.6186322831792133
79.36,78.03209226501835,1.3279077349816504,1.3279077349816504
91.66,91.57782973408425,0.0821702659157495,0.0821702659157495
228.51,227.4651040548188,1.0448959451811959,1.0448959451811959
17.82,17.83405171077446,-0.014051710774459991,0.014051710774459991
24.03,27.40177001750832,-3.371770017508318,3.371770017508318
162.74,161.18361161916343,1.5563883808365802,1.5563883808365802
118.6,118.4255323263587,0.17446767364128846,0.17446767364128846
47.22,45.93259694583542,1.287403054164578,1.287403054164578
7.98,8.155322733147994,-0.1753227331479934,0.1753227331479934
168.4,174.09215284333868,-5.692152843338675,5.692152843338675
33.14,32.610674712098955,0.5293252879010453,0.5293252879010453
73.96,73.12696857338986,0.833031426610134,0.833031426610134
90.54,90.31722630243816,0.2227736975618484,0.2227736975618484
153.35,151.09866202081656,2.2513379791834325,2.2513379791834325
9.61,9.716708518479448,-0.10670851847944895,0.10670851847944895
8.3,8.155322733147994,0.14467726685200688,0.14467726685200688
19.12,19.395351023682448,-0.2753510236824468,0.2753510236824468
7.18,7.545056128719472,-0.36505612871947246,0.36505612871947246
980.12,958.455463864467,21.664536135533012,21.664536135533012
25.87,25.5900570401658,0.2799429598342016,0.2799429598342016
41.65,42.2176908967541,-0.567690896754101,0.567690896754101
1022.42,1011.2850140498972,11.13498595010276,11.13498595010276
324.6,320.12430077113584,4.475699228864187,4.475699228864187
342.83,338.34940667258667,4.480593327413317,4.480593327413317
6.18,6.326246979922936,-0.14624697992293623,0.14624697992293623
23.66,24.169128230225823,-0.5091282302258229,0.5091282302258229
40.01,44.32617605166048,-4.316176051660484,4.316176051660484
63.54,63.80874056097274,-0.2687405609727378,0.2687405609727378
54.09,53.47243585481496,0.6175641451850424,0.6175641451850424
70.16,66.78560793058831,3.374392069411684,3.374392069411684
141.82,141.19773545164426,0.6222645483557301,0.6222645483557301
65.9,63.86004743958772,2.0399525604122886,2.0399525604122886
24.55,24.79893022575666,-0.24893022575665924,0.24893022575665924
102.03,104.46241099610246,-2.432410996102462,2.432410996102462
29.99,32.35920763008794,-2.3692076300879386,2.3692076300879386
1355.86,1359.4486546835772,-3.5886546835772606,3.5886546835772606
412.47,421.0476860143236,-8.577686014323547,8.577686014323547
282.15,286.92646742818977,-4.77646742818979,4.77646742818979
868.41,881.498097289178,-13.088097289177995,13.088097289177995
22.0,21.12260418441332,0.8773958155866808,0.8773958155866808
135.39,137.2522851903359,-1.8622851903359106,1.8622851903359106
15.21,15.35024347532446,-0.1402434753244588,0.1402434753244588
14.18,14.518595065608611,-0.33859506560861163,0.33859506560861163
25.2,24.643651274932427,0.556348725067572,0.556348725067572
234.7,230.31848558175983,4.381514418240158,4.381514418240158
21.55,20.745558120440126,0.8044418795598745,0.8044418795598745
150.54,154.4258412970168,-3.8858412970168104,3.8858412970168104
258.81,256.6891450613445,2.120854938655498,2.120854938655498
67.78,66.57995132570382,1.200048674296184,1.200048674296184
142.83,141.46738837008442,1.362611629915591,1.362611629915591
5.01,4.990537311036243,0.019462688963757024,0.019462688963757024
97.28,96.7481821838454,0.5318178161546001,0.5318178161546001
75.07,75.79187736731767,-0.7218773673176742,0.7218773673176742
15.91,16.16110206134325,-0.25110206134324997,0.25110206134324997
36.1,36.4803876075948,-0.3803876075947983,0.3803876075947983
12.95,13.114604437950492,-0.1646044379504925,0.1646044379504925
273.19,269.45920080153815,3.7307991984618525,3.7307991984618525
855.53,893.0546214190542,-37.524621419054256,37.524621419054256
236.34,239.64218401752547,-3.3021840175254624,3.3021840175254624
58.02,58.115390440231344,-0.09539044023134124,0.09539044023134124
65.85,65.01923383964633,0.8307661603536616,0.8307661603536616
81.27,83.90973074414892,-2.6397307441489204,2.6397307441489204
11.26,11.645215137947348,-0.3852151379473483,0.3852151379473483
167.87,167.89466405698607,-0.024664056986068772,0.024664056986068772
703.08,726.3020570440729,-23.222057044072812,23.222057044072812
63.88,67.7041815632523,-3.824181563252303,3.824181563252303
4.51,4.739770584084084,-0.22977058408408446,0.22977058408408446
66.18,59.09759197671083,7.082408023289176,7.082408023289176
177.45,177.1472509034041,0.3027490965958748,0.3027490965958748
27.65,27.173883000784187,0.47611699921581163,0.47611699921581163
7.12,7.339327594318627,-0.21932759431862703,0.21932759431862703
40.57,40.89504469361594,-0.32504469361593635,0.32504469361593635
9.7,9.99358659357444,-0.2935865935744406,0.2935865935744406
8.78,9.129463058691377,-0.34946305869137717,0.34946305869137717
14.02,14.34240453134928,-0.3224045313492798,0.3224045313492798
89.22,86.95599477437023,2.2640052256297736,2.2640052256297736
369.84,366.0836181986845,3.756381801315456,3.756381801315456
188.28,189.900036179313,-1.62003617931299,1.62003617931299
619.75,642.6713636847284,-22.921363684728362,22.921363684728362
104.59,104.46241099610246,0.12758900389754047,0.12758900389754047
15.14,15.054655559225376,0.08534444077462489,0.08534444077462489
2.28,2.389638444619156,-0.10963844461915606,0.10963844461915606
44.28,43.576721329929455,0.7032786700705458,0.7032786700705458
81.33,82.61703256957637,-1.2870325695763682,1.2870325695763682
2.16,2.4634919618033786,-0.30349196180337845,0.30349196180337845
8.91,9.21988828017726,-0.30988828017726,0.30988828017726
529.52,535.3837368356028,-5.863736835602822,5.863736835602822
2.11,2.1208183312604607,-0.010818331260460834,0.010818331260460834
72.15,69.35036959820737,2.7996304017926406,2.7996304017926406
8.29,8.306429662015608,-0.016429662015609026,0.016429662015609026
8.27,8.306429662015608,-0.0364296620156086,0.0364296620156086
1386.28,1393.355182744535,-7.075182744535141,7.075182744535141
91.65,95.42439390925516,-3.774393909255153,3.774393909255153
39.06,37.71750401724432,1.342495982755679,1.342495982755679
130.68,130.74882517718845,-0.06882517718844383,0.06882517718844383
36.85,38.06133840270351,-1.211338402703511,1.211338402703511
82.54,82.16011409586092,0.37988590413908696,0.37988590413908696
38.43,38.52273261783872,-0.09273261783872044,0.09273261783872044
34.98,34.55627378596934,0.42372621403065835,0.42372621403065835
42.0,41.00084187113724,0.99915812886276,0.99915812886276
6.36,5.867741583877249,0.492258416122751,0.492258416122751
1762.9,1814.2525845084792,-51.35258450847914,51.35258450847914
79.23,82.50451007385743,-3.274510073857428,3.274510073857428
34.4,33.34867943025958,1.0513205697404189,1.0513205697404189
340.13,341.3087054571981,-1.1787054571980775,1.1787054571980775
198.22,196.04087694550773,2.1791230544922655,2.1791230544922655
391.06,389.4249140608593,1.6350859391407084,1.6350859391407084
9.95,9.99358659357444,-0.04358659357444061,0.04358659357444061
78.02,77.67016199419606,0.34983800580393165,0.34983800580393165
44.48,44.2165077268308,0.26349227316919865,0.26349227316919865
88.26,86.92825454976175,1.3317454502382589,1.3317454502382589
104.47,103.38376516142796,1.0862348385720395,1.0862348385720395
86.84,86.51037855142583,0.32962144857417286,0.32962144857417286
63.27,64.56706819003922,-1.2970681900392194,1.2970681900392194
115.0,111.90545789587009,3.094542104129914,3.094542104129914
11.18,13.509356503645424,-2.3293565036454247,2.3293565036454247
34.33,33.34867943025958,0.9813205697404186,0.9813205697404186
51.38,51.38437594324746,-0.004375943247460157,0.004375943247460157
21.8,24.190544361599255,-2.390544361599254,2.390544361599254
67.44,66.74473895116911,0.6952610488308864,0.6952610488308864
31.8,32.548251446398496,-0.7482514463984948,0.7482514463984948
13.3,13.90489747240151,-0.6048974724015093,0.6048974724015093
37.4,35.404816592923524,1.9951834070764747,1.9951834070764747
21.09,20.998914046317957,0.0910859536820432,0.0910859536820432
171.6,173.35803639683823,-1.7580363968382358,1.7580363968382358
31.38,34.595108914111606,-3.2151089141116067,3.2151089141116067
134.22,131.18601297885195,3.03398702114805,3.03398702114805
84.14,85.00284327520207,-0.8628432752020672,0.8628432752020672
80.09,78.03209226501835,2.0579077349816544,2.0579077349816544
13.46,13.634471586578735,-0.17447158657873452,0.17447158657873452
5.51,6.372034950024402,-0.8620349500244018,0.8620349500244018
45.27,43.314040870885954,1.9559591291140492,1.9559591291140492
378.4,389.6308608192149,-11.23086081921491,11.23086081921491
162.07,157.7182121768993,4.351787823100693,4.351787823100693
67.35,68.57096928232842,-1.2209692823284257,1.2209692823284257
55.71,56.72342572681708,-1.0134257268170757,1.0134257268170757
2.55,2.9202072123633074,-0.37020721236330756,0.37020721236330756
14.04,14.34240453134928,-0.30240453134928025,0.30240453134928025
129.9,126.95919246527328,2.94080753472673,2.94080753472673
224.75,225.4421919599473,-0.6921919599473085,0.6921919599473085
39.24,40.97645012629501,-1.7364501262950114,1.7364501262950114
34.36,36.84714469074781,-2.4871446907478116,2.4871446907478116
20.26,19.9371195752286,0.32288042477140166,0.32288042477140166
4.67,5.114922377189962,-0.44492237718996197,0.44492237718996197
5.37,6.085180972076818,-0.7151809720768183,0.7151809720768183
31.33,31.36291678749679,-0.0329167874967915,0.0329167874967915
20.36,19.19487185810747,1.1651281418925308,1.1651281418925308
33.51,34.488377581084045,-0.9783775810840467,0.9783775810840467
9.99,10.402017786863317,-0.41201778686331636,0.41201778686331636
13.31,14.817376002767638,-1.5073760027676375,1.5073760027676375
55.05,63.32257823393413,-8.272578233934134,8.272578233934134
5.5,5.778253718546215,-0.27825371854621483,0.27825371854621483
133.02,133.72525609636446,-0.705256096364451,0.705256096364451
26.77,26.968621504930848,-0.1986215049308484,0.1986215049308484
334.9,331.70814550661305,3.191854493386927,3.191854493386927
2331.4,2359.392971031584,-27.992971031583693,27.992971031583693
131.38,131.8650324848885,-0.4850324848885066,0.4850324848885066
190.3,194.54351220314007,-4.243512203140057,4.243512203140057
10.46,10.223573082231631,0.23642691776836955,0.23642691776836955
10.88,10.867179371346424,0.012820628653576804,0.012820628653576804
80.27,82.50451007385743,-2.234510073857436,2.234510073857436
10.27,10.3635169635528,-0.09351696355280126,0.09351696355280126
140.86,140.11309098020212,0.7469090197978971,0.7469090197978971
137.2,135.6372776504083,1.562722349591695,1.562722349591695
575.5,564.9006420044467,10.599357995553305,10.599357995553305
41.18,40.47824373900811,0.7017562609918926,0.7017562609918926
176.57,178.1598198411057,-1.589819841105708,1.589819841105708
23.8,23.479284785924552,0.3207152140754488,0.3207152140754488
45.85,44.2165077268308,1.6334922731692032,1.6334922731692032
391.86,381.1296077906944,10.730392209305592,10.730392209305592
229.19,230.4085047575749,-1.218504757574891,1.218504757574891
409.46,405.82313384798414,3.636866152015841,3.636866152015841
102.36,104.26461046648492,-1.9046104664849253,1.9046104664849253
23.87,24.063936353449083,-0.19393635344908233,0.19393635344908233
28.02,28.403238311147398,-0.38323831114739804,0.38323831114739804
16.6,16.351856125669205,0.24814387433079688,0.24814387433079688
19.54,19.395351023682448,0.14464897631755136,0.14464897631755136
24.74,24.82350925413949,-0.08350925413949284,0.08350925413949284
47.29,48.10106006163596,-0.8110600616359633,0.8110600616359633
13.69,14.273497722304556,-0.583497722304557,0.583497722304557
146.65,144.31475485495977,2.3352451450402327,2.3352451450402327
10.62,11.39097802632592,-0.7709780263259205,0.7709780263259205
120.04,117.71789356659065,2.3221064334093597,2.3221064334093597
5.01,4.31266311800449,0.6973368819955095,0.6973368819955095
39.39,38.62211310625686,0.7678868937431389,0.7678868937431389
211.63,213.03184048362576,-1.4018404836257616,1.4018404836257616
58.97,57.93053270655094,1.0394672934490572,1.0394672934490572
14.89,15.231968388139892,-0.3419683881398914,0.3419683881398914
25.14,23.22289538630165,1.9171046136983492,1.9171046136983492
57.08,57.93053270655094,-0.8505327065509434,0.8505327065509434
6.22,6.326246979922936,-0.10624697992293619,0.10624697992293619
234.29,227.73429767417548,6.555702325824512,6.555702325824512
30.25,31.056667110550176,-0.8066671105501761,0.8066671105501761
2.21,2.4634919618033786,-0.25349196180337863,0.25349196180337863
20.31,21.133588028613627,-0.8235880286136279,0.8235880286136279
3.74,4.249650635896198,-0.5096506358961976,0.5096506358961976
63.33,62.82306237191561,0.5069376280843869,0.5069376280843869
164.03,161.74751771083666,2.2824822891633403,2.2824822891633403
358.54,348.9111711878592,9.628828812140796,9.628828812140796
225.6,222.09626206010827,3.503737939891721,3.503737939891721
101.93,102.13425705047166,-0.20425705047165366,0.20425705047165366
31.47,33.271973279013835,-1.8019732790138363,1.8019732790138363
32.8,33.52345259058511,-0.7234525905851115,0.7234525905851115
311.82,308.9863068871397,2.833693112860317,2.833693112860317
290.47,291.39301631769166,-0.9230163176916335,0.9230163176916335
110.19,107.58299944581856,2.6070005541814396,2.6070005541814396
293.62,282.1787896168379,11.441210383162115,11.441210383162115
14.33,14.518595065608611,-0.18859506560861128,0.18859506560861128
665.86,658.7545654149463,7.105434585053672,7.105434585053672
11.95,12.125524500981795,-0.17552450098179584,0.17552450098179584
7.09,7.339327594318627,-0.24932759431862728,0.24932759431862728
256.41,255.0614035327476,1.3485964672524346,1.3485964672524346
9.8,14.022437942355856,-4.222437942355855,4.222437942355855
749.7,788.0625734034593,-38.36257340345924,38.36257340345924
140.26,136.34696219006474,3.913037809935247,3.913037809935247
24.03,23.769469470871567,0.26053052912843455,0.26053052912843455
73.81,71.41345142011636,2.3965485798836426,2.3965485798836426
2117.87,2132.366019520377,-14.496019520377104,14.496019520377104
134.15,136.39268123225884,-2.242681232258832,2.242681232258832
31.12,31.551704289077293,-0.43170428907729175,0.43170428907729175
44.63,42.35334871151306,2.2766512884869456,2.2766512884869456
395.62,394.96791123658056,0.6520887634194423,0.6520887634194423
89.96,91.51718984918833,-1.5571898491883331,1.5571898491883331
390.7,392.7063536099287,-2.0063536099287376,2.0063536099287376
62.88,62.81786544396779,0.06213455603221263,0.06213455603221263
61.48,60.98624048816032,0.49375951183967715,0.49375951183967715
962.36,884.9876013400467,77.37239865995332,77.37239865995332
50.92,52.37403706193251,-1.4540370619325103,1.4540370619325103
32.86,38.505234377753446,-5.645234377753447,5.645234377753447
240.43,245.33719883622297,-4.90719883622296,4.90719883622296
3.62,3.8629509209800457,-0.24295092098004556,0.24295092098004556
90.77,91.90126395847756,-1.131263958477561,1.131263958477561
23.97,25.285821725872516,-1.3158217258725173,1.3158217258725173
345.82,349.6433641054415,-3.823364105441499,3.823364105441499
62.65,60.75303277936334,1.896967220636661,1.896967220636661
133.11,126.25808050140164,6.851919498598377,6.851919498598377
11.13,11.848022659287986,-0.7180226592879855,0.7180226592879855
53.02,53.65018155500623,-0.6301815550062244,0.6301815550062244
44.81,44.2165077268308,0.593492273169204,0.593492273169204
24.15,26.162310623134577,-2.012310623134578,2.012310623134578
923.38,891.3405571140651,32.03944288593493,32.03944288593493
68.32,66.78560793058831,1.5343920694116804,1.5343920694116804
19.74,21.056684868039884,-1.3166848680398857,1.3166848680398857
81.09,81.09035376684818,-0.0003537668481783385,0.0003537668481783385
41.9,43.61247536872068,-1.712475368720682,1.712475368720682
331.54,339.9342707616967,-8.394270761696703,8.394270761696703
15.75,15.554343498746688,0.19565650125331224,0.19565650125331224
97.21,99.30425199156836,-2.0942519915683704,2.0942519915683704
23.2,22.941294686694288,0.2587053133057111,0.2587053133057111
5.34,5.707115474721356,-0.3671154747213565,0.3671154747213565
88.9,89.33751522558424,-0.43751522558423517,0.43751522558423517
25.97,27.29051620350332,-1.3205162035033204,1.3205162035033204
110.43,111.37738975836888,-0.9473897583688711,0.9473897583688711
31.29,31.00275657395793,0.28724342604206754,0.28724342604206754
192.84,191.38827740632996,1.4517225936700413,1.4517225936700413
56.46,53.91082969068034,2.5491703093196634,2.5491703093196634
35.02,33.750528581580944,1.2694714184190588,1.2694714184190588
185.86,183.15231718511703,2.707682814882986,2.707682814882986
754.43,735.0683186050197,19.361681394980224,19.361681394980224
8.95,9.263514971837628,-0.31351497183762866,0.31351497183762866
770.96,767.169312272222,3.7906877277780495,3.7906877277780495
31.09,30.670645703580856,0.4193542964191437,0.4193542964191437
5.34,5.707115474721356,-0.3671154747213565,0.3671154747213565
8.29,7.928604606738895,0.3613953932611045,0.3613953932611045
252.32,257.52249174330035,-5.202491743300357,5.202491743300357
92.4,93.55667316893356,-1.1566731689335512,1.1566731689335512
85.2,81.4339540442286,3.7660459557714034,3.7660459557714034
27.18,28.70878449638772,-1.528784496387722,1.528784496387722
151.68,155.71159390000798,-4.031593900007977,4.031593900007977
862.25,852.835007958325,9.414992041674964,9.414992041674964
51.38,50.53970850560759,0.8402914943924102,0.8402914943924102
286.17,288.4071910617204,-2.2371910617204094,2.2371910617204094
22.05,21.12260418441332,0.9273958155866815,0.9273958155866815
19.92,20.471312655626736,-0.5513126556267345,0.5513126556267345
114.73,112.22389958324216,2.506100416757846,2.506100416757846
267.38,264.4215766457121,2.958423354287902,2.958423354287902
11.72,12.102259770909416,-0.38225977090941576,0.38225977090941576
38.84,38.05729338350168,0.7827066164983236,0.7827066164983236
2.72,3.0096489860772304,-0.2896489860772302,0.2896489860772302
352.99,343.5240890015594,9.46591099844062,9.46591099844062
28.59,28.41747022975582,0.1725297702441786,0.1725297702441786
67.29,67.10896699954672,0.18103300045328297,0.18103300045328297
19.24,20.382465882572653,-1.1424658825726546,1.1424658825726546
6.39,6.784475201820902,-0.3944752018209021,0.3944752018209021
177.84,174.13717472667636,3.70282527332364,3.70282527332364
21.15,21.12260418441332,0.027395815586679362,0.027395815586679362
413.76,413.3131547733544,0.44684522664556425,0.44684522664556425
52.36,52.12502861100196,0.2349713889980407,0.2349713889980407
119.59,120.73190715429084,-1.1419071542908341,1.1419071542908341
239.94,243.63834705764424,-3.6983470576442414,3.6983470576442414
2.17,2.085496705932268,0.08450329406773172,0.08450329406773172
11.74,12.102259770909416,-0.3622597709094162,0.3622597709094162
4.44,4.772248746647042,-0.33224874664704185,0.33224874664704185
71.68,70.7216414324951,0.9583585675049022,0.9583585675049022
1075.04,1089.499703772952,-14.459703772952025,14.459703772952025
20.55,22.23973416731612,-1.689734167316118,1.689734167316118
15.9,16.544755367014556,-0.6447553670145556,0.6447553670145556
26.85,28.57469438947481,-1.7246943894748092,1.7246943894748092
22.3,22.29380017673984,0.006199823260160997,0.006199823260160997
70.52,69.96667672323741,0.5533232767625833,0.5533232767625833
540.99,561.7897973073798,-20.799797307379777,20.799797307379777
589.89,590.4134354897164,-0.5234354897164621,0.5234354897164621
15.88,20.45140285853964,-4.57140285853964,4.57140285853964
119.04,118.53598734400096,0.5040126559990483,0.5040126559990483
117.31,119.25280680858408,-1.9428068085840806,1.9428068085840806
47.0,46.58483145293288,0.41516854706711825,0.41516854706711825
6.52,7.054275745121684,-0.5342757451216844,0.5342757451216844
48.15,48.0466654152754,0.10333458472459967,0.10333458472459967
31.03,30.36134688424183,0.6686531157581719,0.6686531157581719
6.44,6.930825108218787,-0.4908251082187869,0.4908251082187869
18.03,18.288416151265256,-0.25841615126525497,0.25841615126525497
997.96,993.5421162776234,4.417883722376587,4.417883722376587
502.8,514.9085510353542,-12.108551035354196,12.108551035354196
36.51,36.13656189988269,0.3734381001173048,0.3734381001173048
207.61,205.60708993858927,2.002910061410745,2.002910061410745
26.41,27.46519726741608,-1.05519726741608,1.05519726741608
29.34,28.897296317344324,0.44270368265567583,0.44270368265567583
2.72,2.9202072123633074,-0.20020721236330719,0.20020721236330719
12.7,13.117982854940776,-0.41798285494077625,0.41798285494077625
60.13,60.98624048816032,-0.8562404881603172,0.8562404881603172
203.58,211.38541059005888,-7.8054105900588695,7.8054105900588695
2403.22,2200.69922659869,202.52077340130973,202.52077340130973
62.08,63.63553040252412,-1.55553040252412,1.55553040252412
48.36,48.55548320536482,-0.19548320536482322,0.19548320536482322
458.1,449.0226711479552,9.077328852044843,9.077328852044843
9.12,17.67691775367439,-8.556917753674393,8.556917753674393
24.28,24.643651274932427,-0.3636512749324261,0.3636512749324261
26.07,25.62918235914588,0.4408176408541209,0.4408176408541209
59.77,62.28509971424778,-2.515099714247775,2.515099714247775
40.69,38.79287302370802,1.897126976291979,1.897126976291979
38.91,39.45695117499031,-0.546951174990312,0.546951174990312
71.8,71.1704626894726,0.6295373105273967,0.6295373105273967
29.44,28.41747022975582,1.02252977024418,1.02252977024418
190.23,189.7457555955197,0.48424440448027894,0.48424440448027894
950.45,924.0763511665526,26.37364883344742,26.37364883344742
242.08,236.40975255434267,5.670247445657338,5.670247445657338
64.59,63.80874056097274,0.7812594390272665,0.7812594390272665
39.11,41.69580024035248,-2.5858002403524836,2.5858002403524836
84.53,82.46604267270537,2.0639573272946308,2.0639573272946308
448.97,429.0166756742012,19.953324325798803,19.953324325798803
83.34,84.55869833349452,-1.2186983334945154,1.2186983334945154
33.0,32.754462482761255,0.24553751723874484,0.24553751723874484
7.14,7.339327594318627,-0.19932759431862745,0.19932759431862745
146.16,146.26425171690454,-0.10425171690454249,0.10425171690454249
1211.61,1223.8526877024542,-12.242687702454305,12.242687702454305
135.8,128.71450591029884,7.085494089701172,7.085494089701172
23.97,25.80102086143955,-1.8310208614395513,1.8310208614395513
779.27,840.3774853589932,-61.107485358993245,61.107485358993245
330.13,327.3210595324277,2.808940467572313,2.808940467572313
12.78,14.47742270829014,-1.6974227082901407,1.6974227082901407
5.51,5.930240871227348,-0.42024087122734866,0.42024087122734866
93.22,93.36461614146356,-0.14461614146355828,0.14461614146355828
23.38,23.341055180317124,0.03894481968287522,0.03894481968287522
151.96,154.3052785329395,-2.3452785329394885,2.3452785329394885
53.18,55.15522342466486,-1.9752234246648612,1.9752234246648612
6.43,7.143266404834844,-0.7132664048348447,0.7132664048348447
20.97,19.9371195752286,1.032880424771399,1.032880424771399
534.69,529.8463347987826,4.8436652012175045,4.8436652012175045
46.81,45.76821151243615,1.0417884875638492,1.0417884875638492
29.17,31.036988378349047,-1.8669883783490455,1.8669883783490455
85.47,86.40618238641066,-0.936182386410664,0.936182386410664
192.03,190.86605869100524,1.1639413089947652,1.1639413089947652
236.85,236.60630275520043,0.2436972447995629,0.2436972447995629
307.73,302.67779949931634,5.052200500683682,5.052200500683682
20.4,20.471312655626736,-0.07131265562673761,0.07131265562673761
35.9,36.6371957048243,-0.7371957048243019,0.7371957048243019
94.43,86.23541826693008,8.194581733069924,8.194581733069924
5.7,5.864116806727806,-0.16411680672780626,0.16411680672780626
43.37,41.38484107220718,1.985158927792817,1.985158927792817
4.64,4.772248746647042,-0.13224874664704256,0.13224874664704256
388.55,389.98595402819086,-1.4359540281908494,1.4359540281908494
18.82,18.77536967870753,0.04463032129246969,0.04463032129246969
20.12,20.471312655626736,-0.3513126556267352,0.3513126556267352
20.19,20.15996456441981,0.03003543558019217,0.03003543558019217
949.72,922.6483910725268,27.07160892747322,27.07160892747322
19.17,19.395351023682448,-0.22535102368244608,0.22535102368244608
89.47,88.10148721171515,1.3685127882848462,1.3685127882848462
17.16,18.978347525129983,-1.8183475251299832,1.8183475251299832
35.58,37.8380153302292,-2.258015330229199,2.258015330229199
125.32,122.31515239870542,3.0048476012945713,3.0048476012945713
390.04,383.4685537650172,6.5714462349828295,6.5714462349828295
40.5,38.99459016294651,1.5054098370534916,1.5054098370534916
63.32,60.248404953444414,3.0715950465555864,3.0715950465555864
13.03,13.114604437950492,-0.08460443795049244,0.08460443795049244
185.12,184.7621675284265,0.3578324715735164,0.3578324715735164
70.84,69.59341001377592,1.2465899862240803,1.2465899862240803
8.77,8.680227050230608,0.08977294976939199,0.08977294976939199
102.2,103.8276485720064,-1.6276485720063931,1.6276485720063931
49.43,49.28767528362608,0.14232471637392052,0.14232471637392052
122.21,123.80376922658276,-1.593769226582765,1.593769226582765
108.0,110.59038977870324,-2.5903897787032406,2.5903897787032406
485.63,488.128135432871,-2.4981354328709813,2.4981354328709813
29.51,29.18468977875935,0.32531022124065245,0.32531022124065245
509.69,512.6496467496776,-2.9596467496775745,2.9596467496775745
209.4,205.78757421252692,3.612425787473086,3.612425787473086
39.83,42.24989095144832,-2.4198909514483233,2.4198909514483233
15.03,16.893302232497327,-1.8633022324973272,1.8633022324973272
75.48,74.90276713023701,0.5772328697629945,0.5772328697629945
255.2,254.57258508017375,0.6274149198262364,0.6274149198262364
929.98,874.8631498369479,55.11685016305216,55.11685016305216
96.38,95.34903562475066,1.03096437524934,1.03096437524934
39.45,38.62211310625686,0.8278868937431412,0.8278868937431412
18.71,18.619611737446785,0.09038826255321553,0.09038826255321553
33.91,33.60877320968133,0.3012267903186654,0.3012267903186654
7.45,7.9626555789529885,-0.5126555789529883,0.5126555789529883
59.32,66.94957213632185,-7.629572136321848,7.629572136321848
122.26,119.19779960925966,3.062200390740344,3.062200390740344
408.76,407.5396520101004,1.220347989899608,1.220347989899608
319.65,315.0929266783325,4.557073321667474,4.557073321667474
31.94,31.75760931821897,0.18239068178102968,0.18239068178102968
147.25,143.82133239470866,3.428667605291338,3.428667605291338
395.26,396.4174595379224,-1.1574595379224206,1.1574595379224206
17.25,18.95933812735483,-1.7093381273548296,1.7093381273548296
14.54,14.285197948767204,0.25480205123279553,0.25480205123279553
59.54,56.73332976349273,2.8066702365072658,2.8066702365072658
14.97,15.984303311604124,-1.0143033116041238,1.0143033116041238
8.95,9.263514971837628,-0.31351497183762866,0.31351497183762866
85.37,87.06502736119486,-1.6950273611948603,1.6950273611948603
8.94,9.263514971837628,-0.32351497183762845,0.32351497183762845
197.96,196.7203810123018,1.2396189876982078,1.2396189876982078
75.1,73.12696857338986,1.9730314266101345,1.9730314266101345
4.55,4.802642173835009,-0.2526421738350093,0.2526421738350093
30.95,35.429584403376,-4.479584403375998,4.479584403375998
97.99,99.49491052867916,-1.5049105286791615,1.5049105286791615
914.57,882.8390441808798,31.730955819120254,31.730955819120254
27.01,27.173883000784187,-0.16388300078418538,0.16388300078418538
9.12,9.263514971837628,-0.14351497183762874,0.14351497183762874
24.93,24.643651274932427,0.2863487250675725,0.2863487250675725
9.28,9.242703237505852,0.03729676249414737,0.03729676249414737
19.62,18.26325343917229,1.3567465608277125,1.3567465608277125
143.98,145.81609101062037,-1.836091010620379,1.836091010620379
31.16,30.670645703580856,0.48935429641914396,0.48935429641914396
93.83,95.1076843940788,-1.277684394078804,1.277684394078804
15.35,15.654813193882852,-0.3048131938828522,0.3048131938828522
167.18,165.1146450306059,2.065354969394093,2.065354969394093
131.64,127.58826671238992,4.0517332876100625,4.0517332876100625
15.42,15.159194183104583,0.2608058168954166,0.2608058168954166
665.98,671.4082154814115,-5.428215481411485,5.428215481411485
52.2,52.50213647455404,-0.3021364745540396,0.3021364745540396
1425.34,1455.8178074132188,-30.477807413218898,30.477807413218898
18.72,18.454033055749377,0.2659669442506214,0.2659669442506214
62.68,61.80336628387351,0.8766337161264914,0.8766337161264914
10.92,10.6806177151937,0.2393822848063003,0.2393822848063003
42.65,41.30381491722711,1.346185082772891,1.346185082772891
203.69,203.0655839703637,0.6244160296363077,0.6244160296363077
1459.2,1447.9836725648547,11.216327435145331,11.216327435145331
260.07,250.96872099462288,9.101279005377108,9.101279005377108
26.01,25.62918235914588,0.3808176408541222,0.3808176408541222
30.01,30.848619150108046,-0.8386191501080447,0.8386191501080447
8.69,11.287154513022312,-2.5971545130223124,2.5971545130223124
107.59,107.91581917009933,-0.32581917009932226,0.32581917009932226
159.85,160.91818483955197,-1.068184839551975,1.068184839551975
4.18,4.209201816339932,-0.02920181633993213,0.02920181633993213
5.19,5.765726477902232,-0.575726477902232,0.575726477902232
773.2,761.2447521044269,11.955247895573166,11.955247895573166
62.98,58.60581217881294,4.374187821187057,4.374187821187057
176.64,181.82883095700677,-5.188830957006786,5.188830957006786
451.12,427.3929531277326,23.727046872267408,23.727046872267408
575.48,572.9627463580832,2.5172536419167955,2.5172536419167955
263.25,255.86585698086012,7.384143019139884,7.384143019139884
96.3,95.1905285301007,1.1094714698992902,1.1094714698992902
38.81,43.232779638439645,-4.422779638439643,4.422779638439643
4.15,4.177850371848827,-0.027850371848826327,0.027850371848826327
1.63,1.876412641507243,-0.24641264150724318,0.24641264150724318
4.53,5.083170557476946,-0.5531705574769461,0.5531705574769461
60.67,60.73448710441595,-0.06448710441594585,0.06448710441594585
8.38,8.680227050230608,-0.3002270502306068,0.3002270502306068
211.56,214.0463529012893,-2.486352901289308,2.486352901289308
9.15,9.536541960612372,-0.3865419606123712,0.3865419606123712
3.54,3.72562046297173,-0.18562046297172996,0.18562046297172996
56.55,56.85664387798654,-0.306643877986545,0.306643877986545
108.52,107.91581917009933,0.6041808299006703,0.6041808299006703
35.03,37.21028366385195,-2.1802836638519523,2.1802836638519523
744.34,754.8453828449477,-10.50538284494769,10.50538284494769
969.28,990.1145962545888,-20.83459625458886,20.83459625458886
470.57,468.8645890436666,1.7054109563333668,1.7054109563333668
297.33,301.4201624366594,-4.090162436659398,4.090162436659398
220.5,215.6693288513414,4.83067114865861,4.83067114865861
559.24,564.4803740396603,-5.24037403966031,5.24037403966031
29.0,30.377334060192183,-1.377334060192183,1.377334060192183
46.27,45.288463629338175,0.9815363706618285,0.9815363706618285
294.84,285.8810035172356,8.958996482764348,8.958996482764348
382.2,390.57298966953135,-8.372989669531364,8.372989669531364
147.07,143.6175060537072,3.4524939462928046,3.4524939462928046
29.17,28.41747022975582,0.7525297702441804,0.7525297702441804
479.39,488.1380346051259,-8.748034605125895,8.748034605125895
708.71,706.4655500680765,2.2444499319235547,2.2444499319235547
752.4,770.042248727168,-17.642248727168067,17.642248727168067
27.13,29.604206952965505,-2.474206952965506,2.474206952965506
120.08,120.2764454439342,-0.19644544393419494,0.19644544393419494
10.22,10.402017786863317,-0.18201778686331593,0.18201778686331593
170.64,170.92612722430005,-0.2861272243000599,0.2861272243000599
205.56,207.7267042851863,-2.1667042851862846,2.1667042851862846
18.41,18.454033055749377,-0.044033055749377326,0.044033055749377326
137.13,132.92728140359307,4.202718596406925,4.202718596406925
256.14,257.14066954497594,-1.000669544975949,1.000669544975949
72.4,71.1704626894726,1.2295373105274052,1.2295373105274052
4.27,4.584353609445809,-0.31435360944580903,0.31435360944580903
142.96,141.64710862493965,1.3128913750603601,1.3128913750603601
2.23,2.6160654736764197,-0.38606547367641975,0.38606547367641975
38.19,40.95981752527322,-2.7698175252732256,2.7698175252732256
73.7,70.86362954332367,2.8363704566763346,2.8363704566763346
160.22,161.07246542334522,-0.8524654233452225,0.8524654233452225
126.3,125.6967806889157,0.6032193110843025,0.6032193110843025
36.18,34.89774854707831,1.2822514529216917,1.2822514529216917
15.64,15.838790521849903,-0.19879052184990265,0.19879052184990265
30.11,29.422884860632863,0.6871151393671369,0.6871151393671369
8.06,8.738750319908158,-0.6787503199081577,0.6787503199081577
21.9,22.29380017673984,-0.39380017673984113,0.39380017673984113
14.18,13.718253168286797,0.46174683171320297,0.46174683171320297
12.9,13.114604437950492,-0.21460443795049144,0.21460443795049144
6.77,6.992586173315256,-0.2225861733152561,0.2225861733152561
24.37,24.643651274932427,-0.27365127493242625,0.27365127493242625
55.08,56.672118848202096,-1.592118848202098,1.592118848202098
57.53,58.115390440231344,-0.5853904402313432,0.5853904402313432
51.02,51.020097645677936,-9.764567793268952e-05,9.764567793268952e-05
110.25,106.77824967011776,3.4717503298822407,3.4717503298822407
1004.5,976.149487331278,28.35051266872199,28.35051266872199
45.35,43.314040870885954,2.0359591291140475,2.0359591291140475
43.82,41.83727417218346,1.9827258278165374,1.9827258278165374
27.25,27.725795657263863,-0.47579565726386264,0.47579565726386264
90.24,90.64804531556086,-0.4080453155608694,0.4080453155608694
129.09,129.52105213784773,-0.431052137847729,0.431052137847729
56.22,55.45335074767721,0.7666492523227859,0.7666492523227859
436.98,423.6839018180817,13.296098181918296,13.296098181918296
178.68,177.6694696187288,1.0105303812711952,1.0105303812711952
31.31,32.80576432566376,-1.4957643256637603,1.4957643256637603
88.94,90.20470380671922,-1.2647038067192256,1.2647038067192256
11.8,12.31010608383692,-0.51010608383692,0.51010608383692
38.0,41.10079596766542,-3.1007959676654195,3.1007959676654195
111.39,112.2899418236065,-0.8999418236064969,0.8999418236064969
1478.28,1462.821774476132,15.458225523867895,15.458225523867895
27.78,32.46980866545754,-4.689808665457541,4.689808665457541
35.62,37.05532528737646,-1.4353252873764646,1.4353252873764646
45.5,48.101394569513,-2.6013945695129976,2.6013945695129976
29.29,29.7671299367435,-0.477129936743502,0.477129936743502
91.94,89.94325533502348,1.996744664976518,1.996744664976518
494.71,470.2288899476951,24.48111005230487,24.48111005230487
949.78,929.344311726999,20.435688273001006,20.435688273001006
16.4,16.597604613599813,-0.19760461359981463,0.19760461359981463
19.01,18.77536967870753,0.23463032129247097,0.23463032129247097
176.73,174.13717472667636,2.5928252733236263,2.5928252733236263
9.85,9.94497315390125,-0.09497315390125038,0.09497315390125038
18.82,18.77536967870753,0.04463032129246969,0.04463032129246969
41.98,43.61247536872068,-1.6324753687206837,1.6324753687206837
6.78,7.131216622824273,-0.351216622824273,0.351216622824273
64.97,63.86004743958772,1.1099525604122817,1.1099525604122817
7.52,7.933424612968367,-0.41342461296836763,0.41342461296836763
58.27,56.73332976349273,1.5366702365072697,1.5366702365072697
10.35,10.884113462573731,-0.5341134625737318,0.5341134625737318
7.43,7.716993113252487,-0.2869931132524872,0.2869931132524872
47.36,45.93259694583542,1.4274030541645786,1.4274030541645786
29.45,29.185114265939312,0.2648857340606874,0.2648857340606874
1058.93,994.4310172696376,64.49898273036251,64.49898273036251
19.04,18.776907427102387,0.26309257289761234,0.26309257289761234
1.04,2.406981409251394,-1.366981409251394,1.366981409251394
303.55,305.01867495500545,-1.46867495500544,1.46867495500544
13.0,13.114604437950492,-0.1146044379504918,0.1146044379504918
17.0,16.663602673170136,0.33639732682986434,0.33639732682986434
598.52,608.5766159767173,-10.056615976717353,10.056615976717353
116.79,116.74672539840458,0.04327460159542795,0.04327460159542795
264.52,263.44296317139793,1.077036828602047,1.077036828602047
75.14,83.65134543582772,-8.511345435827721,8.511345435827721
14.36,14.518595065608611,-0.15859506560861192,0.15859506560861192
385.25,385.5594937591098,-0.3094937591097846,0.3094937591097846
636.14,637.6210652018075,-1.4810652018074961,1.4810652018074961
91.89,91.88980820093956,0.00019179906044541895,0.00019179906044541895
122.72,119.78888425263844,2.9311157473615594,2.9311157473615594
1.65,2.406981409251394,-0.7569814092513942,0.7569814092513942
11.98,12.166269847924612,-0.18626984792461165,0.18626984792461165
141.72,140.45971245745014,1.260287542549861,1.260287542549861
13.86,16.54626403717038,-2.686264037170382,2.686264037170382
190.1,195.0258590075381,-4.925859007538094,4.925859007538094
162.03,161.3524627469714,0.6775372530285892,0.6775372530285892
102.58,103.96766502911572,-1.3876650291157233,1.3876650291157233
60.0,61.41083061013271,-1.410830610132713,1.410830610132713
356.06,361.5189985525547,-5.458998552554704,5.458998552554704
21.84,22.783938028770752,-0.9439380287707522,0.9439380287707522
32.49,31.75760931821897,0.7323906817810304,0.7323906817810304
11.61,11.848022659287986,-0.23802265928798683,0.23802265928798683
6.42,7.143266404834844,-0.7232664048348445,0.7232664048348445
13.91,14.34240453134928,-0.43240453134927925,0.43240453134927925
579.01,557.5574194787657,21.452580521234268,21.452580521234268
20.45,20.471312655626736,-0.0213126556267369,0.0213126556267369
19.35,19.395351023682448,-0.04535102368244637,0.04535102368244637
485.97,488.6747452090825,-2.704745209082489,2.704745209082489
48.96,48.46926646122573,0.49073353877427195,0.49073353877427195
68.11,66.57995132570382,1.5300486742961823,1.5300486742961823
70.46,69.94574970613778,0.5142502938622187,0.5142502938622187
5.22,5.333210941579161,-0.1132109415791609,0.1132109415791609
166.88,168.4964914084551,-1.6164914084551185,1.6164914084551185
63.63,65.61259234945896,-1.9825923494589617,1.9825923494589617
5.83,6.07222777822216,-0.24222777822216024,0.24222777822216024
63.62,61.67374435381684,1.946255646183154,1.946255646183154
2.73,2.821753848875997,-0.0917538488759968,0.0917538488759968
3.54,3.7190818681520463,-0.1790818681520463,0.1790818681520463
15.67,15.838790521849903,-0.16879052184990329,0.16879052184990329
6.69,6.992586173315256,-0.3025861733152553,0.3025861733152553
2.39,2.5775335818203886,-0.18753358182038848,0.18753358182038848
7.78,7.9626555789529885,-0.18265557895298823,0.18265557895298823
2.59,2.9202072123633074,-0.3302072123633075,0.3302072123633075
1.5,1.7848072805248434,-0.2848072805248434,0.2848072805248434
22.05,22.158321452250664,-0.1083214522506637,0.1083214522506637
1.89,2.0643077787084763,-0.17430777870847636,0.17430777870847636
156.84,154.13427767369518,2.705722326304823,2.705722326304823
104.95,103.38376516142796,1.5662348385720435,1.5662348385720435
52.88,52.7767303620511,0.10326963794890531,0.10326963794890531
1572.03,1625.3517896977366,-53.321789697736676,53.321789697736676
140.46,138.96688343473522,1.4931165652647849,1.4931165652647849
29.67,29.300626125855302,0.36937387414469924,0.36937387414469924
374.3,387.8035524750607,-13.503552475060701,13.503552475060701
13.74,13.804807957867904,-0.06480795786790416,0.06480795786790416
10.22,10.665394860564613,-0.44539486056461186,0.44539486056461186
36.07,34.67344293991632,1.3965570600836799,1.3965570600836799
23.39,25.413967744829247,-2.023967744829246,2.023967744829246
18.56,17.856174537251295,0.7038254627487035,0.7038254627487035
174.25,178.90534791530072,-4.655347915300723,4.655347915300723
83.78,85.44215039064821,-1.6621503906482076,1.6621503906482076
8.93,9.21988828017726,-0.2898882801772604,0.2898882801772604
25.46,25.27921928410917,0.18078071589082967,0.18078071589082967
46.08,49.83361988483248,-3.7536198848324815,3.7536198848324815
79.8,79.00049850286518,0.7995014971348127,0.7995014971348127
32.95,35.80341633611922,-2.853416336119217,2.853416336119217
48.5,47.503779674221065,0.9962203257789355,0.9962203257789355
102.01,104.26461046648492,-2.2546104664849196,2.2546104664849196
956.67,948.7011831501854,7.968816849814516,7.968816849814516
112.85,111.44417340041169,1.405826599588309,1.405826599588309
257.81,253.77572222838367,4.034277771616331,4.034277771616331
31.32,35.38936993663004,-4.069369936630039,4.069369936630039
38.35,39.17641069341532,-0.826410693415319,0.826410693415319
34.82,35.199843321721914,-0.37984332172191415,0.37984332172191415
54.78,55.88280437800204,-1.1028043780020411,1.1028043780020411
176.74,176.6716881723008,0.06831182769920474,0.06831182769920474
476.81,468.8645890436666,7.945410956333376,7.945410956333376
35.86,35.95265599517299,-0.09265599517298995,0.09265599517298995
12.4,15.61413403458364,-3.2141340345836404,3.2141340345836404
13.13,13.598339904440126,-0.46833990444012485,0.46833990444012485
137.12,139.38025750063605,-2.260257500636044,2.260257500636044
23.43,23.341055180317124,0.08894481968287593,0.08894481968287593
59.54,56.4697024295141,3.0702975704858986,3.0702975704858986
5.15,6.003868487155769,-0.8538684871557685,0.8538684871557685
203.2,203.62790986122653,-0.4279098612265386,0.4279098612265386
35.93,35.53276708303744,0.39723291696255814,0.39723291696255814
283.99,285.66883036553287,-1.6788303655328605,1.6788303655328605
11.46,13.131124598114477,-1.671124598114476,1.671124598114476
311.48,315.5780865871722,-4.09808658717219,4.09808658717219
3.9,4.249650635896198,-0.34965063589619794,0.34965063589619794
22.53,23.479284785924552,-0.9492847859245508,0.9492847859245508
23.26,27.054918083359794,-3.794918083359793,3.794918083359793
68.51,68.81499715246271,-0.304997152462704,0.304997152462704
236.98,237.8639398178573,-0.8839398178573106,0.8839398178573106
7.68,8.155462398301138,-0.4754623983011381,0.4754623983011381
21.09,20.998914046317957,0.0910859536820432,0.0910859536820432
16.67,16.356686315064316,0.3133136849356859,0.3133136849356859
7.34,7.78166501008614,-0.44166501008614034,0.44166501008614034
67.02,64.75147780333234,2.2685221966676608,2.2685221966676608
7.47,7.9626555789529885,-0.4926555789529887,0.4926555789529887
116.42,116.74672539840458,-0.3267253984045766,0.3267253984045766
14.48,14.38156128140361,0.09843871859639108,0.09843871859639108
26.67,26.594168079300847,0.07583192069915512,0.07583192069915512
6.79,7.088910561603372,-0.29891056160337204,0.29891056160337204
908.1,904.8904545100038,3.2095454899962306,3.2095454899962306
427.44,433.5141328423096,-6.074132842309609,6.074132842309609
971.46,1013.0499955667424,-41.589995566742346,41.589995566742346
77.84,81.78334123390256,-3.943341233902558,3.943341233902558
31.6,31.625358781260896,-0.025358781260894858,0.025358781260894858
19.46,19.395351023682448,0.06464897631755306,0.06464897631755306
9.46,9.558418518250786,-0.09841851825078507,0.09841851825078507
677.63,671.6570410000752,5.972958999924799,5.972958999924799
89.7,86.51903287989171,3.180967120108292,3.180967120108292
49.46,48.41874848130015,1.0412515186998519,1.0412515186998519
23.0,23.341055180317124,-0.3410551803171238,0.3410551803171238
8.27,8.652431187404773,-0.382431187404773,0.382431187404773
14.05,14.34240453134928,-0.2924045313492787,0.2924045313492787
24.78,24.643651274932427,0.1363487250675739,0.1363487250675739
30.51,31.181542911423573,-0.6715429114235718,0.6715429114235718
90.41,89.33751522558424,1.0724847744157557,1.0724847744157557
16.8,16.570026641308676,0.22997335869132485,0.22997335869132485
35.98,34.740940449848814,1.2390595501511825,1.2390595501511825
149.9,152.5986338754827,-2.698633875482699,2.698633875482699
13.1,13.598339904440126,-0.498339904440126,0.498339904440126
3.84,4.249650635896198,-0.409650635896198,0.409650635896198
286.24,280.8078650188492,5.432134981150796,5.432134981150796
29.68,29.300626125855302,0.37937387414469725,0.37937387414469725
12.85,13.056646974195488,-0.20664697419548794,0.20664697419548794
35.52,34.740940449848814,0.7790595501511888,0.7790595501511888
186.48,185.4508953833111,1.0291046166888975,1.0291046166888975
35.8,34.82126571407052,0.9787342859294768,0.9787342859294768
34.83,34.07489763463727,0.7551023653627311,0.7551023653627311
137.79,136.2397449480779,1.550255051922079,1.550255051922079
284.04,285.5891875525974,-1.5491875525974024,1.5491875525974024
97.15,95.331509212513,1.8184907874870078,1.8184907874870078
153.78,153.0560044231779,0.7239955768220909,0.7239955768220909
535.18,520.400663759223,14.779336240776956,14.779336240776956
23.62,23.63802464495478,-0.01802464495477807,0.01802464495477807
121.85,123.68327356967625,-1.8332735696762512,1.8332735696762512
74.56,72.98266009580263,1.5773399041973732,1.5773399041973732
308.44,302.36992678305364,6.070073216946355,6.070073216946355
90.74,91.39587213711268,-0.6558721371126808,0.6558721371126808
287.6,286.92646742818977,0.6735325718102558,0.6735325718102558
36.06,37.82182250675962,-1.7618225067596143,1.7618225067596143
1863.33,1864.170596417118,-0.8405964171181495,0.8405964171181495
56.28,50.96169343425299,5.318306565747008,5.318306565747008
60.84,56.4697024295141,4.370297570485903,4.370297570485903
12.94,13.114604437950492,-0.1746044379504923,0.1746044379504923
2029.35,2003.518502361312,25.831497638688006,25.831497638688006
48.26,48.08980859465386,0.17019140534613797,0.17019140534613797
3.1,3.529491718197054,-0.4294917181970539,0.4294917181970539
5982.92,5692.398366974812,290.52163302518784,290.52163302518784
158.34,157.69404776371445,0.6459522362855523,0.6459522362855523
945.82,1006.6951502733808,-60.87515027338077,60.87515027338077
188.01,191.75772239865705,-3.7477223986570607,3.7477223986570607
40.65,41.24741438652725,-0.5974143865272481,0.5974143865272481
187.87,185.4508953833111,2.4191046166889123,2.4191046166889123
7.0,7.339327594318627,-0.33932759431862713,0.33932759431862713
16.22,16.16110206134325,0.05889793865674875,0.05889793865674875
129.35,129.10062781804697,0.2493721819530208,0.2493721819530208
33.05,35.20416139591412,-2.154161395914123,2.154161395914123
2.43,2.389638444619156,0.040361555380844294,0.040361555380844294
3.43,3.72289441441966,-0.2928944144196599,0.2928944144196599
15.45,15.35024347532446,0.09975652467553964,0.09975652467553964
400.74,411.7053165846127,-10.965316584612708,10.965316584612708
2.79,3.352322616620148,-0.5623226166201478,0.5623226166201478
48.11,45.93259694583542,2.1774030541645786,2.1774030541645786
28.07,31.857236610495956,-3.787236610495956,3.787236610495956
102.67,104.26461046648492,-1.594610466484923,1.594610466484923
114.01,112.66086147772069,1.3491385222793184,1.3491385222793184
135.08,135.25176257439307,-0.17176257439305687,0.17176257439305687
56.2,58.47628385303323,-2.2762838530332274,2.2762838530332274
252.94,252.311794078724,0.6282059212759918,0.6282059212759918
375.19,374.7549113780207,0.43508862197927556,0.43508862197927556
397.54,389.1370148997476,8.402985100252408,8.402985100252408
81.57,84.49787049182078,-2.9278704918207836,2.9278704918207836
145.03,144.24577185283573,0.7842281471642707,0.7842281471642707
65.26,63.64584090127792,1.6141590987220837,1.6141590987220837
11.0,10.867179371346424,0.13282062865357602,0.13282062865357602
3.14,3.529491718197054,-0.38949171819705386,0.38949171819705386
57.96,56.73332976349273,1.2266702365072675,1.2266702365072675
2.92,3.288938646087982,-0.3689386460879822,0.3689386460879822
24.04,23.769469470871567,0.27053052912843256,0.27053052912843256
419.94,425.8574049811861,-5.91740498118611,5.91740498118611
79.44,78.48820502799428,0.9517949720057146,0.9517949720057146
222.97,227.09966790048915,-4.129667900489153,4.129667900489153
56.12,53.91082969068034,2.20917030931966,2.20917030931966
108.33,106.95849562935122,1.371504370648779,1.371504370648779
42.5,44.7739407963674,-2.2739407963673983,2.2739407963673983
12.91,13.114604437950492,-0.20460443795049166,0.20460443795049166
386.6,383.2455720473199,3.354427952680112,3.354427952680112
52.06,52.539770751757445,-0.4797707517574423,0.4797707517574423
175.3,181.3719674729868,-6.071967472986785,6.071967472986785
11.34,11.709225214962546,-0.3692252149625457,0.3692252149625457
73.06,70.86362954332367,2.196370456676334,2.196370456676334
24.57,26.4602640701141,-1.8902640701140996,1.8902640701140996
107.35,108.7966644751563,-1.446664475156311,1.446664475156311
256.12,250.66444511964403,5.455554880355976,5.455554880355976
109.8,107.28354752133342,2.5164524786665794,2.5164524786665794
27.4,26.34236049346249,1.0576395065375088,1.0576395065375088
165.97,164.41098006695154,1.5590199330484609,1.5590199330484609
525.66,540.0372805225677,-14.37728052256773,14.37728052256773
85.76,84.98725077001933,0.7727492299806755,0.7727492299806755
6.73,6.992586173315256,-0.26258617331525524,0.26258617331525524
17.37,18.35488897985568,-0.984888979855679,0.984888979855679
13.4,13.28931379458109,0.11068620541890972,0.11068620541890972
417.14,413.8877943478072,3.2522056521927993,3.2522056521927993
131.46,130.86779915947378,0.5922008405262318,0.5922008405262318
56.72,56.62243300377208,0.09756699622791842,0.09756699622791842
12.83,14.045870389057416,-1.2158703890574163,1.2158703890574163
172.0,170.48131941842934,1.5186805815706634,1.5186805815706634
260.29,254.7300157869914,5.559984213008619,5.559984213008619
318.11,316.33207107055995,1.7779289294400655,1.7779289294400655
287.84,286.6640987202643,1.1759012797356831,1.1759012797356831
181.48,184.4344889632006,-2.9544889632006175,2.9544889632006175
73.6,71.23689625278516,2.3631037472148364,2.3631037472148364
97.33,94.4357748348141,2.894225165185901,2.894225165185901
26.14,27.46519726741608,-1.3251972674160797,1.3251972674160797
106.2,96.02468197718592,10.175318022814082,10.175318022814082
25.14,24.643651274932427,0.4963487250675733,0.4963487250675733
45.01,45.89948187705987,-0.8894818770598718,0.8894818770598718
388.14,387.2167668610947,0.9232331389052888,0.9232331389052888
10.21,10.665394860564613,-0.45539486056461165,0.45539486056461165
105.54,107.17896460779772,-1.6389646077977176,1.6389646077977176
117.11,118.3620367858163,-1.2520367858163013,1.2520367858163013
166.33,167.58851984564072,-1.2585198456407056,1.2585198456407056
84.74,86.1587829873279,-1.4187829873279014,1.4187829873279014
145.73,145.4998834797227,0.23011652027727791,0.23011652027727791
160.44,160.62463537878966,-0.18463537878966463,0.18463537878966463
25.28,25.27921928410917,0.0007807158908299527,0.0007807158908299527
263.2,264.9257317256833,-1.7257317256833176,1.7257317256833176
60.2,60.75303277936334,-0.5530327793633347,0.5530327793633347
139.0,138.33352130365736,0.6664786963426366,0.6664786963426366
9.87,9.99358659357444,-0.12358659357444068,0.12358659357444068
15.5,15.674636904200293,-0.17463690420029288,0.17463690420029288
103.6,103.38376516142796,0.21623483857203496,0.21623483857203496
11.63,12.31010608383692,-0.68010608383692,0.68010608383692
15.26,15.231968388139892,0.02803161186010783,0.02803161186010783
18.34,20.280945581804232,-1.9409455818042325,1.9409455818042325
28.16,28.99745525864571,-0.8374552586457114,0.8374552586457114
16.58,16.750598536144583,-0.17059853614458476,0.17059853614458476
10.98,11.585088717503856,-0.6050887175038557,0.6050887175038557
285.26,288.4071910617204,-3.1471910617204344,3.1471910617204344
6.69,7.143266404834844,-0.45326640483484404,0.45326640483484404
9.63,9.99358659357444,-0.3635865935744391,0.3635865935744391
5.87,6.07222777822216,-0.2022277782221602,0.2022277782221602
188.95,185.2321749870867,3.717825012913295,3.717825012913295
55.8,55.714850448508805,0.08514955149119174,0.08514955149119174
103.1,104.61080885076848,-1.510808850768484,1.510808850768484
61.6,60.75303277936334,0.8469672206366639,0.8469672206366639
77.58,77.93475209970161,-0.3547520997016136,0.3547520997016136
12.24,11.977200052065562,0.26279994793443784,0.26279994793443784
1123.72,1114.1270795360674,9.592920463932614,9.592920463932614
44.46,41.83727417218346,2.622725827816538,2.622725827816538
326.05,325.6456609759539,0.40433902404612354,0.40433902404612354
4.93,5.511707276201457,-0.581707276201457,0.581707276201457
21.01,20.998914046317957,0.011085953682044902,0.011085953682044902
50.42,50.83819847258852,-0.4181984725885215,0.4181984725885215
12.33,12.548997914218113,-0.21899791421811265,0.21899791421811265
4.09,4.420703624040996,-0.3307036240409964,0.3307036240409964
5.41,6.085180972076818,-0.6751809720768183,0.6751809720768183
11.35,11.848022659287986,-0.4980226592879866,0.4980226592879866
24.41,24.643651274932427,-0.2336512749324271,0.2336512749324271
54.26,49.398181423133614,4.8618185768663835,4.8618185768663835
75.44,74.52950042077552,0.9104995792244779,0.9104995792244779
121.8,119.3856754211664,2.4143245788336003,2.4143245788336003
3.46,3.9111127748145327,-0.4511127748145327,0.4511127748145327
8.1,8.141535584462725,-0.041535584462724984,0.041535584462724984
20.88,20.824593234481046,0.05540676551895274,0.05540676551895274
644.6,639.629815766463,4.9701842335369975,4.9701842335369975
454.31,450.4386471859177,3.871352814082286,3.871352814082286
13.36,13.525449457787344,-0.16544945778734466,0.16544945778734466
42.76,41.76264346162866,0.997356538371335,0.997356538371335
77.19,77.09737754925965,0.09262245074035036,0.09262245074035036
363.96,366.3531211152692,-2.393121115269196,2.393121115269196
73.46,69.58184786391593,3.8781521360840685,3.8781521360840685
5.86,6.07222777822216,-0.21222777822216,0.21222777822216
1449.95,1499.9883935029225,-50.03839350292242,50.03839350292242
110.07,108.3563844075964,1.713615592403599,1.713615592403599
741.04,727.8874637157293,13.152536284270695,13.152536284270695
552.56,552.6885615686442,-0.12856156864427248,0.12856156864427248
151.16,150.153265704786,1.0067342952139882,1.0067342952139882
18.14,18.33500306615316,-0.1950030661531592,0.1950030661531592
4010.4,3697.158675194569,313.2413248054313,313.2413248054313
23.51,22.941294686694288,0.5687053133057134,0.5687053133057134
69.51,75.11959541543952,-5.6095954154395145,5.6095954154395145
418.4,415.0256579593555,3.3743420406444784,3.3743420406444784
19.97,20.471312655626736,-0.5013126556267373,0.5013126556267373
248.79,248.07637977951228,0.7136202204877122,0.7136202204877122
109.68,107.1013059304634,2.57869406953661,2.57869406953661
530.75,533.4746246393177,-2.7246246393176534,2.7246246393176534
13.9,14.273497722304556,-0.37349772230455613,0.37349772230455613
12.81,13.114604437950492,-0.3046044379504913,0.3046044379504913
218.91,216.52160788897183,2.3883921110281676,2.3883921110281676
370.68,362.7312897761538,7.948710223846206,7.948710223846206
248.5,257.16814323417793,-8.668143234177933,8.668143234177933
19.16,18.776907427102387,0.38309257289761334,0.38309257289761334
33.46,33.60877320968133,-0.14877320968133034,0.14877320968133034
40.2,40.09673757189165,0.1032624281083514,0.1032624281083514
54.58,53.47243585481496,1.1075641451850373,1.1075641451850373
12.34,12.548468748877452,-0.20846874887745237,0.20846874887745237
488.13,487.79818491857486,0.33181508142513394,0.33181508142513394
6.57,7.054275745121684,-0.4842757451216837,0.4842757451216837
70.44,69.59341001377592,0.8465899862240747,0.8465899862240747
25.11,25.27921928410917,-0.16921928410917175,0.16921928410917175
32.31,31.75760931821897,0.5523906817810307,0.5523906817810307
24.79,27.56719812400419,-2.7771981240041903,2.7771981240041903
336.02,340.8138940365583,-4.793894036558299,4.793894036558299
83.83,83.8353191709953,-0.005319170995306877,0.005319170995306877
449.36,438.3002878469756,11.059712153024407,11.059712153024407
267.88,273.2383828404732,-5.358382840473212,5.358382840473212
148.82,145.42786997972834,3.392130020271651,3.392130020271651
9.75,9.99358659357444,-0.2435865935744399,0.2435865935744399
85.69,88.82020933441987,-3.130209334419874,3.130209334419874
30.43,31.829725686179167,-1.399725686179167,1.399725686179167
3.2,3.529491718197054,-0.3294917181970538,0.3294917181970538
333.04,334.5054232903959,-1.4654232903959041,1.4654232903959041
107.09,107.35150092646134,-0.2615009264613377,0.2615009264613377
10.82,11.39097802632592,-0.5709780263259194,0.5709780263259194
1.99,2.1208183312604607,-0.13081833126046072,0.13081833126046072
4.99,5.333210941579161,-0.34321094157916043,0.34321094157916043
14.82,15.16363270398548,-0.3436327039854792,0.3436327039854792
51.58,50.698993234603456,0.8810067653965419,0.8810067653965419
9.82,9.94497315390125,-0.12497315390124974,0.12497315390124974
20.92,20.998914046317957,-0.07891404631795496,0.07891404631795496
19.29,19.295772653122715,-0.005772653122715354,0.005772653122715354
32.45,31.09312863840379,1.3568713615962125,1.3568713615962125
11.36,11.848022659287986,-0.4880226592879868,0.4880226592879868
46.57,46.03919345498004,0.5308065450199635,0.5308065450199635
11.45,16.29596749085433,-4.845967490854331,4.845967490854331
14.33,14.547900659006832,-0.21790065900683153,0.21790065900683153
40.94,42.24407092428737,-1.3040709242873731,1.3040709242873731
55.56,55.88280437800204,-0.32280437800204,0.32280437800204
48.9,48.38676758738562,0.5132324126143786,0.5132324126143786
59.71,56.73332976349273,2.9766702365072675,2.9766702365072675
83.98,86.73853662842834,-2.758536628428331,2.758536628428331
25.29,30.766661207504477,-5.476661207504478,5.476661207504478
729.1,746.7219120975748,-17.62191209757475,17.62191209757475
203.12,197.31599067232165,5.804009327678358,5.804009327678358
40.0,39.85204706317574,0.14795293682426092,0.14795293682426092
19.09,19.46036443421392,-0.3703644342139185,0.3703644342139185
23.74,23.479284785924552,0.2607152140754465,0.2607152140754465
12.33,12.548997914218113,-0.21899791421811265,0.21899791421811265
182.82,180.63995013559503,2.180049864404964,2.180049864404964
38.92,39.79674054124767,-0.8767405412476705,0.8767405412476705
62.05,61.0375473667753,1.0124526332246973,1.0124526332246973
9.49,9.628319473466137,-0.1383194734661366,0.1383194734661366
12.73,13.114604437950492,-0.3846044379504914,0.3846044379504914
24.97,26.48484309849693,-1.5148430984969323,1.5148430984969323
10.62,10.867179371346424,-0.24717937134642476,0.24717937134642476
9.59,9.99358659357444,-0.40358659357444004,0.40358659357444004
24.16,23.769469470871567,0.39053052912843356,0.39053052912843356
176.64,180.50239583139256,-3.8623958313925755,3.8623958313925755
51.6,52.24151924381305,-0.6415192438130504,0.6415192438130504
89.41,86.46196002218483,2.9480399778151707,2.9480399778151707
10.49,10.402017786863317,0.08798221313668364,0.08798221313668364
131.44,129.89734312480232,1.5426568751976788,1.5426568751976788
108.0,109.87301700275654,-1.8730170027565407,1.8730170027565407
32.77,32.754462482761255,0.015537517238747967,0.015537517238747967
55.04,55.88280437800204,-0.8428043780020431,0.8428043780020431
81.26,80.99321402696883,0.2667859730311761,0.2667859730311761
97.94,99.34700807135516,-1.4070080713551647,1.4070080713551647
140.11,136.45813253084734,3.651867469152677,3.651867469152677
39.35,40.36156026400285,-1.0115602640028456,1.0115602640028456
408.6,413.97949125623455,-5.37949125623453,5.37949125623453
66.04,67.14746416966183,-1.1074641696618244,1.1074641696618244
33.67,33.34867943025958,0.321320569740422,0.321320569740422
16.86,17.015164238786014,-0.15516423878601415,0.15516423878601415
135.27,137.20123367300144,-1.9312336730014295,1.9312336730014295
166.62,165.8273080509971,0.792691949002915,0.792691949002915
2.6,4.896604807718564,-2.296604807718564,2.296604807718564
5.07,5.511707276201457,-0.44170727620145644,0.44170727620145644
184.22,182.83665683103783,1.3833431689621705,1.3833431689621705
58.32,54.43353283648021,3.8864671635197894,3.8864671635197894
711.76,698.8181488373482,12.941851162651801,12.941851162651801
91.66,90.0307913206415,1.6292086793584986,1.6292086793584986
30.56,30.29866981203391,0.2613301879660881,0.2613301879660881
168.99,167.89466405698607,1.0953359430139358,1.0953359430139358
932.31,917.4266024370291,14.8833975629708,14.8833975629708
23.84,23.63802464495478,0.2019753550452208,0.2019753550452208
1.84,1.8413178330768285,-0.001317833076828423,0.001317833076828423
27.6,27.173883000784187,0.4261169992158145,0.4261169992158145
198.03,208.5631409580668,-10.53314095806681,10.53314095806681
16.01,15.950045296333755,0.059954703666246445,0.059954703666246445
10.52,10.095146667424268,0.4248533325757311,0.4248533325757311
90.47,95.80120390454752,-5.331203904547522,5.331203904547522
27.3,11.728891782763403,15.571108217236597,15.571108217236597
207.23,205.78757421252692,1.44242578747307,1.44242578747307
329.92,334.5054232903959,-4.585423290395909,4.585423290395909
41.04,38.70761058639162,2.3323894136083823,2.3323894136083823
22.42,22.356906219769275,0.06309378023072654,0.06309378023072654
195.64,189.31240640105145,6.327593598948539,6.327593598948539
3.74,4.249650635896198,-0.5096506358961976,0.5096506358961976
28.6,28.41747022975582,0.18252977024418016,0.18252977024418016
300.61,301.2772058981427,-0.6672058981426972,0.6672058981426972
196.96,195.51865823018304,1.4413417698169724,1.4413417698169724
5.93,6.571756085731772,-0.6417560857317719,0.6417560857317719
189.51,188.16370766581156,1.3462923341884334,1.3462923341884334
482.11,481.1489255362489,0.9610744637511175,0.9610744637511175
13.69,13.67568223167978,0.014317768320220026,0.014317768320220026
24.64,26.63039242673582,-1.99039242673582,1.99039242673582
317.78,316.35056374098934,1.4294362590106289,1.4294362590106289
246.22,249.09936434126087,-2.8793643412608674,2.8793643412608674
88.08,89.04798845098361,-0.9679884509836114,0.9679884509836114
701.48,678.3599829722996,23.12001702770044,23.12001702770044
13.85,13.67568223167978,0.17431776832022017,0.17431776832022017
18.21,18.449305531779764,-0.23930553177976321,0.23930553177976321
50.8,50.11251509041466,0.6874849095853364,0.6874849095853364
230.56,230.38837872304464,0.17162127695536356,0.17162127695536356
22.65,23.385995197041748,-0.7359951970417491,0.7359951970417491
10.35,10.223573082231631,0.12642691776836834,0.12642691776836834
1877.68,1925.65673616914,-47.97673616913994,47.97673616913994
29.58,30.848619150108046,-1.268619150108048,1.268619150108048
345.55,349.4925912091817,-3.9425912091816713,3.9425912091816713
27.27,28.57469438947481,-1.304694389474811,1.304694389474811
34.61,35.06050123359085,-0.4505012335908489,0.4505012335908489
152.97,148.04466783105374,4.925332168946255,4.925332168946255
91.28,92.16044147778857,-0.8804414777885654,0.8804414777885654
226.47,231.21105909129747,-4.741059091297473,4.741059091297473
62.52,60.75303277936334,1.7669672206366656,1.7669672206366656
19.02,19.529994687693662,-0.5099946876936627,0.5099946876936627
158.78,158.31651526477913,0.46348473522087374,0.46348473522087374
12.37,11.937750125061402,0.4322498749385968,0.4322498749385968
28.74,28.41747022975582,0.32252977024417717,0.32252977024417717
14.57,14.58547630696362,-0.015476306963620345,0.015476306963620345
44.67,43.83901171375738,0.8309882862426221,0.8309882862426221
78.6,77.8613727811148,0.738627218885199,0.738627218885199
58.9,57.93053270655094,0.9694672934490569,0.9694672934490569
62.8,62.58923693733471,0.21076306266528633,0.21076306266528633
132.92,135.40071684356238,-2.4807168435623907,2.4807168435623907
15.79,15.838790521849903,-0.04879052184990407,0.04879052184990407
159.51,169.00550493887567,-9.495504938875683,9.495504938875683
17.66,17.645988273252964,0.01401172674703588,0.01401172674703588
12.97,13.056646974195488,-0.08664697419548695,0.08664697419548695
52.23,49.699643921896985,2.5303560781030114,2.5303560781030114
235.82,235.92371614593384,-0.10371614593384493,0.10371614593384493
26.62,27.790604574862037,-1.1706045748620362,1.1706045748620362
15.47,15.554343498746688,-0.08434349874668712,0.08434349874668712
120.79,117.71789356659065,3.0721064334093597,3.0721064334093597
12.6,14.366979785781876,-1.766979785781876,1.766979785781876
36.46,36.03173678620458,0.4282632137954181,0.4282632137954181
9.99,10.402017786863317,-0.41201778686331636,0.41201778686331636
242.11,236.60630275520043,5.503697244799582,5.503697244799582
234.29,227.84361131439903,6.446388685600965,6.446388685600965
57.18,56.62243300377208,0.5575669962279193,0.5575669962279193
16.22,16.16110206134325,0.05889793865674875,0.05889793865674875
258.14,254.7300157869914,3.4099842130085847,3.4099842130085847
406.87,407.1269347506109,-0.25693475061092386,0.25693475061092386
536.91,529.3560858343465,7.553914165653509,7.553914165653509
13.7,13.830591552130764,-0.130591552130765,0.130591552130765
43.36,41.76264346162866,1.5973565383713364,1.5973565383713364
11.31,11.848022659287986,-0.5380226592879858,0.5380226592879858
206.68,205.9532293584905,0.7267706415095176,0.7267706415095176
287.34,285.66883036553287,1.6711696344671054,1.6711696344671054
25.61,25.808409356804635,-0.19840935680463545,0.19840935680463545
9.51,9.628319473466137,-0.11831947346613703,0.11831947346613703
568.65,557.3036224530603,11.34637754693972,11.34637754693972
65.44,63.86004743958772,1.5799525604122806,1.5799525604122806
104.9,104.7816502295532,0.11834977044681239,0.11834977044681239
878.69,825.29376771976,53.39623228024004,53.39623228024004
19.42,19.529994687693662,-0.10999468769366061,0.10999468769366061
116.99,117.03718831898236,-0.04718831898236431,0.04718831898236431
156.04,159.87000977527268,-3.8300097752726856,3.8300097752726856
21.38,22.29380017673984,-0.9138001767398407,0.9138001767398407
76.38,74.82473832961551,1.555261670384482,1.555261670384482
66.68,63.76591256637934,2.914087433620665,2.914087433620665
309.0,302.67779949931634,6.322200500683664,6.322200500683664
21.62,21.823072014266906,-0.2030720142669047,0.2030720142669047
176.68,179.12071966361958,-2.440719663619575,2.440719663619575
12.26,12.548468748877452,-0.28846874887745244,0.28846874887745244
38.25,39.26447698943894,-1.0144769894389398,1.0144769894389398
707.65,724.5683356307094,-16.918335630709407,16.918335630709407
44.73,46.02902124463183,-1.299021244631831,1.299021244631831
99.29,98.91313245439996,0.3768675456000494,0.3768675456000494
2.17,2.4634919618033786,-0.29349196180337866,0.29349196180337866
53.4,54.07966113805147,-0.6796611380514719,0.6796611380514719
131.44,131.65773699333462,-0.2177369933346256,0.2177369933346256
19.31,19.395351023682448,-0.08535102368244907,0.08535102368244907
73.33,71.74918972765609,1.5808102723439106,1.5808102723439106
748.95,749.8700678899121,-0.9200678899120476,0.9200678899120476
29.72,29.300626125855302,0.4193738741446964,0.4193738741446964
95.05,92.69846437917052,2.3515356208294804,2.3515356208294804
16.12,16.16110206134325,-0.04110206134324912,0.04110206134324912
6.34,6.7758116029610855,-0.4358116029610857,0.4358116029610857
11.15,14.198438687847323,-3.048438687847323,3.048438687847323
28.25,28.338641082656395,-0.08864108265639459,0.08864108265639459
5.29,5.333210941579161,-0.04321094157916061,0.04321094157916061
498.15,493.9013292156154,4.248670784384558,4.248670784384558
26.57,27.790604574862037,-1.2206045748620369,1.2206045748620369
30.62,29.78891918161314,0.8310808183868623,0.8310808183868623
85.53,87.16805010529225,-1.6380501052922511,1.6380501052922511
1312.28,1346.6694938854034,-34.38949388540345,34.38949388540345
70.1,70.28444816978833,-0.18444816978833956,0.18444816978833956
43.1,41.76264346162866,1.3373565383713384,1.3373565383713384
4.84,5.565464622496228,-0.7254646224962285,0.7254646224962285
83.34,83.52987929530386,-0.18987929530385372,0.18987929530385372
203.24,205.67982252263693,-2.4398225226369163,2.4398225226369163
42.28,43.55679373566773,-1.2767937356677308,1.2767937356677308
22.7,22.76134025883378,-0.06134025883378058,0.06134025883378058
8.7,8.615098483500631,0.08490151649936806,0.08490151649936806
26.42,25.90013598784725,0.5198640121527518,0.5198640121527518
146.2,147.34067771107192,-1.1406777110719304,1.1406777110719304
5.87,6.118136008428582,-0.24813600842858197,0.24813600842858197
90.03,90.31722630243816,-0.2872263024381567,0.2872263024381567
170.63,169.07187386969224,1.5581261303077554,1.5581261303077554
137.72,136.7159234850828,1.0040765149171875,1.0040765149171875
333.62,340.8138940365583,-7.193894036558277,7.193894036558277
30.19,31.08421870499032,-0.894218704990319,0.894218704990319
6.89,7.437890927023522,-0.5478909270235226,0.5478909270235226
182.08,178.14611106503395,3.9338889349660633,3.9338889349660633
43.56,43.31984236521666,0.24015763478334406,0.24015763478334406
137.22,132.71924526919386,4.500754730806136,4.500754730806136
179.87,180.63995013559503,-0.7699501355950247,0.7699501355950247
71.63,70.61946361487254,1.0105363851274518,1.0105363851274518
4.32,9.589799631067857,-5.2697996310678565,5.2697996310678565
211.95,214.0221447942129,-2.072144794212903,2.072144794212903
15.33,15.35024347532446,-0.02024347532445958,0.02024347532445958
123.53,119.93378351146316,3.5962164885368395,3.5962164885368395
12.78,13.114604437950492,-0.33460443795049244,0.33460443795049244
153.47,151.91500510193134,1.5549948980686565,1.5549948980686565
33.81,33.321054075844856,0.48894592415514637,0.48894592415514637
22.32,21.12260418441332,1.197395815586681,1.197395815586681
175.89,175.7529642180439,0.13703578195608657,0.13703578195608657
4.54,4.772248746647042,-0.2322487466470422,0.2322487466470422
19.1,19.295772653122715,-0.19577265312271308,0.19577265312271308
4.68,5.114922377189962,-0.4349223771899622,0.4349223771899622
60.1,61.01715124761736,-0.9171512476173618,0.9171512476173618
23.46,24.4295557543391,-0.9695557543390976,0.9695557543390976
26.97,28.835216845141627,-1.865216845141628,1.865216845141628
484.91,487.6619078771447,-2.7519078771446743,2.7519078771446743
14.44,14.556810570275465,-0.11681057027546515,0.11681057027546515
157.44,159.03420020312902,-1.59420020312902,1.59420020312902
1072.32,1177.6364185001853,-105.31641850018536,105.31641850018536
638.65,644.1466056135502,-5.496605613550173,5.496605613550173
15.88,16.750598536144583,-0.8705985361445823,0.8705985361445823
107.95,113.03989798947129,-5.089897989471282,5.089897989471282
76.2,75.58921823772121,0.6107817622787906,0.6107817622787906
1.18,2.0643077787084763,-0.8843077787084763,0.8843077787084763
24.85,24.58464240928876,0.26535759071123977,0.26535759071123977
34.68,33.75732834523536,0.9226716547646419,0.9226716547646419
198.16,196.0919284628422,2.068071537157806,2.068071537157806
452.4,450.44327442627485,1.956725573725123,1.956725573725123
7.57,8.155462398301138,-0.5854623983011376,0.5854623983011376
36.98,39.49450566338356,-2.5145056633835665,2.5145056633835665
124.07,125.47719760105063,-1.4071976010506404,1.4071976010506404
452.88,450.14763412116,2.732365878839971,2.732365878839971
3.54,4.0655680449625775,-0.5255680449625775,0.5255680449625775
786.69,794.9540364024834,-8.264036402483384,8.264036402483384
61.16,55.51277760914346,5.647222390856534,5.647222390856534
3.24,3.529491718197054,-0.28949171819705377,0.28949171819705377
24.57,21.94068219904953,2.6293178009504707,2.6293178009504707
67.43,67.62749154332222,-0.19749154332221508,0.19749154332221508
37.89,37.41061085510134,0.47938914489866136,0.47938914489866136
13.84,13.90489747240151,-0.06489747240151011,0.06489747240151011
34.82,34.55627378596934,0.26372621403066177,0.26372621403066177
50.8,50.74634398989507,0.053656010104930374,0.053656010104930374
6.52,6.7758116029610855,-0.25581160296108596,0.25581160296108596
18.35,18.449305531779764,-0.09930553177976265,0.09930553177976265
12.72,13.056646974195488,-0.33664697419548695,0.33664697419548695
24.11,23.769469470871567,0.34053052912843285,0.34053052912843285
403.29,411.236827352046,-7.946827352046,7.946827352046
297.66,307.5611847113254,-9.901184711325357,9.901184711325357
175.94,174.13717472667636,1.8028252733236343,1.8028252733236343
19.26,19.529994687693662,-0.26999468769366075,0.26999468769366075
17.05,17.645988273252964,-0.5959882732529636,0.5959882732529636
154.01,149.20766936657657,4.8023306334234235,4.8023306334234235
456.11,450.1995285853948,5.91047141460524,5.91047141460524
92.44,92.28597030678904,0.15402969321095838,0.15402969321095838
82.7,85.12485657034303,-2.4248565703430245,2.4248565703430245
82.52,84.00410539826653,-1.4841053982665358,1.4841053982665358
6.3,6.548426337125212,-0.24842633712521245,0.24842633712521245
14.21,14.556810570275465,-0.3468105702754638,0.3468105702754638
21.95,22.007081302735937,-0.05708130273593781,0.05708130273593781
27.17,25.935724227354815,1.2342757726451872,1.2342757726451872
119.38,121.15978765536192,-1.779787655361929,1.779787655361929
27.84,27.173883000784187,0.6661169992158129,0.6661169992158129
16.77,17.22171441797075,-0.4517144179707522,0.4517144179707522
98.42,95.76847110699153,2.651528893008475,2.651528893008475
65.92,59.10859189770292,6.811408102297079,6.811408102297079
25.75,24.674086594117902,1.0759134058820976,1.0759134058820976
65.04,70.39074049816391,-5.350740498163901,5.350740498163901
22.07,21.12260418441332,0.9473958155866811,0.9473958155866811
1097.43,1197.4284783218998,-99.99847832189971,99.99847832189971
285.7,286.81173013542195,-1.1117301354219649,1.1117301354219649
133.65,134.58169439507537,-0.9316943950753682,0.9316943950753682
326.95,334.5054232903959,-7.555423290395936,7.555423290395936
1476.46,1768.8700380082066,-292.4100380082066,292.4100380082066
9.67,9.99358659357444,-0.32358659357444,0.32358659357444
965.49,984.09366551186,-18.60366551185996,18.60366551185996
820.04,840.085282274126,-20.045282274126066,20.045282274126066
18.36,17.803283962908566,0.5567160370914337,0.5567160370914337
26.71,27.46519726741608,-0.7551972674160794,0.7551972674160794
27.0,27.173883000784187,-0.17388300078418695,0.17388300078418695
96.58,100.13156622018464,-3.5515662201846396,3.5515662201846396
8.3,8.652431187404773,-0.35243118740477186,0.35243118740477186
97.19,97.03168981779896,0.15831018220103488,0.15831018220103488
46.43,44.75754633574301,1.6724536642569916,1.6724536642569916
175.31,175.6627310745547,-0.352731074554697,0.352731074554697
95.78,98.66502596318745,-2.885025963187445,2.885025963187445
58.92,56.73332976349273,2.1866702365072683,2.1866702365072683
15.3,17.011577319681894,-1.7115773196818935,1.7115773196818935
49.57,51.40905134177757,-1.8390513417775693,1.8390513417775693
18.23,18.449305531779764,-0.21930553177976364,0.21930553177976364
3.43,3.72289441441966,-0.2928944144196599,0.2928944144196599
15.73,15.838790521849903,-0.10879052184990279,0.10879052184990279
91.76,91.91865634042784,-0.15865634042783938,0.15865634042783938
2569.97,2489.5413601669384,80.42863983306142,80.42863983306142
28.98,30.07880407411327,-1.0988040741132679,1.0988040741132679
1.21,1.7848072805248434,-0.5748072805248434,0.5748072805248434
11.56,11.848022659287986,-0.28802265928798576,0.28802265928798576
5.9,6.379805494265498,-0.4798054942654977,0.4798054942654977
10.0,9.71702488237653,0.2829751176234705,0.2829751176234705
18.16,17.53318181743548,0.62681818256452,0.62681818256452
9.24,9.586507691653445,-0.34650769165344464,0.34650769165344464
534.7,521.8180674797236,12.88193252027645,12.88193252027645
51.7,51.020097645677936,0.679902354322067,0.679902354322067
74.95,74.26147260316147,0.6885273968385377,0.6885273968385377
39.03,40.00894617061199,-0.9789461706119909,0.9789461706119909
4.3,4.558034082049314,-0.25803408204931433,0.25803408204931433
14.35,16.17992890996605,-1.8299289099660516,1.8299289099660516
36.03,35.11737957035572,0.9126204296442779,0.9126204296442779
127.14,124.51617766405026,2.6238223359497397,2.6238223359497397
4.89,4.990537311036243,-0.10053731103624308,0.10053731103624308
122.9,119.19779960925966,3.7022003907403445,3.7022003907403445
89.02,91.24792642777706,-2.2279264277770636,2.2279264277770636
47.9,47.90683910114615,-0.006839101146148607,0.006839101146148607
62.98,61.01948296467104,1.9605170353289552,1.9605170353289552
135.25,138.26382537192868,-3.013825371928675,3.013825371928675
101.58,101.92858617696608,-0.3485861769660801,0.3485861769660801
177.1,177.20356830954734,-0.10356830954734164,0.10356830954734164
35.14,35.354864163508466,-0.21486416350846582,0.21486416350846582
22.82,23.323079534122872,-0.5030795341228718,0.5030795341228718
7.82,7.813668141917018,0.006331858082981867,0.006331858082981867
61.83,61.76582668043481,0.06417331956518524,0.06417331956518524
5.75,6.07222777822216,-0.3222277782221603,0.3222277782221603
12.14,12.410154893019218,-0.27015489301921747,0.27015489301921747
66.19,64.91977300372595,1.2702269962740473,1.2702269962740473
80.03,79.00049850286518,1.0295014971348166,1.0295014971348166
23.3,22.80453352587656,0.4954664741234396,0.4954664741234396
25.13,25.27921928410917,-0.14921928410917218,0.14921928410917218
131.27,130.17324497280345,1.096755027196565,1.096755027196565
83.47,84.98725077001933,-1.5172507700193307,1.5172507700193307
192.52,194.1026049083011,-1.5826049083010787,1.5826049083010787
227.54,227.3684193141757,0.17158068582429564,0.17158068582429564
32.83,31.09312863840379,1.736871361596208,1.736871361596208
189.82,196.2973184566308,-6.4773184566307975,6.4773184566307975
283.47,287.6044416564697,-4.134441656469676,4.134441656469676
13.49,13.634471586578735,-0.14447158657873516,0.14447158657873516
130.08,129.06876579853784,1.0112342014621731,1.0112342014621731
57.38,58.0724951547823,-0.6924951547823,0.6924951547823
894.93,924.6405455176742,-29.71054551767429,29.71054551767429
3.85,5.910984480253633,-2.0609844802536332,2.0609844802536332
33.41,34.560318805171164,-1.1503188051711675,1.1503188051711675
164.05,162.6446726031741,1.4053273968259248,1.4053273968259248
97.88,99.2327530887088,-1.352753088708809,1.352753088708809
3.4,3.7190818681520463,-0.3190818681520464,0.3190818681520464
31.81,31.54897709667176,0.2610229033282394,0.2610229033282394
15.35,15.231968388139892,0.11803161186010769,0.11803161186010769
6.28,6.326246979922936,-0.046246979922935694,0.046246979922935694
91.74,90.46775321512,1.2722467848799965,1.2722467848799965
362.61,348.1710421867039,14.4389578132961,14.4389578132961
6.73,7.437890927023522,-0.7078909270235219,0.7078909270235219
45.68,43.314040870885954,2.365959129114046,2.365959129114046
702.85,702.249324609466,0.6006753905339792,0.6006753905339792
21.18,21.50418903263475,-0.32418903263474874,0.32418903263474874
53.72,61.026581978726654,-7.306581978726655,7.306581978726655
267.42,264.6414852362953,2.7785147637047203,2.7785147637047203
102.0,106.53488709577908,-4.534887095779084,4.534887095779084
399.72,404.3425502123748,-4.62255021237479,4.62255021237479
2.22,2.4634919618033786,-0.2434919618033784,0.2434919618033784
953.55,964.8374911743924,-11.287491174392471,11.287491174392471
347.28,349.4381692621557,-2.158169262155752,2.158169262155752
2.48,5.356380558071204,-2.876380558071204,2.876380558071204
760.78,750.2743275699771,10.505672430022855,10.505672430022855
61.22,60.51632879878889,0.7036712012111082,0.7036712012111082
109.23,108.3597025806778,0.8702974193221991,0.8702974193221991
1056.36,1049.4853047251972,6.8746952748026615,6.8746952748026615
151.77,151.09866202081656,0.6713379791834484,0.6713379791834484
35.65,35.199843321721914,0.45015667827808414,0.45015667827808414
454.88,438.3822216135152,16.49777838648481,16.49777838648481
31.24,30.670645703580856,0.5693542964191423,0.5693542964191423
601.34,592.4678394867906,8.872160513209451,8.872160513209451
23.73,23.94657244092869,-0.2165724409286902,0.2165724409286902
171.26,169.6872585530961,1.5727414469039047,1.5727414469039047
4.26,9.062190634601198,-4.802190634601198,4.802190634601198
41.1,38.70761058639162,2.3923894136083845,2.3923894136083845
3209.8,3189.748466217306,20.05153378269415,20.05153378269415
285.04,286.92646742818977,-1.8864674281897464,1.8864674281897464
60.48,57.1172133704394,3.3627866295605955,3.3627866295605955
32.96,32.67863520066013,0.2813647993398689,0.2813647993398689
6.4,6.94332148562304,-0.5433214856230393,0.5433214856230393
130.48,128.37795805944705,2.1020419405529367,2.1020419405529367
268.95,273.2383828404732,-4.2883828404732185,4.2883828404732185
31.79,35.94652775094547,-4.156527750945472,4.156527750945472
44.44,41.83727417218346,2.602725827816535,2.602725827816535
12.75,12.816088863932704,-0.06608886393270375,0.06608886393270375
24.78,24.31667278468264,0.46332721531736,0.46332721531736
8.94,9.263514971837628,-0.32351497183762845,0.32351497183762845
263.28,265.4341214501734,-2.1541214501734203,2.1541214501734203
566.5,561.9908309645672,4.509169035432819,4.509169035432819
18.66,18.77536967870753,-0.11536967870753045,0.11536967870753045
126.24,125.76908235359556,0.47091764640443046,0.47091764640443046
21.67,21.12260418441332,0.5473958155866825,0.5473958155866825
16.82,19.30732211761041,-2.487322117610411,2.487322117610411
20.73,20.471312655626736,0.25868734437326424,0.25868734437326424
1.78,2.406981409251394,-0.6269814092513941,0.6269814092513941
545.6,525.4832301818417,20.116769818158332,20.116769818158332
798.82,776.720909397464,22.09909060253608,22.09909060253608
4.79,5.247684950802063,-0.4576849508020633,0.4576849508020633
3.11,3.529491718197054,-0.4194917181970541,0.4194917181970541
26.3,25.404121119816057,0.8958788801839432,0.8958788801839432
206.75,200.20649653112375,6.543503468876253,6.543503468876253
2.6,2.9202072123633074,-0.3202072123633073,0.3202072123633073
28.13,28.338641082656395,-0.20864108265639558,0.20864108265639558
442.98,443.6077502450027,-0.6277502450026873,0.6277502450026873
143.41,141.26009287853054,2.149907121469454,2.149907121469454
351.63,351.5558968273236,0.0741031726764163,0.0741031726764163
39.08,41.90263737239726,-2.82263737239726,2.82263737239726
174.28,181.03895620302305,-6.758956203023047,6.758956203023047
12.45,12.691660190054838,-0.24166019005483896,0.24166019005483896
43.71,44.486674845604654,-0.7766748456046528,0.7766748456046528
379.67,386.5713764547581,-6.901376454758065,6.901376454758065
331.84,327.8257859793537,4.01421402064625,4.01421402064625
68.28,66.70276704270233,1.5772329572976673,1.5772329572976673
3262.59,3825.99732622957,-563.4073262295697,563.4073262295697
35.03,35.199843321721914,-0.1698433217219133,0.1698433217219133
560.16,575.8718933971764,-15.711893397176482,15.711893397176482
836.47,839.1852837996804,-2.7152837996803783,2.7152837996803783
20.52,20.810307579899167,-0.2903075798991672,0.2903075798991672
58.98,61.29115599147794,-2.3111559914779463,2.3111559914779463
242.93,241.23354496316293,1.6964550368370794,1.6964550368370794
90.09,91.30530107333144,-1.2153010733314318,1.2153010733314318
45.08,46.074136467432766,-0.9941364674327673,0.9941364674327673
1.87,1.8413178330768285,0.028682166923171604,0.028682166923171604
117.77,117.6046999631636,0.16530003683639904,0.16530003683639904
479.3,468.883081714096,10.41691828590399,10.41691828590399
4.46,4.739770584084084,-0.2797705840840843,0.2797705840840843
252.6,251.3714511425187,1.228548857481286,1.228548857481286
56.96,58.698830962246895,-1.7388309622468938,1.7388309622468938
243.02,245.33679319484432,-2.3167931948443083,2.3167931948443083
46.51,48.10106006163596,-1.5910600616359645,1.5910600616359645
2.24,2.6160654736764197,-0.3760654736764195,0.3760654736764195
378.4,377.7002289219738,0.6997710780261741,0.6997710780261741
7.85,7.9626555789529885,-0.11265557895298883,0.11265557895298883
7.49,7.9626555789529885,-0.47265557895298826,0.47265557895298826
1014.23,1026.693070067097,-12.463070067097078,12.463070067097078
124.96,124.30653066251035,0.6534693374896392,0.6534693374896392
209.51,205.78757421252692,3.722425787473071,3.722425787473071
81.08,80.85164740281739,0.2283525971826066,0.2283525971826066
14.8,15.231968388139892,-0.43196838813989125,0.43196838813989125
25.35,25.808409356804635,-0.45840935680463346,0.45840935680463346
74.25,74.7200942561996,-0.47009425619960155,0.47009425619960155
335.44,331.70814550661305,3.7318544933869475,3.7318544933869475
10.15,10.884113462573731,-0.7341134625737311,0.7341134625737311
292.08,288.1129170408816,3.967082959118386,3.967082959118386
90.33,90.85741961157274,-0.5274196115727392,0.5274196115727392
85.5,80.23349167025563,5.266508329744369,5.266508329744369
34.93,37.05532528737646,-2.1253252873764623,2.1253252873764623
98.68,100.55264681322666,-1.8726468132266518,1.8726468132266518
123.14,123.80376922658276,-0.6637692265827582,0.6637692265827582
23.26,22.40672343109848,0.8532765689015207,0.8532765689015207
307.44,307.7287466503016,-0.2887466503016185,0.2887466503016185
268.07,277.6438776193804,-9.573877619380426,9.573877619380426
87.09,88.33495017418434,-1.2449501741843392,1.2449501741843392
699.06,705.8345670273503,-6.774567027350372,6.774567027350372
143.38,144.06709225015086,-0.6870922501508687,0.6870922501508687
33.02,33.60877320968133,-0.5887732096813281,0.5887732096813281
32.86,35.27010705403878,-2.4101070540387823,2.4101070540387823
26.69,29.05357454339827,-2.3635745433982684,2.3635745433982684
120.2,118.03633525396272,2.163664746037284,2.163664746037284
10.97,11.585088717503856,-0.6150887175038555,0.6150887175038555
78.72,78.26293286495752,0.45706713504247887,0.45706713504247887
84.65,90.49983697816783,-5.849836978167829,5.849836978167829
16.91,17.238900367383998,-0.32890036738399786,0.32890036738399786
20.89,21.479610004251917,-0.5896100042519166,0.5896100042519166
352.38,352.89720253745577,-0.5172025374557734,0.5172025374557734
26.94,27.173883000784187,-0.23388300078418567,0.23388300078418567
6.95,7.508882141758136,-0.5588821417581356,0.5588821417581356
97.24,95.76847110699153,1.4715288930084682,1.4715288930084682
18.82,18.77536967870753,0.04463032129246969,0.04463032129246969
8.14,8.306429662015608,-0.1664296620156076,0.1664296620156076
40.55,38.70761058639162,1.8423894136083803,1.8423894136083803
252.18,247.63246817131824,4.54753182868177,4.54753182868177
18.37,18.454033055749377,-0.08403305574937647,0.08403305574937647
8.72,9.129463058691377,-0.4094630586913759,0.4094630586913759
10.83,11.076239880401465,-0.24623988040146472,0.24623988040146472
18.21,17.57289258172494,0.6371074182750611,0.6371074182750611
29.32,28.928650234308364,0.39134976569163626,0.39134976569163626
124.84,124.69066846580324,0.1493315341967616,0.1493315341967616
10.4,10.80371946065284,-0.40371946065283915,0.40371946065283915
20.11,20.471312655626736,-0.36131265562673676,0.36131265562673676
190.39,195.0258590075381,-4.635859007538102,4.635859007538102
451.1,442.2721493103917,8.82785068960834,8.82785068960834
30.57,29.681851161168368,0.8881488388316328,0.8881488388316328
243.5,247.78220635096173,-4.282206350961729,4.282206350961729
36.87,36.37972491896937,0.49027508103062445,0.49027508103062445
49.36,48.46926646122573,0.8907335387742705,0.8907335387742705
17.3,17.298004282997386,0.001995717002614583,0.001995717002614583
164.55,166.21608576661347,-1.6660857666134632,1.6660857666134632
186.51,183.53669309995556,2.9733069000444345,2.9733069000444345
5.9,6.361308914400075,-0.4613089144000746,0.4613089144000746
93.58,95.78112204079078,-2.2011220407907786,2.2011220407907786
45.05,44.2165077268308,0.8334922731691989,0.8334922731691989
33.21,33.34867943025958,-0.13867943025957885,0.13867943025957885
717.24,696.2688188670722,20.971181132927768,20.971181132927768
34.28,33.34867943025958,0.9313205697404214,0.9313205697404214
266.5,264.9257317256833,1.5742682743166938,1.5742682743166938
75.1,74.53253608001152,0.5674639199884695,0.5674639199884695
30.72,29.502058526363207,1.2179414736367917,1.2179414736367917
64.19,63.80874056097274,0.3812594390272608,0.3812594390272608
4.55,4.739770584084084,-0.18977058408408443,0.18977058408408443
30.65,31.62065205362512,-0.9706520536251197,0.9706520536251197
10.31,10.884113462573731,-0.574113462573731,0.574113462573731
61.94,60.75303277936334,1.1869672206366602,1.1869672206366602
114.63,112.22389958324216,2.4061004167578375,2.4061004167578375
72.84,71.23689625278516,1.6031037472148455,1.6031037472148455
32.08,31.09312863840379,0.9868713615962079,0.9868713615962079
646.98,658.82690465829,-11.846904658289986,11.846904658289986
173.75,175.2490345363915,-1.4990345363914912,1.4990345363914912
88.18,91.4023103706588,-3.2223103706587892,3.2223103706587892
33.19,33.34867943025958,-0.15867943025958198,0.15867943025958198
6.8,7.437890927023522,-0.6378909270235225,0.6378909270235225
182.96,177.76506940173684,5.19493059826317,5.19493059826317
19.85,18.776907427102387,1.0730925728976146,1.0730925728976146
38.65,40.91972461613354,-2.2697246161335443,2.2697246161335443
77.36,76.45656287695667,0.9034371230433322,0.9034371230433322
65.3,63.77720655170175,1.5227934482982448,1.5227934482982448
10.92,10.6806177151937,0.2393822848063003,0.2393822848063003
14.27,15.51397607691565,-1.2439760769156507,1.2439760769156507
86.51,88.33495017418434,-1.8249501741843375,1.8249501741843375
69.58,70.83194549383103,-1.2519454938310304,1.2519454938310304
6.96,7.508882141758136,-0.5488821417581358,0.5488821417581358
28.69,30.599167602185805,-1.9091676021858035,1.9091676021858035
190.15,187.7047872759057,2.4452127240943184,2.4452127240943184
117.78,123.79165647488568,-6.011656474885683,6.011656474885683
84.83,84.97572765935126,-0.14572765935126597,0.14572765935126597
82.51,83.33864523719119,-0.8286452371911821,0.8286452371911821
35.55,35.95265599517299,-0.4026559951729922,0.4026559951729922
80.26,79.66086257800727,0.5991374219927366,0.5991374219927366
465.2,468.883081714096,-3.6830817140960335,3.6830817140960335
140.72,139.90579548864824,0.8142045113517611,0.8142045113517611
20.0,18.776907427102387,1.2230925728976132,1.2230925728976132
64.21,63.80874056097274,0.4012594390272568,0.4012594390272568
37.21,39.49450566338356,-2.2845056633835625,2.2845056633835625
6.41,6.7758116029610855,-0.3658116029610854,0.3658116029610854
137.49,139.38025750063605,-1.8902575006360394,1.8902575006360394
134.26,135.22583570674263,-0.965835706742638,0.965835706742638
48.57,48.00333626611154,0.5666637338884613,0.5666637338884613
18.04,18.619611737446785,-0.5796117374467862,0.5796117374467862
3.66,3.8629509209800457,-0.20295092098004552,0.20295092098004552
80.46,79.3953267036962,1.0646732963037948,1.0646732963037948
34.01,35.39887186817336,-1.3888718681733607,1.3888718681733607
5.8,6.361308914400075,-0.5613089144000751,0.5613089144000751
35.79,36.79480636967063,-1.0048063696706322,1.0048063696706322
16.15,16.16110206134325,-0.011102061343251535,0.011102061343251535
91.65,95.34155302136918,-3.691553021369174,3.691553021369174
22.71,22.29380017673984,0.41619982326016114,0.41619982326016114
25.88,24.51045829327332,1.3695417067266789,1.3695417067266789
427.85,421.6663926911394,6.183607308860644,6.183607308860644
27.87,29.676350090886107,-1.8063500908861059,1.8063500908861059
34.82,38.96629739287916,-4.146297392879163,4.146297392879163
6.95,7.262386716616038,-0.3123867166160377,0.3123867166160377
25.31,25.27921928410917,0.030780715890827537,0.030780715890827537
194.6,194.84726078459028,-0.24726078459028145,0.24726078459028145
10.59,10.402017786863317,0.18798221313668328,0.18798221313668328
442.72,460.1294790495048,-17.409479049504796,17.409479049504796
1.81,2.406981409251394,-0.5969814092513941,0.5969814092513941
120.05,118.47329714844123,1.576702851558764,1.576702851558764
114.28,114.32328324416612,-0.04328324416611906,0.04328324416611906
1.16,2.406981409251394,-1.2469814092513942,1.2469814092513942
333.5,331.70814550661305,1.7918544933869498,1.7918544933869498
463.14,463.3433700567198,-0.20337005671979114,0.20337005671979114
10.86,10.6806177151937,0.1793822848062998,0.1793822848062998
286.12,289.3705780117308,-3.250578011730795,3.250578011730795
704.4,679.5163893672109,24.8836106327891,24.8836106327891
109.28,106.58795296646612,2.692047033533882,2.692047033533882
223.35,223.6001569714701,-0.25015697147011906,0.25015697147011906
45.84,44.2165077268308,1.6234922731692052,1.6234922731692052
37.27,36.32189124495751,0.9481087550424903,0.9481087550424903
22.75,23.479284785924552,-0.7292847859245519,0.7292847859245519
15.86,16.544755367014556,-0.6847553670145565,0.6847553670145565
125.13,127.0514180578393,-1.921418057839304,1.921418057839304
39.27,38.55391861270922,0.7160813872907852,0.7160813872907852
9.7,9.716708518479448,-0.016708518479449097,0.016708518479449097
3.24,3.529491718197054,-0.28949171819705377,0.28949171819705377
1532.88,1546.8095488676165,-13.929548867616404,13.929548867616404
286.98,286.02477144705773,0.9552285529422875,0.9552285529422875
64.31,64.54183120674938,-0.2318312067493764,0.2318312067493764
237.8,226.5334754228549,11.266524577145105,11.266524577145105
87.27,88.38329064074972,-1.1132906407497245,1.1132906407497245
12.23,12.548997914218113,-0.3189979142181123,0.3189979142181123
124.84,125.68052446305784,-0.8405244630578323,0.8405244630578323
5.3,5.778253718546215,-0.478253718546215,0.478253718546215
62.11,60.75303277936334,1.3569672206366619,1.3569672206366619
90.68,92.4173374079276,-1.7373374079275976,1.7373374079275976
139.85,138.83350934806325,1.0164906519367491,1.0164906519367491
175.55,177.0687074054012,-1.5187074054011873,1.5187074054011873
17.2,17.645988273252964,-0.445988273252965,0.445988273252965
83.35,82.22163911291,1.1283608870899968,1.1283608870899968
5.36,5.676221669526573,-0.3162216695265725,0.3162216695265725
80.24,81.47445082709456,-1.2344508270945624,1.2344508270945624
34.7,33.75732834523536,0.942671654764645,0.942671654764645
17.7,18.288416151265256,-0.5884161512652568,0.5884161512652568
6.26,6.326246979922936,-0.06624697992293616,0.06624697992293616
29.5,28.10579609238605,1.3942039076139494,1.3942039076139494
54.4,51.05389688903887,3.346103110961131,3.346103110961131
66.79,65.74399989464995,1.0460001053500605,1.0460001053500605
15.24,14.530860414467709,0.7091395855322915,0.7091395855322915
2052.04,1991.052097602547,60.9879023974529,60.9879023974529
11.36,11.709225214962546,-0.3492252149625461,0.3492252149625461
6.5,6.7758116029610855,-0.27581160296108553,0.27581160296108553
111.02,113.70958565867248,-2.6895856586724847,2.6895856586724847
44.86,46.53196493110125,-1.6719649311012503,1.6719649311012503
74.27,74.75415514396776,-0.4841551439677687,0.4841551439677687
21.29,21.12260418441332,0.16739581558667993,0.16739581558667993
101.72,101.42793978302686,0.292060216973141,0.292060216973141
26.19,25.80386342305864,0.38613657694136094,0.38613657694136094
390.05,394.9840985198831,-4.934098519883094,4.934098519883094
544.54,555.2501297883051,-10.710129788305153,10.710129788305153
13.96,14.34240453134928,-0.38240453134927854,0.38240453134927854
30.57,31.52092781397529,-0.9509278139752908,0.9509278139752908
60.73,60.75303277936334,-0.023032779363340694,0.023032779363340694
60.63,57.24894162617049,3.381058373829511,3.381058373829511
35.24,38.76555468965654,-3.5255546896565377,3.5255546896565377
4.16,4.177850371848827,-0.01785037184882654,0.01785037184882654
32.78,32.548251446398496,0.2317485536015056,0.2317485536015056
80.75,79.89619063249106,0.8538093675089442,0.8538093675089442
30.33,30.36134688424183,-0.03134688424183096,0.03134688424183096
46.05,42.20373293044745,3.846267069552546,3.846267069552546
37.28,36.32189124495751,0.9581087550424883,0.9581087550424883
3.88,4.078029993498078,-0.19802999349807848,0.19802999349807848
121.89,119.49682161698463,2.3931783830153677,2.3931783830153677
26.96,27.173883000784187,-0.2138830007841861,0.2138830007841861
638.85,628.6247691374778,10.225230862522267,10.225230862522267
7.79,8.098318690521252,-0.3083186905212516,0.3083186905212516
482.16,489.1936598010754,-7.033659801075373,7.033659801075373
89.49,91.39587213711268,-1.9058721371126808,1.9058721371126808
1547.37,1500.7388497749307,46.63115022506918,46.63115022506918
63.05,63.80874056097274,-0.7587405609727398,0.7587405609727398
25.62,27.113779322910464,-1.4937793229104628,1.4937793229104628
13.04,13.25840539122524,-0.21840539122524127,0.21840539122524127
12.76,14.556789699478832,-1.7967896994788326,1.7967896994788326
149.94,148.37161950771852,1.5683804922814772,1.5683804922814772
11.65,12.102259770909416,-0.45225977090941605,0.45225977090941605
4.56,3.749147126646952,0.8108528733530478,0.8108528733530478
34.17,34.82114203995366,-0.6511420399536618,0.6511420399536618
67.75,67.65006634600827,0.0999336539917266,0.0999336539917266
319.0,320.8192516453935,-1.8192516453934786,1.8192516453934786
370.15,361.2164430785575,8.93355692144246,8.93355692144246
98.33,100.13156622018464,-1.8015662201846396,1.8015662201846396
16.58,16.91530366989494,-0.335303669894941,0.335303669894941
11.77,11.688431270760914,0.08156872923908587,0.08156872923908587
89.44,76.26820905429439,13.17179094570561,13.17179094570561
4.4,4.3970969535411655,0.0029030464588348792,0.0029030464588348792
28.89,31.41054953727176,-2.5205495372717586,2.5205495372717586
134.1,135.78812427964615,-1.6881242796461606,1.6881242796461606
19.62,19.395351023682448,0.2246489763175532,0.2246489763175532
5.07,5.511707276201457,-0.44170727620145644,0.44170727620145644
11.43,12.916453779040468,-1.4864537790404686,1.4864537790404686
1.08,2.406981409251394,-1.326981409251394,1.326981409251394
17.31,16.574849068732746,0.7351509312672526,0.7351509312672526
167.91,167.89466405698607,0.01533594301392327,0.01533594301392327
10.67,11.13835057419516,-0.4683505741951599,0.4683505741951599
7.22,7.339327594318627,-0.11932759431862738,0.11932759431862738
343.19,344.9419121624249,-1.751912162424901,1.751912162424901
216.0,216.52160788897183,-0.521607888971829,0.521607888971829
4.95,5.333210941579161,-0.38321094157916047,0.38321094157916047
105.01,106.53488709577908,-1.5248870957790785,1.5248870957790785
10.82,11.260234928274244,-0.4402349282742435,0.4402349282742435
14.16,14.518595065608611,-0.3585950656086112,0.3585950656086112
66.08,64.84792134613603,1.2320786538639652,1.2320786538639652
33.98,33.27398282521577,0.706017174784229,0.706017174784229
65.56,63.86004743958772,1.6999525604122852,1.6999525604122852
22.71,22.29380017673984,0.41619982326016114,0.41619982326016114
103.69,103.53216301609392,0.1578369839060798,0.1578369839060798
58.48,55.69645501373013,2.7835449862698667,2.7835449862698667
135.4,134.82224258273152,0.5777574172684865,0.5777574172684865
717.27,713.0328596090723,4.2371403909277205,4.2371403909277205
32.23,31.09312863840379,1.1368713615962065,1.1368713615962065
18.59,18.962570276298877,-0.37257027629887673,0.37257027629887673
81.29,84.37313106961561,-3.083131069615604,3.083131069615604
50.41,50.44723775068811,-0.037237750688113636,0.037237750688113636
26.63,26.594168079300847,0.03583192069915242,0.03583192069915242
24.27,23.769469470871567,0.500530529128433,0.500530529128433
21.53,21.12260418441332,0.4073958155866819,0.4073958155866819
66.61,66.77774786795374,-0.16774786795373586,0.16774786795373586
657.21,659.2828540057653,-2.0728540057652936,2.0728540057652936
206.33,205.6496898371463,0.6803101628537149,0.6803101628537149
11.39,11.848022659287986,-0.4580226592879857,0.4580226592879857
14.81,16.893302232497327,-2.083302232497326,2.083302232497326
586.12,592.0724882354924,-5.95248823549241,5.95248823549241
13.17,13.525449457787344,-0.35544945778734416,0.35544945778734416
24.72,24.79893022575666,-0.07893022575666109,0.07893022575666109
28.13,28.99745525864571,-0.8674552586457125,0.8674552586457125
81.22,84.37313106961561,-3.153131069615611,3.153131069615611
35.15,34.397566118658624,0.7524338813413749,0.7524338813413749
9.42,11.654920437931876,-2.2349204379318763,2.2349204379318763
85.17,84.58577657392726,0.5842234260727395,0.5842234260727395
98.96,100.13156622018464,-1.1715662201846442,1.1715662201846442
6.78,7.390600858571427,-0.6106008585714271,0.6106008585714271
769.74,749.7192949936523,20.020705006347725,20.020705006347725
100.94,100.14625572623548,0.7937442737645171,0.7937442737645171
87.52,86.49183287647844,1.0281671235215555,1.0281671235215555
4.24,5.412891110623188,-1.1728911106231878,1.1728911106231878
17.47,16.907894225800185,0.5621057741998143,0.5621057741998143
33.32,33.34867943025958,-0.02867943025957942,0.02867943025957942
10.3,10.884113462573731,-0.5841134625737308,0.5841134625737308
5.1,5.435580088003297,-0.3355800880032973,0.3355800880032973
68.12,68.01142091320631,0.10857908679369643,0.10857908679369643
33.45,33.60877320968133,-0.15877320968132835,0.15877320968132835
8.38,10.313765031762212,-1.9337650317622117,1.9337650317622117
102.79,99.29900047108396,3.490999528916049,3.490999528916049
23.0,22.93352252679825,0.06647747320175057,0.06647747320175057
46.77,47.86187186034133,-1.0918718603413282,1.0918718603413282
148.56,149.20504697162062,-0.6450469716206157,0.6450469716206157
5.21,5.333210941579161,-0.12321094157916068,0.12321094157916068
92.02,90.0307913206415,1.989208679358498,1.989208679358498
18.44,18.449305531779764,-0.009305531779762788,0.009305531779762788
88.42,86.95599477437023,1.4640052256297764,1.4640052256297764
251.28,248.00901819616,3.2709818038399874,3.2709818038399874
25.18,28.53256628253718,-3.352566282537179,3.352566282537179
190.91,189.7457555955197,1.1642444044802858,1.1642444044802858
22.23,21.12260418441332,1.1073958155866812,1.1073958155866812
36.33,35.99922276093616,0.3307772390638348,0.3307772390638348
209.95,205.78757421252692,4.162425787473069,4.162425787473069
133.15,136.39268123225884,-3.242681232258832,3.242681232258832
451.73,447.803648596317,3.926351403683043,3.926351403683043
23.15,24.9816974742776,-1.8316974742776004,1.8316974742776004
39.02,40.72792606134383,-1.7079260613438265,1.7079260613438265
26.48,27.639583145593235,-1.1595831455932348,1.1595831455932348
68.72,68.02800273736341,0.6919972626365904,0.6919972626365904
246.58,248.0409374798725,-1.4609374798724843,1.4609374798724843
488.48,499.9359086337072,-11.455908633707168,11.455908633707168
564.84,571.1522702569621,-6.3122702569620515,6.3122702569620515
13.3,13.28931379458109,0.010686205418910077,0.010686205418910077
76.38,67.08171163375627,9.298288366243725,9.298288366243725
19.72,19.548008249186765,0.17199175081323403,0.17199175081323403
713.74,725.3497085239294,-11.609708523929385,11.609708523929385
3.58,4.0655680449625775,-0.48556804496257744,0.48556804496257744
118.49,118.91014487611304,-0.4201448761130422,0.4201448761130422
17.69,18.288416151265256,-0.5984161512652548,0.5984161512652548
532.56,559.6569330225255,-27.096933022525604,27.096933022525604
52.26,52.096149535707504,0.16385046429249428,0.16385046429249428
101.57,100.93928104532488,0.6307189546751175,0.6307189546751175
8.11,8.141535584462725,-0.0315355844627252,0.0315355844627252
35.62,37.69210315291898,-2.0721031529189844,2.0721031529189844
591.78,590.520273864409,1.259726135590995,1.259726135590995
15.16,15.231968388139892,-0.07196838813989181,0.07196838813989181
6.34,6.94332148562304,-0.6033214856230398,0.6033214856230398
113.17,112.66086147772069,0.509138522279315,0.509138522279315
215.38,219.76514529908047,-4.385145299080477,4.385145299080477
66.67,62.69713141646904,3.9728685835309605,3.9728685835309605
33.08,36.05018493844865,-2.9701849384486536,2.9701849384486536
27.19,27.173883000784187,0.01611699921581433,0.01611699921581433
71.96,72.65784118131438,-0.6978411813143879,0.6978411813143879
250.5,249.827063478604,0.6729365213959966,0.6729365213959966
23.96,24.063936353449083,-0.10393635344908247,0.10393635344908247
2.5,2.6160654736764197,-0.11606547367641973,0.11606547367641973
15.0,19.14316689365059,-4.143166893650591,4.143166893650591
15.3,15.35024347532446,-0.05024347532445894,0.05024347532445894
61.77,60.46477210862879,1.30522789137121,1.30522789137121
61.6,62.81786544396779,-1.2178654439677885,1.2178654439677885
130.15,129.11446098948508,1.035539010514924,1.035539010514924
66.48,65.5053597241254,0.9746402758746058,0.9746402758746058
3.85,4.044687423014816,-0.19468742301481567,0.19468742301481567
14.71,15.678870154468536,-0.9688701544685347,0.9688701544685347
2.54,5.356380558071204,-2.816380558071204,2.816380558071204
410.13,413.63018307685496,-3.5001830768549667,3.5001830768549667
7.95,8.141535584462725,-0.19153558446272445,0.19153558446272445
6.92,7.508882141758136,-0.5888821417581358,0.5888821417581358
54.74,55.27557909476554,-0.5355790947655379,0.5355790947655379
6.72,7.390600858571427,-0.6706008585714276,0.6706008585714276
16.6,16.289805284955136,0.3101947150448652,0.3101947150448652
2.77,2.9202072123633074,-0.15020721236330736,0.15020721236330736
63.82,64.5632181339098,-0.7432181339097994,0.7432181339097994
211.04,210.3548707832623,0.6851292167376926,0.6851292167376926
26.05,28.88252935757388,-2.832529357573879,2.832529357573879
50.18,49.35158599079045,0.8284140092095527,0.8284140092095527
1532.24,1567.1372332714604,-34.897233271460436,34.897233271460436
28.3,27.8146702010338,0.48532979896620176,0.48532979896620176
33.14,32.610674712098955,0.5293252879010453,0.5293252879010453
29.73,29.300626125855302,0.42937387414469796,0.42937387414469796
19.2,19.395351023682448,-0.1953510236824485,0.1953510236824485
13.97,14.34240453134928,-0.37240453134927876,0.37240453134927876
3.16,3.529491718197054,-0.36949171819705384,0.36949171819705384
13.36,13.90489747240151,-0.5448974724015105,0.5448974724015105
28.59,28.41747022975582,0.1725297702441786,0.1725297702441786
14.83,15.231968388139892,-0.4019683881398919,0.4019683881398919
76.2,83.65134543582772,-7.451345435827719,7.451345435827719
761.52,747.8501754999206,13.669824500079358,13.669824500079358
121.36,119.19779960925966,2.162200390740338,2.162200390740338
26.53,26.594168079300847,-0.06416807930084545,0.06416807930084545
47.08,45.93259694583542,1.1474030541645774,1.1474030541645774
25.35,25.808409356804635,-0.45840935680463346,0.45840935680463346
70.98,70.90384017753188,0.07615982246812791,0.07615982246812791
43.86,42.48870369367565,1.3712963063243464,1.3712963063243464
15.83,15.838790521849903,-0.008790521849903143,0.008790521849903143
30.06,30.39419252414788,-0.3341925241478805,0.3341925241478805
117.32,114.75269764202346,2.56730235797653,2.56730235797653
18.97,17.803283962908566,1.1667160370914331,1.1667160370914331
71.81,71.96659251930046,-0.15659251930046025,0.15659251930046025
53.6,56.23386925933938,-2.6338692593393773,2.6338692593393773
43.28,46.38296233793714,-3.102962337937136,3.102962337937136
64.59,63.27257419181637,1.3174258081836356,1.3174258081836356
55.54,56.71833526254292,-1.178335262542923,1.178335262542923
7.41,7.716993113252487,-0.3069931132524868,0.3069931132524868
767.25,784.7782651130367,-17.528265113036696,17.528265113036696
267.04,267.5800901130957,-0.5400901130956868,0.5400901130956868
53.17,53.47243585481496,-0.30243585481495927,0.30243585481495927
142.6,142.1477151582438,0.4522848417561818,0.4522848417561818
119.18,125.06842520887302,-5.8884252088730165,5.8884252088730165
20.08,20.608799295526367,-0.528799295526369,0.528799295526369
613.14,626.1371380133983,-12.997138013398285,12.997138013398285
160.9,161.07246542334522,-0.17246542334521564,0.17246542334521564
29.07,31.97250612820773,-2.9025061282077296,2.9025061282077296
112.43,112.67520329581424,-0.2452032958142354,0.2452032958142354
2.24,2.6160654736764197,-0.3760654736764195,0.3760654736764195
482.28,483.5267628846559,-1.2467628846559364,1.2467628846559364
9.7,9.99358659357444,-0.2935865935744406,0.2935865935744406
255.03,256.20032660877075,-1.1703266087707505,1.1703266087707505
2.02,2.4634919618033786,-0.4434919618033786,0.4434919618033786
12.48,13.206793601736829,-0.7267936017368282,0.7267936017368282
263.74,264.9257317256833,-1.185731725683297,1.185731725683297
172.66,169.25029665861763,3.409703341382368,3.409703341382368
95.05,97.82682801851992,-2.7768280185199217,2.7768280185199217
13.92,14.34240453134928,-0.42240453134927947,0.42240453134927947
66.27,74.1970825689609,-7.927082568960898,7.927082568960898
39.59,38.62211310625686,0.9678868937431417,0.9678868937431417
73.47,70.86362954332367,2.6063704566763306,2.6063704566763306
112.91,111.99827015259,0.9117298474100011,0.9117298474100011
8.29,8.306429662015608,-0.016429662015609026,0.016429662015609026
203.0,204.08617628076365,-1.0861762807636524,1.0861762807636524
194.49,193.48029724327847,1.0097027567215378,1.0097027567215378
192.7,189.31240640105145,3.3875935989485413,3.3875935989485413
16.68,16.351856125669205,0.32814387433079517,0.32814387433079517
146.65,143.9561932988548,2.6938067011452063,2.6938067011452063
59.68,59.91752169472181,-0.2375216947218135,0.2375216947218135
5.54,5.930240871227348,-0.3902408712273484,0.3902408712273484
95.46,95.76847110699153,-0.3084711069915329,0.3084711069915329
604.85,590.5191940956512,14.330805904348836,14.330805904348836
606.71,601.9346403247288,4.775359675271261,4.775359675271261
231.43,234.66607908327697,-3.2360790832769624,3.2360790832769624
131.4,135.40071684356238,-4.000716843562373,4.000716843562373
290.04,287.6044416564697,2.4355583435303174,2.4355583435303174
269.08,274.32728422274363,-5.2472842227436445,5.2472842227436445
34.77,34.07489763463727,0.695102365362736,0.695102365362736
100.72,92.00162738881606,8.718372611183938,8.718372611183938
8.72,9.21988828017726,-0.4998882801772595,0.4998882801772595
190.61,189.7457555955197,0.8642444044803028,0.8642444044803028
736.33,758.3608511476116,-22.030851147611543,22.030851147611543
82.38,83.59792510616353,-1.217925106163534,1.217925106163534
116.53,114.47755791053228,2.052442089467718,2.052442089467718
36.22,37.38824904869199,-1.1682490486919903,1.1682490486919903
64.32,62.688032150055285,1.631967849944708,1.631967849944708
48.12,48.0858351399517,0.03416486004829977,0.03416486004829977
455.53,463.3433700567198,-7.813370056719805,7.813370056719805
69.0,65.74635365684875,3.253646343151246,3.253646343151246
76.67,77.53520871163118,-0.8652087116311833,0.8652087116311833
2.4,2.6160654736764197,-0.21606547367641982,0.21606547367641982
216.25,215.8421075219194,0.4078924780806119,0.4078924780806119
16.26,17.864358365148234,-1.604358365148233,1.604358365148233
3.84,4.027465314305163,-0.18746531430516278,0.18746531430516278
26.96,26.009158116638645,0.9508418833613561,0.9508418833613561
827.06,846.2585038124572,-19.19850381245726,19.19850381245726
4.98,5.1708864101926,-0.19088641019259978,0.19088641019259978
48.54,47.870100496720816,0.6698995032791828,0.6698995032791828
19.3,18.65165674658828,0.6483432534117206,0.6483432534117206
34.37,33.44389472008654,0.9261052799134575,0.9261052799134575
22.49,22.661115474220857,-0.1711154742208585,0.1711154742208585
794.42,774.7951765911042,19.624823408895736,19.624823408895736
3.5,3.7190818681520463,-0.21908186815204633,0.21908186815204633
189.83,204.30744806847048,-14.477448068470466,14.477448068470466
26.43,26.594168079300847,-0.16416807930084687,0.16416807930084687
873.75,884.8609586293759,-11.110958629375887,11.110958629375887
310.76,301.8522730398228,8.907726960177172,8.907726960177172
290.71,286.8719182268158,3.8380817731841717,3.8380817731841717
9.73,9.68448176050003,0.04551823949996958,0.04551823949996958
19.16,19.55475951225844,-0.39475951225843886,0.39475951225843886
138.77,133.74184185675043,5.028158143249584,5.028158143249584
181.28,180.63995013559503,0.6400498644049719,0.6400498644049719
97.47,92.2932522353398,5.176747764660192,5.176747764660192
3.39,3.9111127748145327,-0.5211127748145326,0.5211127748145326
7.11,7.339327594318627,-0.22932759431862682,0.22932759431862682
4.25,4.558034082049314,-0.30803408204931415,0.30803408204931415
591.3,567.0674214273209,24.232578572679017,24.232578572679017
36.03,35.53276708303744,0.49723291696255956,0.49723291696255956
34.03,35.12464731275717,-1.0946473127571679,1.0946473127571679
227.18,226.90167790744977,0.27832209255024054,0.27832209255024054
408.24,414.69583786696575,-6.455837866965737,6.455837866965737
65.08,63.86004743958772,1.2199525604122812,1.2199525604122812
266.49,263.6680946630264,2.8219053369736002,2.8219053369736002
406.43,395.1826092168994,11.247390783100627,11.247390783100627
10.23,10.223573082231631,0.0064269177683691225,0.0064269177683691225
55.13,50.88105530737676,4.24894469262324,4.24894469262324
6.72,6.4796018324407685,0.24039816755923127,0.24039816755923127
57.6,55.69645501373013,1.9035449862698712,1.9035449862698712
42.58,44.7739407963674,-2.1939407963674,2.1939407963674
109.36,112.92243817620702,-3.5624381762070243,3.5624381762070243
18.21,18.449305531779764,-0.23930553177976321,0.23930553177976321
3.51,2.4366565941285896,1.0733434058714102,1.0733434058714102
144.14,145.59278707382248,-1.452787073822492,1.452787073822492
9.73,13.88638824911052,-4.15638824911052,4.15638824911052
204.78,206.98644570799195,-2.2064457079919464,2.2064457079919464
564.22,570.8151036412863,-6.5951036412863004,6.5951036412863004
88.53,89.4971383082419,-0.9671383082418998,0.9671383082418998
30.12,29.373035197584365,0.7469648024156363,0.7469648024156363
8.62,10.648256770694315,-2.028256770694316,2.028256770694316
6.0,6.07222777822216,-0.07222777822216031,0.07222777822216031
113.31,111.90545789587009,1.4045421041299164,1.4045421041299164
1023.48,1031.8229492218638,-8.342949221863819,8.342949221863819
30.25,29.422884860632863,0.8271151393671374,0.8271151393671374
44.65,44.95050957787237,-0.30050957787236854,0.30050957787236854
887.26,864.0657889576586,23.194211042341408,23.194211042341408
567.05,557.6642578534583,9.385742146541702,9.385742146541702
24.71,24.79893022575666,-0.0889302257566591,0.0889302257566591
12.1,12.166269847924612,-0.06626984792461244,0.06626984792461244
108.3,107.62751888430024,0.6724811156997532,0.6724811156997532
25.44,26.94055312846661,-1.5005531284666098,1.5005531284666098
6.8,7.131216622824273,-0.33121662282427344,0.33121662282427344
246.98,247.88056851424656,-0.9005685142465722,0.9005685142465722
242.14,239.52790768452516,2.6120923154748255,2.6120923154748255
97.3,98.9735755693978,-1.6735755693977978,1.6735755693977978
69.44,66.78560793058831,2.654392069411685,2.654392069411685
13.4,13.521967913656528,-0.12196791365652793,0.12196791365652793
524.86,530.7178276637499,-5.857827663749845,5.857827663749845
18.64,18.619611737446785,0.02038826255321524,0.02038826255321524
28.37,27.11165098554582,1.2583490144541827,1.2583490144541827
108.54,105.59321045963848,2.9467895403615216,2.9467895403615216
42.01,41.53695805989881,0.47304194010119005,0.47304194010119005
8.76,9.129463058691377,-0.36946305869137674,0.36946305869137674
10.69,10.6806177151937,0.009382284806299879,0.009382284806299879
10.33,10.80371946065284,-0.47371946065283943,0.47371946065283943
51.34,48.86360379931035,2.4763962006896563,2.4763962006896563
330.23,331.42678065675807,-1.196780656758051,1.196780656758051
144.73,144.24577185283573,0.4842281471642593,0.4842281471642593
284.34,287.6044416564697,-3.264441656469728,3.264441656469728
6.57,6.715113173388371,-0.1451131733883706,0.1451131733883706
156.95,156.0898848117141,0.8601151882859028,0.8601151882859028
125.61,125.3783390015436,0.2316609984564053,0.2316609984564053
116.91,117.55418198323804,-0.6441819832380418,0.6441819832380418
367.02,362.8397575195944,4.180242480405582,4.180242480405582
49.53,57.67020620321331,-8.14020620321331,8.14020620321331
33.69,33.60877320968133,0.08122679031866653,0.08122679031866653
244.01,243.8215725392452,0.1884274607547809,0.1884274607547809
197.9,198.13289678245627,-0.23289678245626533,0.23289678245626533
368.04,357.176964477797,10.863035522203006,10.863035522203006
351.85,349.6433641054415,2.2066358945585307,2.2066358945585307
308.78,302.67779949931634,6.102200500683637,6.102200500683637
136.54,135.95571933778038,0.5842806622196122,0.5842806622196122
2.81,2.828661237426916,-0.018661237426916166,0.018661237426916166
28.09,27.8146702010338,0.2753297989662009,0.2753297989662009
238.26,237.8639398178573,0.39606018214269056,0.39606018214269056
33.8,33.16569410997277,0.6343058900272283,0.6343058900272283
313.12,314.2505310155201,-1.1305310155200914,1.1305310155200914
42.36,41.00084187113724,1.3591581288627594,1.3591581288627594
7.51,7.9626555789529885,-0.4526555789529887,0.4526555789529887
92.95,91.22341834204916,1.7265816579508453,1.7265816579508453
4.54,4.739770584084084,-0.1997705840840842,0.1997705840840842
2204.39,2301.78389302856,-97.39389302856034,97.39389302856034
73.94,73.85158689812857,0.08841310187142426,0.08841310187142426
26.24,27.46519726741608,-1.2251972674160818,1.2251972674160818
49.15,46.11047735838805,3.0395226416119456,3.0395226416119456
8.37,8.680227050230608,-0.31022705023060837,0.31022705023060837
15.34,15.654813193882852,-0.314813193882852,0.314813193882852
23.01,22.93352252679825,0.07647747320175213,0.07647747320175213
14.57,14.547900659006832,0.02209934099316868,0.02209934099316868
7.64,7.933424612968367,-0.2934246129683675,0.2934246129683675
78.71,80.38322989467626,-1.6732298946762683,1.6732298946762683
15.61,15.35024347532446,0.2597565246755398,0.2597565246755398
77.43,83.98528220919913,-6.55528220919912,6.55528220919912
868.5,860.404475900188,8.095524099811996,8.095524099811996
6.88,7.262386716616038,-0.38238671661603796,0.38238671661603796
80.16,76.04087738643155,4.11912261356845,4.11912261356845
6.03,6.644204883155484,-0.6142048831554838,0.6142048831554838
35.71,37.05532528737646,-1.3453252873764612,1.3453252873764612
52.63,58.55018915738099,-5.920189157380989,5.920189157380989
2184.99,2229.402148974192,-44.412148974192405,44.412148974192405
214.96,219.3520362788232,-4.392036278823184,4.392036278823184
3.36,4.896604807718564,-1.5366048077185641,1.5366048077185641
22.36,21.12260418441332,1.2373958155866802,1.2373958155866802
2.0,1.932923194059227,0.06707680594077292,0.06707680594077292
1.51,1.5589865480094445,-0.048986548009444464,0.048986548009444464
142.24,141.74540306644917,0.494596933550838,0.494596933550838
54.06,58.92008236954475,-4.860082369544749,4.860082369544749
24.38,24.643651274932427,-0.26365127493242824,0.26365127493242824
57.58,53.95700785598414,3.6229921440158606,3.6229921440158606
182.96,178.02571158332182,4.934288416678186,4.934288416678186
213.31,213.186121067419,0.12387893258099325,0.12387893258099325
567.94,557.9068230929684,10.033176907031702,10.033176907031702
5.18,5.333210941579161,-0.15321094157916093,0.15321094157916093
462.22,469.45809621208406,-7.238096212084031,7.238096212084031
19.03,21.191328532051116,-2.1613285320511153,2.1613285320511153
52.5,52.50213647455404,-0.0021364745540424224,0.0021364745540424224
4.36,4.558034082049314,-0.19803408204931383,0.19803408204931383
8.08,8.141535584462725,-0.06153558446272456,0.06153558446272456
24.74,24.58464240928876,0.15535759071123678,0.15535759071123678
20.73,22.132646499984183,-1.4026464999841828,1.4026464999841828
330.67,333.3250156667223,-2.6550156667223064,2.6550156667223064
11.97,12.166269847924612,-0.19626984792461144,0.19626984792461144
29.43,28.41747022975582,1.0125297702441785,1.0125297702441785
39.23,40.242235400280826,-1.0122354002808294,1.0122354002808294
81.4,72.90233001656715,8.497669983432857,8.497669983432857
218.12,215.6693288513414,2.450671148658614,2.450671148658614
36.85,36.259549157315966,0.5904508426840351,0.5904508426840351
7.76,7.9626555789529885,-0.2026555789529887,0.2026555789529887
29.06,28.41747022975582,0.6425297702441775,0.6425297702441775
35.79,35.53276708303744,0.25723291696255757,0.25723291696255757
211.89,207.5291175151416,4.360882484858394,4.360882484858394
6.05,6.567700631466732,-0.5177006314667318,0.5177006314667318
19.95,19.90826357417775,0.04173642582225057,0.04173642582225057
86.75,87.03079969857085,-0.28079969857084564,0.28079969857084564
250.21,246.7513811335031,3.45861886649692,3.45861886649692
30.1,29.72788347187977,0.3721165281202303,0.3721165281202303
33.96,33.34867943025958,0.6113205697404211,0.6113205697404211
410.09,415.5457846900633,-5.455784690063297,5.455784690063297
99.75,100.74357176231857,-0.9935717623185667,0.9935717623185667
34.03,35.01001327461702,-0.980013274617022,0.980013274617022
156.21,160.6316540235458,-4.421654023545784,4.421654023545784
57.16,57.93053270655094,-0.7705327065509451,0.7705327065509451
49.04,49.40786179085089,-0.3678617908508883,0.3678617908508883
46.68,44.34036654677048,2.339633453229517,2.339633453229517
72.29,77.76027696522127,-5.4702769652212595,5.4702769652212595
9.28,9.721816302091616,-0.4418163020916168,0.4418163020916168
56.38,57.00830199167383,-0.6283019916738297,0.6283019916738297
324.96,321.77154249455646,3.188457505443523,3.188457505443523
17.89,17.774427961857715,0.115572038142286,0.115572038142286
24.12,26.16714710654677,-2.0471471065467703,2.0471471065467703
59.49,57.88013403342728,1.6098659665727197,1.6098659665727197
58.94,57.8296160535017,1.1103839464982954,1.1103839464982954
49.6,50.119028410259546,-0.5190284102595442,0.5190284102595442
72.57,71.18653569658566,1.3834643034143284,1.3834643034143284
226.4,228.4148684012129,-2.014868401212908,2.014868401212908
60.81,60.75303277936334,0.056967220636664706,0.056967220636664706
4.56,4.772248746647042,-0.21224874664704263,0.21224874664704263
144.22,147.19008724425066,-2.9700872442506636,2.9700872442506636
9.15,9.14925142570696,0.0007485742930395389,0.0007485742930395389
133.27,135.84457314196217,-2.574573141962162,2.574573141962162
24.11,23.727857557795897,0.38214244220410265,0.38214244220410265
40.05,41.26356245092212,-1.213562450922126,1.213562450922126
79.27,81.42586423918291,-2.155864239182918,2.155864239182918
29.57,31.15295172918543,-1.582951729185428,1.582951729185428
84.66,86.95250486547593,-2.2925048654759337,2.2925048654759337
67.79,66.57995132570382,1.2100486742961891,1.2100486742961891
281.99,286.92646742818977,-4.936467428189758,4.936467428189758
222.28,223.029923679766,-0.7499236797659989,0.7499236797659989
206.84,208.49723455767648,-1.6572345576764747,1.6572345576764747
131.44,126.31794633797558,5.122053662024413,5.122053662024413
24.36,24.79893022575666,-0.4389302257566605,0.4389302257566605
1.03,2.0643077787084763,-1.0343077787084762,1.0343077787084762
10.89,10.6806177151937,0.20938228480630094,0.20938228480630094
22.77,23.479284785924552,-0.7092847859245524,0.7092847859245524
225.6,223.88462938043548,1.71537061956451,1.71537061956451
44.13,42.13899026079354,1.9910097392064614,1.9910097392064614
587.5,592.7907274463287,-5.290727446328674,5.290727446328674
32.63,31.863099215916485,0.7669007840835178,0.7669007840835178
1123.55,1089.283785656248,34.266214343751926,34.266214343751926
69.62,67.98400311937968,1.6359968806203256,1.6359968806203256
25.31,25.27921928410917,0.030780715890827537,0.030780715890827537
104.0,104.04566632734968,-0.04566632734967868,0.04566632734967868
104.31,103.38376516142796,0.9262348385720429,0.9262348385720429
3.17,3.529491718197054,-0.35949171819705406,0.35949171819705406
776.84,766.2862407796551,10.553759220344887,10.553759220344887
23.85,26.080475826727845,-2.2304758267278437,2.2304758267278437
9.95,9.94497315390125,0.00502684609874926,0.00502684609874926
33.02,31.09312863840379,1.9268713615962128,1.9268713615962128
38.69,39.79674054124767,-1.1067405412476745,1.1067405412476745
126.38,125.47719760105063,0.9028023989493619,0.9028023989493619
121.34,123.0838040401558,-1.7438040401557942,1.7438040401557942
308.92,301.4827687551718,7.43723124482824,7.43723124482824
36.89,38.06133840270351,-1.1713384027035119,1.1713384027035119
62.42,63.87388672075291,-1.4538867207529051,1.4538867207529051
47.81,46.52269325290781,1.2873067470921953,1.2873067470921953
7.51,7.9626555789529885,-0.4526555789529887,0.4526555789529887
5.76,6.379805494265498,-0.6198054942654982,0.6198054942654982
1.42,2.0643077787084763,-0.6443077787084763,0.6443077787084763
96.69,98.28406227425916,-1.5940622742591586,1.5940622742591586
32.4,41.88316014984588,-9.48316014984588,9.48316014984588
183.76,178.54793029864652,5.212069701353471,5.212069701353471
233.46,235.61584342967117,-2.1558434296711653,2.1558434296711653
43.47,39.24216084045794,4.227839159542057,4.227839159542057
80.25,79.78843712834232,0.4615628716576765,0.4615628716576765
1111.28,1110.8087348803756,0.4712651196243769,0.4712651196243769
596.53,592.7641552215448,3.7658447784551754,3.7658447784551754
9.88,9.99358659357444,-0.11358659357443912,0.11358659357443912
16.24,17.822435905700686,-1.582435905700688,1.582435905700688
112.99,111.44417340041169,1.5458265995883096,1.5458265995883096
1118.29,1113.0975652431373,5.192434756862667,5.192434756862667
22.25,22.29380017673984,-0.043800176739839713,0.043800176739839713
386.3,382.33069015346894,3.9693098465310754,3.9693098465310754
32.97,31.09312863840379,1.8768713615962085,1.8768713615962085
25.3,27.7386257482066,-2.4386257482066007,2.4386257482066007
18.3,20.1106393761372,-1.8106393761371997,1.8106393761371997
15.84,15.838790521849903,0.0012094781500966434,0.0012094781500966434
1.85,1.8413178330768285,0.008682166923171586,0.008682166923171586
1013.74,997.1956218567416,16.544378143258427,16.544378143258427
234.0,230.85102524866397,3.148974751336027,3.148974751336027
42.79,41.38484107220718,1.4051589277928187,1.4051589277928187
2193.0,2094.9682897676976,98.03171023230243,98.03171023230243
37.14,38.06133840270351,-0.9213384027035119,0.9213384027035119
52.34,55.053088301552265,-2.7130883015522613,2.7130883015522613
85.04,84.35574031814032,0.684259681859686,0.684259681859686
34.78,35.12464731275717,-0.34464731275716787,0.34464731275716787
35.26,34.740940449848814,0.5190595501511837,0.5190595501511837
69.23,67.4136437692931,1.8163562307069014,1.8163562307069014
272.61,273.2198901700438,-0.6098901700437978,0.6098901700437978
3.56,3.8901348562968447,-0.3301348562968447,0.3301348562968447
10.64,11.13835057419516,-0.49835057419515927,0.49835057419515927
43.91,45.030973929827375,-1.1209739298273789,1.1209739298273789
1.92,2.406981409251394,-0.4869814092513942,0.4869814092513942
59.76,56.73332976349273,3.0266702365072646,3.0266702365072646
268.85,268.96225129498424,-0.11225129498421893,0.11225129498421893
60.07,60.75303277936334,-0.6830327793633373,0.6830327793633373
57.78,56.1729799942262,1.6070200057737978,1.6070200057737978
538.02,532.7975967476319,5.2224032523680535,5.2224032523680535
428.45,428.3422759698597,0.10772403014027532,0.10772403014027532
7.68,7.9626555789529885,-0.28265557895298876,0.28265557895298876
78.52,77.71145837719203,0.8085416228079652,0.8085416228079652
51.36,50.621892341061006,0.7381076589389934,0.7381076589389934
488.5,476.6337925380562,11.866207461943816,11.866207461943816
2874.33,2863.77332628649,10.556673713510008,10.556673713510008
14.97,15.231968388139892,-0.2619683881398913,0.2619683881398913
34.14,33.34867943025958,0.7913205697404209,0.7913205697404209
69.24,69.08086287617425,0.15913712382574374,0.15913712382574374
37.54,39.14024590146322,-1.600245901463218,1.600245901463218
321.0,320.8192516453935,0.1807483546065214,0.1807483546065214
102.48,102.23029001091514,0.24970998908486308,0.24970998908486308
41.17,41.53695805989881,-0.36695805989880625,0.36695805989880625
312.36,325.99053794563736,-13.630537945637343,13.630537945637343
41.82,42.74028902888323,-0.9202890288832322,0.9202890288832322
169.41,166.9439015593921,2.466098440607908,2.466098440607908
60.83,60.51193298679885,0.3180670132011514,0.3180670132011514
18.58,20.925908671668868,-2.3459086716688695,2.3459086716688695
251.84,251.88072663326287,-0.04072663326286374,0.04072663326286374
11.61,12.091953281256044,-0.481953281256045,0.481953281256045
468.96,483.8894720536264,-14.929472053626398,14.929472053626398
5.64,5.778253718546215,-0.13825371854621515,0.13825371854621515
12.24,12.548997914218113,-0.3089979142181125,0.3089979142181125
167.24,163.43258232046236,3.80741767953765,3.80741767953765
7.54,7.933424612968367,-0.39342461296836717,0.39342461296836717
27.16,28.214597658778924,-1.054597658778924,1.054597658778924
88.79,89.4971383082419,-0.7071383082418947,0.7071383082418947
25.17,24.643651274932427,0.5263487250675745,0.5263487250675745
305.59,302.67779949931634,2.912200500683639,2.912200500683639
12.05,12.197053606448412,-0.14705360644841114,0.14705360644841114
123.56,125.1101039480441,-1.5501039480440966,1.5501039480440966
82.76,71.99424456800995,10.765755431990058,10.765755431990058
76.33,75.67493538974038,0.6550646102596147,0.6550646102596147
6.38,6.912816896353035,-0.5328168963530349,0.5328168963530349
230.94,234.01825529743311,-3.0782552974331168,3.0782552974331168
505.96,500.8136563916452,5.146343608354755,5.146343608354755
13.65,13.67568223167978,-0.02568223167977912,0.02568223167977912
59.87,56.73332976349273,3.136670236507264,3.136670236507264
9.28,9.628319473466137,-0.34831947346613745,0.34831947346613745
46.75,45.93259694583542,0.8174030541645791,0.8174030541645791
2.22,2.2733918431335014,-0.053391843133501204,0.053391843133501204
13.75,14.273497722304556,-0.5234977223045565,0.5234977223045565
190.56,188.90976124291467,1.650238757085333,1.650238757085333
173.18,173.2591251474828,-0.07912514748278454,0.07912514748278454
29.51,29.18468977875935,0.32531022124065245,0.32531022124065245
29.62,29.78891918161314,-0.16891918161313768,0.16891918161313768
503.44,514.1978023042108,-10.75780230421077,10.75780230421077
163.2,169.32468507441132,-6.124685074411332,6.124685074411332
33.45,33.34867943025958,0.10132056974042314,0.10132056974042314
12.55,17.728639902999706,-5.178639902999706,5.178639902999706
13.95,14.34240453134928,-0.3924045313492801,0.3924045313492801
3.4,3.9111127748145327,-0.5111127748145328,0.5111127748145328
7.54,7.9626555789529885,-0.42265557895298844,0.42265557895298844
946.05,968.0472153913738,-21.997215391373857,21.997215391373857
60.24,63.75967973208824,-3.5196797320882354,3.5196797320882354
817.71,812.6516726680192,5.058327331980877,5.058327331980877
35.67,37.43298474172703,-1.7629847417270312,1.7629847417270312
163.31,160.91818483955197,2.391815160448033,2.391815160448033
542.56,527.7843260313549,14.775673968645037,14.775673968645037
15.36,15.554343498746688,-0.19434349874668833,0.19434349874668833
131.58,132.70316730356214,-1.123167303562127,1.123167303562127
32.9,33.961151171275255,-1.061151171275256,1.061151171275256
42.57,44.7739407963674,-2.203940796367398,2.203940796367398
20.99,21.479610004251917,-0.4896100042519187,0.4896100042519187
83.57,84.58577657392726,-1.015776573927269,1.015776573927269
129.65,130.8448598178206,-1.1948598178205998,1.1948598178205998
60.05,59.86730812618847,0.18269187381152818,0.18269187381152818
283.24,288.4858002989609,-5.245800298960887,5.245800298960887
20.4,20.471312655626736,-0.07131265562673761,0.07131265562673761
27.36,27.659671911671836,-0.2996719116718367,0.2996719116718367
12.25,12.548468748877452,-0.29846874887745223,0.29846874887745223
572.66,558.1489785000138,14.511021499986214,14.511021499986214
170.45,170.08103760761247,0.36896239238751605,0.36896239238751605
57.2,56.65793371882789,0.5420662811721115,0.5420662811721115
452.45,450.3503014816546,2.0996985183454058,2.0996985183454058
25.01,24.82350925413949,0.1864907458605103,0.1864907458605103
80.22,82.543054699341,-2.323054699341,2.323054699341
182.44,174.45529408135673,7.984705918643272,7.984705918643272
261.82,257.4337296265946,4.386270373405409,4.386270373405409
143.89,144.34928103163895,-0.45928103163896594,0.45928103163896594
154.69,151.09866202081656,3.591337979183436,3.591337979183436
8.89,9.243260989585572,-0.3532609895855714,0.3532609895855714
175.11,174.13717472667636,0.9728252733236502,0.9728252733236502
51.06,52.40668290210054,-1.3466829021005395,1.3466829021005395
141.88,140.77756161858375,1.102438381416249,1.102438381416249
224.51,220.3158141574493,4.194185842550695,4.194185842550695
3857.67,3846.758762963236,10.91123703676385,10.91123703676385
10.53,10.319285496546282,0.21071450345371723,0.21071450345371723
18.45,18.619611737446785,-0.16961173744678604,0.16961173744678604
167.25,167.89466405698607,-0.6446640569860733,0.6446640569860733
72.95,76.40576175469072,-3.4557617546907125,3.4557617546907125
33.33,35.20416139591412,-1.874161395914122,1.874161395914122
46.13,44.8893320467968,1.2406679532032001,1.2406679532032001
1509.57,1507.6738656693444,1.8961343306555136,1.8961343306555136
91.76,94.56531493415608,-2.8053149341560726,2.8053149341560726
16.09,16.16110206134325,-0.07110206134325026,0.07110206134325026
86.08,85.34347848253374,0.736521517466258,0.736521517466258
4.82,5.247684950802063,-0.42768495080206304,0.42768495080206304
76.74,78.32049458150618,-1.580494581506187,1.580494581506187
332.25,321.7770836673328,10.472916332667182,10.472916332667182
57.65,53.05257625416034,4.597423745839656,4.597423745839656
561.46,564.9006420044467,-3.4406420044466586,3.4406420044466586
13.41,13.90489747240151,-0.49489747240150983,0.49489747240150983
7.34,7.78166501008614,-0.44166501008614034,0.44166501008614034
58.45,54.8765290254488,3.5734709745512063,3.5734709745512063
118.7,117.55418198323804,1.1458180167619645,1.1458180167619645
6.61,6.930825108218787,-0.32082510821878696,0.32082510821878696
35.61,35.16375321666903,0.44624678333097023,0.44624678333097023
6.69,6.992586173315256,-0.3025861733152553,0.3025861733152553
40.47,38.70761058639162,1.762389413608382,1.762389413608382
27.69,27.173883000784187,0.5161169992158143,0.5161169992158143
254.88,250.66444511964403,4.215554880355967,4.215554880355967
454.89,459.40677011970126,-4.5167701197012775,4.5167701197012775
93.01,95.42439390925516,-2.4143939092551534,2.4143939092551534
135.89,138.72016676039814,-2.830166760398157,2.830166760398157
15.31,15.231968388139892,0.07803161186010854,0.07803161186010854
131.74,133.72525609636446,-1.985256096364452,1.985256096364452
191.32,181.37675269946692,9.943247300533073,9.943247300533073
326.38,334.008473783842,-7.628473783842026,7.628473783842026
212.83,216.2741707408416,-3.4441707408415994,3.4441707408415994
327.21,322.2504356036328,4.9595643963671705,4.9595643963671705
10.96,10.867179371346424,0.09282062865357688,0.09282062865357688
30.45,29.422884860632863,1.0271151393671367,1.0271151393671367
1622.96,1662.712158864553,-39.75215886455294,39.75215886455294
88.26,90.20470380671922,-1.9447038067192182,1.9447038067192182
13.01,13.056646974195488,-0.0466469741954878,0.0466469741954878
183.67,183.0685118238293,0.6014881761706761,0.6014881761706761
184.63,183.409927063697,1.2200729363029836,1.2200729363029836
149.26,145.42786997972834,3.8321300202716486,3.8321300202716486
164.04,161.6205735136419,2.4194264863581054,2.4194264863581054
15.58,15.838790521849903,-0.25879052184990314,0.25879052184990314
6.59,6.992586173315256,-0.4025861733152558,0.4025861733152558
37.52,38.56152083112319,-1.0415208311231865,1.0415208311231865
48.56,48.38676758738562,0.17323241261438227,0.17323241261438227
9.6,9.99358659357444,-0.39358659357444026,0.39358659357444026
14.21,14.518595065608611,-0.3085950656086105,0.3085950656086105
20.79,21.133588028613627,-0.34358802861362747,0.34358802861362747
19.66,19.784471266451344,-0.12447126645134432,0.12447126645134432
20.67,19.9371195752286,0.7328804247714018,0.7328804247714018
55.95,55.361908046481645,0.588091953518358,0.588091953518358
201.47,204.6497703031897,-3.179770303189713,3.179770303189713
207.91,199.12643157906,8.783568420939986,8.783568420939986
31.98,32.19051801865877,-0.21051801865877096,0.21051801865877096
13.94,14.34240453134928,-0.4024045313492799,0.4024045313492799
6.75,6.992586173315256,-0.24258617331525567,0.24258617331525567
99.59,98.91313245439996,0.6768675456000466,0.6768675456000466
2.18,2.2733918431335014,-0.09339184313350124,0.09339184313350124
43.51,43.49332218302296,0.01667781697703674,0.01667781697703674
9.98,10.242450612668955,-0.262450612668955,0.262450612668955
189.16,182.7122159571493,6.447784042850685,6.447784042850685
147.45,145.42786997972834,2.0221300202716463,2.0221300202716463
34.72,38.08313467519778,-3.3631346751977844,3.3631346751977844
822.92,866.2935663091957,-43.37356630919578,43.37356630919578
16.07,16.073846270852943,-0.003846270852942979,0.003846270852942979
1043.73,1052.5554205160577,-8.825420516057648,8.825420516057648
3.77,4.249650635896198,-0.47965063589619783,0.47965063589619783
9.01,9.263514971837628,-0.25351497183762817,0.25351497183762817
51.4,53.35136825989501,-1.9513682598950126,1.9513682598950126
23.96,23.769469470871567,0.19053052912843427,0.19053052912843427
155.35,149.20766936657657,6.142330633423427,6.142330633423427
159.8,153.94122042609376,5.858779573906247,5.858779573906247
8.9,9.263514971837628,-0.3635149718376276,0.3635149718376276
54.87,56.45296286803234,-1.5829628680323395,1.5829628680323395
3178.32,3230.46871960666,-52.14871960666005,52.14871960666005
33.51,33.34867943025958,0.1613205697404183,0.1613205697404183
533.85,537.9713155773193,-4.121315577319251,4.121315577319251
37.99,39.25824548982205,-1.2682454898220499,1.2682454898220499
84.39,84.35574031814032,0.03425968185968031,0.03425968185968031
849.87,838.9244539489727,10.94554605102735,10.94554605102735
722.92,713.6756042670568,9.24439573294319,9.24439573294319
392.76,394.0049615758328,-1.2449615758328036,1.2449615758328036
112.75,114.09420490118984,-1.3442049011898405,1.3442049011898405
36.68,38.25617996419877,-1.5761799641987722,1.5761799641987722
761.97,753.5809395977216,8.38906040227846,8.38906040227846
43.27,45.30740005132376,-2.0374000513237576,2.0374000513237576
538.46,538.5152391127102,-0.05523911271018278,0.05523911271018278
121.45,121.9563269107446,-0.5063269107445905,0.5063269107445905
2.22,2.4634919618033786,-0.2434919618033784,0.2434919618033784
16.55,16.356686315064316,0.1933136849356849,0.1933136849356849
174.25,175.7529642180439,-1.5029642180438998,1.5029642180438998
75.22,74.52950042077552,0.690499579224479,0.690499579224479
412.75,401.23301381145217,11.516986188547833,11.516986188547833
64.78,63.00964057467056,1.7703594253294384,1.7703594253294384
53.65,52.00778787388033,1.6422121261196665,1.6422121261196665
526.22,530.6379043483997,-4.417904348399702,4.417904348399702
164.26,163.8625002309669,0.3974997690330895,0.3974997690330895
733.79,766.3978261193461,-32.6078261193461,32.6078261193461
56.75,53.422944837106456,3.3270551628935436,3.3270551628935436
113.26,115.68503309412574,-2.4250330941257374,2.4250330941257374
18.73,19.60212649823549,-0.8721264982354882,0.8721264982354882
21.12,21.12260418441332,-0.0026041844133182224,0.0026041844133182224
31.62,34.05452170229326,-2.4345217022932566,2.4345217022932566
51.26,51.61527079222099,-0.3552707922209919,0.3552707922209919
1564.43,1610.807329390533,-46.37732939053285,46.37732939053285
30.06,29.422884860632863,0.6371151393671362,0.6371151393671362
446.05,460.265756090935,-14.215756090934974,14.215756090934974
101.39,101.59711098505508,-0.2071109850550812,0.2071109850550812
279.1,277.2460312737296,1.8539687262704092,1.8539687262704092
126.46,125.63615247302305,0.8238475269769481,0.8238475269769481
35.29,39.60431824829914,-4.314318248299138,4.314318248299138
8.51,8.680227050230608,-0.1702270502306078,0.1702270502306078
3.34,3.9111127748145327,-0.5711127748145328,0.5711127748145328
30.28,28.59269469791168,1.6873053020883226,1.6873053020883226
15.57,15.838790521849903,-0.26879052184990293,0.26879052184990293
135.82,135.25176257439307,0.5682374256069238,0.5682374256069238
52.17,49.699643921896985,2.4703560781030163,2.4703560781030163
143.45,143.9561932988548,-0.5061932988548108,0.5061932988548108
124.43,123.65785072472237,0.7721492752776413,0.7721492752776413
117.16,117.2338344182424,-0.07383441824239867,0.07383441824239867
379.95,372.7166395342797,7.2333604657202955,7.2333604657202955
6.51,6.94332148562304,-0.43332148562303985,0.43332148562303985
202.06,203.0655839703637,-1.0055839703636877,1.0055839703636877
320.47,324.09436833246923,-3.624368332469203,3.624368332469203
796.24,799.5795532809066,-3.339553280906557,3.339553280906557
267.18,274.48120721630124,-7.301207216301236,7.301207216301236
1620.87,1630.6743329862195,-9.804332986219606,9.804332986219606
35.58,36.861177166079365,-1.2811771660793667,1.2811771660793667
271.44,271.48536309858525,-0.04536309858525556,0.04536309858525556
42.2,41.00084187113724,1.1991581288627629,1.1991581288627629
10.47,10.223573082231631,0.24642691776836934,0.24642691776836934
316.19,314.4041471912496,1.7858528087504055,1.7858528087504055
5.34,5.778253718546215,-0.438253718546215,0.438253718546215
3.63,4.0655680449625775,-0.4355680449625776,0.4355680449625776
42.44,44.7739407963674,-2.3339407963674006,2.3339407963674006
133.18,135.95571933778038,-2.775719337780373,2.775719337780373
7.5,7.9626555789529885,-0.4626555789529885,0.4626555789529885
493.3,487.919519148097,5.38048085190303,5.38048085190303
17.96,18.619611737446785,-0.6596117374467845,0.6596117374467845
217.46,210.8952138669098,6.564786133090195,6.564786133090195
229.23,227.4651040548188,1.7648959451811947,1.7648959451811947
23.72,23.479284785924552,0.24071521407544694,0.24071521407544694
156.02,156.0898848117141,-0.06988481171407557,0.06988481171407557
204.84,203.1733356602537,1.6666643397462906,1.6666643397462906
352.47,352.8394690740816,-0.3694690740815645,0.3694690740815645
27.21,28.76798001179752,-1.5579800117975182,1.5579800117975182
9.66,11.654920437931876,-1.9949204379318761,1.9949204379318761
246.14,245.05546842599557,1.0845315740044157,1.0845315740044157
27.56,28.835216845141627,-1.2752168451416281,1.2752168451416281
88.27,91.49083110766934,-3.2208311076693406,3.2208311076693406
9.48,9.99358659357444,-0.5135865935744395,0.5135865935744395
42.22,41.12285706472732,1.0971429352726787,1.0971429352726787
85.68,85.34347848253374,0.3365215174662666,0.3365215174662666
51.32,53.09710286672826,-1.7771028667282565,1.7771028667282565
1136.32,1137.3928118258605,-1.0728118258605264,1.0728118258605264
13.31,13.525449457787344,-0.2154494577873436,0.2154494577873436
77.24,77.9542422419421,-0.7142422419421024,0.7142422419421024
124.68,121.0417889421838,3.638211057816207,3.638211057816207
453.51,444.4588686843724,9.051131315627572,9.051131315627572
1474.58,1410.8705800930209,63.709419906979065,63.709419906979065
104.41,104.26461046648492,0.1453895335150719,0.1453895335150719
6.52,6.930825108218787,-0.4108251082187877,0.4108251082187877
912.63,945.1639249263144,-32.5339249263144,32.5339249263144
58.37,57.8296160535017,0.5403839464982951,0.5403839464982951
2.04,2.4634919618033786,-0.42349196180337856,0.42349196180337856
19.71,19.395351023682448,0.31464897631755306,0.31464897631755306
39.95,42.218398372481616,-2.268398372481613,2.268398372481613
253.45,246.45550047139707,6.9944995286029155,6.9944995286029155
103.3,102.8890191944412,0.41098080555879335,0.41098080555879335
63.05,65.61259234945896,-2.562592349458967,2.562592349458967
619.42,600.0158946023905,19.40410539760944,19.40410539760944
26.07,25.62918235914588,0.4408176408541209,0.4408176408541209
4.21,4.558034082049314,-0.3480340820493142,0.3480340820493142
117.84,120.3723366598058,-2.532336659805793,2.532336659805793
719.6,718.2087586118618,1.391241388138269,1.391241388138269
8.44,8.466022312984018,-0.02602231298401847,0.02602231298401847
36.65,39.05012049852935,-2.400120498529354,2.400120498529354
327.34,329.5352896813204,-2.195289681320446,2.195289681320446
163.59,161.07246542334522,2.517534576654782,2.517534576654782
497.25,521.2650049494127,-24.01500494941274,24.01500494941274
6.3,7.008979801953947,-0.708979801953947,0.708979801953947
81.9,83.29448523494109,-1.3944852349410866,1.3944852349410866
2.71,2.828661237426916,-0.11866123742691626,0.11866123742691626
614.9,621.2995925749007,-6.39959257490068,6.39959257490068
68.04,72.94519433068358,-4.905194330683571,4.905194330683571
121.61,121.57804839070953,0.03195160929047347,0.03195160929047347
4.15,4.177850371848827,-0.027850371848826327,0.027850371848826327
5.07,5.333210941579161,-0.26321094157916036,0.26321094157916036
208.65,206.0530009921384,2.596999007861598,2.596999007861598
21.2,21.12260418441332,0.07739581558668007,0.07739581558668007
43.38,42.48870369367565,0.8912963063243495,0.8912963063243495
69.01,71.70043783750681,-2.6904378375068063,2.6904378375068063
18.12,19.94974999562269,-1.829749995622688,1.829749995622688
17.31,17.507987563846694,-0.19798756384669502,0.19798756384669502
95.8,99.25876652057605,-3.4587665205760487,3.4587665205760487
56.07,57.75652290479376,-1.6865229047937618,1.6865229047937618
143.76,139.55388239038894,4.206117609611056,4.206117609611056
115.44,116.95402088995844,-1.514020889958445,1.514020889958445
178.36,179.76148945567735,-1.4014894556773356,1.4014894556773356
335.96,342.0960678039901,-6.136067803990102,6.136067803990102
199.55,198.13289678245627,1.4171032175437404,1.4171032175437404
7.38,7.716993113252487,-0.33699311325248704,0.33699311325248704
29.12,26.827347091623636,2.2926529083763647,2.2926529083763647
36.04,35.53276708303744,0.5072329169625576,0.5072329169625576
35.61,35.12109350872452,0.488906491275479,0.488906491275479
71.97,65.48828516254015,6.4817148374598474,6.4817148374598474
3.42,3.9111127748145327,-0.49111277481453275,0.49111277481453275
35.92,34.740940449848814,1.1790595501511874,1.1790595501511874
280.47,282.4967916319243,-2.0267916319242545,2.0267916319242545
182.23,178.59898181598098,3.6310181840190126,3.6310181840190126
56.16,53.91082969068034,2.249170309319659,2.249170309319659
39.69,38.63539944219481,1.0546005578051876,1.0546005578051876
206.37,203.74660589291287,2.6233941070871367,2.6233941070871367
199.68,196.0919284628422,3.5880715371578162,3.5880715371578162
124.26,125.1101039480441,-0.8501039480440937,0.8501039480440937
50.42,49.95881127402696,0.46118872597304517,0.46118872597304517
1115.19,1135.47267114477,-20.282671144769893,20.282671144769893
27.13,27.173883000784187,-0.04388300078418794,0.04388300078418794
31.37,33.102363945242814,-1.7323639452428132,1.7323639452428132
392.38,393.98646890540334,-1.6064689054033465,1.6064689054033465
131.35,131.91555046481406,-0.5655504648140663,0.5655504648140663
179.33,177.72052113606327,1.6094788639367437,1.6094788639367437
42.89,41.30381491722711,1.586185082772893,1.586185082772893
16.96,16.610202491090323,0.34979750890967765,0.34979750890967765
34.82,33.750528581580944,1.069471418419056,1.069471418419056
10.86,11.39097802632592,-0.5309780263259203,0.5309780263259203
7.56,7.9626555789529885,-0.40265557895298887,0.40265557895298887
119.08,118.79653940126516,0.283460598734834,0.283460598734834
165.03,168.19137635965754,-3.161376359657538,3.161376359657538
31.1,30.670645703580856,0.42935429641914524,0.42935429641914524
47.55,45.93259694583542,1.6174030541645763,1.6174030541645763
37.08,36.13296825720279,0.9470317427972077,0.9470317427972077
732.73,726.6848177668758,6.045182233124251,6.045182233124251
461.56,461.8089104660491,-0.2489104660490966,0.2489104660490966
30.86,29.502058526363207,1.3579414736367923,1.3579414736367923
1210.0,1223.3423295083005,-13.342329508300509,13.342329508300509
893.68,881.9451756746005,11.734824325399472,11.734824325399472
129.17,126.99334654147128,2.1766534585287047,2.1766534585287047
208.52,204.1116680987083,4.408331901291717,4.408331901291717
12.4,13.858387450805852,-1.4583874508058514,1.4583874508058514
15.8,15.410538157736136,0.3894618422638647,0.3894618422638647
17.55,17.298004282997386,0.2519957170026146,0.2519957170026146
72.93,72.45675522613341,0.4732447738665968,0.4732447738665968
365.16,360.8913932615406,4.268606738459425,4.268606738459425
367.92,355.81729224386123,12.102707756138784,12.102707756138784
42.92,44.22815085142164,-1.3081508514216367,1.3081508514216367
145.6,144.63767547582344,0.9623245241765517,0.9623245241765517
7.98,8.466022312984018,-0.48602231298401755,0.48602231298401755
134.4,136.39268123225884,-1.9926812322588319,1.9926812322588319
17.29,17.543650105502497,-0.2536501055024978,0.2536501055024978
529.81,530.0232670148057,-0.2132670148057514,0.2132670148057514
14.27,14.518595065608611,-0.24859506560861178,0.24859506560861178
85.78,84.47811712698235,1.3018828730176466,1.3018828730176466
67.35,67.93125668126487,-0.5812566812648754,0.5812566812648754
2.61,2.9202072123633074,-0.3102072123633075,0.3102072123633075
34.41,32.72845975373205,1.68154024626795,1.68154024626795
16.59,15.876832617315232,0.7131673826847678,0.7131673826847678
25.55,25.27921928410917,0.2707807158908295,0.2707807158908295
659.32,657.7616098071964,1.5583901928036994,1.5583901928036994
190.18,189.7457555955197,0.434244404480296,0.434244404480296
4.77,5.083170557476946,-0.3131705574769468,0.3131705574769468
81.58,81.4455130111287,0.13448698887130206,0.13448698887130206
381.6,383.0947991510601,-1.4947991510600787,1.4947991510600787
112.14,112.30670853127108,-0.16670853127108387,0.16670853127108387
33.75,35.01001327461702,-1.2600132746170232,1.2600132746170232
16.86,18.676498083143453,-1.816498083143454,1.816498083143454
128.12,128.37795805944705,-0.2579580594470485,0.2579580594470485
138.35,136.96844222672783,1.3815577732721636,1.3815577732721636
7.61,8.155462398301138,-0.5454623983011375,0.5454623983011375
15.27,15.231968388139892,0.03803161186010762,0.03803161186010762
22.62,22.76134025883378,-0.14134025883377888,0.14134025883377888
136.14,136.85680501994017,-0.7168050199401819,0.7168050199401819
76.59,78.98332616171162,-2.393326161711613,2.393326161711613
700.22,695.742603812848,4.477396187152067,4.477396187152067
25.55,25.5900570401658,-0.040057040165798696,0.040057040165798696
18.47,18.619611737446785,-0.14961173744678646,0.14961173744678646
132.52,126.72548849596812,5.794511504031888,5.794511504031888
95.25,95.97861216957472,-0.728612169574717,0.728612169574717
27.85,28.403238311147398,-0.5532383111473962,0.5532383111473962
91.0,92.52611012664843,-1.5261101266484332,1.5261101266484332
105.61,106.14517597023752,-0.5351759702375176,0.5351759702375176
6.42,6.94332148562304,-0.5233214856230397,0.5233214856230397
21.22,22.62501687276634,-1.4050168727663426,1.4050168727663426
14.79,15.231968388139892,-0.4419683881398928,0.4419683881398928
1.62,2.406981409251394,-0.786981409251394,0.786981409251394
32.54,31.105008824401327,1.4349911755986717,1.4349911755986717
85.29,85.32493280758635,-0.034932807586343984,0.034932807586343984
53.87,53.47243585481496,0.39756414518503647,0.39756414518503647
16.88,17.015164238786014,-0.13516423878601458,0.13516423878601458
17.36,18.00729361627781,-0.6472936162778105,0.6472936162778105
3.33,3.5684391442716143,-0.23843914427161428,0.23843914427161428
1499.14,1361.8800103259275,137.25998967407259,137.25998967407259
5.64,5.930240871227348,-0.29024087122734876,0.29024087122734876
1039.71,1066.7812527195097,-27.07125271950963,27.07125271950963
13.43,13.634471586578735,-0.20447158657873565,0.20447158657873565
11.47,11.550561525272142,-0.08056152527214167,0.08056152527214167
434.61,428.27672464012295,6.333275359877064,6.333275359877064
9.45,9.628319473466137,-0.17831947346613752,0.17831947346613752
19.6,19.395351023682448,0.20464897631755363,0.20464897631755363
19.9,22.132646499984183,-2.2326464999841846,2.2326464999841846
42.17,41.00084187113724,1.1691581288627617,1.1691581288627617
118.58,117.3468864916842,1.233113508315796,1.233113508315796
134.35,135.6372776504083,-1.2872776504082992,1.2872776504082992
80.24,79.78843712834232,0.4515628716576714,0.4515628716576714
158.31,159.03420020312902,-0.7242002031290156,0.7242002031290156
369.7,375.2752838744749,-5.575283874474906,5.575283874474906
68.14,66.57995132570382,1.5600486742961834,1.5600486742961834
123.99,124.73649655939688,-0.7464965593968884,0.7464965593968884
26.73,28.518904913653024,-1.788904913653024,1.788904913653024
21.12,19.9371195752286,1.182880424771401,1.182880424771401
28.0,27.904363691878157,0.09563630812184343,0.09563630812184343
1898.75,1792.5667019591724,106.1832980408276,106.1832980408276
462.44,454.2535651424838,8.18643485751619,8.18643485751619
189.72,195.77014353175275,-6.050143531752752,6.050143531752752
39.02,36.783285460092735,2.2367145399072683,2.2367145399072683
58.48,57.8296160535017,0.6503839464982946,0.6503839464982946
13.29,13.90489747240151,-0.6148974724015108,0.6148974724015108
1787.12,1815.7044058604229,-28.584405860422976,28.584405860422976
34.71,35.199843321721914,-0.4898433217219136,0.4898433217219136
10.51,10.402017786863317,0.10798221313668321,0.10798221313668321
24.34,26.2459762536462,-1.9059762536462017,1.9059762536462017
38.02,39.17641069341532,-1.1564106934153173,1.1564106934153173
406.23,410.653036509815,-4.423036509815006,4.423036509815006
3.44,3.9111127748145327,-0.47111277481453273,0.47111277481453273
15.62,15.838790521849903,-0.218790521849904,0.218790521849904
13.88,13.67568223167978,0.2043177683202213,0.2043177683202213
13.52,15.295805430936172,-1.7758054309361722,1.7758054309361722
885.7,871.6593953427497,14.040604657250356,14.040604657250356
65.35,64.51810852032986,0.8318914796701335,0.8318914796701335
48.8,48.21211299701268,0.5878870029873156,0.5878870029873156
45.2,46.172878390301946,-0.9728783903019433,0.9728783903019433
1166.04,1154.7669320705252,11.273067929474792,11.273067929474792
46.5,47.45374891144628,-0.9537489114462829,0.9537489114462829
464.62,462.41795519316753,2.2020448068324754,2.2020448068324754
431.22,428.4274975363828,2.792502463617211,2.792502463617211
12.76,13.114604437950492,-0.354604437950492,0.354604437950492
6.21,6.326246979922936,-0.11624697992293598,0.11624697992293598
453.68,453.7414429417151,-0.06144294171508591,0.06144294171508591
7.21,7.683750629313004,-0.47375062931300427,0.47375062931300427
112.68,111.4010654987614,1.2789345012386093,1.2789345012386093
3.04,3.370484883893312,-0.3304848838933121,0.3304848838933121
37.39,36.888012722972206,0.5019872770277942,0.5019872770277942
12.17,12.548997914218113,-0.3789979142181128,0.3789979142181128
76.58,76.21288294912306,0.36711705087694213,0.36711705087694213
30.03,31.08421870499032,-1.054218704990319,1.054218704990319
46.33,46.73943931675515,-0.40943931675515444,0.40943931675515444
173.21,185.77307017305384,-12.56307017305383,12.56307017305383
202.54,206.30213018765957,-3.7621301876595794,3.7621301876595794
79.95,78.48820502799428,1.4617949720057197,1.4617949720057197
6.67,7.143266404834844,-0.4732664048348445,0.4732664048348445
353.65,347.18686467916507,6.463135320834908,6.463135320834908
3.89,4.249650635896198,-0.3596506358961977,0.3596506358961977
241.29,240.95384586368132,0.33615413631866886,0.33615413631866886
38.74,38.05729338350168,0.6827066164983222,0.6827066164983222
3.17,3.5684391442716143,-0.3984391442716144,0.3984391442716144
43.79,43.83901171375738,-0.04901171375738045,0.04901171375738045
83.78,81.97543581483625,1.8045641851637555,1.8045641851637555
1.91,2.1208183312604607,-0.2108183312604608,0.2108183312604608
16.2,16.16110206134325,0.038897938656749176,0.038897938656749176
4.59,4.739770584084084,-0.1497705840840844,0.1497705840840844
104.93,106.8886742080059,-1.9586742080058883,1.9586742080058883
120.54,119.3329011065183,1.2070988934816995,1.2070988934816995
39.72,39.07651674483835,0.6434832551616481,0.6434832551616481
239.49,235.13095617389945,4.35904382610056,4.35904382610056
7.56,7.9626555789529885,-0.40265557895298887,0.40265557895298887
6.21,6.326246979922936,-0.11624697992293598,0.11624697992293598
7.66,7.9626555789529885,-0.30265557895298834,0.30265557895298834
81.34,83.18648108274894,-1.8464810827489373,1.8464810827489373
71.69,71.83552159770733,-0.14552159770732942,0.14552159770732942
35.1,34.397566118658624,0.7024338813413777,0.7024338813413777
17.1,17.347098183332186,-0.24709818333218436,0.24709818333218436
13.41,13.521967913656528,-0.11196791365652814,0.11196791365652814
135.31,137.5988024634947,-2.2888024634947044,2.2888024634947044
19.62,19.395351023682448,0.2246489763175532,0.2246489763175532
63.92,66.69123818413348,-2.7712381841334803,2.7712381841334803
32.98,33.09831892604099,-0.11831892604099181,0.11831892604099181
23.37,25.413967744829247,-2.0439677448292457,2.0439677448292457
10.35,10.402017786863317,-0.05201778686331693,0.05201778686331693
644.51,672.5161472726893,-28.006147272689304,28.006147272689304
36.23,37.07043550051963,-0.8404355005196322,0.8404355005196322
310.87,301.4201624366594,9.449837563340623,9.449837563340623
18.23,18.619611737446785,-0.3896117374467849,0.3896117374467849
183.1,180.7942307193883,2.3057692806116847,2.3057692806116847
86.81,86.90970887481436,-0.09970887481435398,0.09970887481435398
123.22,125.96970790612116,-2.7497079061211593,2.7497079061211593
33.79,33.34867943025958,0.44132056974041944,0.44132056974041944
152.41,154.0429774122315,-1.6329774122314973,1.6329774122314973
2.48,2.5775335818203886,-0.09753358182038863,0.09753358182038863
59.15,58.685010279488026,0.46498972051197285,0.46498972051197285
96.49,97.10715888339024,-0.6171588833902462,0.6171588833902462
19.85,18.776907427102387,1.0730925728976146,1.0730925728976146
7.74,7.9626555789529885,-0.22265557895298826,0.22265557895298826
37.0,36.32189124495751,0.6781087550424871,0.6781087550424871
5.15,5.435580088003297,-0.2855800880032966,0.2855800880032966
3.14,3.5684391442716143,-0.4284391442716142,0.4284391442716142
2.68,2.9202072123633074,-0.24020721236330722,0.24020721236330722
12.06,11.723180850364784,0.3368191496352164,0.3368191496352164
203.85,193.89220225643692,9.957797743563077,9.957797743563077
597.95,590.9892027783674,6.960797221632674,6.960797221632674
176.45,179.9157700394706,-3.4657700394706126,3.4657700394706126
14.14,13.90753242983335,0.23246757016665143,0.23246757016665143
13.94,13.804807957867904,0.13519204213209512,0.13519204213209512
53.85,51.03997964275134,2.8100203572486606,2.8100203572486606
86.97,89.3477867623108,-2.377786762310805,2.377786762310805
21.59,21.12260418441332,0.46739581558668064,0.46739581558668064
138.46,139.90579548864824,-1.4457954886482298,1.4457954886482298
5.2,5.333210941579161,-0.13321094157916047,0.13321094157916047
14.04,16.003738375706714,-1.9637383757067148,1.9637383757067148
590.96,572.215673342293,18.744326657707006,18.744326657707006
56.69,53.91082969068034,2.7791703093196602,2.7791703093196602
39.13,41.46403664197644,-2.3340366419764393,2.3340366419764393
25.52,25.808409356804635,-0.2884093568046353,0.2884093568046353
16.36,16.16110206134325,0.19889793865674932,0.19889793865674932
10.47,10.223573082231631,0.24642691776836934,0.24642691776836934
179.21,177.72052113606327,1.4894788639367391,1.4894788639367391
47.89,45.93259694583542,1.9574030541645797,1.9574030541645797
170.24,169.13915046279942,1.1008495372005882,1.1008495372005882
16.04,16.922246686948878,-0.8822466869488785,0.8822466869488785
506.1,524.213976503302,-18.113976503301956,18.113976503301956
5.59,5.778253718546215,-0.18825371854621498,0.18825371854621498
73.97,75.97797344512003,-2.0079734451200295,2.0079734451200295
79.57,78.48820502799428,1.08179497200571,1.08179497200571
72.36,78.71525502882812,-6.355255028828125,6.355255028828125
259.8,256.6891450613445,3.110854938655507,3.110854938655507
299.98,304.6009238853542,-4.620923885354159,4.620923885354159
113.03,111.92892218821233,1.1010778117876754,1.1010778117876754
16.83,17.015164238786014,-0.1851642387860153,0.1851642387860153
22.02,22.158321452250664,-0.13832145225066483,0.13832145225066483
185.39,185.4508953833111,-0.06089538331110589,0.06089538331110589
49.38,51.62713049604452,-2.2471304960445195,2.2471304960445195
30.27,32.62701649194656,-2.3570164919465633,2.3570164919465633
256.76,254.7300157869914,2.0299842130085892,2.0299842130085892
6.4,6.7758116029610855,-0.3758116029610852,0.3758116029610852
260.27,253.61023637921045,6.659763620789533,6.659763620789533
111.72,111.44417340041169,0.27582659958831357,0.27582659958831357
78.15,77.71145837719203,0.4385416228079748,0.4385416228079748
32.21,31.863099215916485,0.3469007840835161,0.3469007840835161
5.72,6.07222777822216,-0.35222777822216056,0.35222777822216056
123.92,124.35187731687952,-0.4318773168795218,0.4318773168795218
90.46,89.4971383082419,0.9628616917580928,0.9628616917580928
9.09,9.536541960612372,-0.4465419606123717,0.4465419606123717
52.32,51.03997964275134,1.2800203572486595,1.2800203572486595
584.51,583.5192834778928,0.9907165221071637,0.9907165221071637
115.66,113.97100537815125,1.6889946218487495,1.6889946218487495
116.34,116.74672539840458,-0.4067253984045749,0.4067253984045749
17.34,17.543650105502497,-0.20365010550249707,0.20365010550249707
47.28,45.93259694583542,1.3474030541645803,1.3474030541645803
20.27,19.9371195752286,0.3328804247713997,0.3328804247713997
11.53,11.848022659287986,-0.3180226592879869,0.3180226592879869
35.63,34.89774854707831,0.7322514529216946,0.7322514529216946
220.8,223.0114310093366,-2.211431009336593,2.211431009336593
135.78,136.6527552300222,-0.872755230022193,0.872755230022193
17.84,18.288416151265256,-0.44841615126525625,0.44841615126525625
256.06,254.7300157869914,1.3299842130086006,1.3299842130086006
93.54,95.42439390925516,-1.8843939092551523,1.8843939092551523
453.72,451.5627076077829,2.15729239221713,2.15729239221713
128.95,130.90908518512646,-1.9590851851264688,1.9590851851264688
452.15,451.59500346789537,0.5549965321046102,0.5549965321046102
125.74,126.1337425833942,-0.3937425833942001,0.3937425833942001
62.69,60.46477210862879,2.2252278913712047,2.2252278913712047
37.69,40.03390882749419,-2.3439088274941895,2.3439088274941895
124.83,125.91865638878672,-1.0886563887867169,1.0886563887867169
7.5,7.7545446074586355,-0.2545446074586355,0.2545446074586355
56.58,57.00830199167383,-0.428301991673834,0.428301991673834
244.22,243.3503356632732,0.8696643367267995,0.8696643367267995
621.66,601.1570296151696,20.502970384830405,20.502970384830405
384.25,382.30031673892125,1.9496832610787465,1.9496832610787465
64.68,65.42574129670024,-0.7457412967002313,0.7457412967002313
270.39,268.69630227916844,1.6936977208315511,1.6936977208315511
65.94,64.91606043082558,1.0239395691744164,1.0239395691744164
31.99,30.765352843918286,1.224647156081712,1.224647156081712
10.61,11.39097802632592,-0.7809780263259203,0.7809780263259203
31.39,33.32279823742178,-1.9327982374217783,1.9327982374217783
58.75,57.88013403342728,0.8698659665727178,0.8698659665727178
153.26,152.1709631265301,1.0890368734698939,1.0890368734698939
133.31,133.36918085034458,-0.059180850344574765,0.059180850344574765
713.67,705.7453976009357,7.92460239906427,7.92460239906427
509.28,505.7410630719818,3.538936928018188,3.538936928018188
5.49,5.864116806727806,-0.37411680672780623,0.37411680672780623
20.16,19.19487185810747,0.9651281418925315,0.9651281418925315
9.38,9.586507691653445,-0.20650769165344407,0.20650769165344407
192.67,190.86605869100524,1.8039413089947516,1.8039413089947516
16.59,16.356686315064316,0.23331368493568405,0.23331368493568405
15.11,15.231968388139892,-0.12196838813989253,0.12196838813989253
108.98,107.91581917009933,1.0641808299006783,1.0641808299006783
23.71,23.479284785924552,0.23071521407544893,0.23071521407544893
580.97,580.9959433023806,-0.025943302380596833,0.025943302380596833
34.27,36.38310869976418,-2.113108699764176,2.113108699764176
62.25,60.56597753105888,1.684022468941123,1.684022468941123
177.91,177.1472509034041,0.7627490965958827,0.7627490965958827
7.34,7.716993113252487,-0.3769931132524871,0.3769931132524871
14.56,14.58547630696362,-0.025476306963620132,0.025476306963620132
19.8,20.471312655626736,-0.6713126556267355,0.6713126556267355
15.58,15.674636904200293,-0.0946369042002928,0.0946369042002928
355.49,352.9991093487385,2.490890651261509,2.490890651261509
921.93,917.0690121390116,4.860987860988303,4.860987860988303
134.77,137.29376691441863,-2.5237669144186157,2.5237669144186157
9.89,10.499746789683646,-0.6097467896836459,0.6097467896836459
106.77,106.0386282422795,0.7313717577204955,0.7313717577204955
8.67,9.829510841175043,-1.1595108411750434,1.1595108411750434
158.51,156.0898848117141,2.420115188285905,2.420115188285905
34.18,33.34867943025958,0.83132056974042,0.83132056974042
32.68,31.09312863840379,1.5868713615962093,1.5868713615962093
16.53,16.351856125669205,0.1781438743307966,0.1781438743307966
23.05,22.93352252679825,0.11647747320175128,0.11647747320175128
560.82,557.6597366216353,3.160263378364789,3.160263378364789
432.64,425.8574049811861,6.782595018813879,6.782595018813879
2.35,2.2733918431335014,0.07660815686649869,0.07660815686649869
10.74,11.39097802632592,-0.6509780263259195,0.6509780263259195
435.39,440.3302995476418,-4.940299547641814,4.940299547641814
128.56,129.45019079700094,-0.8901907970009404,0.8901907970009404
20.94,22.79492187297107,-1.8549218729710688,1.8549218729710688
5.03,4.990537311036243,0.039462688963757486,0.039462688963757486
538.32,528.2272589074163,10.092741092583765,10.092741092583765
13.97,14.34240453134928,-0.37240453134927876,0.37240453134927876
37.33,36.63440495751816,0.6955950424818411,0.6955950424818411
23.02,23.4019086812223,-0.38190868122229915,0.38190868122229915
96.78,96.7481821838454,0.03181781615460011,0.03181781615460011
42.59,43.49332218302296,-0.9033221830229579,0.9033221830229579
52.05,53.18751918319804,-1.1375191831980445,1.1375191831980445
99.36,96.99580995073222,2.3641900492677763,2.3641900492677763
36.63,34.89774854707831,1.7322514529216946,1.7322514529216946
684.68,701.7409029677397,-17.060902967739707,17.060902967739707
87.24,76.26820905429439,10.971790945705607,10.971790945705607
980.48,979.7147176271174,0.7652823728826661,0.7652823728826661
4.41,3.429692632472364,0.9803073675276361,0.9803073675276361
145.89,149.09061053403929,-3.200610534039299,3.200610534039299
263.4,264.9257317256833,-1.525731725683329,1.525731725683329
58.9,58.29063311665173,0.6093668833482653,0.6093668833482653
25.46,29.34554405813685,-3.8855440581368477,3.8855440581368477
212.4,214.23865921094216,-1.8386592109421542,1.8386592109421542
1659.71,1687.735654310772,-28.02565431077187,28.02565431077187
1140.99,1016.4545337611584,124.53546623884165,124.53546623884165
79.72,78.48820502799428,1.2317949720057157,1.2317949720057157
5.97,6.548426337125212,-0.5784263371252125,0.5784263371252125
5.35,5.778253718546215,-0.4282537185462152,0.4282537185462152
1.29,2.406981409251394,-1.116981409251394,1.116981409251394
119.76,120.20147963397086,-0.4414796339708573,0.4414796339708573
64.22,63.225046381608735,0.9949536183912642,0.9949536183912642
3.21,3.529491718197054,-0.319491718197054,0.319491718197054
255.46,254.7300157869914,0.7299842130086063,0.7299842130086063
11.43,11.848022659287986,-0.41802265928798654,0.41802265928798654
36.82,37.87241541494878,-1.0524154149487828,1.0524154149487828
27.94,28.57469438947481,-0.6346943894748094,0.6346943894748094
38.64,40.19144934020292,-1.5514493402029217,1.5514493402029217
495.61,484.2550388558802,11.35496114411984,11.35496114411984
304.78,311.98606988353924,-7.206069883539271,7.206069883539271
40.06,41.26170706891587,-1.2017070689158658,1.2017070689158658
136.46,139.1030379452593,-2.6430379452592945,2.6430379452592945
85.39,88.100456555354,-2.710456555354,2.710456555354
194.03,195.71063340599216,-1.680633405992154,1.680633405992154
1263.93,1240.558372711458,23.37162728854196,23.37162728854196
84.39,82.02908077822686,2.3609192217731447,2.3609192217731447
135.57,135.25176257439307,0.3182374256069238,0.3182374256069238
13.97,16.480779772878616,-2.5107797728786156,2.5107797728786156
62.58,60.75303277936334,1.8269672206366607,1.8269672206366607
175.45,176.01839099765536,-0.5683909976553707,0.5683909976553707
160.4,159.04656537915673,1.3534346208432737,1.3534346208432737
63.18,63.725899673086765,-0.5458996730867653,0.5458996730867653
11.04,10.6806177151937,0.3593822848062995,0.3593822848062995
63.33,61.650753055160045,1.679246944839953,1.679246944839953
8.33,8.306429662015608,0.023570337984391898,0.023570337984391898
168.96,166.29133583439813,2.668664165601882,2.668664165601882
85.27,86.46048460681493,-1.190484606814934,1.190484606814934
58.32,58.115390440231344,0.2046095597686559,0.2046095597686559
108.26,104.46103228154882,3.7989677184511805,3.7989677184511805
45.74,44.2165077268308,1.5234922731692038,1.5234922731692038
16.88,17.347098183332186,-0.4670981833321868,0.4670981833321868
117.62,117.6046999631636,0.015300036836407571,0.015300036836407571
394.89,399.6707057597097,-4.78070575970969,4.78070575970969
349.85,359.4741415147423,-9.624141514742291,9.624141514742291
39.61,38.55391861270922,1.0560813872907815,1.0560813872907815
47.91,46.6188153001021,1.2911846998978973,1.2911846998978973
20.79,20.471312655626736,0.31868734437326296,0.31868734437326296
14.06,14.34240453134928,-0.2824045313492789,0.2824045313492789
403.29,410.5326370281029,-7.242637028102877,7.242637028102877
110.98,109.60156504858598,1.3784349514140217,1.3784349514140217
104.45,104.57666597874882,-0.12666597874881802,0.12666597874881802
19.58,19.529994687693662,0.05000531230633598,0.05000531230633598
49.32,47.00270636965406,2.3172936303459437,2.3172936303459437
93.24,96.14311863568852,-2.9031186356885286,2.9031186356885286
26.41,25.80386342305864,0.6061365769413598,0.6061365769413598
97.88,100.79028788592888,-2.9102878859288808,2.9102878859288808
8.3,7.88269761754356,0.417302382456441,0.417302382456441
11.1,11.018754778280597,0.08124522171940285,0.08124522171940285
122.98,122.31515239870542,0.6648476012945821,0.6648476012945821
221.64,227.2949263668867,-5.654926366886713,5.654926366886713
13.1,13.598339904440126,-0.498339904440126,0.498339904440126
38.18,35.404816592923524,2.775183407076476,2.775183407076476
77.06,73.72150327389768,3.3384967261023206,3.3384967261023206
255.87,253.47237872433453,2.397621275665472,2.397621275665472
66.96,67.24573239527439,-0.285732395274394,0.285732395274394
18.61,17.803283962908566,0.8067160370914337,0.8067160370914337
1.64,2.0643077787084763,-0.42430777870847636,0.42430777870847636
112.64,114.05689449851248,-1.4168944985124767,1.4168944985124767
17.72,17.774427961857715,-0.0544279618577157,0.0544279618577157
63.88,63.64173991158883,0.23826008841117385,0.23826008841117385
1114.07,1060.0800973866235,53.989902613376444,53.989902613376444
31.95,31.75760931821897,0.1923906817810277,0.1923906817810277
15.98,16.16110206134325,-0.1811020613432497,0.1811020613432497
464.16,458.038409792042,6.121590207958036,6.121590207958036
94.7,91.30625922993514,3.3937407700648663,3.3937407700648663
22.55,23.479284785924552,-0.9292847859245512,0.9292847859245512
106.36,105.1328710973248,1.2271289026752044,1.2271289026752044
9.44,9.99358659357444,-0.5535865935744404,0.5535865935744404
9.32,9.628319473466137,-0.30831947346613653,0.30831947346613653
137.45,137.65141122117063,-0.2014112211706447,0.2014112211706447
129.67,125.61785692542666,4.052143074573323,4.052143074573323
198.51,195.51865823018304,2.9913417698169553,2.9913417698169553
234.78,235.61584342967117,-0.8358434296711721,0.8358434296711721
329.18,331.44527332718746,-2.265273327187458,2.265273327187458
87.06,86.34476591467082,0.7152340853291861,0.7152340853291861
100.02,99.2461215704536,0.7738784295464001,0.7738784295464001
587.76,551.5591626419492,36.20083735805076,36.20083735805076
12.11,12.452449204962113,-0.3424492049621133,0.3424492049621133
177.97,175.02773908578712,2.9422609142128806,2.9422609142128806
422.61,427.5967929207059,-4.986792920705909,4.986792920705909
21.24,22.56404039222703,-1.3240403922270332,1.3240403922270332
11.17,11.645215137947348,-0.47521513794734815,0.47521513794734815
478.05,486.4115545309911,-8.3615545309911,8.3615545309911
475.73,468.883081714096,6.846918285903996,6.846918285903996
106.88,111.8470485812281,-4.967048581228099,4.967048581228099
29.2,30.636743475090302,-1.436743475090303,1.436743475090303
179.33,180.43871678617657,-1.108716786176558,1.108716786176558
17.69,17.83405171077446,-0.144051710774459,0.144051710774459
586.58,590.7288901491828,-4.148890149182762,4.148890149182762
342.61,338.3309140021573,4.279085997842742,4.279085997842742
26.46,26.594168079300847,-0.13416807930084573,0.13416807930084573
9.55,9.94497315390125,-0.3949731539012493,0.3949731539012493
39.01,39.79674054124767,-0.7867405412476742,0.7867405412476742
36.17,35.53276708303744,0.6372329169625601,0.6372329169625601
3.08,3.529491718197054,-0.4494917181970539,0.4494917181970539
160.39,161.73452792066675,-1.3445279206667635,1.3445279206667635
226.35,227.5772545095041,-1.2272545095040925,1.2272545095040925
31.49,30.670645703580856,0.8193542964191423,0.8193542964191423
355.06,352.43643518450114,2.6235648154988667,2.6235648154988667
28.44,28.351393063274877,0.08860693672512454,0.08860693672512454
294.47,287.6044416564697,6.865558343530324,6.865558343530324
49.27,50.33079547979952,-1.0607954797995163,1.0607954797995163
20.25,20.471312655626736,-0.2213126556267362,0.2213126556267362
99.22,100.13138649635567,-0.911386496355675,0.911386496355675
87.36,89.30704828090086,-1.9470482809008587,1.9470482809008587
38.21,39.229138803878925,-1.0191388038789242,1.0191388038789242
5.11,5.247684950802063,-0.137684950802063,0.137684950802063
45.07,46.074136467432766,-1.0041364674327653,1.0041364674327653
25.83,25.46375425265,0.3662457473499998,0.3662457473499998
61.96,65.14714872711676,-3.1871487271167567,3.1871487271167567
89.34,91.30530107333144,-1.9653010733314318,1.9653010733314318
377.51,378.5531360643135,-1.0431360643135008,1.0431360643135008
23.31,23.4019086812223,-0.0919086812223,0.0919086812223
203.06,204.08617628076365,-1.02617628076365,1.02617628076365
7.27,7.716993113252487,-0.44699311325248736,0.44699311325248736
55.24,55.27557909476554,-0.03557909476553789,0.03557909476553789
127.86,127.04244581011716,0.8175541898828413,0.8175541898828413
10.77,11.39097802632592,-0.6209780263259201,0.6209780263259201
41.92,45.077704564039074,-3.157704564039072,3.157704564039072
22.08,22.45109720385328,-0.3710972038532816,0.3710972038532816
4.12,4.420703624040996,-0.30070362404099615,0.30070362404099615
11.51,13.168346558059277,-1.6583465580592769,1.6583465580592769
92.29,92.58594761472906,-0.29594761472905873,0.29594761472905873
58.19,54.16695544807183,4.023044551928166,4.023044551928166
366.84,370.4754839389925,-3.635483938992536,3.635483938992536
9.09,9.263514971837628,-0.1735149718376281,0.1735149718376281
10.85,10.6806177151937,0.16938228480630002,0.16938228480630002
50.62,50.44723775068811,0.17276224931188722,0.17276224931188722
71.13,73.06083719653702,-1.930837196537027,1.930837196537027
8.06,8.141535584462725,-0.08153558446272413,0.08153558446272413
8.44,8.680227050230608,-0.24022705023060809,0.24022705023060809
24.78,24.25916278142033,0.5208372185796719,0.5208372185796719
36.74,35.99922276093616,0.7407772390638385,0.7407772390638385
104.57,103.51383121399854,1.0561687860014501,1.0561687860014501
111.27,110.10277961534176,1.1672203846582363,1.1672203846582363
23.56,23.63802464495478,-0.07802464495478034,0.07802464495478034
443.28,450.31992806710696,-7.039928067106985,7.039928067106985
4.13,4.420703624040996,-0.29070362404099637,0.29070362404099637
30.01,29.395333266192736,0.6146667338072653,0.6146667338072653
21.92,22.45323346844573,-0.5332334684457294,0.5332334684457294
4.65,5.083170557476946,-0.433170557476946,0.433170557476946
24.26,25.353716955631334,-1.0937169556313329,1.0937169556313329
529.84,532.8424214544561,-3.002421454456112,3.002421454456112
60.61,55.98395946582957,4.6260405341704285,4.6260405341704285
23.87,23.479284785924552,0.39071521407544907,0.39071521407544907
23.84,24.063936353449083,-0.22393635344908347,0.22393635344908347
52.55,51.87050335213559,0.6794966478644042,0.6794966478644042
33.31,33.60877320968133,-0.2987732096813289,0.2987732096813289
3.87,3.959561807459626,-0.08956180745962605,0.08956180745962605
96.95,96.7481821838454,0.20181781615460181,0.20181781615460181
9.34,9.242703237505852,0.09729676249414787,0.09729676249414787
157.56,156.35243345722043,1.207566542779574,1.207566542779574
1066.35,993.0939361247188,73.25606387528114,73.25606387528114
268.04,263.42447050096854,4.6155294990314815,4.6155294990314815
142.78,144.06709225015086,-1.287092250150863,1.287092250150863
90.36,93.3118917677354,-2.951891767735404,2.951891767735404
97.18,98.81782366244728,-1.6378236624472748,1.6378236624472748
428.38,429.3964003467533,-1.0164003467533007,1.0164003467533007
25.43,25.808409356804635,-0.37840935680463517,0.37840935680463517
36.98,35.404816592923524,1.575183407076473,1.575183407076473
411.55,411.21833468161657,0.33166531838344326,0.33166531838344326
27.45,28.835216845141627,-1.3852168451416276,1.3852168451416276
77.88,78.1076253066463,-0.22762530664630276,0.22762530664630276
36.42,35.99922276093616,0.42077723906383824,0.42077723906383824
226.33,227.4651040548188,-1.1351040548187825,1.1351040548187825
263.63,268.78748569445804,-5.157485694458046,5.157485694458046
120.66,119.9056167943616,0.7543832056383906,0.7543832056383906
163.04,155.96686231433637,7.0731376856636246,7.0731376856636246
284.58,286.81173013542195,-2.2317301354219694,2.2317301354219694
71.7,72.26518153126018,-0.5651815312601798,0.5651815312601798
319.36,321.7595945815988,-2.3995945815987625,2.3995945815987625
115.04,112.22444263879667,2.815557361203332,2.815557361203332
407.58,407.5396520101004,0.04034798989960109,0.04034798989960109
138.08,139.38025750063605,-1.300257500636036,1.300257500636036
35.82,35.95265599517299,-0.1326559951729891,0.1326559951729891
17.69,17.83405171077446,-0.144051710774459,0.144051710774459
24.44,26.097277480063426,-1.6572774800634242,1.6572774800634242
10.06,10.402017786863317,-0.3420177868633161,0.3420177868633161
17.17,17.347098183332186,-0.17709818333218408,0.17709818333218408
20.14,20.471312655626736,-0.3313126556267356,0.3313126556267356
108.33,108.3597025806778,-0.029702580677806623,0.029702580677806623
127.13,129.12131885177146,-1.9913188517714673,1.9913188517714673
21.47,22.29380017673984,-0.8238001767398409,0.8238001767398409
55.04,51.99402488839618,3.0459751116038163,3.0459751116038163
8.47,8.47278597220972,-0.0027859722097201,0.0027859722097201
56.64,55.60562309993375,1.034376900066249,1.034376900066249
242.96,243.3503356632732,-0.39033566327319136,0.39033566327319136
11.17,11.848022659287986,-0.6780226592879863,0.6780226592879863
187.92,187.71116583443603,0.20883416556395673,0.20883416556395673
56.95,59.08319867136033,-2.1331986713603257,2.1331986713603257
214.89,212.49025987291307,2.3997401270869148,2.3997401270869148
13.44,13.634471586578735,-0.19447158657873587,0.19447158657873587
93.62,95.1076843940788,-1.4876843940787978,1.4876843940787978
266.6,263.44296317139793,3.157036828602088,3.157036828602088
24.57,25.283108263500385,-0.7131082635003843,0.7131082635003843
6.27,9.589799631067857,-3.3197996310678572,3.3197996310678572
33.01,36.27813769280053,-3.2681376928005292,3.2681376928005292
22.76,23.479284785924552,-0.7192847859245504,0.7192847859245504
15.85,15.838790521849903,0.01120947815009643,0.01120947815009643
114.19,112.16327136734952,2.0267286326504745,2.0267286326504745
71.14,69.96667672323741,1.1733232767625879,1.1733232767625879
180.59,186.5019085140008,-5.9119085140008,5.9119085140008
5.08,5.333210941579161,-0.2532109415791606,0.2532109415791606
346.01,335.2985063196692,10.711493680330818,10.711493680330818
211.95,210.66557259025012,1.284427409749867,1.284427409749867
289.08,287.9960529335519,1.0839470664481041,1.0839470664481041
666.95,699.7317906910224,-32.781790691022366,32.781790691022366
34.95,35.199843321721914,-0.2498433217219116,0.2498433217219116
8.76,8.680227050230608,0.0797729497693922,0.0797729497693922
133.63,136.7159234850828,-3.085923485082816,3.085923485082816
17.4,17.507987563846694,-0.10798756384669517,0.10798756384669517
193.86,192.60031272450385,1.2596872754961623,1.2596872754961623
25.76,25.46375425265,0.2962457473500031,0.2962457473500031
10.39,10.402017786863317,-0.012017786863316005,0.012017786863316005
180.69,190.7437915425137,-10.053791542513693,10.053791542513693
146.92,148.37218537114327,-1.4521853711432868,1.4521853711432868
30.69,31.943470255130546,-1.2534702551305443,1.2534702551305443
96.98,97.82682801851992,-0.8468280185199148,0.8468280185199148
280.33,278.83399792107554,1.4960020789244481,1.4960020789244481
13.0,13.114604437950492,-0.1146044379504918,0.1146044379504918
33.54,33.60877320968133,-0.06877320968133205,0.06877320968133205
2.61,2.9202072123633074,-0.3102072123633075,0.3102072123633075
35.38,34.37749296050036,1.0025070394996405,1.0025070394996405
39.23,38.62211310625686,0.6078868937431352,0.6078868937431352
23.38,23.09895063329412,0.2810493667058793,0.2810493667058793
34.44,34.90514126771871,-0.4651412677187139,0.4651412677187139
13.65,13.67568223167978,-0.02568223167977912,0.02568223167977912
297.43,302.36992678305364,-4.939926783053636,4.939926783053636
469.9,467.3594829217518,2.540517078248172,2.540517078248172
597.7,623.024968526543,-25.32496852654299,25.32496852654299
50.47,50.11251509041466,0.3574849095853381,0.3574849095853381
14.38,14.701425198119638,-0.32142519811963766,0.32142519811963766
108.23,108.67769915367325,-0.4476991536732413,0.4476991536732413
2.83,4.896604807718564,-2.066604807718564,2.066604807718564
302.53,308.60186753544843,-6.071867535448462,6.071867535448462
141.77,140.0917970034358,1.6782029965642096,1.6782029965642096
232.44,231.4211891233433,1.018810876656687,1.018810876656687
83.27,82.22163911291,1.0483608870899985,1.0483608870899985
74.2,75.57274248552251,-1.372742485522508,1.372742485522508
20.31,20.471312655626736,-0.16131265562673747,0.16131265562673747
132.4,132.2619841639917,0.13801583600829304,0.13801583600829304
354.83,371.1191587711691,-16.289158771169127,16.289158771169127
84.82,86.73853662842834,-1.9185366284283418,1.9185366284283418
10.73,10.6806177151937,0.0493822848063008,0.0493822848063008
108.24,109.49146792009718,-1.251467920097184,1.251467920097184
34.72,33.16569410997277,1.55430589002723,1.55430589002723
14.26,16.300350785571386,-2.040350785571386,2.040350785571386
111.86,111.28385873538748,0.5761412646125166,0.5761412646125166
53.82,55.42271957417762,-1.6027195741776197,1.6027195741776197
392.18,383.15589512533785,9.024104874662157,9.024104874662157
265.05,271.5241248504892,-6.474124850489204,6.474124850489204
74.94,75.39015069209204,-0.45015069209203773,0.45015069209203773
30.56,28.59269469791168,1.9673053020883202,1.9673053020883202
47.62,48.075959194386265,-0.4559591943862671,0.4559591943862671
343.13,347.06646519745294,-3.9364651974529465,3.9364651974529465
54.22,54.33972360425636,-0.11972360425636452,0.11972360425636452
122.22,123.25187545828447,-1.0318754582844747,1.0318754582844747
39.07,37.71750401724432,1.352495982755677,1.352495982755677
22.76,23.479284785924552,-0.7192847859245504,0.7192847859245504
15.34,15.231968388139892,0.1080316118601079,0.1080316118601079
9.32,14.022437942355856,-4.702437942355855,4.702437942355855
3.39,3.72562046297173,-0.33562046297172987,0.33562046297172987
23.49,23.479284785924552,0.01071521407544651,0.01071521407544651
99.05,99.86063521065036,-0.8106352106503607,0.8106352106503607
82.33,85.03313137829025,-2.7031313782902515,2.7031313782902515
86.64,86.92825454976175,-0.2882545497617457,0.2882545497617457
22.92,23.479284785924552,-0.5592847859245502,0.5592847859245502
76.95,78.8020350320093,-1.8520350320092973,1.8520350320092973
48.31,48.477325779957326,-0.16732577995732356,0.16732577995732356
21.42,21.12260418441332,0.2973958155866825,0.2973958155866825
80.84,77.5970546498512,3.2429453501488013,3.2429453501488013
51.2,50.621892341061006,0.5781076589389968,0.5781076589389968
268.48,263.44296317139793,5.0370368286020835,5.0370368286020835
123.32,122.01307264571784,1.306927354282152,1.306927354282152
24.47,24.093734674924452,0.376265325075547,0.376265325075547
38.67,38.05729338350168,0.6127066164983219,0.6127066164983219
145.41,144.8653196390397,0.5446803609602853,0.5446803609602853
120.16,122.850968103222,-2.690968103222005,2.690968103222005
384.53,386.78398334987,-2.2539833498700546,2.2539833498700546
293.48,290.51480136319464,2.9651986368053826,2.9651986368053826
299.82,301.2461009764948,-1.4261009764948085,1.4261009764948085
854.64,853.7461413737627,0.893858626237261,0.893858626237261
342.9,338.041533956324,4.858466043676003,4.858466043676003
54.94,55.81416023155903,-0.8741602315590313,0.8741602315590313
14.13,14.556810570275465,-0.4268105702754639,0.4268105702754639
3.49,3.9111127748145327,-0.42111277481453246,0.42111277481453246
14.24,14.511719606111532,-0.2717196061115317,0.2717196061115317
255.73,250.96872099462288,4.761279005377105,4.761279005377105
46.34,44.75754633574301,1.5824536642569953,1.5824536642569953
73.86,71.62830223831651,2.231697761683492,2.231697761683492
420.42,413.63018307685496,6.789816923145054,6.789816923145054
356.02,360.90988593197,-4.889885931970014,4.889885931970014
68.88,68.4982368366365,0.3817631633635017,0.3817631633635017
22.65,23.479284785924552,-0.8292847859245533,0.8292847859245533
494.99,487.9489578148346,7.041042185165395,7.041042185165395
3002.44,2795.7406623332404,206.69933766675967,206.69933766675967
855.68,907.925945082379,-52.24594508237908,52.24594508237908
575.28,574.0187600265625,1.2612399734374549,1.2612399734374549
206.49,215.70958812188252,-9.21958812188251,9.21958812188251
12.87,13.056646974195488,-0.18664697419548837,0.18664697419548837
144.98,142.7343962995741,2.245603700425903,2.245603700425903
190.48,189.58955072379888,0.8904492762011103,0.8904492762011103
84.16,83.8353191709953,0.3246808290046914,0.3246808290046914
507.0,502.43734443911177,4.562655560888231,4.562655560888231
42.76,41.30381491722711,1.4561850827728904,1.4561850827728904
96.05,99.76155000625754,-3.7115500062575393,3.7115500062575393
11.48,12.339991811684747,-0.8599918116847469,0.8599918116847469
4.68,5.565464622496228,-0.8854646224962286,0.8854646224962286
85.32,85.14687385267699,0.17312614732300347,0.17312614732300347
40.37,42.707558211416966,-2.337558211416969,2.337558211416969
36.34,35.99922276093616,0.34077723906383994,0.34077723906383994
738.24,738.2226067839321,0.017393216067944195,0.017393216067944195
68.82,69.5509701597268,-0.7309701597268088,0.7309701597268088
597.93,586.7212825255575,11.208717474442437,11.208717474442437
5.33,5.676221669526573,-0.34622166952657274,0.34622166952657274
12.52,12.691660190054838,-0.17166019005483868,0.17166019005483868
616.4,636.1349786122996,-19.734978612299642,19.734978612299642
158.36,157.67018580715222,0.6898141928477912,0.6898141928477912
261.28,263.57010299498296,-2.2901029949829876,2.2901029949829876
319.66,315.9403824339228,3.719617566077204,3.719617566077204
11.2,11.495023464812837,-0.2950234648128376,0.2950234648128376
4.59,4.739770584084084,-0.1497705840840844,0.1497705840840844
33.75,33.34867943025958,0.4013205697404203,0.4013205697404203
6.4,7.143266404834844,-0.7432664048348441,0.7432664048348441
13.46,13.634471586578735,-0.17447158657873452,0.17447158657873452
62.27,60.46477210862879,1.80522789137121,1.80522789137121
77.51,75.23670390360842,2.27329609639159,2.27329609639159
330.95,323.6062314656753,7.343768534324681,7.343768534324681
245.98,242.11607814003204,3.8639218599679452,3.8639218599679452
266.65,267.464860848669,-0.8148608486690136,0.8148608486690136
52.36,52.7767303620511,-0.4167303620510978,0.4167303620510978
50.15,60.72358877157225,-10.573588771572254,10.573588771572254
18.32,18.449305531779764,-0.12930553177976378,0.12930553177976378
50.93,51.020097645677936,-0.0900976456779361,0.0900976456779361
4.16,4.420703624040996,-0.2607036240409961,0.2607036240409961
776.74,767.1189197233402,9.621080276659768,9.621080276659768
7.46,7.545056128719472,-0.08505612871947221,0.08505612871947221
149.56,149.62889826672097,-0.06889826672096433,0.06889826672096433
83.93,83.50713073925274,0.4228692607472624,0.4228692607472624
27.08,28.29861466005345,-1.2186146600534506,1.2186146600534506
455.63,477.1127847030284,-21.482784703028415,21.482784703028415
347.76,349.6129906908938,-1.8529906908938187,1.8529906908938187
2.98,3.1868180876541365,-0.20681808765413656,0.20681808765413656
67.42,66.57995132570382,0.8400486742961846,0.8400486742961846
16.19,17.611379140691195,-1.4213791406911938,1.4213791406911938
18.38,18.449305531779764,-0.06930553177976506,0.06930553177976506
356.24,352.43643518450114,3.8035648154988735,3.8035648154988735
18.31,18.454033055749377,-0.14403305574937875,0.14403305574937875
323.02,316.04269102472665,6.977308975273331,6.977308975273331
349.8,352.2538074411456,-2.4538074411456137,2.4538074411456137
199.62,198.13289678245627,1.4871032175437335,1.4871032175437335
104.99,104.14779915261768,0.8422008473823155,0.8422008473823155
427.3,415.4134780832949,11.886521916705135,11.886521916705135
1184.22,1157.7564259796832,26.463574020316855,26.463574020316855
337.5,340.8138940365583,-3.313894036558281,3.313894036558281
45.44,44.2165077268308,1.2234922731691995,1.2234922731691995
5.72,6.07222777822216,-0.35222777822216056,0.35222777822216056
45.28,44.2165077268308,1.063492273169203,1.063492273169203
244.88,249.45112421924367,-4.571124219243671,4.571124219243671
253.0,250.66444511964403,2.3355548803559714,2.3355548803559714
230.94,224.516411191072,6.423588808928002,6.423588808928002
6.69,7.3209870045569,-0.6309870045568999,0.6309870045568999
135.21,136.39268123225884,-1.1826812322588296,1.1826812322588296
243.86,247.4388036724232,-3.5788036724231915,3.5788036724231915
39.84,36.895952284448825,2.9440477155511786,2.9440477155511786
7.34,7.545056128719472,-0.20505612871947232,0.20505612871947232
147.83,148.37218537114327,-0.5421853711432618,0.5421853711432618
37.04,36.32189124495751,0.7181087550424863,0.7181087550424863
19.04,20.382465882572653,-1.3424658825726539,1.3424658825726539
8.68,8.615098483500631,0.06490151649936848,0.06490151649936848
48.53,47.71978959827293,0.810210401727069,0.810210401727069
96.74,98.5366136749193,-1.7966136749192998,1.7966136749192998
233.26,234.01825529743311,-0.7582552974331236,0.7582552974331236
13.5,13.28931379458109,0.21068620541890937,0.21068620541890937
43.52,45.42218911060617,-1.902189110606166,1.902189110606166
2500.08,2399.5128415409777,100.56715845902227,100.56715845902227
27.91,28.835216845141627,-0.9252168451416267,0.9252168451416267
705.61,720.26245190791,-14.65245190790995,14.65245190790995
386.37,386.2527296598721,0.11727034012790227,0.11727034012790227
20.98,20.83967635864165,0.14032364135834996,0.14032364135834996
13.71,13.90489747240151,-0.19489747240150912,0.19489747240150912
37.15,36.32189124495751,0.8281087550424857,0.8281087550424857
28.25,30.798047546753843,-2.5480475467538426,2.5480475467538426
138.29,139.57697082126177,-1.2869708212617752,1.2869708212617752
46.86,49.028628345615566,-2.1686283456155664,2.1686283456155664
2.05,2.4634919618033786,-0.41349196180337877,0.41349196180337877
316.83,321.7690159917876,-4.939015991787642,4.939015991787642
432.43,427.2793858149785,5.150614185021482,5.150614185021482
64.84,65.29884052087928,-0.45884052087927785,0.45884052087927785
98.05,96.93771148925758,1.1122885107424167,1.1122885107424167
7.22,7.616770932533256,-0.396770932533256,0.396770932533256
34.41,35.768498856073286,-1.3584988560732896,1.3584988560732896
18.53,20.436703523064967,-1.9067035230649658,1.9067035230649658
50.19,50.11251509041466,0.07748490958533694,0.07748490958533694
123.35,125.43334620086804,-2.08334620086805,2.08334620086805
1333.32,1346.9423466267765,-13.622346626776562,13.622346626776562
10.17,10.42099139435934,-0.2509913943593407,0.2509913943593407
118.79,117.55418198323804,1.235818016761968,1.235818016761968
63.22,61.650753055160045,1.5692469448399535,1.5692469448399535
14.2,14.518595065608611,-0.31859506560861206,0.31859506560861206
6.29,6.326246979922936,-0.03624697992293591,0.03624697992293591
8.5,8.680227050230608,-0.1802270502306076,0.1802270502306076
5.4,5.435580088003297,-0.035580088003296595,0.035580088003296595
146.31,145.7039332696407,0.6060667303593164,0.6060667303593164
19.78,20.471312655626736,-0.691312655626735,0.691312655626735
715.17,699.9133979840274,15.25660201597259,15.25660201597259
204.52,209.54959344153997,-5.029593441539959,5.029593441539959
445.62,437.1156970934368,8.504302906563225,8.504302906563225
9.33,9.536541960612372,-0.2065419606123715,0.2065419606123715
17.26,16.907894225800185,0.35210577419981703,0.35210577419981703
234.48,238.7019566627725,-4.221956662772499,4.221956662772499
41.3,43.14039521651713,-1.8403952165171305,1.8403952165171305
12.31,11.971271314972286,0.33872868502771425,0.33872868502771425
19.0,17.803283962908566,1.1967160370914343,1.1967160370914343
66.43,67.51544593323517,-1.0854459332351638,1.0854459332351638
18.61,19.264574827311424,-0.6545748273114249,0.6545748273114249
806.32,815.2449929333374,-8.924992933337307,8.924992933337307
55.16,55.27557909476554,-0.11557909476554329,0.11557909476554329
4.56,4.739770584084084,-0.17977058408408464,0.17977058408408464
108.59,108.7966644751563,-0.20666447515630182,0.20666447515630182
45.75,46.070110057386856,-0.32011005738685583,0.32011005738685583
23.82,23.479284785924552,0.34071521407544836,0.34071521407544836
41.7,42.36501355558029,-0.6650135555802876,0.6650135555802876
39.44,42.724932084856825,-3.284932084856827,3.284932084856827
12.2,12.548997914218113,-0.34899791421811344,0.34899791421811344
177.53,177.0687074054012,0.46129259459880245,0.46129259459880245
271.34,274.32728422274363,-2.9872842227436536,2.9872842227436536
31.48,31.75760931821897,-0.27760931821897117,0.27760931821897117
30.59,30.29866981203391,0.2913301879660892,0.2913301879660892
5.44,5.778253718546215,-0.33825371854621444,0.33825371854621444
16.8,17.015164238786014,-0.21516423878601287,0.21516423878601287
69.33,67.4136437692931,1.9163562307068958,1.9163562307068958
3.13,3.5684391442716143,-0.43843914427161446,0.43843914427161446
46.37,47.733166806961805,-1.3631668069618073,1.3631668069618073
364.08,364.0212755557925,0.058724444207484794,0.058724444207484794
32.98,32.71188823306779,0.26811176693220773,0.26811176693220773
35.3,36.861177166079365,-1.5611771660793679,1.5611771660793679
100.66,100.04335581081251,0.6166441891874825,0.6166441891874825
46.84,44.91837285841796,1.921627141582043,1.921627141582043
206.36,206.1420748497681,0.21792515023190617,0.21792515023190617
121.47,120.05953978791923,1.410460212080764,1.410460212080764
539.78,534.4689355457615,5.311064454238476,5.311064454238476
287.86,286.92646742818977,0.9335325718102467,0.9335325718102467
12.32,12.548468748877452,-0.22846874887745194,0.22846874887745194
336.23,338.34940667258667,-2.119406672586649,2.119406672586649
316.25,316.35056374098934,-0.10056374098934384,0.10056374098934384
279.24,276.24755609937347,2.99244390062654,2.99244390062654
38.79,38.05729338350168,0.7327066164983194,0.7327066164983194
80.16,79.89619063249106,0.2638093675089408,0.2638093675089408
15.62,15.554343498746688,0.06565650125331146,0.06565650125331146
10.45,10.223573082231631,0.22642691776836799,0.22642691776836799
155.83,156.0898848117141,-0.2598848117140733,0.2598848117140733
885.62,914.6333036235916,-29.013303623591582,29.013303623591582
320.32,309.3948951764734,10.925104823526567,10.925104823526567
57.35,58.89834093767992,-1.5483409376799173,1.5483409376799173
735.71,749.594268714042,-13.884268714041923,13.884268714041923
1.82,2.406981409251394,-0.5869814092513941,0.5869814092513941
128.52,127.42183971481896,1.0981602851810521,1.0981602851810521
245.66,244.72837220764217,0.9316277923578298,0.9316277923578298
459.4,446.7860275518965,12.613972448103482,12.613972448103482
15.45,15.35024347532446,0.09975652467553964,0.09975652467553964
2189.07,2106.7241766060547,82.34582339394547,82.34582339394547
21.43,23.95513402109728,-2.52513402109728,2.52513402109728
66.05,65.74399989464995,0.3060001053500514,0.3060001053500514
5.75,6.379805494265498,-0.629805494265498,0.629805494265498
5.94,6.118136008428582,-0.17813600842858168,0.17813600842858168
292.49,287.6044416564697,4.885558343530306,4.885558343530306
10.63,11.39097802632592,-0.7609780263259189,0.7609780263259189
76.16,76.13104815271632,0.028951847283678944,0.028951847283678944
121.83,122.69704510966434,-0.8670451096643461,0.8670451096643461
31.98,32.246659192792606,-0.26665919279260564,0.26665919279260564
89.1,87.95512553087124,1.1448744691287516,1.1448744691287516
69.66,72.79127133712593,-3.1312713371259377,3.1312713371259377
5.41,5.778253718546215,-0.3682537185462147,0.3682537185462147
2571.54,2557.3176622214582,14.222337778541714,14.222337778541714
269.31,270.68604595625123,-1.3760459562512324,1.3760459562512324
4.93,4.990537311036243,-0.06053731103624305,0.06053731103624305
65.38,63.86004743958772,1.5199525604122783,1.5199525604122783
23.29,23.613445616571944,-0.32344561657194504,0.32344561657194504
44.74,45.9471864482251,-1.2071864482250945,1.2071864482250945
6.12,6.567700631466732,-0.44770063146673156,0.44770063146673156
57.88,62.55331420567873,-4.673314205678729,4.673314205678729
118.47,120.05953978791923,-1.589539787919236,1.589539787919236
29.71,28.10579609238605,1.6042039076139503,1.6042039076139503
532.16,524.3902118587775,7.769788141222421,7.769788141222421
160.45,159.7111541267663,0.7388458732336858,0.7388458732336858
27.2,27.047450652030275,0.15254934796972464,0.15254934796972464
413.12,425.707865398167,-12.587865398166969,12.587865398166969
27.35,28.351393063274877,-1.0013930632748753,1.0013930632748753
965.65,987.9578782852582,-22.307878285258198,22.307878285258198
101.34,101.16014909057655,0.1798509094234504,0.1798509094234504
9.22,9.496586623298796,-0.2765866232987957,0.2765866232987957
68.9,70.10238829060383,-1.202388290603821,1.202388290603821
59.4,54.2052546849381,5.194745315061901,5.194745315061901
1.91,1.9938913449498687,-0.08389134494986883,0.08389134494986883
5.42,5.676221669526573,-0.2562216695265729,0.2562216695265729
30.72,30.42653077101641,0.2934692289835894,0.2934692289835894
981.64,1021.1198689832524,-39.47986898325246,39.47986898325246
823.81,815.3997626451968,8.410237354803144,8.410237354803144
2.68,2.9202072123633074,-0.24020721236330722,0.24020721236330722
47.69,47.12991853614432,0.5600814638556812,0.5600814638556812
36.48,36.560712871816506,-0.08071287181650888,0.08071287181650888
149.88,151.91500510193134,-2.035005101931347,2.035005101931347
634.4,629.3704101016802,5.029589898319728,5.029589898319728
21.04,20.61362081061236,0.42637918938763875,0.42637918938763875
28.96,31.5919880810844,-2.6319880810843976,2.6319880810843976
22.76,24.609610862506912,-1.8496108625069105,1.8496108625069105
285.58,286.92646742818977,-1.3464674281897828,1.3464674281897828
34.05,32.72845975373205,1.3215402462679506,1.3215402462679506
11.35,11.618659937229609,-0.268659937229609,0.268659937229609
96.9,95.2439191802888,1.6560808197112067,1.6560808197112067
276.86,278.47570046414125,-1.6157004641412414,1.6157004641412414
30.3,30.39419252414788,-0.09419252414787849,0.09419252414787849
58.56,58.53718155197901,0.022818448020991866,0.022818448020991866
84.65,84.4981902494397,0.15180975056030377,0.15180975056030377
13.19,13.598339904440126,-0.40833990444012613,0.40833990444012613
273.08,274.4831187470556,-1.4031187470556006,1.4031187470556006
1.88,2.406981409251394,-0.5269814092513943,0.5269814092513943
9.38,9.536541960612372,-0.1565419606123708,0.1565419606123708
32.92,32.548251446398496,0.37174855360150616,0.37174855360150616
145.94,147.3104867259628,-1.3704867259627918,1.3704867259627918
98.18,95.92809418964914,2.2519058103508627,2.2519058103508627
54.4,56.23386925933938,-1.8338692593393802,1.8338692593393802
84.52,83.8353191709953,0.6846808290046908,0.6846808290046908
168.1,170.16525777688756,-2.065257776887563,2.065257776887563
2166.43,1960.8875974262576,205.54240257374227,205.54240257374227
569.8,552.8109185421501,16.989081457849807,16.989081457849807
7.67,7.9626555789529885,-0.29265557895298855,0.29265557895298855
16.62,18.01318997002664,-1.39318997002664,1.39318997002664
613.04,602.9807232717745,10.059276728225427,10.059276728225427
81.52,76.4021238408945,5.117876159105492,5.117876159105492
18.02,17.53318181743548,0.4868181825645195,0.4868181825645195
68.85,66.78560793058831,2.0643920694116815,2.0643920694116815
4.79,4.916867208491826,-0.1268672084918263,0.1268672084918263
17.07,19.35439038127799,-2.2843903812779907,2.2843903812779907
36.9,36.63440495751816,0.2655950424818414,0.2655950424818414
54.73,53.91082969068034,0.8191703093196594,0.8191703093196594
352.43,349.4925912091817,2.937408790818324,2.937408790818324
465.8,458.19839157473046,7.601608425269546,7.601608425269546
207.65,208.7504261971291,-1.1004261971290816,1.1004261971290816
24.92,24.82350925413949,0.09649074586051043,0.09649074586051043
4.91,5.333210941579161,-0.4232109415791605,0.4232109415791605
3.6,3.8901348562968447,-0.29013485629684466,0.29013485629684466
1599.61,1542.741531877814,56.86846812218596,56.86846812218596
113.44,117.43182073487328,-3.9918207348732864,3.9918207348732864
1.23,2.406981409251394,-1.1769814092513942,1.1769814092513942
182.05,179.3054560089017,2.744543991098311,2.744543991098311
199.22,204.5293708214776,-5.309370821477614,5.309370821477614
162.0,160.91818483955197,1.0818151604480306,1.0818151604480306
87.21,90.07084680566778,-2.8608468056677907,2.8608468056677907
399.58,411.7783278248948,-12.198327824894818,12.198327824894818
4.41,4.739770584084084,-0.3297705840840841,0.3297705840840841
3.85,4.249650635896198,-0.39965063589619776,0.39965063589619776
290.86,288.1129170408816,2.7470829591184156,2.7470829591184156
21.65,21.12260418441332,0.5273958155866794,0.5273958155866794
13.08,13.114604437950492,-0.03460443795049173,0.03460443795049173
7.91,8.098318690521252,-0.1883186905212515,0.1883186905212515
20.97,21.133588028613627,-0.16358802861362776,0.16358802861362776
104.98,104.57666597874882,0.4033340212511831,0.4033340212511831
8.74,9.06086238069365,-0.32086238069364903,0.32086238069364903
143.6,141.46738837008442,2.132611629915573,2.132611629915573
204.54,203.5878026856884,0.9521973143116043,0.9521973143116043
112.39,110.89606531011492,1.49393468988508,1.49393468988508
4.22,4.558034082049314,-0.3380340820493144,0.3380340820493144
166.39,163.5898226928946,2.8001773071054004,2.8001773071054004
39.94,42.18817088630099,-2.24817088630099,2.24817088630099
9.42,9.70303673993821,-0.28303673993820944,0.28303673993820944
43.5,41.45811160414026,2.0418883958597434,2.0418883958597434
17.22,17.645988273252964,-0.4259882732529654,0.4259882732529654
263.23,265.3539479685784,-2.1239479685783635,2.1239479685783635
143.15,141.26009287853054,1.889907121469463,1.889907121469463
178.71,175.07930543402847,3.630694565971538,3.630694565971538
70.88,69.35036959820737,1.5296304017926303,1.5296304017926303
24.6,24.79893022575666,-0.19893022575665853,0.19893022575665853
114.6,112.11275338742394,2.487246612576058,2.487246612576058
47.63,48.54033141537922,-0.9103314153792184,0.9103314153792184
15.96,16.124911207402253,-0.16491120740225185,0.16491120740225185
49.59,48.90387342838231,0.6861265716176916,0.6861265716176916
281.09,275.81654740613567,5.273452593864306,5.273452593864306
13.48,14.320747856575617,-0.8407478565756161,0.8407478565756161
109.84,110.80184968567558,-0.961849685675574,0.961849685675574
48.99,48.55548320536482,0.43451679463517934,0.43451679463517934
122.13,121.57804839070953,0.5519516092904695,0.5519516092904695
31.54,32.42668668827574,-0.8866866882757378,0.8866866882757378
154.54,151.09866202081656,3.44133797918343,3.44133797918343
47.58,48.00333626611154,-0.42333626611154074,0.42333626611154074
123.81,124.3547003661935,-0.5447003661934957,0.5447003661934957
34.65,35.199843321721914,-0.5498433217219159,0.5498433217219159
294.53,304.3231577375322,-9.793157737532226,9.793157737532226
641.35,645.490192266012,-4.140192266011923,4.140192266011923
19.06,19.784471266451344,-0.7244712664513457,0.7244712664513457
17.05,16.92366876052758,0.12633123947242098,0.12633123947242098
31.31,31.943470255130546,-0.6334702551305469,0.6334702551305469
845.36,858.4292881622072,-13.069288162207158,13.069288162207158
27.48,28.955362656734238,-1.4753626567342373,1.4753626567342373
33.64,33.34867943025958,0.29132056974042086,0.29132056974042086
546.6,534.2379548830976,12.362045116902436,12.362045116902436
21.65,22.158321452250664,-0.5083214522506658,0.5083214522506658
14.08,14.556810570275465,-0.4768105702754646,0.4768105702754646
38.72,38.05729338350168,0.6627066164983191,0.6627066164983191
360.75,361.6544554350784,-0.9044554350783756,0.9044554350783756
299.5,301.4201624366594,-1.920162436659382,1.920162436659382
175.03,175.90724480183715,-0.8772448018371506,0.8772448018371506
93.72,91.30625922993514,2.4137407700648623,2.4137407700648623
79.51,79.7080640013425,-0.19806400134250168,0.19806400134250168
30.02,30.506672020350543,-0.486672020350543,0.486672020350543
514.82,511.1263473530468,3.6936526469532396,3.6936526469532396
227.83,228.72274111747564,-0.892741117475623,0.892741117475623
2.99,3.352322616620148,-0.36232261662014764,0.36232261662014764
44.86,44.2165077268308,0.6434922731692012,0.6434922731692012
36.38,38.14998035122024,-1.7699803512202408,1.7699803512202408
227.36,227.5772545095041,-0.2172545095040732,0.2172545095040732
352.93,349.4925912091817,3.437408790818324,3.437408790818324
17.85,17.83405171077446,0.015948289225541146,0.015948289225541146
211.0,212.8506648656045,-1.8506648656045002,1.8506648656045002
1109.61,1131.2010491887888,-21.59104918878893,21.59104918878893
15.83,15.554343498746688,0.2756565012533123,0.2756565012533123
14.09,14.4856419341285,-0.39564193412850024,0.39564193412850024
41.61,39.38340990698133,2.2265900930186717,2.2265900930186717
174.17,175.7529642180439,-1.5829642180439123,1.5829642180439123
107.53,106.3495591746338,1.1804408253662046,1.1804408253662046
22.72,24.691604778374188,-1.9716047783741892,1.9716047783741892
237.88,238.4251121415311,-0.5451121415310922,0.5451121415310922
117.0,118.1022900735348,-1.1022900735348031,1.1022900735348031
11.4,11.709225214962546,-0.3092252149625452,0.3092252149625452
141.53,137.04009117531,4.489908824689991,4.489908824689991
26.13,27.46519726741608,-1.3351972674160812,1.3351972674160812
96.48,95.76847110699153,0.7115288930084773,0.7115288930084773
43.28,42.48870369367565,0.7912963063243481,0.7912963063243481
121.07,123.914915422401,-2.8449154224010016,2.8449154224010016
7.64,7.9626555789529885,-0.3226555789529888,0.3226555789529888
21.17,21.57860653076732,-0.4086065307673188,0.4086065307673188
224.21,224.1214526081771,0.08854739182291382,0.08854739182291382
17.48,17.298004282997386,0.1819957170026143,0.1819957170026143
186.18,180.64443636796972,5.535563632030289,5.535563632030289
157.95,159.48086399100077,-1.5308639910007855,1.5308639910007855
32.2,31.75760931821897,0.44239068178103125,0.44239068178103125
164.51,160.91818483955197,3.5918151604480215,3.5918151604480215
311.93,302.67779949931634,9.25220050068367,9.25220050068367
58.63,56.65048887560676,1.979511124393241,1.979511124393241
72.86,72.01818467416172,0.841815325838283,0.841815325838283
34.83,37.61966274753562,-2.7896627475356226,2.7896627475356226
102.45,104.46241099610246,-2.01241099610246,2.01241099610246
6.57,6.992586173315256,-0.4225861733152554,0.4225861733152554
110.03,111.19082667716827,-1.1608266771682736,1.1608266771682736
217.52,216.50311521854243,1.016884781457577,1.016884781457577
34.7,36.99870064043128,-2.298700640431278,2.298700640431278
53.21,53.09710286672826,0.11289713327174411,0.11289713327174411
67.52,59.10859189770292,8.411408102297074,8.411408102297074
74.25,73.50023528285135,0.7497647171486506,0.7497647171486506
644.8,650.2067286544785,-5.40672865447857,5.40672865447857
4.19,4.558034082049314,-0.36803408204931376,0.36803408204931376
14.61,14.547900659006832,0.06209934099316783,0.06209934099316783
1371.02,1398.853025092786,-27.8330250927861,27.8330250927861
49.46,50.119028410259546,-0.6590284102595447,0.6590284102595447
37.9,37.71036658946246,0.1896334105375388,0.1896334105375388
46.75,45.76821151243615,0.981788487563847,0.981788487563847
395.5,391.315100422568,4.18489957743202,4.18489957743202
47.86,48.69310664842277,-0.8331066484227705,0.8331066484227705
14.01,14.511719606111532,-0.5017196061115321,0.5017196061115321
710.15,699.7626250877676,10.387374912232417,10.387374912232417
192.96,195.0258590075381,-2.06585900753808,2.06585900753808
43.72,44.11720587080645,-0.3972058708064523,0.3972058708064523
36.33,38.25617996419877,-1.9261799641987736,1.9261799641987736
10.13,10.884113462573731,-0.7541134625737307,0.7541134625737307
33.08,32.610674712098955,0.469325287901043,0.469325287901043
61.08,61.95404871928934,-0.8740487192893411,0.8740487192893411
36.92,36.13296825720279,0.7870317427972111,0.7870317427972111
8.47,8.680227050230608,-0.21022705023060695,0.21022705023060695
62.58,61.79202493971239,0.7879750602876072,0.7879750602876072
36.04,37.47008384509872,-1.4300838450987214,1.4300838450987214
6.72,6.992586173315256,-0.2725861733152559,0.2725861733152559
40.94,38.70761058639162,2.232389413608381,2.232389413608381
132.09,132.73638282800914,-0.6463828280091377,0.6463828280091377
57.15,56.62243300377208,0.5275669962279181,0.5275669962279181
2.29,2.2733918431335014,0.016608156866498636,0.016608156866498636
2.95,2.998922950452903,-0.048922950452902736,0.048922950452902736
537.88,538.4172659653112,-0.537265965311235,0.537265965311235
92.46,91.30625922993514,1.1537407700648572,1.1537407700648572
2.57,4.896604807718564,-2.326604807718564,2.326604807718564
345.48,349.4925912091817,-4.0125912091816645,4.0125912091816645
22.46,22.62501687276634,-0.16501687276634058,0.16501687276634058
155.22,156.90622789282887,-1.6862278928288674,1.6862278928288674
57.92,59.26939354421406,-1.3493935442140597,1.3493935442140597
88.05,87.01428244174006,1.0357175582599325,1.0357175582599325
136.46,135.95571933778038,0.5042806622196281,0.5042806622196281
160.35,164.17939710019905,-3.82939710019906,3.82939710019906
3.91,4.249650635896198,-0.3396506358961977,0.3396506358961977
15.44,15.35024347532446,0.08975652467553985,0.08975652467553985
74.61,73.12696857338986,1.4830314266101396,1.4830314266101396
953.14,997.5981736349108,-44.45817363491085,44.45817363491085
160.84,153.52932557331334,7.31067442668666,7.31067442668666
19.62,18.26325343917229,1.3567465608277125,1.3567465608277125
993.12,1013.8960872145808,-20.776087214580798,20.776087214580798
63.95,63.382783034727815,0.5672169652721877,0.5672169652721877
168.08,168.4964914084551,-0.41649140845510146,0.41649140845510146
56.0,56.37211043855189,-0.37211043855189274,0.37211043855189274
98.28,96.7481821838454,1.5318178161546,1.5318178161546
86.37,85.86389962967876,0.5061003703212492,0.5061003703212492
44.16,46.38296233793714,-2.2229623379371404,2.2229623379371404
315.09,316.33207107055995,-1.2420710705599731,1.2420710705599731
192.7,192.6386960405991,0.061303959400902386,0.061303959400902386
384.02,382.45108963518106,1.5689103648189189,1.5689103648189189
95.56,95.95425416566393,-0.3942541656639236,0.3942541656639236
13.41,13.634471586578735,-0.22447158657873523,0.22447158657873523
49.17,48.21211299701268,0.9578870029873201,0.9578870029873201
67.14,64.75147780333234,2.3885221966676653,2.3885221966676653
124.38,125.1101039480441,-0.7301039480441034,0.7301039480441034
3064.92,3375.2596676930325,-310.3396676930324,310.3396676930324
10.22,10.402017786863317,-0.18201778686331593,0.18201778686331593
208.72,211.0146106086387,-2.294610608638692,2.294610608638692
12.91,13.114604437950492,-0.20460443795049166,0.20460443795049166
60.21,60.75303277936334,-0.5430327793633367,0.5430327793633367
41.94,40.20979046211477,1.73020953788523,1.73020953788523
200.59,201.2489767433873,-0.6589767433872851,0.6589767433872851
12.36,11.977200052065562,0.38279994793443706,0.38279994793443706
229.84,228.25070046997607,1.5892995300239363,1.5892995300239363
25.91,25.46375425265,0.44624574735000166,0.44624574735000166
4.01,4.420703624040996,-0.4107036240409965,0.4107036240409965
132.37,131.8650324848885,0.5049675151115025,0.5049675151115025
38.02,36.8220736733772,1.197926326622806,1.197926326622806
318.4,316.33207107055995,2.067928929440029,2.067928929440029
97.31,95.331509212513,1.9784907874870044,1.9784907874870044
387.38,386.2903907922081,1.0896092077919093,1.0896092077919093
12.34,12.548997914218113,-0.20899791421811287,0.20899791421811287
40.9,41.38330710829399,-0.48330710829399237,0.48330710829399237
46.68,46.07981370451646,0.6001862954835389,0.6001862954835389
4.04,4.215360451506396,-0.17536045150639623,0.17536045150639623
438.37,434.0848188368168,4.285181163183211,4.285181163183211
1254.19,1340.4978083011335,-86.30780830113349,86.30780830113349
29.28,28.566794249369615,0.7132057506303866,0.7132057506303866
119.06,121.4608734168185,-2.4008734168184986,2.4008734168184986
13.01,13.056646974195488,-0.0466469741954878,0.0466469741954878
62.91,66.90562550466855,-3.9956255046685527,3.9956255046685527
451.17,444.7869980060189,6.383001993981111,6.383001993981111
3.84,4.078029993498078,-0.23802999349807852,0.23802999349807852
265.38,269.0657588421924,-3.6857588421923992,3.6857588421923992
14.91,15.16363270398548,-0.2536327039854793,0.2536327039854793
23.47,23.479284785924552,-0.009284785924553063,0.009284785924553063
34.54,34.37749296050036,0.16250703949963707,0.16250703949963707
113.99,115.24445539042064,-1.2544553904206452,1.2544553904206452
1423.2,1445.365722077241,-22.165722077240844,22.165722077240844
14.35,19.14316689365059,-4.793166893650591,4.793166893650591
41.39,43.14039521651713,-1.750395216517127,1.750395216517127
137.25,136.96844222672783,0.28155777327216924,0.28155777327216924
25.03,26.02592903650273,-0.99592903650273,0.99592903650273
289.27,291.4645657095889,-2.1945657095889146,2.1945657095889146
319.76,316.35056374098934,3.409436259010647,3.409436259010647
36.89,38.78242787797416,-1.892427877974157,1.892427877974157
47.74,45.93259694583542,1.8074030541645811,1.8074030541645811
130.16,127.84678144212064,2.3132185578793525,2.3132185578793525
2970.98,3009.5232431009235,-38.54324310092352,38.54324310092352
35.34,37.05532528737646,-1.7153252873764586,1.7153252873764586
163.66,162.19729560639502,1.4627043936049802,1.4627043936049802
667.9,696.4957763182865,-28.59577631828654,28.59577631828654
30.6,31.96000365639136,-1.3600036563913598,1.3600036563913598
1.82,1.932923194059227,-0.11292319405922702,0.11292319405922702
3.12,3.1868180876541365,-0.06681808765413644,0.06681808765413644
222.55,222.21522517609657,0.3347748239034445,0.3347748239034445
139.95,140.44215719390132,-0.4921571939013347,0.4921571939013347
77.67,76.44891701098094,1.2210829890190666,1.2210829890190666
88.28,89.33751522558424,-1.0575152255842397,1.0575152255842397
558.8,565.158253275399,-6.358253275399079,6.358253275399079
1235.04,1229.414403077141,5.625596922858904,5.625596922858904
4.75,4.235722240301901,0.514277759698099,0.514277759698099
7.46,7.9626555789529885,-0.5026555789529885,0.5026555789529885
32.53,31.75760931821897,0.7723906817810295,0.7723906817810295
62.5,62.06825570795403,0.43174429204596976,0.43174429204596976
27.59,26.741904466789943,0.8480955332100564,0.8480955332100564
31.25,33.72219832105594,-2.4721983210559415,2.4721983210559415
49.68,48.38676758738562,1.2932324126143797,1.2932324126143797
3432.8,3215.620345588989,217.17965441101114,217.17965441101114
9.88,9.94497315390125,-0.06497315390124925,0.06497315390124925
8.23,8.812809378256263,-0.5828093782562629,0.5828093782562629
225.06,227.4651040548188,-2.4051040548187927,2.4051040548187927
352.27,349.58894215841553,2.6810578415844475,2.6810578415844475
54.51,53.47243585481496,1.037564145185037,1.037564145185037
193.23,196.4578039758947,-3.227803975894716,3.227803975894716
54.91,56.11633958017368,-1.2063395801736831,1.2063395801736831
25.7,26.68697025544531,-0.9869702554453106,0.9869702554453106
4.61,5.083170557476946,-0.47317055747694603,0.47317055747694603
432.25,428.5343359110752,3.715664088924825,3.715664088924825
888.26,951.3970146016716,-63.13701460167158,63.13701460167158
93.39,92.28597030678904,1.1040296932109612,1.1040296932109612
57.79,61.86343672446176,-4.073436724461757,4.073436724461757
87.0,78.09436162121315,8.905638378786847,8.905638378786847
6.72,7.131216622824273,-0.4112166228242735,0.4112166228242735
100.43,101.81433119431972,-1.3843311943197136,1.3843311943197136
80.18,82.00431609702063,-1.8243160970206276,1.8243160970206276
115.85,116.95402088995844,-1.1040208899584485,1.1040208899584485
27.03,27.173883000784187,-0.1438830007841858,0.1438830007841858
21.84,21.12260418441332,0.7173958155866806,0.7173958155866806
18.28,18.619611737446785,-0.3396117374467842,0.3396117374467842
283.44,291.26380339040713,-7.823803390407136,7.823803390407136
12.07,12.166269847924612,-0.0962698479246118,0.0962698479246118
200.79,190.1023014162533,10.68769858374668,10.68769858374668
94.7,96.97631661345883,-2.2763166134588317,2.2763166134588317
360.48,354.3837145577061,6.09628544229389,6.09628544229389
342.51,346.05480075923134,-3.54480075923135,3.54480075923135
81.84,75.54794690297554,6.292053097024464,6.292053097024464
472.72,461.88188650612585,10.838113493874175,10.838113493874175
26.01,25.62918235914588,0.3808176408541222,0.3808176408541222
526.09,538.5152391127102,-12.425239112710187,12.425239112710187
20.5,20.09122336070596,0.4087766392940395,0.4087766392940395
64.29,64.54183120674938,-0.2518312067493724,0.2518312067493724
31.22,31.62941223427237,-0.40941223427237006,0.40941223427237006
3.19,3.5684391442716143,-0.3784391442716144,0.3784391442716144
190.14,195.5867896828672,-5.446789682867205,5.446789682867205
20.88,20.998914046317957,-0.11891404631795766,0.11891404631795766
98.93,97.60465651913312,1.3253434808668914,1.3253434808668914
2.92,3.352322616620148,-0.4323226166201479,0.4323226166201479
427.77,438.9057468747679,-11.135746874767904,11.135746874767904
4.91,5.333210941579161,-0.4232109415791605,0.4232109415791605
50.38,52.601445871976026,-2.221445871976023,2.221445871976023
82.05,83.29448523494109,-1.244485234941095,1.244485234941095
142.35,142.71644753566187,-0.3664475356618766,0.3664475356618766
73.0,69.58184786391593,3.4181521360840748,3.4181521360840748
845.05,840.342157371534,4.707842628465983,4.707842628465983
4.75,4.990537311036243,-0.24053731103624276,0.24053731103624276
8.29,8.306429662015608,-0.016429662015609026,0.016429662015609026
2.48,4.70870967051733,-2.2287096705173304,2.2287096705173304
14.37,14.547900659006832,-0.17790065900683238,0.17790065900683238
26.26,25.62918235914588,0.6308176408541222,0.6308176408541222
83.67,84.98725077001933,-1.3172507700193279,1.3172507700193279
23.65,25.29935848931222,-1.6493584893122204,1.6493584893122204
319.26,329.67418183346194,-10.414181833461953,10.414181833461953
31.02,32.33197954793831,-1.3119795479383107,1.3119795479383107
20.5,21.066747520204856,-0.5667475202048564,0.5667475202048564
109.23,111.06694110445042,-1.8369411044504176,1.8369411044504176
513.28,511.453356890952,1.82664310904795,1.82664310904795
8.95,9.263514971837628,-0.31351497183762866,0.31351497183762866
62.52,61.79202493971239,0.727975060287612,0.727975060287612
10.69,11.39097802632592,-0.7009780263259202,0.7009780263259202
21.34,19.9371195752286,1.4028804247714,1.4028804247714
21.99,22.29380017673984,-0.3038001767398413,0.3038001767398413
174.56,172.62663178669538,1.9333682133046182,1.9333682133046182
167.51,168.04894464077933,-0.5389446407793343,0.5389446407793343
47.64,44.96768108006248,2.672318919937517,2.672318919937517
17.23,17.347098183332186,-0.11709818333218536,0.11709818333218536
12.18,12.548997914218113,-0.368997914218113,0.368997914218113
142.75,141.57853456590263,1.171465434097371,1.171465434097371
21.85,23.08510655791808,-1.2351065579180798,1.2351065579180798
57.26,56.62243300377208,0.6375669962279176,0.6375669962279176
62.75,61.507510352300415,1.2424896476995855,1.2424896476995855
35.26,34.397566118658624,0.8624338813413743,0.8624338813413743
49.79,48.29394779341941,1.4960522065805861,1.4960522065805861
112.54,111.7674156532356,0.772584346764404,0.772584346764404
1.02,1.876412641507243,-0.856412641507243,0.856412641507243
40.03,42.24407092428737,-2.2140709242873697,2.2140709242873697
565.04,564.8821493340174,0.1578506659825507,0.1578506659825507
57.7,61.85576176958096,-4.1557617695809554,4.1557617695809554
49.53,49.565423327308025,-0.035423327308024,0.035423327308024
160.55,160.91818483955197,-0.368184839551958,0.368184839551958
9.5,9.99358659357444,-0.4935865935744399,0.4935865935744399
690.57,695.6374440367106,-5.067444036710526,5.067444036710526
17.31,17.238900367383998,0.07109963261600072,0.07109963261600072
110.24,107.99806344290596,2.2419365570940357,2.2419365570940357
3.17,3.529491718197054,-0.35949171819705406,0.35949171819705406
85.32,88.03557851334648,-2.715578513346486,2.715578513346486
132.94,128.2156750560972,4.724324943902786,4.724324943902786
319.02,323.8940817788637,-4.87408177886374,4.87408177886374
1773.77,1525.429595861115,248.34040413888488,248.34040413888488
35.93,36.13656189988269,-0.20656189988269347,0.20656189988269347
3.11,3.380544007070381,-0.2705440070703813,0.2705440070703813
344.61,356.8461091546911,-12.236109154691064,12.236109154691064
26.66,25.519644438238394,1.1403555617616057,1.1403555617616057
259.31,254.7300157869914,4.579984213008601,4.579984213008601
233.66,235.92371614593384,-2.2637161459338415,2.2637161459338415
259.36,258.14140030316,1.2185996968399877,1.2185996968399877
6.39,6.7758116029610855,-0.38581160296108585,0.38581160296108585
51.07,52.11472235813834,-1.044722358138337,1.044722358138337
136.92,135.6372776504083,1.282722349591694,1.282722349591694
114.35,113.14561026552131,1.2043897344786814,1.2043897344786814
508.68,515.7001929227038,-7.020192922703757,7.020192922703757
31.15,32.33197954793831,-1.1819795479383117,1.1819795479383117
126.01,126.1337425833942,-0.12374258339418986,0.12374258339418986
366.23,362.7312897761538,3.498710223846217,3.498710223846217
30.31,29.395333266192736,0.9146667338072625,0.9146667338072625
84.11,83.8353191709953,0.27468082900469426,0.27468082900469426
76.06,74.52950042077552,1.5304995792244824,1.5304995792244824
354.68,350.34962971451847,4.330370285481536,4.330370285481536
41.28,43.11603039994533,-1.8360303999453293,1.8360303999453293
79.22,81.42586423918291,-2.2058642391829153,2.2058642391829153
31.38,33.41894316257644,-2.038943162576441,2.038943162576441
35.93,35.53276708303744,0.39723291696255814,0.39723291696255814
16.45,16.16110206134325,0.2888979386567492,0.2888979386567492
154.09,153.9989542665175,0.09104573348250256,0.09104573348250256
241.09,239.9332142758037,1.156785724196311,1.156785724196311
114.85,115.0139196157854,-0.16391961578540304,0.16391961578540304
29.13,28.897296317344324,0.23270368265567498,0.23270368265567498
24.52,24.643651274932427,-0.12365127493242767,0.12365127493242767
12.64,12.9593137687143,-0.3193137687142986,0.3193137687142986
32.41,31.863099215916485,0.5469007840835118,0.5469007840835118
2.78,2.828661237426916,-0.048661237426916415,0.048661237426916415
151.2,152.5986338754827,-1.398633875482716,1.398633875482716
663.75,658.7563933120302,4.993606687969759,4.993606687969759
78.96,78.53082601769118,0.42917398230881076,0.42917398230881076
6.94,7.390600858571427,-0.45060085857142695,0.45060085857142695
197.32,204.08617628076365,-6.766176280763659,6.766176280763659
10.47,10.402017786863317,0.06798221313668407,0.06798221313668407
87.07,87.62738467570702,-0.5573846757070271,0.5573846757070271
255.26,253.7806887190723,1.4793112809277034,1.4793112809277034
117.42,117.03718831898236,0.3828116810176425,0.3828116810176425
23.09,26.11774666106341,-3.0277466610634107,3.0277466610634107
331.44,326.2772043183912,5.16279568160877,5.16279568160877
32.83,34.0018007218606,-1.171800721860599,1.171800721860599
744.76,749.594268714042,-4.8342687140419685,4.8342687140419685
78.34,77.71145837719203,0.6285416228079725,0.6285416228079725
89.02,89.03377136554576,-0.013771365545764525,0.013771365545764525
88.97,90.20470380671922,-1.2347038067192244,1.2347038067192244
19.17,21.960716308444088,-2.790716308444086,2.790716308444086
2.11,2.085496705932268,0.024503294067731662,0.024503294067731662
22.74,23.479284785924552,-0.7392847859245535,0.7392847859245535
158.28,154.3683293820899,3.91167061791009,3.91167061791009
262.04,266.6882581251655,-4.648258125165455,4.648258125165455
19.53,19.395351023682448,0.13464897631755335,0.13464897631755335
15.25,15.231968388139892,0.018031611860108043,0.018031611860108043
7.91,8.141535584462725,-0.2315355844627245,0.2315355844627245
10.74,11.202360651210356,-0.4623606512103553,0.4623606512103553
98.16,97.82682801851992,0.33317198148007776,0.33317198148007776
534.36,538.0233211375171,-3.663321137517073,3.663321137517073
14.97,15.054655559225376,-0.08465555922537504,0.08465555922537504
85.68,88.53721363430736,-2.8572136343073566,2.8572136343073566
395.37,391.81517546123314,3.5548245387668658,3.5548245387668658
61.97,62.2873707771651,-0.3173707771651024,0.3173707771651024
20.91,21.133588028613627,-0.22358802861362648,0.22358802861362648
14.66,16.473606547717164,-1.8136065477171641,1.8136065477171641
6.27,6.326246979922936,-0.05624697992293637,0.05624697992293637
2.4,2.6160654736764197,-0.21606547367641982,0.21606547367641982
245.1,240.45543540773187,4.644564592268125,4.644564592268125
22.38,22.55029641425513,-0.1702964142551302,0.1702964142551302
30.14,30.36134688424183,-0.2213468842418287,0.2213468842418287
84.74,84.35574031814032,0.38425968185967463,0.38425968185967463
870.06,901.0794720995824,-31.019472099582458,31.019472099582458
152.06,155.71159390000798,-3.651593900007981,3.651593900007981
18.63,19.231354568751645,-0.6013545687516455,0.6013545687516455
372.91,370.8211293280448,2.088870671955249,2.088870671955249
156.1,156.0898848117141,0.010115188285908516,0.010115188285908516
18.23,19.264574827311424,-1.034574827311424,1.034574827311424
31.07,31.22068034073176,-0.1506803407317605,0.1506803407317605
95.44,94.0557414477996,1.384258552200393,1.384258552200393
20.35,20.15996456441981,0.1900354355801923,0.1900354355801923
297.24,290.48230604507506,6.757693954924946,6.757693954924946
14.14,13.718253168286797,0.4217468317132038,0.4217468317132038
27.36,28.955362656734238,-1.5953626567342383,1.5953626567342383
8.54,8.55441135799733,-0.014411357997330398,0.014411357997330398
22.88,23.479284785924552,-0.5992847859245529,0.5992847859245529
99.94,97.60465651913312,2.3353434808668823,2.3353434808668823
164.01,163.66547270517864,0.34452729482134714,0.34452729482134714
185.88,189.56443483524828,-3.6844348352482825,3.6844348352482825
3.45,3.9111127748145327,-0.4611127748145325,0.4611127748145325
165.98,167.91277662445697,-1.9327766244569773,1.9327766244569773
148.72,145.5821505635216,3.1378494364784046,3.1378494364784046
613.88,620.0328585716446,-6.152858571644629,6.152858571644629
609.49,623.9581904895499,-14.468190489549897,14.468190489549897
366.01,354.23519230069826,11.774807699301732,11.774807699301732
146.91,145.5821505635216,1.3278494364784024,1.3278494364784024
26.16,27.11240840769972,-0.9524084076997212,0.9524084076997212
3.36,3.9111127748145327,-0.5511127748145328,0.5511127748145328
233.58,234.66607908327697,-1.0860790832769567,1.0860790832769567
130.54,135.40071684356238,-4.860716843562386,4.860716843562386
4.24,4.638127780509892,-0.39812778050989195,0.39812778050989195
46.6,46.65760452034842,-0.057604520348419896,0.057604520348419896
218.68,210.66792140630108,8.01207859369893,8.01207859369893
21.37,21.133588028613627,0.23641197138637438,0.23641197138637438
6.47,6.7758116029610855,-0.3058116029610858,0.3058116029610858
47.44,47.12991853614432,0.31008146385568125,0.31008146385568125
133.7,133.91313190827125,-0.21313190827126505,0.21313190827126505
16.28,16.356686315064316,-0.07668631506431467,0.07668631506431467
3.07,3.529491718197054,-0.45949171819705414,0.45949171819705414
741.82,748.4110893975529,-6.591089397552878,6.591089397552878
5.54,5.778253718546215,-0.2382537185462148,0.2382537185462148
70.38,69.59341001377592,0.7865899862240724,0.7865899862240724
10.73,10.6806177151937,0.0493822848063008,0.0493822848063008
18.23,18.454033055749377,-0.22403305574937704,0.22403305574937704
444.76,446.291780802356,-1.5317808023560247,1.5317808023560247
2.28,2.2733918431335014,0.006608156866498405,0.006608156866498405
39.86,42.18817088630099,-2.3281708863009882,2.3281708863009882
44.17,45.0385209685667,-0.868520968566699,0.868520968566699
26.56,27.06339494992897,-0.5033949499289712,0.5033949499289712
29.64,30.73373591699208,-1.093735916992081,1.093735916992081
27.18,31.50587583388672,-4.32587583388672,4.32587583388672
54.57,53.47243585481496,1.0975641451850393,1.0975641451850393
6.81,6.253134220361999,0.5568657796380005,0.5568657796380005
39.5,37.66172858994132,1.838271410058681,1.838271410058681
3.52,4.0655680449625775,-0.5455680449625775,0.5455680449625775
30.88,31.163392370720647,-0.28339237072064805,0.28339237072064805
255.03,256.20032660877075,-1.1703266087707505,1.1703266087707505
13.12,14.502218474102424,-1.3822184741024248,1.3822184741024248
64.68,60.28639989163337,4.393600108366634,4.393600108366634
61.51,62.19324351827528,-0.6832435182752832,0.6832435182752832
84.24,74.5287618965484,9.711238103451592,9.711238103451592
49.06,47.870100496720816,1.189899503279186,1.189899503279186
456.97,450.3318088112253,6.6381911887747265,6.6381911887747265
20.82,20.804896797240307,0.015103202759693346,0.015103202759693346
10.19,10.402017786863317,-0.21201778686331707,0.21201778686331707
4.17,4.215360451506396,-0.04536045150639634,0.04536045150639634
24.25,23.769469470871567,0.4805305291284334,0.4805305291284334
417.51,414.54506497070594,2.964935029294054,2.964935029294054
5.78,5.864116806727806,-0.08411680672780619,0.08411680672780619
880.44,836.3202011258952,44.119798874104845,44.119798874104845
222.66,222.11475473053767,0.5452452694623275,0.5452452694623275
26.58,26.594168079300847,-0.01416807930084829,0.01416807930084829
91.22,83.08506097661852,8.134939023381477,8.134939023381477
11.45,11.671079948111096,-0.22107994811109677,0.22107994811109677
121.8,121.63788522337252,0.16211477662747598,0.16211477662747598
72.33,69.59341001377592,2.7365899862240752,2.7365899862240752
62.56,59.28003580692505,3.279964193074953,3.279964193074953
32.39,31.09312863840379,1.2968713615962102,1.2968713615962102
84.84,82.41573767513339,2.4242623248666177,2.4242623248666177
66.57,64.84792134613603,1.72207865386396,1.72207865386396
3632.28,4466.146252400669,-833.866252400669,833.866252400669
7.25,7.683750629313004,-0.43375062931300423,0.43375062931300423
17.77,17.774427961857715,-0.00442796185771499,0.00442796185771499
2.59,2.821753848875997,-0.23175384887599693,0.23175384887599693
4.3,4.558034082049314,-0.25803408204931433,0.25803408204931433
70.06,69.09220575130533,0.9677942486946733,0.9677942486946733
11.56,12.041604185125264,-0.4816041851252635,0.4816041851252635
5.85,6.07222777822216,-0.22222777822216067,0.22222777822216067
58.51,58.53718155197901,-0.027181551979012397,0.027181551979012397
4.56,4.772248746647042,-0.21224874664704263,0.21224874664704263
19.56,19.395351023682448,0.16464897631755093,0.16464897631755093
607.86,642.261621914054,-34.401621914053976,34.401621914053976
60.66,58.856660528185394,1.8033394718146027,1.8033394718146027
364.72,309.24942382580656,55.47057617419347,55.47057617419347
83.76,85.03313137829025,-1.2731313782902447,1.2731313782902447
52.02,49.699643921896985,2.3203560781030177,2.3203560781030177
200.23,202.954899677091,-2.7248996770910026,2.7248996770910026
22.75,24.24531870604429,-1.4953187060442907,1.4953187060442907
13.82,13.910318489099188,-0.09031848909918772,0.09031848909918772
827.94,821.6997734980064,6.240226501993675,6.240226501993675
30.15,30.73373591699208,-0.583735916992083,0.583735916992083
1342.6,1306.7911286843023,35.808871315697616,35.808871315697616
9.16,9.586507691653445,-0.4265076916534447,0.4265076916534447
25.16,24.6906822723449,0.46931772765509905,0.46931772765509905
91.62,92.544279454033,-0.9242794540329982,0.9242794540329982
77.08,76.97738731711053,0.10261268288947178,0.10261268288947178
56.74,58.30522057362199,-1.5652205736219855,1.5652205736219855
58.45,56.73332976349273,1.7166702365072695,1.7166702365072695
740.42,760.9689529285567,-20.548952928556787,20.548952928556787
87.76,86.51037855142583,1.2496214485741746,1.2496214485741746
63.04,63.00205841072116,0.037941589278837284,0.037941589278837284
117.82,118.1022900735348,-0.28229007353480995,0.28229007353480995
26.08,26.152969448843475,-0.07296944884347667,0.07296944884347667
234.34,238.9761979763356,-4.636197976335609,4.636197976335609
18.5,18.77536967870753,-0.2753696787075306,0.2753696787075306
30.24,29.358025120738787,0.881974879261211,0.881974879261211
21.45,21.12260418441332,0.3273958155866801,0.3273958155866801
45.7,47.4594528146776,-1.7594528146775943,1.7594528146775943
9.26,9.586507691653445,-0.32650769165344506,0.32650769165344506
34.57,35.199843321721914,-0.6298433217219142,0.6298433217219142
736.24,725.4624777316503,10.777522268349685,10.777522268349685
29.48,30.8460236231168,-1.3660236231167993,1.3660236231167993
25.16,25.2241485015753,-0.06414850157529983,0.06414850157529983
19.49,18.776907427102387,0.7130925728976116,0.7130925728976116
481.22,478.13380181136654,3.086198188633489,3.086198188633489
12.9,12.9593137687143,-0.05931376871429883,0.05931376871429883
313.7,306.08162176869865,7.618378231301335,7.618378231301335
6.4,6.7758116029610855,-0.3758116029610852,0.3758116029610852
28.68,35.00638230090984,-6.326382300909842,6.326382300909842
123.71,120.2764454439342,3.4335545560658005,3.4335545560658005
44.51,45.9471864482251,-1.4371864482250984,1.4371864482250984
92.98,91.4658823125928,1.5141176874072073,1.5141176874072073
16.78,16.369321223118654,0.4106787768813476,0.4106787768813476
348.72,364.6889332203524,-15.968933220352369,15.968933220352369
1.72,2.0643077787084763,-0.3443077787084763,0.3443077787084763
786.16,764.3202841800487,21.839715819951266,21.839715819951266
40.16,37.962655219737286,2.1973447802627106,2.1973447802627106
6.05,6.07222777822216,-0.022227778222160488,0.022227778222160488
26.49,24.69184644496495,1.79815355503505,1.79815355503505
36.9,36.32189124495751,0.5781087550424857,0.5781087550424857
93.19,90.86929733545662,2.3207026645433757,2.3207026645433757
38.49,38.6387827119633,-0.14878271196329962,0.14878271196329962
34.9,34.55627378596934,0.34372621403066006,0.34372621403066006
7.27,7.616770932533256,-0.3467709325332562,0.3467709325332562
3.44,3.7190818681520463,-0.2790818681520464,0.2790818681520464
433.02,428.5478970180949,4.4721029819050955,4.4721029819050955
353.43,352.857961744511,0.5720382554890193,0.5720382554890193
9.87,9.99358659357444,-0.12358659357444068,0.12358659357444068
253.25,257.6219241004942,-4.371924100494198,4.371924100494198
158.52,157.85399051148457,0.6660094885154422,0.6660094885154422
87.96,89.58307417177396,-1.6230741717739647,1.6230741717739647
85.22,86.2650038363303,-1.0450038363302951,1.0450038363302951
21.84,21.42377271356064,0.4162272864393586,0.4162272864393586
15.15,15.231968388139892,-0.0819683881398916,0.0819683881398916
54.95,55.27557909476554,-0.32557909476553704,0.32557909476553704
25.94,25.46375425265,0.4762457473500028,0.4762457473500028
65.56,68.10939927016297,-2.549399270162965,2.549399270162965
724.74,748.5729604721082,-23.832960472108198,23.832960472108198
827.64,830.2989050749682,-2.6589050749681746,2.6589050749681746
22.43,22.29380017673984,0.13619982326016,0.13619982326016
6.93,7.262386716616038,-0.33238671661603814,0.33238671661603814
71.23,71.16105010293616,0.06894989706384536,0.06894989706384536
87.48,87.54563159610855,-0.06563159610854541,0.06563159610854541
31.37,32.33197954793831,-0.9619795479383093,0.9619795479383093
201.19,203.63885420302285,-2.4488542030228473,2.4488542030228473
17.51,17.298004282997386,0.21199571700261544,0.21199571700261544
9.77,11.37804236283688,-1.6080423628368798,1.6080423628368798
11.19,11.848022659287986,-0.6580226592879868,0.6580226592879868
1.24,1.7848072805248434,-0.5448072805248434,0.5448072805248434
16.85,17.015164238786014,-0.16516423878601216,0.16516423878601216
130.61,131.9761786807067,-1.366178680706696,1.366178680706696
171.02,168.98486987900617,2.0351301209938413,2.0351301209938413
10.69,11.076239880401465,-0.3862398804014653,0.3862398804014653
9.04,9.263514971837628,-0.2235149718376288,0.2235149718376288
274.32,268.20156373888125,6.118436261118745,6.118436261118745
10.28,10.402017786863317,-0.12201778686331721,0.12201778686331721
21.15,21.12260418441332,0.027395815586679362,0.027395815586679362
71.85,69.96667672323741,1.8833232767625816,1.8833232767625816
181.48,179.12071966361958,2.359280336380408,2.359280336380408
22.07,22.29380017673984,-0.22380017673983943,0.22380017673983943
403.65,409.5560147555819,-5.906014755581907,5.906014755581907
305.92,302.67779949931634,3.24220050068368,3.24220050068368
46.22,44.8453842951869,1.3746157048130954,1.3746157048130954
19.23,19.395351023682448,-0.16535102368244736,0.16535102368244736
398.9,396.8683238431519,2.03167615684805,2.03167615684805
44.58,42.48870369367565,2.0912963063243453,2.0912963063243453
86.01,87.16805010529225,-1.1580501052922472,1.1580501052922472
48.28,48.20080565007048,0.0791943499295229,0.0791943499295229
16.43,16.16110206134325,0.2688979386567496,0.2688979386567496
22.37,21.12260418441332,1.2473958155866818,1.2473958155866818
7.47,7.7462575415584976,-0.2762575415584978,0.2762575415584978
960.16,1011.1216976133768,-50.96169761337683,50.96169761337683
81.04,80.99732546221551,0.04267453778449237,0.04267453778449237
177.45,180.2346669962586,-2.7846669962586077,2.7846669962586077
379.38,386.0070638865321,-6.627063886532085,6.627063886532085
31.83,32.2125107757042,-0.3825107757042048,0.3825107757042048
29.12,28.41747022975582,0.7025297702441797,0.7025297702441797
37.37,38.06133840270351,-0.691338402703515,0.691338402703515
3.26,3.5684391442716143,-0.30843914427161456,0.30843914427161456
196.5,192.37951001389945,4.1204899861005515,4.1204899861005515
16.54,16.80993964018363,-0.2699396401836296,0.2699396401836296
186.75,198.2725651224549,-11.522565122454893,11.522565122454893
463.95,469.8519845244665,-5.9019845244665134,5.9019845244665134
59.54,57.48780733642983,2.0521926635701675,2.0521926635701675
17.21,17.298004282997386,-0.08800428299738527,0.08800428299738527
21.62,21.12260418441332,0.4973958155866818,0.4973958155866818
5.42,5.778253718546215,-0.3582537185462149,0.3582537185462149
53.3,55.15522342466486,-1.8552234246648638,1.8552234246648638
96.72,97.94889686012132,-1.2288968601213242,1.2288968601213242
136.88,133.73671631737585,3.143283682624144,3.143283682624144
40.02,38.70761058639162,1.3123894136083862,1.3123894136083862
132.84,126.80732329237486,6.032676707625143,6.032676707625143
48.0,45.26325921190807,2.7367407880919288,2.7367407880919288
561.01,560.4704676187364,0.5395323812635979,0.5395323812635979
9.08,9.628319473466137,-0.5483194734661367,0.5483194734661367
905.49,910.8672676320696,-5.377267632069561,5.377267632069561
89.52,87.11561785702789,2.4043821429721106,2.4043821429721106
107.92,104.54286707795556,3.3771329220444386,3.3771329220444386
23.91,23.479284785924552,0.4307152140754482,0.4307152140754482
272.9,269.45920080153815,3.440799198461832,3.440799198461832
293.61,291.2754889192977,2.3345110807023275,2.3345110807023275
186.21,188.16370766581156,-1.9537076658115495,1.9537076658115495
9.98,10.402017786863317,-0.42201778686331615,0.42201778686331615
4.07,3.1756734307715884,0.8943265692284119,0.8943265692284119
339.79,342.5231220804746,-2.7331220804745726,2.7331220804745726
256.37,255.0614035327476,1.3085964672524142,1.3085964672524142
42.53,45.81590373329533,-3.285903733295328,3.285903733295328
174.42,172.30067153816773,2.1193284618322537,2.1193284618322537
21.36,20.762538265753275,0.5974617342467248,0.5974617342467248
81.77,78.49404451250965,3.27595548749035,3.27595548749035
37.8,39.925167087736,-2.1251670877360027,2.1251670877360027
32.07,31.75760931821897,0.3123906817810287,0.3123906817810287
717.86,731.7648678209106,-13.904867820910567,13.904867820910567
310.64,319.0081051763037,-8.368105176303686,8.368105176303686
10.39,10.402017786863317,-0.012017786863316005,0.012017786863316005
128.7,123.63331744499942,5.066682555000568,5.066682555000568
20.84,20.998914046317957,-0.1589140463179568,0.1589140463179568
8.33,8.306429662015608,0.023570337984391898,0.023570337984391898
113.04,114.47755791053228,-1.437557910532277,1.437557910532277
9.42,9.628319473466137,-0.20831947346613688,0.20831947346613688
114.85,117.53096586621294,-2.6809658662129436,2.6809658662129436
172.78,172.86065014306067,-0.08065014306066587,0.08065014306066587
164.1,161.18361161916343,2.9163883808365654,2.9163883808365654
97.1,96.7481821838454,0.3518178161545933,0.3518178161545933
5.72,6.831810700377041,-1.111810700377041,1.111810700377041
5.41,5.435580088003297,-0.025580088003296808,0.025580088003296808
312.04,302.36992678305364,9.670073216946378,9.670073216946378
465.83,452.2115418105344,13.61845818946557,13.61845818946557
40.77,38.11420948657681,2.6557905134231916,2.6557905134231916
722.5,725.0190439932015,-2.519043993201535,2.519043993201535
23.13,23.479284785924552,-0.3492847859245529,0.3492847859245529
26.25,25.80386342305864,0.44613657694135966,0.44613657694135966
18.5,18.77536967870753,-0.2753696787075306,0.2753696787075306
21.31,21.12260418441332,0.1873958155866795,0.1873958155866795
6.09,6.326246979922936,-0.23624697992293608,0.23624697992293608
33.44,33.66313864879617,-0.22313864879617284,0.22313864879617284
259.38,258.9446321660295,0.4353678339704743,0.4353678339704743
49.35,48.313268850921936,1.036731149078065,1.036731149078065
16.08,15.950045296333755,0.12995470366624318,0.12995470366624318
109.16,108.3597025806778,0.8002974193221917,0.8002974193221917
16.23,16.16110206134325,0.06889793865675031,0.06889793865675031
34.42,33.321054075844856,1.0989459241551458,1.0989459241551458
2.3,2.2733918431335014,0.026608156866498422,0.026608156866498422
12.49,13.091475340687936,-0.6014753406879354,0.6014753406879354
993.88,1016.8488307125974,-22.968830712597423,22.968830712597423
39.16,42.13472826762654,-2.9747282676265456,2.9747282676265456
74.77,74.7962279847957,-0.026227984795710313,0.026227984795710313
34.22,33.34867943025958,0.8713205697404192,0.8713205697404192
1055.37,1064.9287674839704,-9.558767483970541,9.558767483970541
193.68,204.22603015027076,-10.546030150270752,10.546030150270752
6.59,6.992586173315256,-0.4025861733152558,0.4025861733152558
34.54,37.00288833049103,-2.462888330491033,2.462888330491033
5.86,6.571756085731772,-0.7117560857317713,0.7117560857317713
22.96,23.479284785924552,-0.5192847859245511,0.5192847859245511
130.55,130.53538409279903,0.014615907200976608,0.014615907200976608
3.59,4.0655680449625775,-0.47556804496257765,0.47556804496257765
96.33,96.0330173617936,0.29698263820640136,0.29698263820640136
4.26,5.412891110623188,-1.1528911106231883,1.1528911106231883
106.03,118.643068069628,-12.613068069628,12.613068069628
1025.48,1094.4723107072318,-68.99231070723181,68.99231070723181
164.7,167.60198061343715,-2.9019806134371606,2.9019806134371606
5.22,5.333210941579161,-0.1132109415791609,0.1132109415791609
23.95,23.769469470871567,0.1805305291284327,0.1805305291284327
12.2,12.548997914218113,-0.34899791421811344,0.34899791421811344
10.56,10.402017786863317,0.15798221313668392,0.15798221313668392
2.36,2.6160654736764197,-0.25606547367641985,0.25606547367641985
46.58,48.10106006163596,-1.5210600616359642,1.5210600616359642
32.96,36.04316562966776,-3.0831656296677608,3.0831656296677608
384.42,380.0784674197914,4.341532580208593,4.341532580208593
27.95,27.173883000784187,0.7761169992158123,0.7761169992158123
79.93,83.06891418175478,-3.138914181754771,3.138914181754771
285.22,283.9241086182773,1.295891381722754,1.295891381722754
868.11,871.4145767600364,-3.3045767600364115,3.3045767600364115
457.32,450.7391893100714,6.580810689928569,6.580810689928569
78.8,77.71145837719203,1.0885416228079663,1.0885416228079663
362.75,345.17323984530526,17.57676015469474,17.57676015469474
6.47,6.7758116029610855,-0.3058116029610858,0.3058116029610858
2.39,2.7301484878935978,-0.34014848789359764,0.34014848789359764
15.49,15.35024347532446,0.13975652467554056,0.13975652467554056
5.48,5.778253718546215,-0.2982537185462144,0.2982537185462144
7.34,6.661565413650875,0.678434586349125,0.678434586349125
40.08,42.218398372481616,-2.1383983724816176,2.1383983724816176
12.88,13.114604437950492,-0.23460443795049102,0.23460443795049102
246.28,250.99188168553388,-4.711881685533882,4.711881685533882
77.91,79.75019909035265,-1.8401990903526553,1.8401990903526553
65.21,59.64679566092692,5.563204339073074,5.563204339073074
8.57,8.680227050230608,-0.1102270502306073,0.1102270502306073
78.06,80.38322989467626,-2.3232298946762597,2.3232298946762597
47.0,47.638706664118274,-0.6387066641182741,0.6387066641182741
36.28,37.64412719687367,-1.3641271968736675,1.3641271968736675
6.14,6.567700631466732,-0.427700631466732,0.427700631466732
154.15,152.67756325879307,1.4724367412069341,1.4724367412069341
153.71,153.1568046719932,0.553195328006808,0.553195328006808
117.99,115.77908749744036,2.210912502559637,2.210912502559637
23.28,25.285821725872516,-2.005821725872515,2.005821725872515
58.8,57.723568617781744,1.076431382218253,1.076431382218253
1624.88,1649.0435411375893,-24.163541137589164,24.163541137589164
7.02,7.339327594318627,-0.31932759431862756,0.31932759431862756
235.62,238.63593955720395,-3.01593955720395,3.01593955720395
19.67,20.15996456441981,-0.4899645644198074,0.4899645644198074
9.28,9.628319473466137,-0.34831947346613745,0.34831947346613745
213.19,210.656704354015,2.5332956459849925,2.5332956459849925
603.24,591.9672509148179,11.272749085182113,11.272749085182113
293.5,290.51480136319464,2.9851986368053645,2.9851986368053645
40.86,41.53695805989881,-0.6769580598988085,0.6769580598988085
1625.4,1604.8417260005403,20.558273999459743,20.558273999459743
89.26,89.33751522558424,-0.07751522558423574,0.07751522558423574
178.44,179.2746426571772,-0.8346426571771985,0.8346426571771985
10.9,11.39097802632592,-0.49097802632591936,0.49097802632591936
1435.05,1394.8891329883263,40.160867011673645,40.160867011673645
27.76,28.835216845141627,-1.0752168451416253,1.0752168451416253
8.04,8.738750319908158,-0.6987503199081591,0.6987503199081591
448.76,446.291780802356,2.4682191976439753,2.4682191976439753
423.99,428.2582319696936,-4.268231969693602,4.268231969693602
415.75,417.0870353052933,-1.3370353052932842,1.3370353052932842
86.07,88.24669593996677,-2.176695939966777,2.176695939966777
70.3,66.78560793058831,3.5143920694116844,3.5143920694116844
185.75,185.4508953833111,0.29910461668890775,0.29910461668890775
72.65,71.23689625278516,1.4131037472148478,1.4131037472148478
25.57,27.12508809700744,-1.555088097007438,1.555088097007438
4.46,4.739770584084084,-0.2797705840840843,0.2797705840840843
155.63,156.0898848117141,-0.45988481171409035,0.45988481171409035
21.16,21.133588028613627,0.026411971386373523,0.026411971386373523
19.06,17.803283962908566,1.256716037091433,1.256716037091433
6.78,7.262386716616038,-0.4823867166160376,0.4823867166160376
196.72,195.1546743136404,1.5653256863595857,1.5653256863595857
213.22,215.12606140467528,-1.9060614046752846,1.9060614046752846
21.55,22.29380017673984,-0.743800176739839,0.743800176739839
5.54,5.778253718546215,-0.2382537185462148,0.2382537185462148
20.24,20.471312655626736,-0.23131265562673775,0.23131265562673775
351.54,346.2706819547648,5.269318045235195,5.269318045235195
16.92,17.645988273252964,-0.7259882732529626,0.7259882732529626
13.96,14.34240453134928,-0.38240453134927854,0.38240453134927854
21.05,20.998914046317957,0.05108595368204405,0.05108595368204405
34.65,35.81434479238326,-1.164344792383261,1.164344792383261
16.53,16.356686315064316,0.17331368493568533,0.17331368493568533
2.28,2.6160654736764197,-0.3360654736764199,0.3360654736764199
14.4,16.17992890996605,-1.779928909966051,1.779928909966051
202.55,205.67982252263693,-3.129822522636914,3.129822522636914
330.17,331.42678065675807,-1.2567806567580533,1.2567806567580533
2.27,4.70870967051733,-2.4387096705173303,2.4387096705173303
129.49,138.25047084629034,-8.760470846290332,8.760470846290332
251.03,251.91412633333584,-0.8841263333358427,0.8841263333358427
268.29,268.20156373888125,0.08843626111877256,0.08843626111877256
13.46,13.843437247744182,-0.3834372477441814,0.3834372477441814
150.43,151.2529426046098,-0.822942604609807,0.822942604609807
148.43,150.35821279353146,-1.9282127935314577,1.9282127935314577
85.46,87.16805010529225,-1.7080501052922585,1.7080501052922585
25.66,27.83131429174237,-2.1713142917423696,2.1713142917423696
122.46,125.68052446305784,-3.220524463057842,3.220524463057842
3.72,5.356380558071204,-1.6363805580712039,1.6363805580712039
33.06,33.41459641729595,-0.3545964172959444,0.3545964172959444
33.55,33.34867943025958,0.20132056974041745,0.20132056974041745
8.36,8.472116078736251,-0.11211607873625162,0.11211607873625162
19.85,19.90826357417775,-0.0582635741777473,0.0582635741777473
46.98,47.83265513044081,-0.8526551304408159,0.8526551304408159
7.69,8.155462398301138,-0.46546239830113745,0.46546239830113745
616.32,626.5249120566907,-10.20491205669066,10.20491205669066
12.99,13.056646974195488,-0.06664697419548737,0.06664697419548737
109.8,106.43842389937946,3.361576100620539,3.361576100620539
190.14,186.98600453223725,3.1539954677627406,3.1539954677627406
139.15,137.48245371250616,1.667546287493849,1.667546287493849
2.62,2.9202072123633074,-0.3002072123633073,0.3002072123633073
237.42,236.34146199280949,1.0785380071905024,1.0785380071905024
407.5,408.215516636869,-0.7155166368689834,0.7155166368689834
90.28,87.55419053140912,2.7258094685908816,2.7258094685908816
957.9,925.512054026914,32.38794597308595,32.38794597308595
63.68,63.64173991158883,0.03826008841117101,0.03826008841117101
72.75,73.34368090924576,-0.5936809092457622,0.5936809092457622
70.75,69.94574970613778,0.8042502938622249,0.8042502938622249
54.92,55.27557909476554,-0.3555790947655382,0.3555790947655382
103.27,104.26461046648492,-0.9946104664849287,0.9946104664849287
84.78,88.36095092261316,-3.5809509226131553,3.5809509226131553
29.14,28.99745525864571,0.14254474135428907,0.14254474135428907
302.34,308.7185069580502,-6.378506958050252,6.378506958050252
37.02,35.404816592923524,1.6151834070764792,1.6151834070764792
648.32,611.8396878697365,36.48031213026354,36.48031213026354
13.02,13.114604437950492,-0.09460443795049223,0.09460443795049223
125.01,126.43411351023153,-1.4241135102315212,1.4241135102315212
661.12,657.9021921437267,3.217807856273339,3.217807856273339
8.21,8.306429662015608,-0.09642966201560732,0.09642966201560732
1869.53,1797.9848375077618,71.5451624922382,71.5451624922382
269.4,269.15132808527545,0.24867191472452532,0.24867191472452532
13.92,14.34240453134928,-0.42240453134927947,0.42240453134927947
55.42,55.88280437800204,-0.46280437800204055,0.46280437800204055
16.12,18.206089211371992,-2.0860892113719913,2.0860892113719913
304.9,301.4201624366594,3.4798375633405954,3.4798375633405954
83.91,85.82465681153322,-1.91465681153322,1.91465681153322
24.1,23.769469470871567,0.33053052912843484,0.33053052912843484
124.9,125.43334620086804,-0.5333462008680385,0.5333462008680385
581.69,591.2140875629561,-9.524087562956083,9.524087562956083
1413.24,1366.7592505376797,46.48074946232032,46.48074946232032
27.19,27.173883000784187,0.01611699921581433,0.01611699921581433
57.88,57.93053270655094,-0.05053270655093911,0.05053270655093911
36.04,35.11737957035572,0.9226204296442759,0.9226204296442759
18.89,18.77536967870753,0.11463032129246997,0.11463032129246997
324.04,329.67418183346194,-5.634181833461923,5.634181833461923
645.75,636.5518081214054,9.19819187859457,9.19819187859457
25.06,25.419033869196387,-0.3590338691963879,0.3590338691963879
73.33,70.86362954332367,2.46637045667633,2.46637045667633
3.36,3.5349992772184256,-0.17499927721842568,0.17499927721842568
17.81,18.288416151265256,-0.4784161512652574,0.4784161512652574
368.66,361.4653786447872,7.194621355212803,7.194621355212803
27.09,27.659671911671836,-0.5696719116718363,0.5696719116718363
161.32,163.8625002309669,-2.5425002309669082,2.5425002309669082
27.8,27.047450652030275,0.7525493479697261,0.7525493479697261
21.42,21.12260418441332,0.2973958155866825,0.2973958155866825
298.59,305.628427008259,-7.038427008259021,7.038427008259021
42.69,44.45982609040348,-1.769826090403484,1.769826090403484
38.5,36.783285460092735,1.7167145399072652,1.7167145399072652
26.69,26.594168079300847,0.0958319206991547,0.0958319206991547
36.47,37.771183943950575,-1.3011839439505763,1.3011839439505763
133.01,131.65773699333462,1.3522630066653676,1.3522630066653676
206.04,211.20691691829157,-5.166916918291577,5.166916918291577
64.15,63.80874056097274,0.34125943902726874,0.34125943902726874
100.64,100.04335581081251,0.5966441891874865,0.5966441891874865
389.33,382.203420171091,7.126579828908973,7.126579828908973
9.94,10.242450612668955,-0.3024506126689559,0.3024506126689559
29.05,28.41747022975582,0.6325297702441794,0.6325297702441794
76.12,74.52950042077552,1.5904995792244847,1.5904995792244847
6.75,6.992586173315256,-0.24258617331525567,0.24258617331525567
264.66,263.6680946630264,0.9919053369736162,0.9919053369736162
223.33,225.50697865215224,-2.176978652152229,2.176978652152229
264.0,263.6680946630264,0.33190533697359115,0.33190533697359115
21.65,21.12260418441332,0.5273958155866794,0.5273958155866794
86.09,86.46048460681493,-0.37048460681492656,0.37048460681492656
95.66,99.89930411819653,-4.239304118196529,4.239304118196529
44.15,40.21671509519003,3.933284904809966,3.933284904809966
13.39,13.525449457787344,-0.13544945778734352,0.13544945778734352
4.48,4.739770584084084,-0.2597705840840838,0.2597705840840838
28.36,27.8146702010338,0.5453297989662005,0.5453297989662005
8.21,8.472116078736251,-0.2621160787362502,0.2621160787362502
22.12,21.12260418441332,0.9973958155866818,0.9973958155866818
35.35,35.199843321721914,0.15015667827808699,0.15015667827808699
10.28,10.884113462573731,-0.6041134625737321,0.6041134625737321
158.79,157.67018580715222,1.1198141928477696,1.1198141928477696
5.44,5.778253718546215,-0.33825371854621444,0.33825371854621444
483.61,470.7383911152465,12.871608884753527,12.871608884753527
132.72,130.84930648904438,1.8706935109556184,1.8706935109556184
28.96,30.798047546753843,-1.8380475467538417,1.8380475467538417
171.72,172.25776215768516,-0.5377621576851652,0.5377621576851652
25.14,26.856982410115812,-1.7169824101158113,1.7169824101158113
1.23,2.0643077787084763,-0.8343077787084763,0.8343077787084763
106.44,105.32074690923154,1.1192530907684528,1.1192530907684528
30.6,32.802758613009175,-2.2027586130091734,2.2027586130091734
93.23,91.30625922993514,1.9237407700648674,1.9237407700648674
8.95,9.263514971837628,-0.31351497183762866,0.31351497183762866
30.8,29.78891918161314,1.011080818386862,1.011080818386862
78.19,77.3179565117105,0.8720434882894921,0.8720434882894921
116.96,117.68285459129392,-0.7228545912939239,0.7228545912939239
42.12,44.64635637544532,-2.5263563754453244,2.5263563754453244
29.11,28.928650234308364,0.1813497656916354,0.1813497656916354
43.66,41.83727417218346,1.8227258278165337,1.8227258278165337
24.23,23.769469470871567,0.46053052912843384,0.46053052912843384
52.46,52.12502861100196,0.33497138899804213,0.33497138899804213
2.91,3.1868180876541365,-0.2768180876541364,0.2768180876541364
17.27,17.298004282997386,-0.028004282997386554,0.028004282997386554
3.2,3.529491718197054,-0.3294917181970538,0.3294917181970538
90.32,93.46834823678928,-3.148348236789289,3.148348236789289
3.45,4.75351677882781,-1.3035167788278095,1.3035167788278095
47.84,43.62714197818541,4.21285802181459,4.21285802181459
366.87,373.3200202616633,-6.450020261663269,6.450020261663269
78.37,80.79401179442522,-2.424011794425212,2.424011794425212
24.66,24.79893022575666,-0.1389302257566598,0.1389302257566598
50.78,52.2527599085429,-1.4727599085428977,1.4727599085428977
33.19,33.34867943025958,-0.15867943025958198,0.15867943025958198
88.51,91.28334964139374,-2.773349641393736,2.773349641393736
113.53,117.49376581266536,-3.9637658126653577,3.9637658126653577
31.42,30.670645703580856,0.7493542964191455,0.7493542964191455
11.05,10.6806177151937,0.3693822848063011,0.3693822848063011
234.16,235.08220457441735,-0.9222045744173499,0.9222045744173499
28.4,28.85972044443983,-0.4597204444398315,0.4597204444398315
16.1,16.16110206134325,-0.06110206134324869,0.06110206134324869
96.52,97.86885862686964,-1.3488586268696423,1.3488586268696423
35.82,35.53276708303744,0.2872329169625587,0.2872329169625587
12.62,11.977200052065562,0.6427999479344368,0.6427999479344368
49.61,48.38676758738562,1.2232324126143794,1.2232324126143794
2818.05,2667.384069621165,150.66593037883513,150.66593037883513
109.64,108.66678416549745,0.9732158345025539,0.9732158345025539
178.3,180.77663714495569,-2.4766371449556743,2.4766371449556743
79.8,79.66086257800727,0.1391374219927286,0.1391374219927286
6.75,6.992586173315256,-0.24258617331525567,0.24258617331525567
90.26,90.31722630243816,-0.05722630243815274,0.05722630243815274
97.72,98.97174665600492,-1.2517466560049257,1.2517466560049257
121.54,121.35437917137442,0.18562082862558782,0.18562082862558782
10.39,10.75376599138442,-0.3637659913844189,0.3637659913844189
25.68,27.14621306392552,-1.4662130639255189,1.4662130639255189
134.16,136.7159234850828,-2.5559234850828148,2.5559234850828148
30.02,31.528366339359124,-1.5083663393591245,1.5083663393591245
299.43,302.67779949931634,-3.2477994993163293,3.2477994993163293
3.66,4.0655680449625775,-0.40556804496257737,0.40556804496257737
75.84,75.41506060510794,0.4249393948920641,0.4249393948920641
1275.2,1265.1644590579417,10.035540942058333,10.035540942058333
14.7,15.231968388139892,-0.5319683881398927,0.5319683881398927
24.16,22.79015740577541,1.3698425942245898,1.3698425942245898
75.12,74.90276713023701,0.21723286976299505,0.21723286976299505
60.68,60.51193298679885,0.1680670132011528,0.1680670132011528
392.0,389.4249140608593,2.575085939140706,2.575085939140706
58.89,56.73332976349273,2.156670236507267,2.156670236507267
32.35,34.05452170229326,-1.7045217022932562,1.7045217022932562
3.54,4.0655680449625775,-0.5255680449625775,0.5255680449625775
102.91,101.21702530168407,1.692974698315922,1.692974698315922
389.19,382.33069015346894,6.859309846531062,6.859309846531062
2136.72,2065.793998088351,70.92600191164865,70.92600191164865
4.69,5.083170557476946,-0.39317055747694596,0.39317055747694596
215.68,209.13908630215613,6.540913697843877,6.540913697843877
6.6,6.992586173315256,-0.392586173315256,0.392586173315256
66.18,65.5053597241254,0.6746402758746086,0.6746402758746086
13.61,14.817376002767638,-1.2073760027676386,1.2073760027676386
141.22,138.15054035362044,3.0694596463795563,3.0694596463795563
177.56,178.87018836092918,-1.3101883609291747,1.3101883609291747
10.14,10.223573082231631,-0.08357308223163074,0.08357308223163074
1.03,2.406981409251394,-1.3769814092513941,1.3769814092513941
48.36,49.05751785378427,-0.6975178537842694,0.6975178537842694
49.31,48.2413297269132,1.068670273086802,1.068670273086802
8.25,8.812809378256263,-0.5628093782562633,0.5628093782562633
1046.64,1067.2564362715104,-20.616436271510338,20.616436271510338
70.11,71.10651191890854,-0.9965119189085385,0.9965119189085385
19.13,19.395351023682448,-0.2653510236824488,0.2653510236824488
1.27,2.406981409251394,-1.1369814092513941,1.1369814092513941
7.34,7.716993113252487,-0.3769931132524871,0.3769931132524871
6.83,7.437890927023522,-0.6078909270235222,0.6078909270235222
64.05,64.55509235148332,-0.5050923514833272,0.5050923514833272
129.2,126.87986562881996,2.320134371180032,2.320134371180032
205.33,206.4098818775496,-1.0798818775495818,1.0798818775495818
556.31,562.8725078937836,-6.562507893783618,6.562507893783618
27.52,29.321005756029287,-1.8010057560292871,1.8010057560292871
184.89,192.22984989649217,-7.339849896492183,7.339849896492183
183.06,189.48291942169516,-6.4229194216951555,6.4229194216951555
29.92,31.528366339359124,-1.6083663393591223,1.6083663393591223
30.98,30.29866981203391,0.6813301879660898,0.6813301879660898
15.79,15.950045296333755,-0.16004529633375597,0.16004529633375597
40.61,39.85204706317574,0.7579529368242603,0.7579529368242603
682.79,696.9305949319087,-14.140594931908709,14.140594931908709
898.99,933.3739026539014,-34.38390265390137,34.38390265390137
173.55,175.7529642180439,-2.2029642180438884,2.2029642180438884
70.83,69.59341001377592,1.2365899862240752,1.2365899862240752
26.74,27.06339494992897,-0.32339494992897144,0.32339494992897144
32.33,31.09312863840379,1.236871361596208,1.236871361596208
405.06,419.4086369012485,-14.348636901248483,14.348636901248483
4.11,4.209201816339932,-0.09920181633993153,0.09920181633993153
205.76,207.7082116147569,-1.9482116147569002,1.9482116147569002
151.47,152.1709631265301,-0.7009631265300982,0.7009631265300982
6.12,6.742929971017553,-0.6229299710175527,0.6229299710175527
4423.38,3687.4000734724464,735.9799265275537,735.9799265275537
79.68,83.164907263512,-3.4849072635119995,3.4849072635119995
54.92,58.78821144961276,-3.868211449612758,3.868211449612758
109.33,110.79446586590686,-1.4644658659068597,1.4644658659068597
84.46,86.15975787029689,-1.6997578702968923,1.6997578702968923
284.34,280.6249507196443,3.715049280355686,3.715049280355686
520.24,494.6659162347456,25.574083765254386,25.574083765254386
5.98,6.118136008428582,-0.13813600842858165,0.13813600842858165
79.96,78.48820502799428,1.4717949720057106,1.4717949720057106
9.25,11.247841536010885,-1.9978415360108848,1.9978415360108848
44.04,42.48870369367565,1.5512963063243461,1.5512963063243461
77.72,79.30458406000174,-1.5845840600017453,1.5845840600017453
45.16,46.62877920454277,-1.46877920454277,1.46877920454277
378.88,358.18784571818946,20.69215428181053,20.69215428181053
37.87,36.8220736733772,1.0479263266228003,1.0479263266228003
35.56,47.45352920764648,-11.89352920764648,11.89352920764648
4.07,4.420703624040996,-0.350703624040996,0.350703624040996
62.42,61.409141974783445,1.0108580252165567,1.0108580252165567
75.87,76.12262610358526,-0.25262610358525706,0.25262610358525706
22.02,21.12260418441332,0.8973958155866804,0.8973958155866804
12.53,12.691660190054838,-0.1616601900548389,0.1616601900548389
32.4,32.246659192792606,0.15334080720739252,0.15334080720739252
224.67,225.4421919599473,-0.772191959947321,0.772191959947321
3248.36,3544.1847525845046,-295.8247525845045,295.8247525845045
36.8,35.404816592923524,1.3951834070764733,1.3951834070764733
528.12,538.5152391127102,-10.395239112710215,10.395239112710215
134.4,146.73869021725702,-12.33869021725701,12.33869021725701
176.5,172.1091051796551,4.390894820344897,4.390894820344897
144.06,139.7078053839466,4.352194616053396,4.352194616053396
45.94,46.95845653935989,-1.0184565393598888,1.0184565393598888
22.21,22.266719276968093,-0.0567192769680922,0.0567192769680922
9.95,9.94497315390125,0.00502684609874926,0.00502684609874926
10.24,10.232375635300173,0.007624364699827524,0.007624364699827524
8.65,8.680227050230608,-0.030227050230607233,0.030227050230607233
28.35,28.99745525864571,-0.6474552586457101,0.6474552586457101
359.56,362.0477495435183,-2.487749543518305,2.487749543518305
51.67,52.096149535707504,-0.426149535707502,0.426149535707502
8.4,8.680227050230608,-0.28022705023060723,0.28022705023060723
71.53,71.18653569658566,0.3434643034143363,0.3434643034143363
14.47,14.58547630696362,-0.11547630696361999,0.11547630696361999
24.92,24.82350925413949,0.09649074586051043,0.09649074586051043
59.51,57.83695045585761,1.673049544142387,1.673049544142387
271.69,271.23744500120625,0.45255499879374383,0.45255499879374383
49.89,49.6732437366714,0.2167562633285982,0.2167562633285982
13.77,13.910318489099188,-0.14031848909918843,0.14031848909918843
192.51,190.86605869100524,1.643941308994755,1.643941308994755
49.7,49.51929816258675,0.18070183741325252,0.18070183741325252
83.08,82.16011409586092,0.919885904139079,0.919885904139079
175.11,185.9903515336538,-10.880351533653794,10.880351533653794
306.94,301.4827687551718,5.457231244828222,5.457231244828222
91.62,91.44746429197392,0.1725357080260892,0.1725357080260892
1428.92,1360.3004864332718,68.6195135667283,68.6195135667283
44.78,42.48870369367565,2.291296306324348,2.291296306324348
20.76,19.9371195752286,0.8228804247714017,0.8228804247714017
23.6,23.479284785924552,0.1207152140754495,0.1207152140754495
121.74,121.34998712523414,0.39001287476585844,0.39001287476585844
7.21,7.7545446074586355,-0.5445446074586355,0.5445446074586355
65.65,71.72125952099404,-6.071259520994033,6.071259520994033
19.54,19.395351023682448,0.14464897631755136,0.14464897631755136
12.39,13.091475340687936,-0.701475340687935,0.701475340687935
23.15,23.613445616571944,-0.4634456165719456,0.4634456165719456
450.9,462.9841630178629,-12.08416301786292,12.08416301786292
114.48,109.30210585816454,5.177894141835466,5.177894141835466
29.36,28.41747022975582,0.9425297702441782,0.9425297702441782
289.95,290.5920308021779,-0.6420308021778851,0.6420308021778851
1.94,1.6966633946377838,0.24333660536221613,0.24333660536221613
915.92,908.5773906048064,7.342609395193563,7.342609395193563
52.47,52.12502861100196,0.34497138899804014,0.34497138899804014
233.27,227.7441411943377,5.525858805662324,5.525858805662324
23.2,25.413967744829247,-2.2139677448292474,2.2139677448292474
16.1,16.073846270852943,0.026153729147058158,0.026153729147058158
20.85,20.998914046317957,-0.14891404631795524,0.14891404631795524
57.14,57.020413587104,0.11958641289599825,0.11958641289599825
152.74,154.32382420788687,-1.5838242078868632,1.5838242078868632
299.05,302.65930682888694,-3.609306828886929,3.609306828886929
4.33,4.3970969535411655,-0.0670969535411654,0.0670969535411654
38.65,38.05729338350168,0.5927066164983188,0.5927066164983188
4.96,5.333210941579161,-0.3732109415791607,0.3732109415791607
428.88,425.9004820239705,2.9795179760295127,2.9795179760295127
3.45,3.72562046297173,-0.2756204629717298,0.2756204629717298
22.84,23.479284785924552,-0.6392847859245521,0.6392847859245521
190.28,187.1315170432465,3.1484829567534973,3.1484829567534973
8.98,8.517501353589807,0.462498646410193,0.462498646410193
1.04,1.876412641507243,-0.836412641507243,0.836412641507243
50.27,50.621892341061006,-0.35189234106100287,0.35189234106100287
60.52,61.07093901502565,-0.5509390150256479,0.5509390150256479
6.27,6.326246979922936,-0.05624697992293637,0.05624697992293637
15.56,15.35024347532446,0.20975652467554085,0.20975652467554085
70.84,71.86461340486287,-1.024613404862862,1.024613404862862
184.32,185.4508953833111,-1.130895383311099,1.130895383311099
1272.59,1265.9018840587394,6.688115941260548,6.688115941260548
673.24,676.9469172142035,-3.706917214203486,3.706917214203486
21.94,21.12260418441332,0.8173958155866821,0.8173958155866821
34.32,33.34867943025958,0.9713205697404206,0.9713205697404206
54.02,55.15522342466486,-1.1352234246648578,1.1352234246648578
189.62,203.53542879209408,-13.915428792094076,13.915428792094076
90.49,89.4971383082419,0.9928616917580939,0.9928616917580939
358.49,360.90988593197,-2.4198859319699864,2.4198859319699864
16.42,16.597604613599813,-0.1776046135998115,0.1776046135998115
24.97,24.82350925413949,0.1464907458605076,0.1464907458605076
130.73,132.73638282800914,-2.0063828280091514,2.0063828280091514
717.42,701.0597325055714,16.360267494428513,16.360267494428513
31.38,31.992627945172053,-0.6126279451720542,0.6126279451720542
10.65,10.402017786863317,0.24798221313668378,0.24798221313668378
112.94,121.2816231519018,-8.3416231519018,8.3416231519018
1096.22,1075.0424330796411,21.177566920358913,21.177566920358913
52.75,53.01935451884299,-0.269354518842988,0.269354518842988
85.8,85.02400012364167,0.7759998763583269,0.7759998763583269
24.24,23.89260824171147,0.3473917582885271,0.3473917582885271
28.83,27.999070832215583,0.8309291677844151,0.8309291677844151
28.4,28.338641082656395,0.06135891734360399,0.06135891734360399
122.48,121.84426889777956,0.635731102220447,0.635731102220447
708.95,716.3400105362048,-7.390010536204727,7.390010536204727
141.02,137.04009117531,3.97990882469,3.97990882469
7.98,8.155462398301138,-0.1754623983011374,0.1754623983011374
33.93,35.01001327461702,-1.0800132746170235,1.0800132746170235
48.2,46.36816079522532,1.8318392047746812,1.8318392047746812
27.03,30.427229999212205,-3.397229999212204,3.397229999212204
14.69,15.231968388139892,-0.5419683881398925,0.5419683881398925
27.13,28.835216845141627,-1.7052168451416279,1.7052168451416279
35.02,36.137013276404616,-1.117013276404613,1.117013276404613
90.99,91.03055173644589,-0.040551736445891606,0.040551736445891606
1621.14,1648.833953564372,-27.693953564371895,27.693953564371895
38.84,38.05729338350168,0.7827066164983236,0.7827066164983236
92.51,93.36461614146356,-0.854616141463552,0.854616141463552
29.91,29.18468977875935,0.725310221240651,0.725310221240651
250.16,249.08087167083156,1.0791283291684408,1.0791283291684408
75.24,74.05042125288519,1.1895787471148083,1.1895787471148083
118.26,113.72984784613988,4.530152153860129,4.530152153860129
7.24,7.545056128719472,-0.30505612871947196,0.30505612871947196
31.27,30.670645703580856,0.5993542964191434,0.5993542964191434
55.47,55.27557909476554,0.19442090523445898,0.19442090523445898
35.62,35.199843321721914,0.420156678278083,0.420156678278083
259.94,256.6891450613445,3.2508549386554932,3.2508549386554932
178.62,177.1472509034041,1.4727490965958907,1.4727490965958907
356.46,352.43643518450114,4.023564815498844,4.023564815498844
4.16,4.638127780509892,-0.478127780509892,0.478127780509892
209.22,212.70963502070643,-3.48963502070643,3.48963502070643
8.19,8.306429662015608,-0.11642966201560867,0.11642966201560867
1630.33,1605.055613959143,25.274386040856825,25.274386040856825
195.22,191.5043942810651,3.71560571893491,3.71560571893491
6.8,7.262386716616038,-0.46238671661603803,0.46238671661603803
175.43,173.0664877223968,2.3635122776032063,2.3635122776032063
213.62,211.54622378316972,2.0737762168302822,2.0737762168302822
112.84,115.41524602197823,-2.5752460219782307,2.5752460219782307
18.46,20.925908671668868,-2.465908671668867,2.465908671668867
145.16,138.1100341760683,7.0499658239317,7.0499658239317
53.77,54.20339094994439,-0.4333909499443891,0.4333909499443891
9.93,10.242450612668955,-0.3124506126689557,0.3124506126689557
25.14,25.27921928410917,-0.13921928410917062,0.13921928410917062
14.47,15.51397607691565,-1.0439760769156496,1.0439760769156496
82.13,82.07462626159284,0.055373738407155315,0.055373738407155315
407.66,408.215516636869,-0.5555166368689584,0.5555166368689584
481.12,487.6591843071161,-6.539184307116102,6.539184307116102
131.23,131.8650324848885,-0.6350324848885123,0.6350324848885123
31.1,35.32278337375616,-4.222783373756158,4.222783373756158
83.25,82.22163911291,1.0283608870900025,1.0283608870900025
21.38,22.783938028770752,-1.403938028770753,1.403938028770753
422.0,417.2505042964014,4.749495703598598,4.749495703598598
7.99,8.141535584462725,-0.15153558446272442,0.15153558446272442
159.82,161.18361161916343,-1.3636116191634358,1.3636116191634358
27.11,27.173883000784187,-0.06388300078418752,0.06388300078418752
6.81,7.437890927023522,-0.6278909270235227,0.6278909270235227
244.83,240.5335846499721,4.2964153500279,4.2964153500279
112.09,114.05689449851248,-1.9668944985124739,1.9668944985124739
47.6,47.12991853614432,0.47008146385568494,0.47008146385568494
24.29,24.643651274932427,-0.3536512749324281,0.3536512749324281
67.18,62.98054553627384,4.19945446372617,4.19945446372617
15.0,15.231968388139892,-0.23196838813989196,0.23196838813989196
214.24,213.21863372263215,1.0213662773678607,1.0213662773678607
445.7,441.2284743399965,4.471525660003465,4.471525660003465
8.98,9.721816302091616,-0.7418163020916158,0.7418163020916158
9.47,9.99358659357444,-0.5235865935744393,0.5235865935744393
10.69,11.076239880401465,-0.3862398804014653,0.3862398804014653
25.33,26.94055312846661,-1.6105531284666128,1.6105531284666128
46.55,46.49381417761336,0.05618582238663805,0.05618582238663805
4331.6,5059.962031920063,-728.3620319200627,728.3620319200627
112.38,111.44417340041169,0.9358265995883102,0.9358265995883102
452.12,445.1744476390032,6.945552360996828,6.945552360996828
7.0,7.390600858571427,-0.39060085857142735,0.39060085857142735
14.65,14.556810570275465,0.0931894297245357,0.0931894297245357
133.43,134.2009595089823,-0.7709595089822869,0.7709595089822869
184.5,187.78159273643925,-3.2815927364392508,3.2815927364392508
10.8,11.202360651210356,-0.4023606512103548,0.4023606512103548
10.45,10.402017786863317,0.047982213136682716,0.047982213136682716
24.61,24.093734674924452,0.5162653250755476,0.5162653250755476
87.71,87.96934261630909,-0.25934261630909816,0.25934261630909816
1628.79,1611.3471237347292,17.442876265270797,17.442876265270797
29.74,30.36134688424183,-0.6213468842418308,0.6213468842418308
20.73,19.9371195752286,0.7928804247714005,0.7928804247714005
16.78,17.015164238786014,-0.23516423878601245,0.23516423878601245
3.34,3.402673512318982,-0.0626735123189821,0.0626735123189821
24.09,25.368883739105065,-1.2788837391050656,1.2788837391050656
212.22,211.4951722658353,0.7248277341647054,0.7248277341647054
7.18,7.616770932533256,-0.43677093253325605,0.43677093253325605
174.27,172.1928371823382,2.077162817661815,2.077162817661815
21.03,20.998914046317957,0.031085953682044476,0.031085953682044476
5.74,6.07222777822216,-0.3322277782221601,0.3322277782221601
46.78,45.93259694583542,0.8474030541645803,0.8474030541645803
121.24,122.31515239870542,-1.075152398705427,1.075152398705427
45.99,50.11774501782731,-4.1277450178273085,4.1277450178273085
207.41,212.8506648656045,-5.440664865604504,5.440664865604504
13.19,13.525449457787344,-0.3354494577873446,0.3354494577873446
2.56,2.5775335818203886,-0.017533581820388555,0.017533581820388555
111.71,110.68876981856108,1.0212301814389093,1.0212301814389093
4.93,5.333210941579161,-0.40321094157916093,0.40321094157916093
6.91,7.165997254363148,-0.25599725436314813,0.25599725436314813
6.35,6.7758116029610855,-0.4258116029610859,0.4258116029610859
107.69,107.13502961717434,0.5549703828256582,0.5549703828256582
196.2,191.38018599023096,4.819814009769033,4.819814009769033
345.96,346.8837056130753,-0.923705613075299,0.923705613075299
1.22,1.7848072805248434,-0.5648072805248434,0.5648072805248434
234.86,241.06546728526,-6.205467285259999,6.205467285259999
4.06,4.420703624040996,-0.36070362404099665,0.36070362404099665
553.47,554.1804926978472,-0.710492697847144,0.710492697847144
14.82,14.8594393223435,-0.03943932234349923,0.03943932234349923
32.82,33.60877320968133,-0.7887732096813309,0.7887732096813309
194.58,188.0986326327107,6.481367367289323,6.481367367289323
16.36,16.369321223118654,-0.009321223118654132,0.009321223118654132
109.44,111.37870248907504,-1.938702489075041,1.938702489075041
442.26,451.4479995523056,-9.187999552305598,9.187999552305598
3349.2,3338.0912387146573,11.108761285342553,11.108761285342553
11.67,11.550561525272142,0.11943847472785762,0.11943847472785762
26.49,26.60176759726285,-0.11176759726285113,0.11176759726285113
74.71,74.26147260316147,0.4485273968385286,0.4485273968385286
206.78,207.7267042851863,-0.9467042851862857,0.9467042851862857
11.36,11.709225214962546,-0.3492252149625461,0.3492252149625461
29.11,29.7671299367435,-0.6571299367435017,0.6571299367435017
2.65,2.9202072123633074,-0.27020721236330747,0.27020721236330747
1.28,2.406981409251394,-1.1269814092513941,1.1269814092513941
239.12,236.74416041007635,2.3758395899236575,2.3758395899236575
237.61,237.8639398178573,-0.2539398178572867,0.2539398178572867
91.39,91.44746429197392,-0.05746429197391478,0.05746429197391478
900.83,915.341091091706,-14.511091091705907,14.511091091705907
44.91,45.12709643732531,-0.21709643732530992,0.21709643732530992
117.6,121.78454221173548,-4.18454221173549,4.18454221173549
26.51,26.594168079300847,-0.08416807930084502,0.08416807930084502
62.52,57.58232443308776,4.93767556691224,4.93767556691224
24.23,23.769469470871567,0.46053052912843384,0.46053052912843384
84.18,83.71488297258222,0.46511702741779004,0.46511702741779004
17.74,18.288416151265256,-0.5484161512652577,0.5484161512652577
57.1,57.020413587104,0.0795864128959991,0.0795864128959991
7.53,7.9626555789529885,-0.43265557895298823,0.43265557895298823
1.78,1.876412641507243,-0.09641264150724305,0.09641264150724305
99.4,100.53058947579476,-1.1305894757947499,1.1305894757947499
5.54,5.778253718546215,-0.2382537185462148,0.2382537185462148
89.67,89.4971383082419,0.17286169175810073,0.17286169175810073
42.78,41.30381491722711,1.4761850827728935,1.4761850827728935
9.14,9.586507691653445,-0.4465076916534443,0.4465076916534443
9.9,9.99358659357444,-0.09358659357443955,0.09358659357443955
19.02,20.83577707032636,-1.8157770703263587,1.8157770703263587
47.04,47.70510589248327,-0.6651058924832682,0.6651058924832682
44.67,42.20373293044745,2.4662670695525506,2.4662670695525506
32.07,31.09312863840379,0.9768713615962099,0.9768713615962099
31.52,35.31671122643986,-3.7967112264398573,3.7967112264398573
49.18,49.596708050722064,-0.4167080507220646,0.4167080507220646
816.84,841.5691288255504,-24.729128825550333,24.729128825550333
14.3,14.518595065608611,-0.21859506560861064,0.21859506560861064
230.16,232.5425039036741,-2.382503903674092,2.382503903674092
2519.93,2556.2643115453893,-36.33431154538948,36.33431154538948
9.71,9.99358659357444,-0.28358659357443905,0.28358659357443905
84.5,82.761845557854,1.7381544421459978,1.7381544421459978
62.26,63.770196357715854,-1.5101963577158557,1.5101963577158557
5.95,6.07222777822216,-0.12222777822216013,0.12222777822216013
54.9,55.88280437800204,-0.9828043780020437,0.9828043780020437
113.72,112.9841037305446,0.7358962694553952,0.7358962694553952
17.8,17.83405171077446,-0.034051710774459565,0.034051710774459565
1210.76,1168.0456646279056,42.71433537209441,42.71433537209441
11.65,12.332273991337455,-0.6822739913374551,0.6822739913374551
112.32,113.67881151802516,-1.3588115180251634,1.3588115180251634
48.46,48.88765633803866,-0.4276563380386591,0.4276563380386591
90.66,91.46430206399906,-0.8043020639990601,0.8043020639990601
413.66,414.8026762416582,-1.1426762416581937,1.1426762416581937
116.01,118.0562257324335,-2.0462257324334985,2.0462257324334985
6.52,6.7758116029610855,-0.25581160296108596,0.25581160296108596
5.7,5.778253718546215,-0.07825371854621466,0.07825371854621466
7.12,7.616770932533256,-0.49677093253325566,0.49677093253325566
171.82,168.21648137849894,3.6035186215010526,3.6035186215010526
309.16,301.4827687551718,7.677231244828249,7.677231244828249
6.68,7.390600858571427,-0.7106008585714276,0.7106008585714276
224.74,225.37796461804265,-0.6379646180426448,0.6379646180426448
91.49,92.52611012664843,-1.0361101266484383,1.0361101266484383
25.78,25.46375425265,0.31624574735000266,0.31624574735000266
83.39,82.46604267270537,0.9239573272946302,0.9239573272946302
30.5,30.39419252414788,0.1058074758521208,0.1058074758521208
93.38,91.57782973408425,1.8021702659157484,1.8021702659157484
8.51,9.06086238069365,-0.5508623806936495,0.5508623806936495
140.06,142.57012950420147,-2.5101295042014726,2.5101295042014726
102.82,103.8276485720064,-1.0076485720064028,1.0076485720064028
4.55,4.739770584084084,-0.18977058408408443,0.18977058408408443
81.63,81.6185134986169,0.011486501383089376,0.011486501383089376
2.24,2.6160654736764197,-0.3760654736764195,0.3760654736764195
46.15,44.91837285841796,1.2316271415820381,1.2316271415820381
10.17,10.402017786863317,-0.23201778686331664,0.23201778686331664
21.71,20.967228525195345,0.7427714748046554,0.7427714748046554
12.69,13.114604437950492,-0.4246044379504923,0.4246044379504923
60.11,60.75303277936334,-0.6430327793633381,0.6430327793633381
9.73,9.94497315390125,-0.2149731539012496,0.2149731539012496
41.13,39.38340990698133,1.7465900930186748,1.7465900930186748
69.46,63.81450048630035,5.64549951369964,5.64549951369964
850.88,863.1109019945259,-12.23090199452588,12.23090199452588
678.34,652.1989676608318,26.14103233916819,26.14103233916819
28.03,27.173883000784187,0.8561169992158142,0.8561169992158142
51.0,50.79686196982065,0.20313803017935328,0.20313803017935328
165.02,167.34251274567637,-2.322512745676363,2.322512745676363
9.93,9.94497315390125,-0.014973153901250313,0.014973153901250313
104.98,106.05829280421857,-1.078292804218563,1.078292804218563
14.78,15.231968388139892,-0.4519683881398926,0.4519683881398926
20.48,20.09122336070596,0.38877663929403994,0.38877663929403994
11.18,11.848022659287986,-0.6680226592879865,0.6680226592879865
21.29,21.12260418441332,0.16739581558667993,0.16739581558667993
291.15,291.7724384258516,-0.6224384258516125,0.6224384258516125
10.58,11.13835057419516,-0.5583505741951598,0.5583505741951598
25.7,25.46375425265,0.2362457473500008,0.2362457473500008
34.78,33.750528581580944,1.0294714184190568,1.0294714184190568
72.33,73.54346300767129,-1.2134630076712938,1.2134630076712938
137.51,136.11274630296992,1.3972536970300666,1.3972536970300666
12.72,13.114604437950492,-0.39460443795049116,0.39460443795049116
15.65,15.410538157736136,0.23946184226386436,0.23946184226386436
42.75,43.57147960843045,-0.821479608430451,0.821479608430451
52.78,46.56912250362754,6.210877496372461,6.210877496372461
48.71,48.38676758738562,0.32323241261438085,0.32323241261438085
513.77,509.32766264886607,4.442337351133915,4.442337351133915
255.02,261.0873167727693,-6.067316772769317,6.067316772769317
45.92,44.8453842951869,1.0746157048130982,1.0746157048130982
68.04,67.24573239527439,0.7942676047256185,0.7942676047256185
370.23,376.03516939131936,-5.805169391319339,5.805169391319339
4.42,4.638127780509892,-0.21812778050989223,0.21812778050989223
545.8,555.129730306593,-9.329730306593092,9.329730306593092
142.45,141.46738837008442,0.9826116299155672,0.9826116299155672
2.39,2.6160654736764197,-0.2260654736764196,0.2260654736764196
34.06,35.01001327461702,-0.9500132746170209,0.9500132746170209
15.65,15.838790521849903,-0.18879052184990286,0.18879052184990286
225.18,216.3692376460516,8.810762353948405,8.810762353948405
302.08,306.9891255582041,-4.909125558204096,4.909125558204096
422.69,413.7664551984577,8.923544801542278,8.923544801542278
41.99,40.20979046211477,1.7802095378852343,1.7802095378852343
18.92,18.77536967870753,0.1446303212924711,0.1446303212924711
364.42,366.1717170268368,-1.7517170268367863,1.7517170268367863
24.06,22.86854360289176,1.1914563971082401,1.1914563971082401
283.81,286.14502323087265,-2.3350232308726504,2.3350232308726504
10.71,10.6806177151937,0.02938228480630123,0.02938228480630123
482.46,483.3302203812733,-0.8702203812733273,0.8702203812733273
389.36,394.2238041902045,-4.863804190204462,4.863804190204462
9.54,9.99358659357444,-0.45358659357444076,0.45358659357444076
4.72,4.990537311036243,-0.270537311036243,0.270537311036243
6.76,7.390600858571427,-0.6306008585714276,0.6306008585714276
139.52,141.74936079054714,-2.2293607905471333,2.2293607905471333
30.82,30.29866981203391,0.5213301879660897,0.5213301879660897
417.2,413.26463651466,3.9353634853399626,3.9353634853399626
38.89,40.631569029067904,-1.7415690290679038,1.7415690290679038
11.58,12.041604185125264,-0.4616041851252639,0.4616041851252639
17.16,17.298004282997386,-0.13800428299738599,0.13800428299738599
7.74,7.813668141917018,-0.0736681419170182,0.0736681419170182
147.44,148.37218537114327,-0.9321853711432766,0.9321853711432766
21.16,21.50418903263475,-0.3441890326347483,0.3441890326347483
52.9,49.74086417427384,3.1591358257261604,3.1591358257261604
746.39,736.4693518525731,9.920648147426846,9.920648147426846
10.41,10.402017786863317,0.007982213136683569,0.007982213136683569
415.49,421.6848853615688,-6.194885361568765,6.194885361568765
60.92,61.507510352300415,-0.5875103523004128,0.5875103523004128
30.56,31.163392370720647,-0.6033923707206483,0.6033923707206483
101.16,96.42282748070429,4.7371725192957115,4.7371725192957115
18.25,18.619611737446785,-0.3696117374467853,0.3696117374467853
6.67,7.131216622824273,-0.46121662282427334,0.46121662282427334
664.68,658.6037925186865,6.076207481313418,6.076207481313418
47.02,48.9082174170542,-1.8882174170542,1.8882174170542
405.06,425.0191437627886,-19.959143762788585,19.959143762788585
157.35,156.24416539550734,1.1058346044926566,1.1058346044926566
5.18,5.435580088003297,-0.25558008800329723,0.25558008800329723
88.61,89.33751522558424,-0.7275152255842414,0.7275152255842414
86.8,86.51037855142583,0.2896214485741666,0.2896214485741666
207.1,200.2067187044362,6.893281295563781,6.893281295563781
75.82,75.4577187686635,0.36228123133649603,0.36228123133649603
45.16,46.58483145293288,-1.4248314529328852,1.4248314529328852
15.45,15.554343498746688,-0.10434349874668847,0.10434349874668847
19.28,19.395351023682448,-0.11535102368244665,0.11535102368244665
10.49,10.402017786863317,0.08798221313668364,0.08798221313668364
3.84,4.078029993498078,-0.23802999349807852,0.23802999349807852
151.12,150.21983762665778,0.9001623733422264,0.9001623733422264
486.36,488.3416419132844,-1.9816419132843635,1.9816419132843635
135.27,136.39268123225884,-1.1226812322588273,1.1226812322588273
99.09,100.74148051570734,-1.651480515707334,1.651480515707334
428.0,428.5078362451846,-0.5078362451845919,0.5078362451845919
18.82,19.645768585486795,-0.8257685854867951,0.8257685854867951
1879.22,1863.013718455437,16.206281544563126,16.206281544563126
120.81,119.9056167943616,0.9043832056383962,0.9043832056383962
129.89,126.99334654147128,2.8966534585287036,2.8966534585287036
8.87,8.680227050230608,0.18977294976939163,0.18977294976939163
2181.2,1670.45518824687,510.74481175312985,510.74481175312985
434.94,423.4923666164681,11.447633383531922,11.447633383531922
66.01,63.33562215655776,2.674377843442244,2.674377843442244
171.02,169.07187386969224,1.9481261303077702,1.9481261303077702
25.88,25.80386342305864,0.07613657694135867,0.07613657694135867
114.55,120.70305519046528,-6.153055190465281,6.153055190465281
110.08,111.19082667716827,-1.1108266771682764,1.1108266771682764
58.31,56.73332976349273,1.576670236507269,1.576670236507269
491.1,476.9168706816854,14.183129318314627,14.183129318314627
5.56,5.778253718546215,-0.21825371854621523,0.21825371854621523
148.76,148.9349649098589,-0.17496490985891455,0.17496490985891455
137.84,135.6372776504083,2.20272234959171,2.20272234959171
15.52,15.231968388139892,0.2880316118601076,0.2880316118601076
40.3,38.73769022188562,1.5623097781143755,1.5623097781143755
105.28,94.28523481943996,10.994765180560037,10.994765180560037
441.35,441.3347057626096,0.015294237390435228,0.015294237390435228
680.34,688.5324947552785,-8.192494755278517,8.192494755278517
87.39,89.95044732395564,-2.5604473239556427,2.5604473239556427
37.71,39.15005801284733,-1.4400580128473308,1.4400580128473308
12.96,13.114604437950492,-0.15460443795049095,0.15460443795049095
349.45,341.31048555465486,8.139514445345128,8.139514445345128
131.13,130.86779915947378,0.2622008405262193,0.2622008405262193
332.84,329.518581801524,3.3214181984759534,3.3214181984759534
94.77,92.28597030678904,2.4840296932109567,2.4840296932109567
107.14,104.49655778615328,2.6434422138467255,2.6434422138467255
25.65,27.065454964173508,-1.4154549641735095,1.4154549641735095
101.75,103.38376516142796,-1.6337651614279594,1.6337651614279594
90.76,91.51718984918833,-0.7571898491883218,0.7571898491883218
71.0,72.28933033520998,-1.289330335209982,1.289330335209982
126.4,125.76908235359556,0.6309176464044413,0.6309176464044413
16.54,16.356686315064316,0.18331368493568334,0.18331368493568334
68.07,66.57995132570382,1.490048674296176,1.490048674296176
87.47,91.28914365564827,-3.8191436556482756,3.8191436556482756
58.53,56.73332976349273,1.7966702365072678,1.7966702365072678
122.61,124.35187731687952,-1.741877316879524,1.741877316879524
17.19,17.645988273252964,-0.455988273252963,0.455988273252963
4.52,4.739770584084084,-0.21977058408408467,0.21977058408408467
30.71,30.29866981203391,0.4113301879660902,0.4113301879660902
21.02,20.998914046317957,0.021085953682042913,0.021085953682042913
134.98,136.7159234850828,-1.7359234850828216,1.7359234850828216
530.34,529.8278421283533,0.5121578716467639,0.5121578716467639
43.26,43.36305668222007,-0.10305668222007114,0.10305668222007114
82.91,82.07727320797494,0.8327267920250563,0.8327267920250563
35.14,35.199843321721914,-0.05984332172191387,0.05984332172191387
3.37,3.72562046297173,-0.3556204629717299,0.3556204629717299
41.86,39.38340990698133,2.4765900930186717,2.4765900930186717
15.84,15.838790521849903,0.0012094781500966434,0.0012094781500966434
11.33,11.848022659287986,-0.5180226592879862,0.5180226592879862
255.03,254.7300157869914,0.29998421300859945,0.29998421300859945
11.8,11.723180850364784,0.07681914963521663,0.07681914963521663
2.56,2.9202072123633074,-0.3602072123633073,0.3602072123633073
503.97,511.8751404046363,-7.905140404636256,7.905140404636256
43.24,42.41120421945097,0.8287957805490294,0.8287957805490294
43.76,43.576721329929455,0.18327867007054266,0.18327867007054266
172.93,176.2152844870421,-3.285284487042105,3.285284487042105
26.24,24.51045829327332,1.7295417067266783,1.7295417067266783
13.85,14.273497722304556,-0.42349772230455685,0.42349772230455685
30.09,34.19436469325148,-4.10436469325148,4.10436469325148
76.75,74.86343719414693,1.8865628058530746,1.8865628058530746
101.92,104.18176957859896,-2.261769578598958,2.261769578598958
54.04,52.79224977411193,1.247750225888069,1.247750225888069
562.6,558.2474162770176,4.352583722982445,4.352583722982445
6.2,6.326246979922936,-0.12624697992293576,0.12624697992293576
131.01,132.41314057518517,-1.4031405751851764,1.4031405751851764
10.95,10.23012500078238,0.7198749992176197,0.7198749992176197
76.05,74.53253608001152,1.5174639199884723,1.5174639199884723
52.71,53.807816180851866,-1.097816180851865,1.097816180851865
31.9,30.765352843918286,1.1346471560817122,1.1346471560817122
18.81,17.7200383276531,1.0899616723468988,1.0899616723468988
3.24,3.5684391442716143,-0.32843914427161414,0.32843914427161414
16.64,16.570026641308676,0.0699733586913247,0.0699733586913247
370.08,371.1582075003299,-1.0782075003299383,1.0782075003299383
27.34,29.321005756029287,-1.9810057560292869,1.9810057560292869
35.28,35.199843321721914,0.0801566782780867,0.0801566782780867
16.46,16.16110206134325,0.29889793865675074,0.29889793865675074
11.21,14.53555703458533,-3.32555703458533,3.32555703458533
118.54,117.1499017753491,1.390098224650913,1.390098224650913
436.6,426.7533671330624,9.846632866937625,9.846632866937625
11.41,11.848022659287986,-0.4380226592879861,0.4380226592879861
60.45,60.73448710441595,-0.2844871044159447,0.2844871044159447
9.92,9.99358659357444,-0.07358659357443997,0.07358659357443997
73.74,70.86362954332367,2.8763704566763266,2.8763704566763266
15.58,15.159194183104583,0.42080581689541674,0.42080581689541674
164.33,161.72239350157474,2.6076064984252696,2.6076064984252696
48.58,48.00333626611154,0.5766637338884593,0.5766637338884593
443.76,441.2892807396872,2.470719260312819,2.470719260312819
175.75,173.13872566577066,2.6112743342293356,2.6112743342293356
15.2,14.530860414467709,0.6691395855322906,0.6691395855322906
59.05,57.31705283933709,1.7329471606629099,1.7329471606629099
220.8,223.5790418602221,-2.779041860222094,2.779041860222094
52.32,48.7758784541189,3.5441215458810973,3.5441215458810973
247.82,246.7513811335031,1.0686188664969052,1.0686188664969052
187.7,184.12464900107503,3.5753509989249608,3.5753509989249608
39.37,38.88194573104998,0.488054268950016,0.488054268950016
940.44,952.1926821874474,-11.752682187447363,11.752682187447363
10.48,10.402017786863317,0.07798221313668385,0.07798221313668385
32.81,32.67863520066013,0.13136479933987033,0.13136479933987033
30.4,42.18791391341534,-11.787913913415345,11.787913913415345
37.91,39.925167087736,-2.0151670877360033,2.0151670877360033
56.79,56.62243300377208,0.1675669962279187,0.1675669962279187
208.08,207.67889325298765,0.4011067470123635,0.4011067470123635
9.01,9.536541960612372,-0.5265419606123718,0.5265419606123718
367.02,361.5942282703068,5.425771729693167,5.425771729693167
167.64,167.89466405698607,-0.25466405698608696,0.25466405698608696
149.15,145.42786997972834,3.7221300202716634,3.7221300202716634
20.92,20.998914046317957,-0.07891404631795496,0.07891404631795496
507.51,511.414194510816,-3.904194510816012,3.904194510816012
19.86,19.90826357417775,-0.04826357417774929,0.04826357417774929
46.12,45.76821151243615,0.3517884875638444,0.3517884875638444
15.15,15.231968388139892,-0.0819683881398916,0.0819683881398916
163.75,160.91818483955197,2.8318151604480306,2.8318151604480306
16.27,16.16110206134325,0.10889793865674946,0.10889793865674946
49.68,48.38676758738562,1.2932324126143797,1.2932324126143797
64.84,60.28639989163337,4.553600108366631,4.553600108366631
50.26,48.13727260974478,2.1227273902552213,2.1227273902552213
78.52,76.98602050289719,1.5339794971028056,1.5339794971028056
25.39,26.680030672799788,-1.2900306727997872,1.2900306727997872
26.21,25.80386342305864,0.4061365769413605,0.4061365769413605
91.45,90.62737629777769,0.822623702222316,0.822623702222316
11.24,10.867179371346424,0.37282062865357624,0.37282062865357624
24.08,22.61687235886933,1.4631276411306686,1.4631276411306686
11.59,12.31010608383692,-0.7201060838369209,0.7201060838369209
6.02,6.549204051601308,-0.5292040516013081,0.5292040516013081
15.47,15.231968388139892,0.23803161186010868,0.23803161186010868
611.34,606.3748590891399,4.9651409108601,4.9651409108601
622.84,619.8820856753848,2.957914324615217,2.957914324615217
246.9,242.74325820237007,4.156741797629934,4.156741797629934
156.95,156.24416539550734,0.7058346044926509,0.7058346044926509
114.9,112.9841037305446,1.915896269455402,1.915896269455402
14.68,15.231968388139892,-0.5519683881398922,0.5519683881398922
528.58,540.0438779132593,-11.463877913259239,11.463877913259239
26.12,28.12717583592429,-2.00717583592429,2.00717583592429
12.69,13.114604437950492,-0.4246044379504923,0.4246044379504923
6.75,7.131216622824273,-0.38121662282427327,0.38121662282427327
138.66,135.77484316425085,2.885156835749143,2.885156835749143
14.34,14.556810570275465,-0.2168105702754648,0.2168105702754648
18.74,18.454033055749377,0.28596694425062097,0.28596694425062097
4105.25,3848.828802076359,256.4211979236411,256.4211979236411
72.24,71.90852661488665,0.3314733851133411,0.3314733851133411
29.02,29.29754122060307,-0.2775412206030694,0.2775412206030694
4.71,4.990537311036243,-0.2805373110362428,0.2805373110362428
62.69,69.63871865673438,-6.9487186567343855,6.9487186567343855
31.87,31.75760931821897,0.1123906817810294,0.1123906817810294
173.09,172.25776215768516,0.8322378423148393,0.8322378423148393
16.58,16.351856125669205,0.22814387433079375,0.22814387433079375
47.91,48.06519096095805,-0.15519096095805196,0.15519096095805196
14.8,14.664401325614982,0.13559867438501882,0.13559867438501882
35.74,35.199843321721914,0.5401566782780876,0.5401566782780876
14.04,14.34240453134928,-0.30240453134928025,0.30240453134928025
125.79,124.7768688736707,1.0131311263293128,1.0131311263293128
154.92,154.13427767369518,0.785722326304807,0.785722326304807
82.35,81.6185134986169,0.7314865013830882,0.7314865013830882
25.17,25.35186195829228,-0.18186195829227714,0.18186195829227714
96.85,95.331509212513,1.5184907874869964,1.5184907874869964
405.22,406.763290417836,-1.5432904178359763,1.5432904178359763
47.77,53.15376881616624,-5.3837688161662385,5.3837688161662385
593.83,590.2626625934566,3.567337406543402,3.567337406543402
72.87,73.97616455836774,-1.1061645583677375,1.1061645583677375
101.21,100.69436381653222,0.5156361834677767,0.5156361834677767
333.77,338.4698061542988,-4.6998061542988125,4.6998061542988125
196.29,192.77910072726732,3.510899272732672,3.510899272732672
1480.77,1423.4544292662542,57.315570733745744,57.315570733745744
7.12,7.339327594318627,-0.21932759431862703,0.21932759431862703
264.98,266.09499416963354,-1.114994169633519,1.114994169633519
24.66,22.949938542617677,1.7100614573823236,1.7100614573823236
24.0,24.50581326218933,-0.5058132621893314,0.5058132621893314
132.24,129.00772422394718,3.2322757760528305,3.2322757760528305
24.54,26.4602640701141,-1.9202640701141007,1.9202640701141007
12.26,12.548997914218113,-0.28899791421811294,0.28899791421811294
281.82,285.66883036553287,-3.8488303655328764,3.8488303655328764
41.55,42.53647396082971,-0.9864739608297128,0.9864739608297128
150.31,149.62889826672097,0.6811017332790357,0.6811017332790357
72.19,71.8365967721974,0.3534032278026018,0.3534032278026018
11.44,11.723180850364784,-0.2831808503647846,0.2831808503647846
45.95,44.75754633574301,1.1924536642569947,1.1924536642569947
68.82,75.16709809103281,-6.347098091032819,6.347098091032819
52.46,52.73225389423847,-0.27225389423846735,0.27225389423846735
75.45,75.40900883278901,0.04099116721098994,0.04099116721098994
2004.48,1999.2008338970784,5.279166102921636,5.279166102921636
8.88,8.680227050230608,0.1997729497693932,0.1997729497693932
5.43,5.864116806727806,-0.4341168067278067,0.4341168067278067
65.54,65.01923383964633,0.5207661603536735,0.5207661603536735
27.43,27.173883000784187,0.25611699921581277,0.25611699921581277
810.82,817.4590776281976,-6.639077628197583,6.639077628197583
98.46,99.10452587503876,-0.6445258750387666,0.6445258750387666
34.12,33.34867943025958,0.7713205697404177,0.7713205697404177
89.15,89.33751522558424,-0.18751522558423517,0.18751522558423517
134.19,135.4644792191521,-1.2744792191521128,1.2744792191521128
82.3,84.37313106961561,-2.073131069615613,2.073131069615613
102.24,103.38376516142796,-1.1437651614279645,1.1437651614279645
145.21,144.24577185283573,0.9642281471642775,0.9642281471642775
55.5,55.27557909476554,0.22442090523446012,0.22442090523446012
135.09,139.38025750063605,-4.290257500636045,4.290257500636045
520.11,510.3445882772399,9.76541172276012,9.76541172276012
118.04,118.47318298163454,-0.4331829816345305,0.4331829816345305
29.91,31.112482355330343,-1.2024823553303428,1.2024823553303428
19.23,20.15996456441981,-0.9299645644198087,0.9299645644198087
24.85,26.2459762536462,-1.3959762536462001,1.3959762536462001
250.7,246.7513811335031,3.9486188664969006,3.9486188664969006
22.42,21.796354538678816,0.6236454613211855,0.6236454613211855
40.49,41.26356245092212,-0.7735624509221211,0.7735624509221211
139.38,138.83350934806325,0.5464906519367503,0.5464906519367503
14.21,14.701425198119638,-0.4914251981196376,0.4914251981196376
383.19,372.8177474380333,10.372252561966718,10.372252561966718
25.67,25.80386342305864,-0.13386342305863863,0.13386342305863863
14.47,14.58547630696362,-0.11547630696361999,0.11547630696361999
400.91,407.30168156707145,-6.39168156707143,6.39168156707143
335.69,337.24254250618964,-1.5525425061896385,1.5525425061896385
13.62,13.90489747240151,-0.28489747240151075,0.28489747240151075
34.81,35.199843321721914,-0.38984332172191216,0.38984332172191216
991.36,941.6613036345458,49.698696365454225,49.698696365454225
48.11,45.93259694583542,2.1774030541645786,2.1774030541645786
51.61,51.94583863725962,-0.33583863725962004,0.33583863725962004
45.31,46.15382193251256,-0.8438219325125544,0.8438219325125544
1.44,2.406981409251394,-0.9669814092513942,0.9669814092513942
42.98,42.48870369367565,0.49129630632434385,0.49129630632434385
235.92,238.79177408151588,-2.8717740815158947,2.8717740815158947
12.36,12.548997914218113,-0.1889979142181133,0.1889979142181133
121.21,122.71653105804704,-1.5065310580470452,1.5065310580470452
122.29,122.39328880522312,-0.10328880522311579,0.10328880522311579
18.38,18.449305531779764,-0.06930553177976506,0.06930553177976506
33.05,39.21029606964961,-6.160296069649611,6.160296069649611
5.22,5.333210941579161,-0.1132109415791609,0.1132109415791609
900.8,880.6422381751162,20.157761824883778,20.157761824883778
49.61,48.38676758738562,1.2232324126143794,1.2232324126143794
12.29,13.091475340687936,-0.8014753406879365,0.8014753406879365
39.51,38.55391861270922,0.9560813872907801,0.9560813872907801
93.27,92.32884062873354,0.9411593712664512,0.9411593712664512
37.96,37.14426375066951,0.8157362493304916,0.8157362493304916
336.77,342.7096677044964,-5.939667704496401,5.939667704496401
113.55,113.11521266156446,0.43478733843554096,0.43478733843554096
1300.02,1313.993002707254,-13.973002707253954,13.973002707253954
10.29,10.665394860564613,-0.37539486056461335,0.37539486056461335
2046.04,1977.635181898972,68.40481810102801,68.40481810102801
3.94,4.249650635896198,-0.3096506358961979,0.3096506358961979
50.95,50.698993234603456,0.2510067653965464,0.2510067653965464
2495.6,2324.822849466889,170.77715053311113,170.77715053311113
13.16,13.28931379458109,-0.1293137945810905,0.1293137945810905
88.73,91.28334964139374,-2.553349641393737,2.553349641393737
201.46,205.67982252263693,-4.2198225226369175,4.2198225226369175
179.21,177.1472509034041,2.062749096595894,2.062749096595894
610.67,612.1279443791632,-1.457944379163223,1.457944379163223
26.6,27.46519726741608,-0.8651972674160788,0.8651972674160788
57.44,58.30522057362199,-0.8652205736219898,0.8652205736219898
15.96,16.16110206134325,-0.20110206134324926,0.20110206134324926
6.53,6.7758116029610855,-0.24581160296108528,0.24581160296108528
39.68,40.00894617061199,-0.3289461706119923,0.3289461706119923
26.28,25.62918235914588,0.6508176408541217,0.6508176408541217
42.16,41.38484107220718,0.7751589277928161,0.7751589277928161
27.78,28.08180765120847,-0.3018076512084704,0.3018076512084704
15.56,15.838790521849903,-0.2787905218499027,0.2787905218499027
30.33,32.802758613009175,-2.4727586130091765,2.4727586130091765
12.61,14.352994034412276,-1.742994034412277,1.742994034412277
30.44,29.422884860632863,1.0171151393671387,1.0171151393671387
95.71,95.76847110699153,-0.058471106991532906,0.058471106991532906
41.11,39.38340990698133,1.7265900930186717,1.7265900930186717
69.84,72.6245147863831,-2.784514786383099,2.784514786383099
9.93,9.99358659357444,-0.06358659357444019,0.06358659357444019
8.76,9.21988828017726,-0.45988828017726036,0.45988828017726036
213.78,206.70488851077144,7.075111489228561,7.075111489228561
44.23,41.29962027019632,2.9303797298036756,2.9303797298036756
203.68,200.4807579498872,3.199242050112815,3.199242050112815
131.24,132.41314057518517,-1.1731405751851582,1.1731405751851582
3.83,4.249650635896198,-0.4196506358961978,0.4196506358961978
56.1,55.05968265862193,1.0403173413780706,1.0403173413780706
29.7,29.29754122060307,0.4024587793969303,0.4024587793969303
100.13,100.74148051570734,-0.611480515707342,0.611480515707342
146.87,145.64330505374804,1.2266949462519676,1.2266949462519676
148.41,140.41871103442466,7.991288965575336,7.991288965575336
28.57,28.41747022975582,0.15252977024417902,0.15252977024417902
828.99,834.5104712864269,-5.520471286426869,5.520471286426869
160.29,161.18361161916343,-0.8936116191634369,0.8936116191634369
161.8,160.75371426421268,1.046285735787336,1.046285735787336
10.2,10.665394860564613,-0.4653948605646132,0.4653948605646132
194.85,192.77910072726732,2.0708992727326745,2.0708992727326745
6.31,6.784475201820902,-0.4744752018209022,0.4744752018209022
105.13,103.84517498424408,1.2848250157559136,1.2848250157559136
166.2,161.21926924133854,4.980730758661451,4.980730758661451
186.5,185.4508953833111,1.0491046166889078,1.0491046166889078
6.41,6.7758116029610855,-0.3658116029610854,0.3658116029610854
8.97,9.263514971837628,-0.2935149718376273,0.2935149718376273
19.04,18.77536967870753,0.26463032129246855,0.26463032129246855
14.23,13.718253168286797,0.5117468317132037,0.5117468317132037
81.51,81.6185134986169,-0.10851349861690096,0.10851349861690096
3.93,2.881699371095643,1.0483006289043573,1.0483006289043573
158.46,156.0898848117141,2.370115188285922,2.370115188285922
49.62,49.07739985085768,0.5426001491423165,0.5426001491423165
24.26,24.643651274932427,-0.3836512749324257,0.3836512749324257
34.46,33.750528581580944,0.7094714184190565,0.7094714184190565
326.75,339.02196861017615,-12.271968610176145,12.271968610176145
7.39,7.716993113252487,-0.32699311325248726,0.32699311325248726
877.92,902.4945149227038,-24.574514922703884,24.574514922703884
0.98,1.7848072805248434,-0.8048072805248434,0.8048072805248434
23.09,23.613445616571944,-0.5234456165719443,0.5234456165719443
172.9,170.77220423074235,2.1277957692576592,2.1277957692576592
59.77,59.61582738665353,0.15417261334647492,0.15417261334647492
837.18,863.5811607145565,-26.401160714556568,26.401160714556568
4.76,4.990537311036243,-0.23053731103624298,0.23053731103624298
19.73,18.776907427102387,0.9530925728976136,0.9530925728976136
6.53,7.054275745121684,-0.5242757451216837,0.5242757451216837
367.9,360.7591130357102,7.140886964289791,7.140886964289791
259.5,253.78260024982652,5.717399750173485,5.717399750173485
508.44,526.0054991264568,-17.565499126456814,17.565499126456814
19.1,18.77536967870753,0.3246303212924708,0.3246303212924708
80.52,71.99424456800995,8.52575543199005,8.52575543199005
142.97,144.06709225015086,-1.0970922501508653,1.0970922501508653
385.24,388.5949448892123,-3.354944889212277,3.354944889212277
21.49,21.12260418441332,0.3673958155866792,0.3673958155866792
371.87,381.7334246042806,-9.863424604280567,9.863424604280567
290.32,285.65191552316594,4.6680844768340535,4.6680844768340535
104.21,105.1243121620242,-0.9143121620242027,0.9143121620242027
73.92,75.79874009087412,-1.8787400908741176,1.8787400908741176
107.57,108.99446500477384,-1.4244650047738503,1.4244650047738503
28.46,29.510835803134174,-1.0508358031341736,1.0508358031341736
91.11,91.6283477140098,-0.5183477140098063,0.5183477140098063
136.31,136.03569515815994,0.2743048418400633,0.2743048418400633
113.7,114.32328324416612,-0.6232832441661174,0.6232832441661174
25.98,27.02999374783649,-1.0499937478364885,1.0499937478364885
1596.26,1337.3715348346238,258.88846516537615,258.88846516537615
24.59,26.562162089875823,-1.9721620898758232,1.9721620898758232
100.58,100.74148051570734,-0.16148051570733912,0.16148051570733912
356.29,350.650355612025,5.639644387975011,5.639644387975011
1054.35,1040.433023961832,13.916976038167832,13.916976038167832
122.18,119.55871338236926,2.6212866176307443,2.6212866176307443
160.76,161.07246542334522,-0.3124654233452304,0.3124654233452304
9.25,9.504449940456,-0.25444994045600033,0.25444994045600033
52.03,52.096149535707504,-0.0661495357075026,0.0661495357075026
557.91,558.504287780409,-0.5942877804089903,0.5942877804089903
282.41,288.4071910617204,-5.9971910617204,5.9971910617204
24.92,24.58464240928876,0.33535759071124005,0.33535759071124005
10.27,10.223573082231631,0.04642691776836827,0.04642691776836827
6.44,6.7758116029610855,-0.33581160296108514,0.33581160296108514
21.94,22.29380017673984,-0.35380017673983843,0.35380017673983843
199.91,198.65459584453143,1.2554041554685682,1.2554041554685682
1.35,2.406981409251394,-1.056981409251394,1.056981409251394
24.44,24.37609675797083,0.06390324202916986,0.06390324202916986
6.03,6.548426337125212,-0.518426337125212,0.518426337125212
171.36,171.5933723203606,-0.23337232036058708,0.23337232036058708
453.18,459.6995728764402,-6.519572876440179,6.519572876440179
76.71,77.24184874683166,-0.5318487468316704,0.5318487468316704
111.19,112.63260375607751,-1.4426037560775171,1.4426037560775171
21.69,21.12260418441332,0.5673958155866821,0.5673958155866821
439.2,410.38007708007774,28.81992291992225,28.81992291992225
28.9,31.114403298064467,-2.214403298064468,2.214403298064468
702.81,690.0981901297863,12.711809870213642,12.711809870213642
114.7,117.9697516982526,-3.269751698252591,3.269751698252591
24.64,24.79893022575666,-0.15893022575665938,0.15893022575665938
30.51,29.502058526363207,1.0079414736367944,1.0079414736367944
4.38,4.622893148815881,-0.24289314881588098,0.24289314881588098
18.98,18.77536967870753,0.20463032129246983,0.20463032129246983
4.53,4.772248746647042,-0.242248746647042,0.242248746647042
110.9,111.064549782637,-0.16454978263699616,0.16454978263699616
9.18,9.721816302091616,-0.5418163020916165,0.5418163020916165
180.16,181.36356761760985,-1.203567617609849,1.203567617609849
50.38,49.35158599079045,1.0284140092095555,1.0284140092095555
3.13,3.529491718197054,-0.3994917181970541,0.3994917181970541
76.36,78.5538126848477,-2.1938126848476998,2.1938126848476998
99.87,99.5129873041822,0.3570126958178008,0.3570126958178008
122.76,123.2528927633002,-0.4928927633001905,0.4928927633001905
12.23,12.548468748877452,-0.3184687488774518,0.3184687488774518
131.79,134.26161780161755,-2.4716178016175547,2.4716178016175547
1027.21,1060.044746911795,-32.83474691179504,32.83474691179504
496.01,481.0927359467491,14.917264053250904,14.917264053250904
19.12,20.382465882572653,-1.262465882572652,1.262465882572652
8.37,8.680227050230608,-0.31022705023060837,0.31022705023060837
803.65,799.4160452296509,4.233954770349101,4.233954770349101
274.5,269.45920080153815,5.040799198461855,5.040799198461855
9.57,9.628319473466137,-0.05831947346613653,0.05831947346613653
53.13,52.12502861100196,1.0049713889980438,1.0049713889980438
289.54,290.4917343594755,-0.9517343594754948,0.9517343594754948
53.02,49.74086417427384,3.279135825726165,3.279135825726165
274.92,271.29532815913734,3.624671840862675,3.624671840862675
34.06,33.65942471042737,0.4005752895726289,0.4005752895726289
6.86,7.390600858571427,-0.530600858571427,0.530600858571427
685.22,676.4340407009922,8.7859592990078,8.7859592990078
60.49,63.27188935294975,-2.7818893529497473,2.7818893529497473
6.25,6.326246979922936,-0.07624697992293594,0.07624697992293594
48.48,48.38676758738562,0.09323241261437687,0.09323241261437687
62.24,61.589345148707146,0.650654851292856,0.650654851292856
272.16,270.9074151660032,1.2525848339968206,1.2525848339968206
24.49,24.79893022575666,-0.3089302257566615,0.3089302257566615
303.0,304.6009238853542,-1.6009238853541774,1.6009238853541774
29.48,29.78891918161314,-0.30891918161313825,0.30891918161313825
145.62,144.24577185283573,1.374228147164274,1.374228147164274
79.38,78.94613132146142,0.43386867853857325,0.43386867853857325
35.88,34.89774854707831,0.9822514529216946,0.9822514529216946
185.68,184.31481566580769,1.365184334192321,1.365184334192321
48.7,49.71779241927205,-1.0177924192720482,1.0177924192720482
508.66,507.3834077393509,1.2765922606491245,1.2765922606491245
273.74,271.46687042815586,2.2731295718441515,2.2731295718441515
6.65,6.992586173315256,-0.3425861733152553,0.3425861733152553
886.28,948.5494538321582,-62.269453832158206,62.269453832158206
289.76,291.4645657095889,-1.7045657095889055,1.7045657095889055
287.64,286.92646742818977,0.7135325718102195,0.7135325718102195
13.87,13.910318489099188,-0.04031848909918878,0.04031848909918878
86.54,81.90346159282842,4.636538407171585,4.636538407171585
5.43,6.085180972076818,-0.6551809720768187,0.6551809720768187
117.5,115.62695664973224,1.8730433502677641,1.8730433502677641
228.02,232.73251796980773,-4.71251796980772,4.71251796980772
9.96,10.356981317344143,-0.3969813173441423,0.3969813173441423
44.9,45.57971895224924,-0.6797189522492388,0.6797189522492388
189.72,186.98600453223725,2.733995467762753,2.733995467762753
48.64,48.38676758738562,0.25323241261438056,0.25323241261438056
61.05,62.68103389741374,-1.6310338974137437,1.6310338974137437
385.56,387.9966198756897,-2.4366198756897006,2.4366198756897006
36.12,34.89774854707831,1.2222514529216895,1.2222514529216895
46.78,45.288463629338175,1.4915363706618265,1.4915363706618265
47.18,45.593556922063215,1.586443077936785,1.586443077936785
14.84,15.231968388139892,-0.3919683881398921,0.3919683881398921
18.32,19.264574827311424,-0.9445748273114241,0.9445748273114241
143.18,143.9561932988548,-0.7761932988547926,0.7761932988547926
215.72,216.3991819430119,-0.6791819430119119,0.6791819430119119
3.72,3.8901348562968447,-0.17013485629684455,0.17013485629684455
3.54,3.72289441441966,-0.18289441441966003,0.18289441441966003
229.27,224.79116278138383,4.478837218616178,4.478837218616178
23.43,23.341055180317124,0.08894481968287593,0.08894481968287593
59.26,53.94862450961922,5.311375490380776,5.311375490380776
73.58,69.58184786391593,3.998152136084073,3.998152136084073
24.64,24.79893022575666,-0.15893022575665938,0.15893022575665938
152.24,146.5053731947952,5.734626805204812,5.734626805204812
7.22,7.672198483210391,-0.4521984832103909,0.4521984832103909
4.16,4.215360451506396,-0.055360451506396124,0.055360451506396124
26.89,27.173883000784187,-0.2838830007841864,0.2838830007841864
12.96,14.366979785781876,-1.4069797857818749,1.4069797857818749
14.73,15.231968388139892,-0.5019683881398915,0.5019683881398915
577.64,596.9799326842841,-19.339932684284122,19.339932684284122
18.0,18.35488897985568,-0.35488897985568,0.35488897985568
58.61,58.20934916442979,0.400650835570211,0.400650835570211
10.98,10.6806177151937,0.2993822848063008,0.2993822848063008
4.09,4.215360451506396,-0.1253604515063964,0.1253604515063964
6.81,7.131216622824273,-0.32121662282427366,0.32121662282427366
22.13,22.325197729354727,-0.195197729354728,0.195197729354728
54.23,54.07966113805147,0.15033886194852641,0.15033886194852641
15.34,15.35024347532446,-0.010243475324459794,0.010243475324459794
12.32,12.197053606448412,0.12294639355158843,0.12294639355158843
17.89,18.288416151265256,-0.39841615126525554,0.39841615126525554
7.18,7.672198483210391,-0.49219848321039095,0.49219848321039095
34.19,33.94169697099686,0.24830302900313939,0.24830302900313939
166.35,168.16009083659753,-1.8100908365975386,1.8100908365975386
133.63,135.6372776504083,-2.007277650408298,2.007277650408298
234.12,229.97689828793463,4.1431017120653735,4.1431017120653735
21.84,23.95513402109728,-2.1151340210972798,2.1151340210972798
175.84,176.01839099765536,-0.17839099765535593,0.17839099765535593
6.89,7.262386716616038,-0.37238671661603817,0.37238671661603817
30.64,30.29866981203391,0.34133018796608994,0.34133018796608994
24.39,24.093734674924452,0.2962653250755487,0.2962653250755487
308.73,303.5028041770223,5.227195822977706,5.227195822977706
27.54,26.34236049346249,1.1976395065375094,1.1976395065375094
30.82,30.29866981203391,0.5213301879660897,0.5213301879660897
438.13,428.5343359110752,9.59566408892482,9.59566408892482
22.24,21.796354538678816,0.4436454613211822,0.4436454613211822
71.85,69.51056912588994,2.3394308741100502,2.3394308741100502
43.38,41.83727417218346,1.5427258278165397,1.5427258278165397
27.81,27.173883000784187,0.6361169992158118,0.6361169992158118
369.14,364.4815254712855,4.658474528714464,4.658474528714464
13.13,13.53631010207927,-0.406310102079269,0.406310102079269
61.22,61.84931906937227,-0.6293190693722721,0.6293190693722721
3.32,3.9111127748145327,-0.5911127748145328,0.5911127748145328
341.1,333.0902238026617,8.00977619733834,8.00977619733834
99.99,99.91434601092,0.07565398907999565,0.07565398907999565
168.71,168.58939500255488,0.12060499744512754,0.12060499744512754
140.35,136.1285987522597,4.221401247740289,4.221401247740289
68.88,72.26202077009245,-3.3820207700924527,3.3820207700924527
112.01,111.7674156532356,0.24258434676440288,0.24258434676440288
77.05,75.23670390360842,1.813296096391582,1.813296096391582
36.58,36.13656189988269,0.4434381001173051,0.4434381001173051
7.83,8.098318690521252,-0.26831869052125157,0.26831869052125157
29.72,29.300626125855302,0.4193738741446964,0.4193738741446964
12.39,12.548997914218113,-0.15899791421811216,0.15899791421811216
10.67,10.6806177151937,-0.010617715193699695,0.010617715193699695
268.18,264.65533796435403,3.5246620356459744,3.5246620356459744
7.12,7.7545446074586355,-0.6345446074586354,0.6345446074586354
6.92,7.508882141758136,-0.5888821417581358,0.5888821417581358
36.5,38.25617996419877,-1.7561799641987719,1.7561799641987719
39.05,38.52273261783872,0.527267382161277,0.527267382161277
105.99,106.21151693199933,-0.2215169319993322,0.2215169319993322
7.82,7.813668141917018,0.006331858082981867,0.006331858082981867
105.15,105.1243121620242,0.025687837975809202,0.025687837975809202
6.01,6.07222777822216,-0.062227778222160524,0.062227778222160524
191.46,205.62086216801907,-14.160862168019065,14.160862168019065
78.46,75.09034821095098,3.3696517890490156,3.3696517890490156
14.16,13.718253168286797,0.4417468317132034,0.4417468317132034
105.14,102.16929027871625,2.970709721283754,2.970709721283754
23.65,23.341055180317124,0.3089448196828748,0.3089448196828748
1456.96,1484.0573797569427,-27.0973797569427,27.0973797569427
56.6,57.22965828700858,-0.6296582870085814,0.6296582870085814
125.99,126.99334654147128,-1.0033465414712879,1.0033465414712879
16.67,16.351856125669205,0.31814387433079716,0.31814387433079716
908.98,919.2051657481304,-10.225165748130394,10.225165748130394
11.85,12.102259770909416,-0.25225977090941676,0.25225977090941676
55.03,56.02749088975093,-0.997490889750928,0.997490889750928
133.08,135.40071684356238,-2.3207168435623657,2.3207168435623657
9.72,9.99358659357444,-0.27358659357443926,0.27358659357443926
260.13,257.15009095516484,2.9799090448351535,2.9799090448351535
339.26,339.6038151289896,-0.3438151289896041,0.3438151289896041
36.06,35.53276708303744,0.5272329169625607,0.5272329169625607
164.92,172.07071542146673,-7.150715421466742,7.150715421466742
43.98,42.13899026079354,1.8410097392064557,1.8410097392064557
11.08,11.260234928274244,-0.1802349282742437,0.1802349282742437
1036.74,1011.2946706300172,25.4453293699828,25.4453293699828
278.29,283.3127274506616,-5.022727450661591,5.022727450661591
36.01,35.53276708303744,0.47723291696255643,0.47723291696255643
38.74,37.66172858994132,1.078271410058683,1.078271410058683
3.9,4.249650635896198,-0.34965063589619794,0.34965063589619794
933.84,950.6329923982432,-16.7929923982432,16.7929923982432
150.47,152.69153746958247,-2.221537469582472,2.221537469582472
68.52,70.51854850830794,-1.9985485083079482,1.9985485083079482
25.26,27.646779323201542,-2.386779323201541,2.386779323201541
32.73,31.75760931821897,0.9723906817810253,0.9723906817810253
121.64,121.49674357630504,0.1432564236949645,0.1432564236949645
238.01,237.8639398178573,0.14606018214269056,0.14606018214269056
123.95,127.77119713195944,-3.821197131959437,3.821197131959437
455.97,460.8208762531177,-4.85087625311769,4.85087625311769
38.65,36.783285460092735,1.8667145399072638,1.8667145399072638
50.2,49.35158599079045,0.8484140092095558,0.8484140092095558
101.22,101.3283317289408,-0.10833172894079723,0.10833172894079723
81.36,79.66086257800727,1.6991374219927309,1.6991374219927309
58.44,58.53718155197901,-0.09718155197901268,0.09718155197901268
46.03,47.63647663922971,-1.6064766392297116,1.6064766392297116
665.62,671.4082154814115,-5.788215481411498,5.788215481411498
94.01,96.35638891646516,-2.346388916465159,2.346388916465159
9.96,9.716708518479448,0.24329148152055247,0.24329148152055247
21.3,20.92738732941629,0.3726126705837096,0.3726126705837096
188.21,191.5552296007285,-3.345229600728487,3.345229600728487
1019.82,1007.3999813622672,12.420018637732824,12.420018637732824
27.58,30.17619545509845,-2.596195455098453,2.596195455098453
714.56,725.7157555504649,-11.15575555046496,11.15575555046496
555.43,575.1154578446293,-19.685457844629354,19.685457844629354
7.76,8.267038550920024,-0.5070385509200239,0.5070385509200239
84.24,82.6476616966331,1.5923383033669012,1.5923383033669012
51.78,49.388479026512975,2.391520973487026,2.391520973487026
1126.95,1127.9362472956798,-0.9862472956797319,0.9862472956797319
17.93,18.619611737446785,-0.6896117374467856,0.6896117374467856
65.69,63.33562215655776,2.3543778434422364,2.3543778434422364
270.32,267.2873561291032,3.032643870896777,3.032643870896777
15.24,15.054655559225376,0.18534444077462453,0.18534444077462453
1797.42,1835.585106976752,-38.165106976751986,38.165106976751986
4.07,4.420703624040996,-0.350703624040996,0.350703624040996
10.3,10.402017786863317,-0.10201778686331586,0.10201778686331586
58.92,58.29063311665173,0.6293668833482684,0.6293668833482684
285.68,287.8834823643105,-2.203482364310503,2.203482364310503
112.64,111.7674156532356,0.8725843467643983,0.8725843467643983
44.98,44.2165077268308,0.7634922731691987,0.7634922731691987
491.52,486.0074147467309,5.512585253269094,5.512585253269094
117.3,120.9703969867127,-3.670396986712703,3.670396986712703
16.14,16.544755367014556,-0.4047553670145554,0.4047553670145554
170.16,168.98486987900617,1.1751301209938276,1.1751301209938276
19.44,19.395351023682448,0.04464897631755349,0.04464897631755349
114.38,120.0246478825249,-5.644647882524907,5.644647882524907
60.41,58.77990300723108,1.6300969927689195,1.6300969927689195
21.42,22.66683448716228,-1.2468344871622783,1.2468344871622783
392.1,395.25334145411927,-3.153341454119243,3.153341454119243
156.52,156.0898848117141,0.43011518828592443,0.43011518828592443
174.16,175.7529642180439,-1.5929642180439032,1.5929642180439032
944.33,933.6353795063378,10.694620493662228,10.694620493662228
187.49,185.4508953833111,2.039104616688917,2.039104616688917
31.26,30.26938670018285,0.9906132998171522,0.9906132998171522
21.64,21.12260418441332,0.5173958155866814,0.5173958155866814
194.6,200.1302629691839,-5.5302629691838945,5.5302629691838945
109.8,110.35696863043658,-0.556968630436586,0.556968630436586
261.25,277.07702067723307,-15.827020677233065,15.827020677233065
167.98,162.92540228727896,5.0545977127210335,5.0545977127210335
107.79,105.28782064035232,2.502179359647684,2.502179359647684
180.1,187.55215440948663,-7.4521544094866385,7.4521544094866385
36.9,36.37972491896937,0.5202750810306256,0.5202750810306256
33.02,35.944201698650545,-2.924201698650542,2.924201698650542
26.66,26.60176759726285,0.05823240273715058,0.05823240273715058
47.61,47.405871471047945,0.20412852895205447,0.20412852895205447
955.94,922.0612365059484,33.87876349405167,33.87876349405167
118.92,109.16919189117014,9.750808108829858,9.750808108829858
69.46,71.98397747791142,-2.52397747791143,2.52397747791143
709.3,735.2240991458013,-25.924099145801392,25.924099145801392
26.18,25.62918235914588,0.5508176408541203,0.5508176408541203
25.58,27.923160716747425,-2.343160716747427,2.343160716747427
118.42,118.0837443985874,0.3362556014126028,0.3362556014126028
6.03,9.589799631067857,-3.5597996310678566,3.5597996310678566
12.7,13.114604437950492,-0.4146044379504925,0.4146044379504925
107.82,108.7966644751563,-0.976664475156312,0.976664475156312
4.7,4.990537311036243,-0.2905373110362426,0.2905373110362426
3.14,3.529491718197054,-0.38949171819705386,0.38949171819705386
45.74,44.2165077268308,1.5234922731692038,1.5234922731692038
359.07,361.4653786447872,-2.395378644787229,2.395378644787229
360.13,362.72123107896266,-2.5912310789626645,2.5912310789626645
6.79,7.131216622824273,-0.34121662282427323,0.34121662282427323
23.94,22.86854360289176,1.0714563971082427,1.0714563971082427
64.54,64.95554483090721,-0.4155448309072085,0.4155448309072085
2177.04,2245.5214456125973,-68.48144561259733,68.48144561259733
637.78,619.8820856753848,17.897914324615158,17.897914324615158
11.0,10.6806177151937,0.3193822848063004,0.3193822848063004
202.89,206.40638090034292,-3.516380900342938,3.516380900342938
167.24,167.89466405698607,-0.6546640569860642,0.6546640569860642
234.86,234.75549151860227,0.10450848139774394,0.10450848139774394
715.71,699.7626250877676,15.947374912232476,15.947374912232476
46.93,45.93259694583542,0.9974030541645789,0.9974030541645789
60.82,60.98624048816032,-0.16624048816031944,0.16624048816031944
123.39,124.56199585774736,-1.171995857747362,1.171995857747362
96.37,97.84067977227404,-1.470679772274039,1.470679772274039
200.74,203.18598345207585,-2.4459834520758363,2.4459834520758363
144.29,138.47276797690893,5.817232023091066,5.817232023091066
613.84,608.0052928763647,5.834707123635326,5.834707123635326
115.05,117.96991565179648,-2.9199156517964866,2.9199156517964866
58.98,56.73332976349273,2.2466702365072635,2.2466702365072635
9.85,9.99358659357444,-0.14358659357444026,0.14358659357444026
574.47,561.7716687358572,12.69833126414278,12.69833126414278
251.38,244.5628738129057,6.8171261870942885,6.8171261870942885
699.75,701.7651055705335,-2.0151055705334784,2.0151055705334784
12.76,13.114604437950492,-0.354604437950492,0.354604437950492
28.42,28.566794249369615,-0.14679424936961283,0.14679424936961283
26.82,27.173883000784187,-0.35388300078418666,0.35388300078418666
9.81,9.716708518479448,0.09329148152055211,0.09329148152055211
113.24,112.6179882418631,0.6220117581368925,0.6220117581368925
10.68,12.117808076948617,-1.4378080769486168,1.4378080769486168
15.86,16.544755367014556,-0.6847553670145565,0.6847553670145565
81.09,80.99321402696883,0.09678597303117442,0.09678597303117442
50.72,49.596708050722064,1.1232919492779345,1.1232919492779345
14.73,15.231968388139892,-0.5019683881398915,0.5019683881398915
1117.94,1104.6942425841023,13.245757415897742,13.245757415897742
198.59,198.67236355959292,-0.08236355959292041,0.08236355959292041
162.95,161.32165722026133,1.6283427797386594,1.6283427797386594
351.59,350.34962971451847,1.2403702854815037,1.2403702854815037
747.71,772.2713592918648,-24.561359291864733,24.561359291864733
8.08,8.472116078736251,-0.392116078736251,0.392116078736251
72.2,71.18653569658566,1.013464303414338,1.013464303414338
101.4,99.83294962744915,1.5670503725508524,1.5670503725508524
10.94,10.6806177151937,0.2593822848062999,0.2593822848062999
60.97,60.51193298679885,0.45806701320115195,0.45806701320115195
40.46,42.18817088630099,-1.7281708863009868,1.7281708863009868
24.62,26.4602640701141,-1.8402640701140989,1.8402640701140989
387.4,381.37689491074906,6.023105089250919,6.023105089250919
18.63,20.35261047599308,-1.7226104759930827,1.7226104759930827
55.76,56.999656495058666,-1.239656495058668,1.239656495058668
1661.36,1719.7033815605807,-58.34338156058084,58.34338156058084
104.36,106.53488709577908,-2.1748870957790842,2.1748870957790842
503.5,512.6191444339283,-9.11914443392834,9.11914443392834
17.89,17.83405171077446,0.05594828922554029,0.05594828922554029
4.52,4.802642173835009,-0.28264217383500956,0.28264217383500956
29.96,29.395333266192736,0.5646667338072646,0.5646667338072646
123.8,126.97698777401042,-3.1769877740104278,3.1769877740104278
121.2,122.46907539226306,-1.269075392263062,1.269075392263062
14.87,15.231968388139892,-0.36196838813989274,0.36196838813989274
347.73,351.1259943210532,-3.3959943210531947,3.3959943210531947
12.75,14.77593828230794,-2.0259382823079406,2.0259382823079406
7.82,7.9626555789529885,-0.1426555789529882,0.1426555789529882
48.94,48.38676758738562,0.5532324126143777,0.5532324126143777
49.16,46.79379327136018,2.366206728639817,2.366206728639817
5.15,5.333210941579161,-0.1832109415791603,0.1832109415791603
22.05,22.29380017673984,-0.243800176739839,0.243800176739839
33.82,35.01001327461702,-1.1900132746170229,1.1900132746170229
21.78,21.38289147016085,0.39710852983915146,0.39710852983915146
14.49,14.795219826135773,-0.30521982613577237,0.30521982613577237
23.5,25.140618630281992,-1.6406186302819918,1.6406186302819918
42.14,42.51116698269259,-0.37116698269259274,0.37116698269259274
324.49,316.03787237908045,8.452127620919555,8.452127620919555
761.06,788.5924750249063,-27.532475024906375,27.532475024906375
94.97,95.52979043473256,-0.5597904347325624,0.5597904347325624
671.52,711.5064331021963,-39.986433102196315,39.986433102196315
110.47,109.92000673595808,0.5499932640419161,0.5499932640419161
104.2,103.53216301609392,0.6678369839060849,0.6678369839060849
381.86,378.69532933031,3.164670669689997,3.164670669689997
7.09,7.339327594318627,-0.24932759431862728,0.24932759431862728
6.61,7.054275745121684,-0.44427574512168366,0.44427574512168366
27.6,28.835216845141627,-1.2352168451416254,1.2352168451416254
21.54,21.12260418441332,0.41739581558667993,0.41739581558667993
20.94,20.998914046317957,-0.05891404631795538,0.05891404631795538
15.44,15.231968388139892,0.20803161186010755,0.20803161186010755
317.0,311.0405607311952,5.959439268804772,5.959439268804772
9.31,9.536541960612372,-0.22654196061237108,0.22654196061237108
14.66,14.58547630696362,0.07452369303637951,0.07452369303637951
109.21,106.63233116825738,2.5776688317426135,2.5776688317426135
19.45,19.395351023682448,0.0546489763175515,0.0546489763175515
7.2,7.7545446074586355,-0.5545446074586353,0.5545446074586353
25.14,25.27921928410917,-0.13921928410917062,0.13921928410917062
202.8,205.67982252263693,-2.879822522636914,2.879822522636914
5.96,6.07222777822216,-0.11222777822216035,0.11222777822216035
34.35,33.34867943025958,1.0013205697404217,1.0013205697404217
203.83,203.63885420302285,0.1911457969771675,0.1911457969771675
52.48,52.12502861100196,0.35497138899803815,0.35497138899803815
22.78,22.76134025883378,0.018659741166221266,0.018659741166221266
20.02,21.569597418535185,-1.5495974185351855,1.5495974185351855
6.57,7.143266404834844,-0.5732664048348441,0.5732664048348441
163.34,162.62320322964797,0.7167967703520333,0.7167967703520333
8.55,9.055404000343271,-0.5054040003432707,0.5054040003432707
42.82,44.2514031641931,-1.4314031641930995,1.4314031641930995
12.0,12.166269847924612,-0.16626984792461208,0.16626984792461208
14.16,14.556810570275465,-0.3968105702754645,0.3968105702754645
128.78,130.19272216032795,-1.4127221603279452,1.4127221603279452
28.98,29.31282996680564,-0.33282996680564025,0.33282996680564025
23.5,25.140618630281992,-1.6406186302819918,1.6406186302819918
254.47,253.90732587142304,0.5626741285769583,0.5626741285769583
127.19,125.3783390015436,1.8116609984564036,1.8116609984564036
8.98,9.06086238069365,-0.08086238069364882,0.08086238069364882
588.98,587.3040526387368,1.6759473612631837,1.6759473612631837
14.36,14.38156128140361,-0.02156128140360991,0.02156128140360991
96.99,95.71137931069217,1.2786206893078287,1.2786206893078287
35.96,34.740940449848814,1.2190595501511865,1.2190595501511865
19.73,20.731502264820165,-1.0015022648201644,1.0015022648201644
344.31,338.5001795688465,5.8098204311535255,5.8098204311535255
57.14,58.0724951547823,-0.9324951547823019,0.9324951547823019
310.49,302.18084999276243,8.309150007237577,8.309150007237577
36.58,38.14998035122024,-1.569980351220245,1.569980351220245
11.03,10.6806177151937,0.34938228480629974,0.34938228480629974
869.51,866.0291257406541,3.48087425934591,3.48087425934591
356.13,342.79590258446814,13.334097415531858,13.334097415531858
228.32,235.53156881465335,-7.211568814653361,7.211568814653361
31.71,33.493493499109505,-1.783493499109504,1.783493499109504
162.04,160.91818483955197,1.1218151604480227,1.1218151604480227
102.46,99.83887011912876,2.621129880871237,2.621129880871237
107.96,105.75314549884368,2.2068545011563145,2.2068545011563145
10.47,10.402017786863317,0.06798221313668407,0.06798221313668407
16.04,16.16110206134325,-0.12110206134325097,0.12110206134325097
415.97,405.2878708672001,10.6821291327999,10.6821291327999
4.2,3.1756734307715884,1.0243265692284118,1.0243265692284118
799.52,823.204049724696,-23.684049724696024,23.684049724696024
2.85,3.288938646087982,-0.43893864608798205,0.43893864608798205
242.63,243.3503356632732,-0.7203356632732039,0.7203356632732039
33.12,36.71904580773329,-3.5990458077332903,3.5990458077332903
78.59,77.68431940904063,0.9056805909593777,0.9056805909593777
267.69,268.20156373888125,-0.5115637388812502,0.5115637388812502
37.77,37.554775529061786,0.2152244709382174,0.2152244709382174
115.14,114.09293866801492,1.047061331985077,1.047061331985077
49.92,48.55781945748898,1.3621805425110196,1.3621805425110196
91.02,87.98895036033305,3.0310496396669464,3.0310496396669464
18.36,18.449305531779764,-0.08930553177976464,0.08930553177976464
47.82,46.52269325290781,1.2973067470921933,1.2973067470921933
8.06,8.141535584462725,-0.08153558446272413,0.08153558446272413
3825.5,6354.790129212747,-2529.290129212747,2529.290129212747
104.54,103.53216301609392,1.0078369839060883,1.0078369839060883
712.0,717.1073884798451,-5.107388479845099,5.107388479845099
111.38,112.02176626497524,-0.6417662649752458,0.6417662649752458
101.05,101.05353602797123,-0.0035360279712364218,0.0035360279712364218
306.78,301.2772058981427,5.502794101857262,5.502794101857262
124.79,124.56199585774736,0.22800414225264376,0.22800414225264376
138.48,142.57012950420147,-4.090129504201485,4.090129504201485
36.7,38.037199904761046,-1.337199904761043,1.337199904761043
568.69,563.4337054368625,5.256294563137544,5.256294563137544
1704.14,1875.8053411548428,-171.66534115484274,171.66534115484274
43.63,43.576721329929455,0.05327867007054721,0.05327867007054721
71.33,70.42636405188362,0.9036359481163743,0.9036359481163743
9.52,10.316656369801247,-0.7966563698012479,0.7966563698012479
6.74,6.992586173315256,-0.25258617331525546,0.25258617331525546
60.48,55.5094944684245,4.970505531575498,4.970505531575498
148.55,154.1176246131676,-5.567624613167595,5.567624613167595
316.53,315.9403824339228,0.5896175660771519,0.5896175660771519
20.34,19.9371195752286,0.40288042477139996,0.40288042477139996
1467.74,1244.850478158074,222.8895218419259,222.8895218419259
42.26,41.53695805989881,0.72304194010119,0.72304194010119
41.34,42.10134301924696,-0.7613430192469579,0.7613430192469579
1.19,2.0643077787084763,-0.8743077787084763,0.8743077787084763
10.04,10.884113462573731,-0.8441134625737323,0.8441134625737323
7.08,7.088910561603372,-0.008910561603372003,0.008910561603372003
297.6,302.36992678305364,-4.76992678305362,4.76992678305362
656.09,680.7501753492668,-24.66017534926675,24.66017534926675
805.45,789.9304405655251,15.5195594344749,15.5195594344749
22.83,24.9816974742776,-2.1516974742776007,2.1516974742776007
17.75,18.918154351987404,-1.168154351987404,1.168154351987404
3.43,3.72289441441966,-0.2928944144196599,0.2928944144196599
13.35,13.90489747240151,-0.5548974724015103,0.5548974724015103
2.96,3.1868180876541365,-0.22681808765413658,0.22681808765413658
29.98,30.39419252414788,-0.41419252414787877,0.41419252414787877
365.14,361.5189985525547,3.6210014474452805,3.6210014474452805
33.6,33.27398282521577,0.32601717478423353,0.32601717478423353
146.95,145.4998834797227,1.4501165202772768,1.4501165202772768
22.15,21.12260418441332,1.0273958155866794,1.0273958155866794
30.37,32.802758613009175,-2.432758613009174,2.432758613009174
69.82,68.54875481656207,1.2712451834379266,1.2712451834379266
3384.46,3566.1811504125903,-181.7211504125903,181.7211504125903
33.15,35.308543260695934,-2.158543260695936,2.158543260695936
124.02,119.78888425263844,4.231115747361557,4.231115747361557
13.0,13.25840539122524,-0.2584053912252404,0.2584053912252404
19.61,19.395351023682448,0.21464897631755164,0.21464897631755164
936.3,995.3829165308396,-59.08291653083961,59.08291653083961
66.71,65.74399989464995,0.966000105350048,0.966000105350048
29.16,36.09264746215162,-6.932647462151618,6.932647462151618
161.78,163.8625002309669,-2.0825002309669003,2.0825002309669003
18.92,19.529994687693662,-0.6099946876936606,0.6099946876936606
15.78,15.159194183104583,0.620805816895416,0.620805816895416
43.18,43.31984236521666,-0.1398423652166585,0.1398423652166585
7.05,7.339327594318627,-0.2893275943186273,0.2893275943186273
661.23,671.139308435452,-9.909308435451976,9.909308435451976
23.01,22.323514352633158,0.6864856473668439,0.6864856473668439
1.24,2.406981409251394,-1.1669814092513942,1.1669814092513942
200.4,197.0372333300617,3.36276666993831,3.36276666993831
194.94,189.31240640105145,5.62759359894855,5.62759359894855
174.97,173.9940800405984,0.9759199594016081,0.9759199594016081
181.26,182.9069973456535,-1.6469973456535172,1.6469973456535172
62.7,62.31070514366127,0.3892948563387364,0.3892948563387364
110.94,109.92000673595808,1.019993264041915,1.019993264041915
42.5,41.38484107220718,1.1151589277928196,1.1151589277928196
10.46,10.402017786863317,0.05798221313668428,0.05798221313668428
40.87,38.70761058639162,2.1623894136083806,2.1623894136083806
192.52,189.31240640105145,3.207593598948563,3.207593598948563
88.38,83.4839362216832,4.896063778316801,4.896063778316801
214.63,213.03184048362576,1.5981595163742384,1.5981595163742384
3.0,3.352322616620148,-0.35232261662014785,0.35232261662014785
5.56,5.930240871227348,-0.37024087122734883,0.37024087122734883
149.22,145.63266854344715,3.587331456552846,3.587331456552846
18.61,18.77536967870753,-0.16536967870753116,0.16536967870753116
722.51,731.3011773376793,-8.7911773376793,8.7911773376793
31.32,30.670645703580856,0.6493542964191441,0.6493542964191441
372.45,376.03516939131936,-3.5851693913193685,3.5851693913193685
19.05,18.77536967870753,0.2746303212924701,0.2746303212924701
426.12,428.27672464012295,-2.1567246401229454,2.1567246401229454
65.91,65.47887188562208,0.43112811437791265,0.43112811437791265
8.9,8.517501353589807,0.38249864641019293,0.38249864641019293
76.04,74.42069152141012,1.6193084785898861,1.6193084785898861
33.34,35.01001327461702,-1.6700132746170198,1.6700132746170198
142.32,138.44106930790227,3.8789306920977253,3.8789306920977253
117.03,119.25280680858408,-2.2228068085840818,2.2228068085840818
12.6,13.32955023926164,-0.7295502392616395,0.7295502392616395
187.11,185.71632216292252,1.3936778370774903,1.3936778370774903
65.84,66.72540401652489,-0.8854040165248875,0.8854040165248875
43.4,44.51880498382155,-1.1188049838215548,1.1188049838215548
993.38,994.225134216376,-0.8451342163759819,0.8451342163759819
16.15,16.544755367014556,-0.3947553670145574,0.3947553670145574
253.38,253.11272351820853,0.2672764817914697,0.2672764817914697
2000.16,2063.04682892678,-62.88682892678003,62.88682892678003
41.22,40.47824373900811,0.7417562609918917,0.7417562609918917
70.29,69.98467847251342,0.3053215274865835,0.3053215274865835
53.37,52.607693624688565,0.7623063753114323,0.7623063753114323
40.37,38.70761058639162,1.6623894136083806,1.6623894136083806
12.55,12.78688038797391,-0.2368803879739101,0.2368803879739101
5.08,6.3996952961202,-1.3196952961201998,1.3196952961201998
418.42,412.4285988374255,5.991401162574505,5.991401162574505
126.94,129.8249502233231,-2.884950223323102,2.884950223323102
65.7,62.80452054784534,2.8954794521546603,2.8954794521546603
104.71,104.46241099610246,0.2475890038975308,0.2475890038975308
72.88,67.83000922985904,5.049990770140951,5.049990770140951
83.02,87.02861923061299,-4.008619230612993,4.008619230612993
11.71,12.31010608383692,-0.6001060838369199,0.6001060838369199
145.67,145.44939049003102,0.22060950996896622,0.22060950996896622
19.45,19.395351023682448,0.0546489763175515,0.0546489763175515
244.62,240.88296766244488,3.737032337555121,3.737032337555121
389.49,398.1442970843093,-8.654297084309292,8.654297084309292
18.67,21.365140186502583,-2.695140186502581,2.695140186502581
133.08,130.98196318893395,2.0980368110660663,2.0980368110660663
10.83,10.6806177151937,0.14938228480630045,0.14938228480630045
27.41,27.047450652030275,0.3625493479697255,0.3625493479697255
64.19,64.79859880543957,-0.6085988054395699,0.6085988054395699
26.26,26.465841991566844,-0.20584199156684235,0.20584199156684235
161.92,160.91818483955197,1.001815160448018,1.001815160448018
385.04,383.04198169288713,1.9980183071128863,1.9980183071128863
23.61,23.341055180317124,0.26894481968287565,0.26894481968287565
4.11,4.4198392161206925,-0.3098392161206922,0.3098392161206922
39.95,40.44705774413761,-0.4970577441376065,0.4970577441376065
1.01,2.0643077787084763,-1.0543077787084763,1.0543077787084763
49.0,48.55548320536482,0.44451679463517735,0.44451679463517735
54.68,51.29580796427039,3.384192035729612,3.384192035729612
15.09,15.27150345453532,-0.18150345453532069,0.18150345453532069
21.58,21.91986225894537,-0.33986225894537014,0.33986225894537014
317.99,316.33207107055995,1.657928929440061,1.657928929440061
90.84,90.46775321512,0.37224678488000507,0.37224678488000507
38.87,38.05729338350168,0.8127066164983177,0.8127066164983177
4.27,4.558034082049314,-0.2880340820493146,0.2880340820493146
13.97,14.556810570275465,-0.586810570275464,0.586810570275464
52.61,52.12502861100196,0.4849713889980407,0.4849713889980407
640.69,638.8001780783691,1.8898219216309826,1.8898219216309826
74.94,73.50023528285135,1.4397647171486483,1.4397647171486483
137.78,133.9197863443125,3.860213655687488,3.860213655687488
10.21,10.884113462573731,-0.6741134625737306,0.6741134625737306
431.34,425.9189746943999,5.4210253056000965,5.4210253056000965
115.99,117.50212898025518,-1.5121289802551843,1.5121289802551843
25.88,25.80386342305864,0.07613657694135867,0.07613657694135867
12.9,12.822168398937476,0.07783160106252396,0.07783160106252396
110.47,114.24165723066812,-3.7716572306681257,3.7716572306681257
87.71,87.0483261108085,0.6616738891914906,0.6616738891914906
243.85,236.92140560326493,6.928594396735065,6.928594396735065
71.24,73.11388055369578,-1.873880553695784,1.873880553695784
22.33,21.12260418441332,1.207395815586679,1.207395815586679
159.05,161.00790096058986,-1.9579009605898534,1.9579009605898534
64.28,63.80874056097274,0.4712594390272642,0.4712594390272642
5.87,6.118136008428582,-0.24813600842858197,0.24813600842858197
93.65,95.78112204079078,-2.131122040790771,2.131122040790771
7.3,7.683750629313004,-0.3837506293130044,0.3837506293130044
13.51,13.634471586578735,-0.12447158657873558,0.12447158657873558
259.09,253.47237872433453,5.617621275665442,5.617621275665442
3.37,3.7190818681520463,-0.3490818681520462,0.3490818681520462
172.52,174.09215284333868,-1.572152843338671,1.572152843338671
441.89,429.6721995226235,12.2178004773765,12.2178004773765
10.82,11.076239880401465,-0.2562398804014645,0.2562398804014645
65.03,64.61452501252477,0.4154749874752355,0.4154749874752355
22.24,21.12260418441332,1.1173958155866792,1.1173958155866792
130.72,129.7557602658495,0.9642397341505102,0.9642397341505102
37.03,37.932793540767314,-0.9027935407673127,0.9027935407673127
149.92,154.0429774122315,-4.122977412231506,4.122977412231506
86.34,85.72800162589571,0.6119983741042887,0.6119983741042887
244.65,241.23354496316293,3.4164550368370783,3.4164550368370783
1095.27,1163.6203192108042,-68.35031921080417,68.35031921080417
100.09,99.86063521065036,0.22936478934964555,0.22936478934964555
43.98,44.06826517529947,-0.08826517529947608,0.08826517529947608
504.3,512.5613010454143,-8.261301045414314,8.261301045414314
7.64,7.933424612968367,-0.2934246129683675,0.2934246129683675
45.17,44.2165077268308,0.9534922731692035,0.9534922731692035
70.82,67.10012902309956,3.719870976900438,3.719870976900438
432.72,424.18586250970776,8.534137490292267,8.534137490292267
176.68,179.76148945567735,-3.0814894556773424,3.0814894556773424
9.92,9.99358659357444,-0.07358659357443997,0.07358659357443997
17.79,18.288416151265256,-0.49841615126525696,0.49841615126525696
82.88,84.8796058564898,-1.9996058564898078,1.9996058564898078
277.78,288.06552438254494,-10.285524382544963,10.285524382544963
67.57,66.57995132570382,0.990048674296176,0.990048674296176
13.2,13.525449457787344,-0.3254494577873448,0.3254494577873448
134.45,135.9877464765965,-1.53774647659651,1.53774647659651
31.76,35.86362423503927,-4.103624235039266,4.103624235039266
4.39,4.3970969535411655,-0.007096953541165796,0.007096953541165796
302.9,304.11729976227,-1.217299762270045,1.217299762270045
32.56,31.09312863840379,1.466871361596212,1.466871361596212
315.56,316.47096322270147,-0.9109632227014686,0.9109632227014686
22.83,23.479284785924552,-0.6492847859245536,0.6492847859245536
26.89,28.296513050976923,-1.4065130509769226,1.4065130509769226
439.85,428.62381225782144,11.226187742178581,11.226187742178581
26.23,24.76422356727436,1.4657764327256402,1.4657764327256402
151.66,154.4258412970168,-2.765841297016806,2.765841297016806
50.19,50.11251509041466,0.07748490958533694,0.07748490958533694
29.54,29.300626125855302,0.23937387414469669,0.23937387414469669
40.3,38.70761058639162,1.5923894136083803,1.5923894136083803
40.38,41.26356245092212,-0.8835624509221205,0.8835624509221205
30.89,30.29866981203391,0.5913301879660899,0.5913301879660899
44.62,45.07764863028792,-0.45764863028792035,0.45764863028792035
242.79,244.1110232193762,-1.321023219376201,1.321023219376201
228.12,227.7189689825142,0.40103101748579206,0.40103101748579206
6.67,6.992586173315256,-0.32258617331525574,0.32258617331525574
73.89,75.79874009087412,-1.9087400908741188,1.9087400908741188
54.82,56.152810648337685,-1.3328106483376843,1.3328106483376843
2.82,3.352322616620148,-0.532322616620148,0.532322616620148
89.62,85.00460631791857,4.615393682081432,4.615393682081432
231.1,229.97689828793463,1.1231017120653632,1.1231017120653632
2037.4,2009.2646333568557,28.13536664314438,28.13536664314438
15.84,16.124911207402253,-0.28491120740225284,0.28491120740225284
9.53,9.99358659357444,-0.46358659357444054,0.46358659357444054
264.4,264.982596966542,-0.5825969665420416,0.5825969665420416
425.73,428.4274975363828,-2.697497536382798,2.697497536382798
13.01,13.056646974195488,-0.0466469741954878,0.0466469741954878
70.06,67.50604865849374,2.553951341506263,2.553951341506263
9.03,9.263514971837628,-0.2335149718376286,0.2335149718376286
5.24,5.333210941579161,-0.09321094157916043,0.09321094157916043
179.96,178.02571158332182,1.9342884166781857,1.9342884166781857
61.79,61.0375473667753,0.7524526332246992,0.7524526332246992
74.94,77.60635397166362,-2.666353971663625,2.666353971663625
24.24,23.769469470871567,0.47053052912843185,0.47053052912843185
12.77,13.114604437950492,-0.3446044379504922,0.3446044379504922
291.61,291.7724384258516,-0.16243842585157608,0.16243842585157608
1244.14,1240.982765636242,3.157234363758107,3.157234363758107
17.52,17.507987563846694,0.012012436153305828,0.012012436153305828
2.7,3.0096489860772304,-0.30964898607723024,0.30964898607723024
95.79,96.7481821838454,-0.9581821838453948,0.9581821838453948
492.94,486.8011879007864,6.138812099213624,6.138812099213624
520.01,532.9941392510145,-12.98413925101454,12.98413925101454
61.15,60.51193298679885,0.6380670132011517,0.6380670132011517
46.85,45.93259694583542,0.9174030541645806,0.9174030541645806
95.68,96.60843626940706,-0.928436269407058,0.928436269407058
26.68,26.594168079300847,0.08583192069915313,0.08583192069915313
1035.18,1014.8057512421892,20.374248757810847,20.374248757810847
15.32,15.231968388139892,0.08803161186010833,0.08803161186010833
22.04,21.12260418441332,0.9173958155866799,0.9173958155866799
2.98,3.1868180876541365,-0.20681808765413656,0.20681808765413656
41.77,43.0341956035386,-1.264195603538596,1.264195603538596
96.39,96.35638891646516,0.03361108353483644,0.03361108353483644
25.9,25.46375425265,0.4362457473500001,0.4362457473500001
57.12,58.0794227958004,-0.9594227958003998,0.9594227958003998
2.07,2.4634919618033786,-0.39349196180337875,0.39349196180337875
15.01,15.16363270398548,-0.15363270398547968,0.15363270398547968
139.44,133.9197863443125,5.520213655687485,5.520213655687485
32.25,31.850468248870413,0.3995317511295866,0.3995317511295866
5.68,5.930240871227348,-0.2502408712273487,0.2502408712273487
5.6,6.831810700377041,-1.231810700377041,1.231810700377041
7.12,7.339327594318627,-0.21932759431862703,0.21932759431862703
24.62,25.29004895872283,-0.6700489587228304,0.6700489587228304
21.21,19.9371195752286,1.272880424771401,1.272880424771401
67.57,66.27889855830412,1.2911014416958722,1.2911014416958722
57.84,52.55120551915396,5.288794480846043,5.288794480846043
24.13,23.769469470871567,0.3605305291284324,0.3605305291284324
69.68,68.4982368366365,1.181763163363513,1.181763163363513
67.42,67.17939946089177,0.24060053910822887,0.24060053910822887
192.64,192.7926190341567,-0.1526190341567144,0.1526190341567144
26.79,26.63517920661948,0.15482079338051946,0.15482079338051946
15.48,15.231968388139892,0.24803161186010847,0.24803161186010847
7.49,7.7462575415584976,-0.25625754155849734,0.25625754155849734
36.9,36.63440495751816,0.2655950424818414,0.2655950424818414
516.36,504.4616750361055,11.898324963894538,11.898324963894538
53.6,51.03997964275134,2.5600203572486606,2.5600203572486606
1437.24,1448.9053483406176,-11.665348340617584,11.665348340617584
27.61,27.173883000784187,0.4361169992158125,0.4361169992158125
112.6,109.90894291413152,2.6910570858684792,2.6910570858684792
20.96,20.911804777934616,0.04819522206538451,0.04819522206538451
129.83,131.6612028989354,-1.8312028989353735,1.8312028989353735
9.58,10.316656369801247,-0.7366563698012474,0.7366563698012474
7.84,8.057591119695141,-0.21759111969514144,0.21759111969514144
6.14,6.567700631466732,-0.427700631466732,0.427700631466732
309.52,302.36992678305364,7.150073216946339,7.150073216946339
9.87,9.99358659357444,-0.12358659357444068,0.12358659357444068
10.3,10.223573082231631,0.0764269177683694,0.0764269177683694
88.84,89.54765628816747,-0.7076562881674704,0.7076562881674704
44.68,45.32256548803618,-0.6425654880361833,0.6425654880361833
69.62,70.03800495950043,-0.41800495950042205,0.41800495950042205
97.44,98.48794178020007,-1.0479417802000768,1.0479417802000768
588.78,578.0687584186703,10.71124158132966,10.71124158132966
167.2,172.01398813805585,-4.813988138055862,4.813988138055862
640.81,626.0818311673124,14.728168832687516,14.728168832687516
43.74,45.51403553561122,-1.774035535611219,1.774035535611219
26.79,27.06339494992897,-0.27339494992897073,0.27339494992897073
24.86,24.82350925413949,0.036490745860508156,0.036490745860508156
90.5,95.25116521582711,-4.751165215827115,4.751165215827115
579.08,590.2626625934566,-11.182662593456598,11.182662593456598
102.29,102.2956711363586,-0.005671136358600393,0.005671136358600393
26.93,27.155579922338244,-0.22557992233824464,0.22557992233824464
17.54,16.663602673170136,0.8763973268298635,0.8763973268298635
55.05,53.91082969068034,1.1391703093196597,1.1391703093196597
724.08,722.4489187850141,1.6310812149858975,1.6310812149858975
733.32,742.0647723006723,-8.744772300672253,8.744772300672253
198.65,187.99819109211532,10.651808907884686,10.651808907884686
446.72,444.69056604920434,2.029433950795692,2.029433950795692
14.94,14.60819534141851,0.3318046585814898,0.3318046585814898
33.89,33.34867943025958,0.5413205697404209,0.5413205697404209
578.55,558.1489785000138,20.4010214999862,20.4010214999862
176.64,175.83995152900874,0.8000484709912428,0.8000484709912428
762.79,778.4701869367935,-15.680186936793575,15.680186936793575
2747.3,2425.014371050596,322.2856289494043,322.2856289494043
64.38,62.10343466624275,2.2765653337572473,2.2765653337572473
216.73,216.52160788897183,0.2083921110281608,0.2083921110281608
34.07,33.321054075844856,0.7489459241551444,0.7489459241551444
70.38,69.59341001377592,0.7865899862240724,0.7865899862240724
72.69,73.53540106080793,-0.8454010608079301,0.8454010608079301
548.14,543.6291088123968,4.5108911876031925,4.5108911876031925
925.46,916.080859810134,9.379140189866007,9.379140189866007
9.24,9.536541960612372,-0.29654196061237137,0.29654196061237137
234.6,229.97689828793463,4.623101712065363,4.623101712065363
64.3,63.382783034727815,0.917216965272182,0.917216965272182
14.16,15.581027658491417,-1.4210276584914165,1.4210276584914165
34.59,32.72845975373205,1.8615402462679569,1.8615402462679569
11.15,11.848022659287986,-0.6980226592879859,0.6980226592879859
43.33,44.2514031641931,-0.9214031641931015,0.9214031641931015
36.88,38.67622826499563,-1.7962282649956265,1.7962282649956265
6.55,6.7758116029610855,-0.2258116029610857,0.2258116029610857
66.16,63.45935587643709,2.7006441235629097,2.7006441235629097
147.53,148.77807937363735,-1.2480793736373528,1.2480793736373528
106.16,107.5142757457378,-1.3542757457378087,1.3542757457378087
48.31,45.93259694583542,2.3774030541645814,2.3774030541645814
82.81,82.68053524300593,0.1294647569940679,0.1294647569940679
108.11,108.7966644751563,-0.6866644751563058,0.6866644751563058
1379.42,1392.990189609275,-13.570189609274848,13.570189609274848
931.64,980.741737747988,-49.10173774798807,49.10173774798807
4.02,4.420703624040996,-0.4007036240409967,0.4007036240409967
115.81,115.0139196157854,0.7960803842146049,0.7960803842146049
66.74,64.84792134613603,1.8920786538639618,1.8920786538639618
295.71,301.2948403630547,-5.5848403630546954,5.5848403630546954
533.89,553.6547161978903,-19.764716197890266,19.764716197890266
371.7,371.7819310780284,-0.08193107802838995,0.08193107802838995
408.76,413.8877943478072,-5.127794347807196,5.127794347807196
250.16,248.00901819616,2.150981803839983,2.150981803839983
40.52,38.70761058639162,1.8123894136083862,1.8123894136083862
15.92,18.576637514252383,-2.656637514252383,2.656637514252383
30.64,33.47161948229381,-2.83161948229381,2.83161948229381
31.47,34.06801419757501,-2.5980141975750115,2.5980141975750115
18.5,18.619611737446785,-0.11961173744678533,0.11961173744678533
225.89,228.70424844704624,-2.8142484470462534,2.8142484470462534
42.97,41.38484107220718,1.5851589277928184,1.5851589277928184
16.8,17.347098183332186,-0.5470981833321851,0.5470981833321851
13.99,13.67568223167978,0.31431776832022074,0.31431776832022074
20.69,20.471312655626736,0.2186873443732651,0.2186873443732651
791.39,785.4154890194452,5.974510980554783,5.974510980554783
351.39,345.20491947990945,6.185080520090537,6.185080520090537
406.25,407.30168156707145,-1.051681567071455,1.051681567071455
6.56,6.715113173388371,-0.15511317338837127,0.15511317338837127
47.47,47.94744418972323,-0.47744418972322933,0.47744418972322933
46.9,45.93259694583542,0.9674030541645777,0.9674030541645777
24.67,24.79893022575666,-0.12893022575665825,0.12893022575665825
12.34,12.548997914218113,-0.20899791421811287,0.20899791421811287
637.33,629.4485984562409,7.881401543759125,7.881401543759125
270.33,267.5800901130957,2.749909886904277,2.749909886904277
15.18,15.35024347532446,-0.17024347532445994,0.17024347532445994
256.28,253.47237872433453,2.80762127566544,2.80762127566544
102.03,100.509464097689,1.5205359023109963,1.5205359023109963
113.88,112.22389958324216,1.6561004167578375,1.6561004167578375
42.5,41.30381491722711,1.1961850827728924,1.1961850827728924
91.1,90.85741961157274,0.24258038842725682,0.24258038842725682
740.7,750.7457077199872,-10.04570771998715,10.04570771998715
1.12,2.406981409251394,-1.286981409251394,1.286981409251394
697.02,721.557595236969,-24.53759523696897,24.53759523696897
216.24,215.29633315929115,0.9436668407088575,0.9436668407088575
13.41,13.61325097978186,-0.2032509797818598,0.2032509797818598
35.97,38.859368249743554,-2.889368249743555,2.889368249743555
26.28,25.62918235914588,0.6508176408541217,0.6508176408541217
7.94,8.057591119695141,-0.11759111969514091,0.11759111969514091
91.63,91.44746429197392,0.1825357080260801,0.1825357080260801
314.41,316.35056374098934,-1.9405637409893188,1.9405637409893188
17.69,18.288416151265256,-0.5984161512652548,0.5984161512652548
586.02,590.2626625934566,-4.242662593456657,4.242662593456657
19.74,19.395351023682448,0.34464897631755065,0.34464897631755065
96.88,94.88979817369628,1.9902018263037178,1.9902018263037178
588.75,593.468666531226,-4.718666531225949,4.718666531225949
11.78,12.102259770909416,-0.32225977090941704,0.32225977090941704
44.52,44.2165077268308,0.3034922731692049,0.3034922731692049
203.74,216.25785751898223,-12.517857518982225,12.517857518982225
29.59,30.848619150108046,-1.2586191501080464,1.2586191501080464
33.49,35.01001327461702,-1.5200132746170212,1.5200132746170212
47.8,51.16846566879963,-3.3684656687996295,3.3684656687996295
187.87,185.60517596710437,2.264824032895632,2.264824032895632
10.38,10.232375635300173,0.1476243646998281,0.1476243646998281
80.04,79.75019909035265,0.2898009096473544,0.2898009096473544
134.45,136.7159234850828,-2.2659234850828227,2.2659234850828227
265.91,261.0025448495808,4.907455150419253,4.907455150419253
473.42,462.9812241156823,10.438775884317693,10.438775884317693
35.71,36.860540666470506,-1.150540666470505,1.150540666470505
385.02,386.4861709595238,-1.4661709595238221,1.4661709595238221
236.04,232.67762272515756,3.36237727484243,3.36237727484243
88.48,76.26820905429439,12.211790945705616,12.211790945705616
105.66,107.8675079241544,-2.207507924154399,2.207507924154399
32.27,32.54543453701972,-0.27543453701972,0.27543453701972
3.81,4.249650635896198,-0.4396506358961978,0.4396506358961978
50.39,50.621892341061006,-0.23189234106100542,0.23189234106100542
122.14,119.22988869190648,2.9101113080935193,2.9101113080935193
23.46,25.140618630281992,-1.680618630281991,1.680618630281991
7.83,8.155462398301138,-0.32546239830113777,0.32546239830113777
5.84,6.4315224146585885,-0.5915224146585887,0.5915224146585887
171.39,172.86065014306067,-1.4706501430606806,1.4706501430606806
56.88,56.62243300377208,0.2575669962279221,0.2575669962279221
182.52,180.63995013559503,1.880049864404981,1.880049864404981
53.58,50.69005579016485,2.88994420983515,2.88994420983515
74.77,73.9755381796359,0.7944618203640914,0.7944618203640914
156.57,158.9771838579602,-2.407183857960206,2.407183857960206
105.4,105.23856714467055,0.16143285532945129,0.16143285532945129
168.5,171.6253085777318,-3.1253085777318006,3.1253085777318006
4.55,4.802642173835009,-0.2526421738350093,0.2526421738350093
100.45,100.74148051570734,-0.2914805157073346,0.2914805157073346
802.12,758.5646627489698,43.55533725103021,43.55533725103021
41.5,38.79287302370802,2.707126976291981,2.707126976291981
52.12,52.096149535707504,0.02385046429249371,0.02385046429249371
58.22,56.16190794684184,2.0580920531581555,2.0580920531581555
90.98,93.49598324260212,-2.5159832426021183,2.5159832426021183
44.39,41.71669853701427,2.6733014629857337,2.6733014629857337
1136.79,1147.5904805985128,-10.800480598512877,10.800480598512877
16.36,16.16110206134325,0.19889793865674932,0.19889793865674932
140.85,137.55125958133388,3.298740418666114,3.298740418666114
317.63,316.04269102472665,1.587308975273345,1.587308975273345
11.19,11.671079948111096,-0.48107994811109656,0.48107994811109656
55.16,55.27557909476554,-0.11557909476554329,0.11557909476554329
29.76,29.18468977875935,0.5753102212406525,0.5753102212406525
92.98,93.40748646340806,-0.4274864634080586,0.4274864634080586
24.2,24.093734674924452,0.10626532507554742,0.10626532507554742
491.27,512.467228999452,-21.197228999452022,21.197228999452022
136.28,137.0150938218227,-0.7350938218226872,0.7350938218226872
77.74,77.93475209970161,-0.194752099701617,0.194752099701617
9.19,9.586507691653445,-0.39650769165344535,0.39650769165344535
115.61,115.5956567658972,0.014343234102796032,0.014343234102796032
141.06,141.26009287853054,-0.20009287853054047,0.20009287853054047
341.43,333.36890766157853,8.061092338421474,8.061092338421474
297.2,281.9142577388778,15.28574226112221,15.28574226112221
180.81,186.9850323782509,-6.175032378250904,6.175032378250904
31.32,30.670645703580856,0.6493542964191441,0.6493542964191441
18.9,18.77536967870753,0.12463032129246798,0.12463032129246798
102.61,102.8890191944412,-0.2790191944412044,0.2790191944412044
288.84,284.9947619106991,3.845238089300892,3.845238089300892
897.93,888.9891065683793,8.94089343162068,8.94089343162068
5.26,5.676221669526573,-0.416221669526573,0.416221669526573
49.78,49.6732437366714,0.10675626332859878,0.10675626332859878
2.95,3.352322616620148,-0.4023226166201477,0.4023226166201477
139.86,132.47593812999182,7.384061870008196,7.384061870008196
12.11,12.166269847924612,-0.05626984792461265,0.05626984792461265
93.43,95.43709224114018,-2.007092241140171,2.007092241140171
255.2,256.20032660877075,-1.000326608770763,1.000326608770763
187.7,186.98600453223725,0.7139954677627429,0.7139954677627429
15.11,15.35024347532446,-0.24024347532446022,0.24024347532446022
126.84,125.3783390015436,1.4616609984564093,1.4616609984564093
184.11,182.91306978829329,1.1969302117067286,1.1969302117067286
14.76,15.231968388139892,-0.47196838813989217,0.47196838813989217
11.76,11.68291860201407,0.07708139798593017,0.07708139798593017
80.14,84.03010614669535,-3.890106146695345,3.890106146695345
30.8,30.28795308887094,0.5120469111290618,0.5120469111290618
231.82,234.01825529743311,-2.1982552974331213,2.1982552974331213
446.91,439.2128282338021,7.6971717661979255,7.6971717661979255
299.35,301.39760537985484,-2.047605379854815,2.047605379854815
25.08,26.845049556397235,-1.765049556397237,1.765049556397237
160.11,160.91818483955197,-0.8081848395519557,0.8081848395519557
351.76,349.58894215841553,2.1710578415844566,2.1710578415844566
64.5,65.61259234945896,-1.1125923494589642,1.1125923494589642
79.44,78.48820502799428,0.9517949720057146,0.9517949720057146
837.21,917.714878550458,-80.50487855045799,80.50487855045799
69.52,72.44486186044271,-2.924861860442718,2.924861860442718
327.51,324.9097713523216,2.600228647678364,2.600228647678364
67.04,66.51669094920685,0.5233090507931593,0.5233090507931593
35.81,35.11737957035572,0.6926204296442791,0.6926204296442791
145.98,144.50430138915146,1.475698610848525,1.475698610848525
148.74,146.13025865381826,2.6097413461817496,2.6097413461817496
218.6,223.54065854412687,-4.940658544126876,4.940658544126876
29.34,33.723679892853056,-4.383679892853056,4.383679892853056
85.44,83.45762099092767,1.982379009072332,1.982379009072332
182.33,181.26225780061768,1.0677421993823373,1.0677421993823373
33.82,36.40210622152707,-2.58210622152707,2.58210622152707
56.45,59.67591086240969,-3.225910862409684,3.225910862409684
8.15,8.466022312984018,-0.3160223129840176,0.3160223129840176
83.21,85.08275123294105,-1.8727512329410558,1.8727512329410558
142.48,141.46738837008442,1.0126116299155683,1.0126116299155683
24.18,23.94657244092869,0.23342755907130908,0.23342755907130908
107.86,110.76840274655358,-2.908402746553577,2.908402746553577
326.52,329.5537823517498,-3.033782351749835,3.033782351749835
68.26,68.02333305546976,0.23666694453024206,0.23666694453024206
62.44,67.15306869147598,-4.713068691475982,4.713068691475982
76.66,75.67493538974038,0.985064610259613,0.985064610259613
17.93,18.569228070157628,-0.6392280701576283,0.6392280701576283
14.54,14.664401325614982,-0.12440132561498274,0.12440132561498274
7.93,8.155462398301138,-0.22546239830113812,0.22546239830113812
7.31,7.716993113252487,-0.4069931132524873,0.4069931132524873
124.63,125.77621960877563,-1.1462196087756382,1.1462196087756382
101.19,103.13215662671362,-1.9421566267136257,1.9421566267136257
26.19,28.12717583592429,-1.9371758359242897,1.9371758359242897
222.2,223.0114310093366,-0.8114310093366157,0.8114310093366157
38.19,36.783285460092735,1.406714539907263,1.406714539907263
6.0,6.07222777822216,-0.07222777822216031,0.07222777822216031
50.53,50.698993234603456,-0.16899323460345528,0.16899323460345528
80.78,82.61703256957637,-1.8370325695763654,1.8370325695763654
278.07,269.53676460258504,8.533235397414956,8.533235397414956
38.14,38.56152083112319,-0.42152083112318905,0.42152083112318905
103.39,104.46241099610246,-1.0724109961024624,1.0724109961024624
84.72,83.8353191709953,0.8846808290046937,0.8846808290046937
424.99,428.27672464012295,-3.286724640122941,3.286724640122941
325.67,331.8815339768118,-6.211533976811779,6.211533976811779
270.0,280.3335005144607,-10.333500514460695,10.333500514460695
13.9,13.910318489099188,-0.010318489099187644,0.010318489099187644
74.88,74.26147260316147,0.6185273968385303,0.6185273968385303
3.21,3.529491718197054,-0.319491718197054,0.319491718197054
41.44,40.20979046211477,1.23020953788523,1.23020953788523
44.58,42.48870369367565,2.0912963063243453,2.0912963063243453
10.53,10.223573082231631,0.30642691776836806,0.30642691776836806
6.75,6.992586173315256,-0.24258617331525567,0.24258617331525567
44.94,44.2165077268308,0.7234922731691995,0.7234922731691995
6.02,6.831810700377041,-0.8118107003770412,0.8118107003770412
35.63,35.199843321721914,0.4301566782780881,0.4301566782780881
15.84,15.838790521849903,0.0012094781500966434,0.0012094781500966434
42.21,41.00084187113724,1.2091581288627609,1.2091581288627609
373.46,375.1060183077856,-1.6460183077855959,1.6460183077855959
12.52,12.9593137687143,-0.4393137687142996,0.4393137687142996
113.39,112.66086147772069,0.7291385222793139,0.7291385222793139
404.83,408.26309370030646,-3.433093700306472,3.433093700306472
6.14,6.326246979922936,-0.18624697992293626,0.18624697992293626
102.67,104.46241099610246,-1.7924109961024612,1.7924109961024612
67.9,65.88878745119234,2.011212548807663,2.011212548807663
175.81,175.15613094229172,0.6538690577082775,0.6538690577082775
173.86,176.01839099765536,-2.1583909976553457,2.1583909976553457
147.23,147.19229725952246,0.03770274047752764,0.03770274047752764
255.37,253.47237872433453,1.8976212756654718,1.8976212756654718
189.49,187.1315170432465,2.3584829567535053,2.3584829567535053
88.09,90.20470380671922,-2.11470380671922,2.11470380671922
5.01,5.333210941579161,-0.32321094157916086,0.32321094157916086
44.82,44.2165077268308,0.6034922731692021,0.6034922731692021
42.41,41.30381491722711,1.106185082772889,1.106185082772889
7.23,12.18012914446667,-4.95012914446667,4.95012914446667
24.66,22.949938542617677,1.7100614573823236,1.7100614573823236
124.98,116.3224010121297,8.657598987870301,8.657598987870301
167.56,167.89466405698607,-0.33466405698607105,0.33466405698607105
10.62,10.402017786863317,0.21798221313668265,0.21798221313668265
53.72,52.79224977411193,0.9277502258880688,0.9277502258880688
10.19,10.402017786863317,-0.21201778686331707,0.21201778686331707
57.4,55.16239199485244,2.237608005147557,2.237608005147557
8.29,8.306429662015608,-0.016429662015609026,0.016429662015609026
29.64,30.8460236231168,-1.2060236231167991,1.2060236231167991
15.97,16.544755367014556,-0.5747553670145553,0.5747553670145553
651.26,671.1624034867567,-19.902403486756725,19.902403486756725
103.07,103.38376516142796,-0.3137651614279662,0.3137651614279662
126.28,125.6967806889157,0.5832193110843065,0.5832193110843065
6.94,7.262386716616038,-0.32238671661603746,0.32238671661603746
18.83,21.45207569194416,-2.6220756919441612,2.6220756919441612
84.16,83.8353191709953,0.3246808290046914,0.3246808290046914
175.31,178.35348400933285,-3.0434840093328432,3.0434840093328432
91.31,91.7647333468702,-0.4547333468701993,0.4547333468701993
4.79,5.114922377189962,-0.32492237718996186,0.32492237718996186
19.76,19.395351023682448,0.3646489763175538,0.3646489763175538
7.95,8.341097609268129,-0.39109760926812864,0.39109760926812864
64.53,63.2719181717515,1.2580818282484998,1.2580818282484998
4.67,4.990537311036243,-0.32053731103624283,0.32053731103624283
265.01,256.71772218859314,8.292277811406848,8.292277811406848
6.74,6.992586173315256,-0.25258617331525546,0.25258617331525546
21.52,21.12260418441332,0.39739581558668036,0.39739581558668036
5.72,6.301955542430988,-0.5819555424309879,0.5819555424309879
25.05,24.82350925413949,0.22649074586050943,0.22649074586050943
71.82,72.03523471902126,-0.215234719021268,0.215234719021268
227.37,228.4148684012129,-1.0448684012129092,1.0448684012129092
11.41,11.848022659287986,-0.4380226592879861,0.4380226592879861
96.66,95.26214747041104,1.3978525295889597,1.3978525295889597
346.8,342.3876651979509,4.412334802049088,4.412334802049088
198.96,186.12717787263367,12.832822127366342,12.832822127366342
745.86,733.2612427930426,12.59875720695743,12.59875720695743
1724.02,1716.6241981166647,7.395801883335253,7.395801883335253
10.77,10.6806177151937,0.08938228480629995,0.08938228480629995
979.16,989.8411249384368,-10.681124938436824,10.681124938436824
21.76,21.38289147016085,0.3771085298391519,0.3771085298391519
31.1,31.528366339359124,-0.4283663393591226,0.4283663393591226
1.32,2.0643077787084763,-0.7443077787084762,0.7443077787084762
138.98,139.7158629734033,-0.7358629734033002,0.7358629734033002
110.37,110.35696863043658,0.013031369563421435,0.013031369563421435
11.48,11.671079948111096,-0.19107994811109563,0.19107994811109563
115.56,111.4010654987614,4.158934501238605,4.158934501238605
50.63,50.621892341061006,0.008107658938996565,0.008107658938996565
49.02,46.358824610697646,2.6611753893023575,2.6611753893023575
19.68,19.529994687693662,0.1500053123063374,0.1500053123063374
320.45,321.7595945815988,-1.3095945815987875,1.3095945815987875
14.56,14.285197948767204,0.2748020512327969,0.2748020512327969
25.02,24.82350925413949,0.1964907458605083,0.1964907458605083
4.08,4.215360451506396,-0.1353604515063962,0.1353604515063962
35.19,36.861177166079365,-1.6711771660793673,1.6711771660793673
95.38,96.97631661345883,-1.5963166134588391,1.5963166134588391
128.9,125.6967806889157,3.203219311084311,3.203219311084311
470.1,457.7039734893167,12.396026510683328,12.396026510683328
24.32,23.89260824171147,0.42739175828852893,0.42739175828852893
71.16,69.59341001377592,1.5665899862240735,1.5665899862240735
236.92,235.08220457441735,1.837795425582641,1.837795425582641
35.16,35.16375321666903,-0.0037532166690326108,0.0037532166690326108
116.57,117.50212898025518,-0.932128980255186,0.932128980255186
554.97,565.897487670773,-10.927487670772962,10.927487670772962
16.07,15.950045296333755,0.11995470366624517,0.11995470366624517
149.26,146.13025865381826,3.1297413461817314,3.1297413461817314
43.86,44.6363917055729,-0.7763917055728982,0.7763917055728982
64.2,60.28639989163337,3.91360010836663,3.91360010836663
40.99,39.34667842094519,1.6433215790548132,1.6433215790548132
46.82,48.03929061472828,-1.2192906147282798,1.2192906147282798
35.16,35.199843321721914,-0.039843321721917846,0.039843321721917846
73.32,72.73765666513219,0.5823433348678009,0.5823433348678009
3.42,3.9111127748145327,-0.49111277481453275,0.49111277481453275
9.24,8.932561722562358,0.30743827743764207,0.30743827743764207
220.17,222.9212304453333,-2.751230445333306,2.751230445333306
799.61,786.0141146097459,13.595885390254125,13.595885390254125
105.36,107.8675079241544,-2.507507924154396,2.507507924154396
6.31,6.326246979922936,-0.016246979922936333,0.016246979922936333
17.85,18.288416151265256,-0.4384161512652547,0.4384161512652547
55.44,55.84406913385681,-0.4040691338568152,0.4040691338568152
27.85,27.173883000784187,0.6761169992158145,0.6761169992158145
48.93,48.21211299701268,0.7178870029873181,0.7178870029873181
22.24,22.55029641425513,-0.31029641425513077,0.31029641425513077
240.42,237.1663528896539,3.253647110346094,3.253647110346094
709.59,707.6861844501207,1.9038155498793685,1.9038155498793685
344.07,343.3591325821309,0.7108674178691103,0.7108674178691103
344.37,347.18686467916507,-2.8168646791650644,2.8168646791650644
6.57,7.054275745121684,-0.4842757451216837,0.4842757451216837
37.17,41.91834811122432,-4.748348111224317,4.748348111224317
453.64,449.3885614218585,4.25143857814146,4.25143857814146
3.05,3.352322616620148,-0.30232261662014803,0.30232261662014803
11.79,12.102259770909416,-0.31225977090941726,0.31225977090941726
2.85,3.352322616620148,-0.5023226166201478,0.5023226166201478
281.28,282.1279566270887,-0.8479566270887062,0.8479566270887062
15.06,15.16363270398548,-0.10363270398547897,0.10363270398547897
148.88,143.30931930191417,5.570680698085823,5.570680698085823
52.78,54.8330065142168,-2.053006514216797,2.053006514216797
73.83,75.79874009087412,-1.968740090874121,1.968740090874121
34.05,33.34867943025958,0.7013205697404175,0.7013205697404175
36.56,38.25617996419877,-1.6961799641987696,1.6961799641987696
62.02,63.61627336415821,-1.5962733641582076,1.5962733641582076
71.12,69.24549581623972,1.8745041837602798,1.8745041837602798
13.68,13.61325097978186,0.06674902021813978,0.06674902021813978
408.02,404.0484414993044,3.9715585006956076,3.9715585006956076
22.32,22.55029641425513,-0.23029641425512892,0.23029641425512892
32.98,31.09312863840379,1.8868713615962065,1.8868713615962065
6.78,7.437890927023522,-0.657890927023522,0.657890927023522
39.73,38.62211310625686,1.1078868937431352,1.1078868937431352
434.39,415.7768531507056,18.613146849294367,18.613146849294367
3.86,4.249650635896198,-0.38965063589619797,0.38965063589619797
15.85,15.838790521849903,0.01120947815009643,0.01120947815009643
369.73,352.7066552234936,17.023344776506406,17.023344776506406
410.5,411.3436657267384,-0.8436657267383794,0.8436657267383794
10.74,10.6806177151937,0.05938228480630059,0.05938228480630059
463.73,469.7147727352264,-5.984772735226386,5.984772735226386
27.24,27.047450652030275,0.19254934796972378,0.19254934796972378
83.16,83.68977153116857,-0.5297715311685778,0.5297715311685778
27.13,26.892653134781096,0.23734686521890325,0.23734686521890325
4.52,5.565464622496228,-1.0454646224962287,1.0454646224962287
32.16,31.863099215916485,0.29690078408351184,0.29690078408351184
1.11,1.7848072805248434,-0.6748072805248433,0.6748072805248433
690.97,699.9133979840274,-8.943397984027342,8.943397984027342
23.97,23.769469470871567,0.20053052912843228,0.20053052912843228
1.87,2.0643077787084763,-0.19430777870847615,0.19430777870847615
20.5,20.471312655626736,0.028687344373263812,0.028687344373263812
139.08,139.59546349169116,-0.5154634916911505,0.5154634916911505
10.44,10.884113462573731,-0.44411346257373197,0.44411346257373197
48.06,45.26325921190807,2.796740788091931,2.796740788091931
6.47,6.94332148562304,-0.4733214856230399,0.4733214856230399
15.62,15.554343498746688,0.06565650125331146,0.06565650125331146
577.83,573.9461636215678,3.8838363784321928,3.8838363784321928
18.5,17.803283962908566,0.6967160370914343,0.6967160370914343
136.05,135.6372776504083,0.41272234959171783,0.41272234959171783
36.75,36.37972491896937,0.370275081030627,0.370275081030627
2192.01,2249.741668441283,-57.731668441282636,57.731668441282636
192.02,192.33386958312124,-0.3138695831212317,0.3138695831212317
12.12,12.452449204962113,-0.3324492049621135,0.3324492049621135
134.8,136.39268123225884,-1.5926812322588262,1.5926812322588262
35.12,35.43005786304386,-0.31005786304385907,0.31005786304385907
283.26,290.31411336626115,-7.054113366261163,7.054113366261163
77.53,77.09737754925965,0.43262245074035377,0.43262245074035377
91.51,91.977586557846,-0.46758655784599057,0.46758655784599057
183.05,185.50105450090405,-2.4510545009040356,2.4510545009040356
145.42,142.1477151582438,3.272284841756175,3.272284841756175
25.07,25.92049662577777,-0.8504966257777689,0.8504966257777689
76.92,72.8598957603602,4.060104239639799,4.060104239639799
6.42,6.7758116029610855,-0.3558116029610856,0.3558116029610856
379.66,375.2752838744749,4.384716125525131,4.384716125525131
19.96,20.471312655626736,-0.5113126556267353,0.5113126556267353
35.71,36.6371957048243,-0.9271957048242996,0.9271957048242996
61.09,61.68424230355439,-0.5942423035543882,0.5942423035543882
1.95,1.6966633946377838,0.25333660536221614,0.25333660536221614
7.69,7.9626555789529885,-0.2726555789529881,0.2726555789529881
68.49,66.25963711487077,2.2303628851292245,2.2303628851292245
55.64,55.84406913385681,-0.20406913385681236,0.20406913385681236
36.6,41.03373536890491,-4.433735368904905,4.433735368904905
581.45,592.1245536898649,-10.674553689864865,10.674553689864865
16.55,16.351856125669205,0.19814387433079617,0.19814387433079617
219.09,215.6693288513414,3.420671148658613,3.420671148658613
17.13,17.298004282997386,-0.16800428299738712,0.16800428299738712
27.36,26.892653134781096,0.4673468652189037,0.4673468652189037
8.62,8.680227050230608,-0.06022705023060837,0.06022705023060837
15.19,15.231968388139892,-0.041968388139892454,0.041968388139892454
39.73,43.24753021698596,-3.5175302169859606,3.5175302169859606
16.92,17.015164238786014,-0.09516423878601188,0.09516423878601188
77.33,80.58782311536744,-3.2578231153674437,3.2578231153674437
436.52,444.1521533266576,-7.632153326657601,7.632153326657601
194.94,195.4020041540914,-0.46200415409140305,0.46200415409140305
18.12,18.35488897985568,-0.23488897985567903,0.23488897985567903
110.1,109.93753314819573,0.16246685180426823,0.16246685180426823
252.67,248.00901819616,4.660981803839974,4.660981803839974
30.94,31.551704289077293,-0.6117042890772915,0.6117042890772915
231.94,247.43162485707612,-15.491624857076118,15.491624857076118
6.56,6.992586173315256,-0.43258617331525606,0.43258617331525606
421.55,421.4787110919215,0.0712889080784862,0.0712889080784862
97.17,98.52566115417956,-1.3556611541795576,1.3556611541795576
71.81,69.59341001377592,2.216589986224079,2.216589986224079
37.48,38.6274598807182,-1.147459880718202,1.147459880718202
105.59,105.7212714374298,-0.13127143742980252,0.13127143742980252
37.81,36.8220736733772,0.9879263266228051,0.9879263266228051
443.64,441.15300369825707,2.48699630174292,2.48699630174292
300.95,300.3368629619374,0.6131370380625754,0.6131370380625754
116.6,111.67431882333108,4.925681176668917,4.925681176668917
155.24,153.7757161175902,1.4642838824098021,1.4642838824098021
63.26,64.5632181339098,-1.3032181339098017,1.3032181339098017
269.58,266.7566449194576,2.823355080542399,2.823355080542399
28.27,29.380450987939152,-1.1104509879391529,1.1104509879391529
76.76,76.45656287695667,0.3034371230433379,0.3034371230433379
7.12,7.672198483210391,-0.5521984832103906,0.5521984832103906
14.08,14.34240453134928,-0.2624045313492793,0.2624045313492793
614.44,625.6126099051701,-11.17260990517002,11.17260990517002
6.05,6.596580064619667,-0.5465800646196675,0.5465800646196675
7.7,10.66664663875211,-2.9666466387521107,2.9666466387521107
54.68,52.79224977411193,1.8877502258880696,1.8877502258880696
157.73,157.0748119683459,0.6551880316540917,0.6551880316540917
15.54,15.231968388139892,0.3080316118601072,0.3080316118601072
42.7,41.76264346162866,0.9373565383713398,0.9373565383713398
152.3,153.22456790907265,-0.9245679090726355,0.9245679090726355
36.21,35.53276708303744,0.6772329169625593,0.6772329169625593
154.18,152.5986338754827,1.5813661245173023,1.5813661245173023
321.1,315.17015611731574,5.929843882684281,5.929843882684281
16.75,17.015164238786014,-0.2651642387860136,0.2651642387860136
56.89,57.22965828700858,-0.33965828700858225,0.33965828700858225
40.42,40.834017645054544,-0.4140176450545425,0.4140176450545425
342.98,346.8033419576031,-3.823341957603077,3.823341957603077
2.96,3.380544007070381,-0.4205440070703812,0.4205440070703812
10.21,10.402017786863317,-0.19201778686331572,0.19201778686331572
1058.02,1071.7533322543534,-13.7333322543534,13.7333322543534
13.46,13.663469107905502,-0.20346910790550155,0.20346910790550155
64.12,62.688032150055285,1.4319678499447193,1.4319678499447193
5.84,6.379805494265498,-0.5398054942654982,0.5398054942654982
479.17,467.979708305871,11.19029169412903,11.19029169412903
19.62,20.053113487540045,-0.4331134875400444,0.4331134875400444
429.05,430.6690646536702,-1.6190646536701934,1.6190646536701934
203.91,206.30213018765957,-2.392130187659575,2.392130187659575
151.85,151.09866202081656,0.7513379791834325,0.7513379791834325
290.66,290.51480136319464,0.14519863680538947,0.14519863680538947
188.06,192.84632280883324,-4.7863228088332335,4.7863228088332335
352.59,351.1800497532479,1.4099502467520892,1.4099502467520892
33.36,35.768498856073286,-2.4084988560732867,2.4084988560732867
47.4,44.96768108006248,2.432318919937515,2.432318919937515
159.66,157.56209697498295,2.0979030250170467,2.0979030250170467
31.73,32.2125107757042,-0.48251077570420264,0.48251077570420264
923.64,886.9656975921251,36.67430240787485,36.67430240787485
37.66,37.48299911510815,0.1770008848918465,0.1770008848918465
57.26,59.6253261158043,-2.365326115804301,2.365326115804301
18.1,19.264574827311424,-1.164574827311423,1.164574827311423
69.6,68.89771107286997,0.7022889271300272,0.7022889271300272
114.56,114.32328324416612,0.23671675583388208,0.23671675583388208
519.0,509.3041273736999,9.695872626300115,9.695872626300115
505.43,513.1104657714584,-7.680465771458387,7.680465771458387
4.38,4.558034082049314,-0.17803408204931426,0.17803408204931426
9.8,9.94497315390125,-0.14497315390124932,0.14497315390124932
9.17,9.586507691653445,-0.4165076916534449,0.4165076916534449
792.55,815.5505355414566,-23.000535541456657,23.000535541456657
14.33,14.556810570275465,-0.22681057027546458,0.22681057027546458
61.43,60.75303277936334,0.6769672206366621,0.6769672206366621
3780.54,3813.6950031472265,-33.15500314722658,33.15500314722658
21.11,22.79492187297107,-1.6849218729710707,1.6849218729710707
119.95,119.3329011065183,0.6170988934816961,0.6170988934816961
11.75,12.041604185125264,-0.291604185125264,0.291604185125264
139.47,136.03569515815994,3.43430484184006,3.43430484184006
167.98,167.89466405698607,0.08533594301391645,0.08533594301391645
27.4,29.063204645453943,-1.6632046454539449,1.6632046454539449
55.53,55.05968265862193,0.47031734137807035,0.47031734137807035
923.76,960.4976474275252,-36.73764742752519,36.73764742752519
149.18,149.20504697162062,-0.025046971620611203,0.025046971620611203
11.61,11.848022659287986,-0.23802265928798683,0.23802265928798683
58.1,62.55331420567873,-4.45331420567873,4.45331420567873
77.32,74.86343719414693,2.4565628058530677,2.4565628058530677
18.01,17.7200383276531,0.2899616723469016,0.2899616723469016
51.99,52.096149535707504,-0.10614953570750174,0.10614953570750174
45.64,44.2165077268308,1.4234922731692023,1.4234922731692023
10.89,10.6806177151937,0.20938228480630094,0.20938228480630094
86.64,87.61127506332478,-0.9712750633247822,0.9712750633247822
6.9,7.088910561603372,-0.18891056160337172,0.18891056160337172
1312.28,1357.3803619346966,-45.10036193469659,45.10036193469659
21.68,22.45109720385328,-0.7710972038532802,0.7710972038532802
27.88,27.047450652030275,0.8325493479697244,0.8325493479697244
35.72,35.12109350872452,0.5989064912754785,0.5989064912754785
11.03,10.6806177151937,0.34938228480629974,0.34938228480629974
103.47,103.75044481985108,-0.28044481985108405,0.28044481985108405
62.42,60.75303277936334,1.6669672206366641,1.6669672206366641
40.85,38.70761058639162,2.1423894136083845,2.1423894136083845
13.3,13.667246713484849,-0.36724671348484783,0.36724671348484783
1007.25,1002.801691346717,4.448308653282993,4.448308653282993
249.48,244.24472588799352,5.235274112006465,5.235274112006465
19.92,19.50068938175681,0.41931061824319116,0.41931061824319116
5.15,5.333210941579161,-0.1832109415791603,0.1832109415791603
2142.99,2127.036569297465,15.95343070253466,15.95343070253466
33.1,36.84244567397052,-3.742445673970522,3.742445673970522
64.37,64.5632181339098,-0.19321813390979514,0.19321813390979514
20.72,20.471312655626736,0.24868734437326268,0.24868734437326268
72.81,67.74519715955795,5.064802840442056,5.064802840442056
2154.05,2134.0218302140984,20.02816978590181,20.02816978590181
34.34,33.34867943025958,0.9913205697404237,0.9913205697404237
31.68,30.765352843918286,0.9146471560817133,0.9146471560817133
33.71,35.40258580654216,-1.6925858065421622,1.6925858065421622
80.99,87.81314975260327,-6.823149752603271,6.823149752603271
33.43,34.48374930340439,-1.0537493034043877,1.0537493034043877
41.55,41.95859146921169,-0.408591469211693,0.408591469211693
21.65,21.91986225894537,-0.26986225894536986,0.26986225894536986
511.43,516.5967787809055,-5.166778780905531,5.166778780905531
225.86,226.5439653816657,-0.6839653816657005,0.6839653816657005
382.11,385.1932807293938,-3.0832807293937776,3.0832807293937776
392.99,382.80172370566953,10.188276294330478,10.188276294330478
581.87,581.9238925179781,-0.053892517978056276,0.053892517978056276
5.15,5.435580088003297,-0.2855800880032966,0.2855800880032966
36.69,36.37972491896937,0.31027508103062473,0.31027508103062473
25.92,25.5900570401658,0.3299429598342023,0.3299429598342023
32.32,32.548251446398496,-0.22825144639849526,0.22825144639849526
86.5,89.52785099150525,-3.0278509915052467,3.0278509915052467
87.46,89.46246321340588,-2.002463213405889,2.002463213405889
60.2,60.670191891477366,-0.47019189147736284,0.47019189147736284
43.75,43.83901171375738,-0.0890117137573796,0.0890117137573796
207.39,205.76044892952012,1.629551070479863,1.629551070479863
161.48,160.57106981302087,0.90893018697912,0.90893018697912
25.71,25.80386342305864,-0.09386342305863948,0.09386342305863948
40.24,38.73769022188562,1.5023097781143804,1.5023097781143804
147.21,146.13025865381826,1.0797413461817484,1.0797413461817484
118.25,120.3723366598058,-2.1223366598057964,2.1223366598057964
30.72,31.96000365639136,-1.2400036563913623,1.2400036563913623
48.35,47.870100496720816,0.47989950327918507,0.47989950327918507
6.21,6.326246979922936,-0.11624697992293598,0.11624697992293598
13.33,13.90489747240151,-0.5748974724015099,0.5748974724015099
185.46,186.0732030483337,-0.6132030483337019,0.6132030483337019
45.24,44.2165077268308,1.0234922731692038,1.0234922731692038
46.61,45.76821151243615,0.8417884875638464,0.8417884875638464
40.1,38.73769022188562,1.3623097781143798,1.3623097781143798
78.78,79.7153659597507,-0.9353659597506976,0.9353659597506976
24.28,23.774069657992545,0.5059303420074563,0.5059303420074563
617.22,622.255897881596,-5.035897881595929,5.035897881595929
118.71,117.66532817905627,1.0446718209437194,1.0446718209437194
63.52,64.83936083886397,-1.3193608388639646,1.3193608388639646
10.36,10.223573082231631,0.13642691776836813,0.13642691776836813
70.3,69.35036959820737,0.949630401792632,0.949630401792632
24.54,24.643651274932427,-0.1036512749324281,0.1036512749324281
31.33,31.62941223427237,-0.2994122342723706,0.2994122342723706
17.99,18.619611737446785,-0.6296117374467869,0.6296117374467869
158.26,156.8551763754944,1.4048236245055818,1.4048236245055818
125.82,122.42414752790933,3.3958524720906667,3.3958524720906667
417.66,413.63018307685496,4.029816923145063,4.029816923145063
173.9,169.42074162885987,4.4792583711401335,4.4792583711401335
357.03,369.5102556095789,-12.480255609578933,12.480255609578933
12.95,13.114604437950492,-0.1646044379504925,0.1646044379504925
3140.96,3567.825375587263,-426.86537558726286,426.86537558726286
983.01,1012.2556302435826,-29.245630243582582,29.245630243582582
14.86,15.231968388139892,-0.3719683881398925,0.3719683881398925
580.23,563.9686621872776,16.261337812722445,16.261337812722445
96.45,99.89930411819653,-3.4493041181965225,3.4493041181965225
2822.76,2912.9154915356944,-90.15549153569418,90.15549153569418
2.72,2.9202072123633074,-0.20020721236330719,0.20020721236330719
185.93,185.7406244168252,0.18937558317480807,0.18937558317480807
147.87,135.61613168159286,12.253868318407143,12.253868318407143
66.45,67.76637197382735,-1.3163719738273443,1.3163719738273443
60.91,56.4697024295141,4.440297570485896,4.440297570485896
58.6,58.53718155197901,0.06281844802099101,0.06281844802099101
22.36,22.29380017673984,0.06619982326015972,0.06619982326015972
260.38,253.47237872433453,6.907621275665463,6.907621275665463
70.84,73.40643843475974,-2.566438434759732,2.566438434759732
2.85,3.0096489860772304,-0.15964898607723033,0.15964898607723033
671.52,695.0546339485466,-23.53463394854657,23.53463394854657
186.12,190.53921261897156,-4.419212618971557,4.419212618971557
10.96,12.69088804951167,-1.7308880495116696,1.7308880495116696
214.82,213.03184048362576,1.788159516374236,1.788159516374236
22.85,22.58398486168685,0.2660151383131506,0.2660151383131506
172.48,169.25029665861763,3.2297033413823613,3.2297033413823613
77.85,76.3581293387022,1.4918706612977957,1.4918706612977957
66.3,59.09759197671083,7.202408023289166,7.202408023289166
48.83,48.38676758738562,0.4432324126143783,0.4432324126143783
19.79,20.471312655626736,-0.681312655626737,0.681312655626737
23.51,23.4019086812223,0.10809131877770284,0.10809131877770284
11.57,12.091953281256044,-0.5219532812560441,0.5219532812560441
3.36,3.9111127748145327,-0.5511127748145328,0.5511127748145328
3.7,3.8901348562968447,-0.19013485629684457,0.19013485629684457
39.33,40.36156026400285,-1.0315602640028487,1.0315602640028487
45.28,41.961424544178456,3.318575455821545,3.318575455821545
9.9,10.208879392943205,-0.3088793929432043,0.3088793929432043
358.65,351.4367531165512,7.2132468834487895,7.2132468834487895
403.63,407.3201742375009,-3.690174237500912,3.690174237500912
48.78,48.53324042910615,0.24675957089385037,0.24675957089385037
31.82,30.765352843918286,1.0546471560817139,1.0546471560817139
156.58,165.55824311790315,-8.978243117903133,8.978243117903133
180.82,180.0033764944066,0.8166235055933839,0.8166235055933839
278.85,277.21806340148447,1.6319365985155514,1.6319365985155514
654.15,640.8944697661015,13.255530233898526,13.255530233898526
375.93,375.1845349070914,0.7454650929086029,0.7454650929086029
118.51,118.17416097390957,0.33583902609044003,0.33583902609044003
13.44,13.28931379458109,0.15068620541890887,0.15068620541890887
63.87,67.28569813965763,-3.4156981396576285,3.4156981396576285
48.69,48.96153749840255,-0.2715374984025516,0.2715374984025516
19.84,19.50068938175681,0.3393106182431893,0.3393106182431893
84.37,84.9523252952765,-0.5823252952764904,0.5823252952764904
61.88,61.443448919738,0.4365510802619994,0.4365510802619994
4.12,5.412891110623188,-1.292891110623188,1.292891110623188
554.5,565.0514149007065,-10.551414900706504,10.551414900706504
114.53,112.22389958324216,2.306100416757843,2.306100416757843
69.98,73.27448372303782,-3.294483723037814,3.294483723037814
419.76,414.5415500714598,5.218449928540167,5.218449928540167
52.1,52.50213647455404,-0.402136474554041,0.402136474554041
665.55,659.3031243469457,6.246875653054303,6.246875653054303
11.17,11.848022659287986,-0.6780226592879863,0.6780226592879863
88.44,91.28334964139374,-2.8433496413937434,2.8433496413937434
7.09,7.339327594318627,-0.24932759431862728,0.24932759431862728
32.58,31.09312863840379,1.486871361596208,1.486871361596208
70.2,68.06777815817233,2.132221841827672,2.132221841827672
16.75,17.347098183332186,-0.5970981833321858,0.5970981833321858
146.95,145.81478561368382,1.1352143863161643,1.1352143863161643
70.17,67.07554999471672,3.094450005283278,3.094450005283278
57.71,53.96190201103448,3.748097988965519,3.748097988965519
119.59,119.49682161698463,0.09317838301537051,0.09317838301537051
22.9,22.58398486168685,0.31601513831314776,0.31601513831314776
18.21,20.1106393761372,-1.9006393761371996,1.9006393761371996
138.77,144.66763191956096,-5.897631919560951,5.897631919560951
218.84,216.52160788897183,2.3183921110281744,2.3183921110281744
45.81,46.074136467432766,-0.2641364674327633,0.2641364674327633
468.94,462.73016076528455,6.209839234715446,6.209839234715446
416.0,403.7472774135416,12.25272258645839,12.25272258645839
48.12,49.986863251728735,-1.8668632517287378,1.8668632517287378
929.48,930.6375939160988,-1.15759391609879,1.15759391609879
1.24,1.7848072805248434,-0.5448072805248434,0.5448072805248434
111.49,101.81489930017376,9.675100699826231,9.675100699826231
11.42,11.848022659287986,-0.42802265928798633,0.42802265928798633
5.17,5.333210941579161,-0.16321094157916072,0.16321094157916072
6.98,7.262386716616038,-0.2823867166160374,0.2823867166160374
21.69,21.12260418441332,0.5673958155866821,0.5673958155866821
102.65,92.5880201632179,10.0619798367821,10.0619798367821
182.73,187.78159273643925,-5.051592736439261,5.051592736439261
161.02,161.73452792066675,-0.7145279206667396,0.7145279206667396
58.7,58.0724951547823,0.6275048452177003,0.6275048452177003
1286.39,1306.5184635749772,-20.128463574977104,20.128463574977104
168.59,168.1776172488352,0.41238275116481304,0.41238275116481304
51.12,48.3218075782856,2.798192421714397,2.798192421714397
164.34,163.8625002309669,0.477499769033102,0.477499769033102
26.3,25.45073762919367,0.8492623708063292,0.8492623708063292
40.66,41.36976206390065,-0.709762063900655,0.709762063900655
115.48,113.59534855764376,1.884651442356244,1.884651442356244
37.92,38.6387827119633,-0.7187827119632999,0.7187827119632999
21.96,22.45323346844573,-0.49323346844573024,0.49323346844573024
22.21,22.45323346844573,-0.24323346844573024,0.24323346844573024
327.62,321.9996717270382,5.620328272961785,5.620328272961785
115.13,117.93582625072136,-2.805826250721367,2.805826250721367
28.72,28.41747022975582,0.3025297702441776,0.3025297702441776
180.79,185.53196451503536,-4.741964515035363,4.741964515035363
49.41,49.6732437366714,-0.26324373667140577,0.26324373667140577
80.76,81.25569421102279,-0.49569421102278,0.49569421102278
111.55,110.68876981856108,0.8612301814389127,0.8612301814389127
239.51,238.446416408668,1.0635835913319909,1.0635835913319909
45.68,44.2165077268308,1.4634922731692015,1.4634922731692015
8.82,9.129463058691377,-0.30946305869137625,0.30946305869137625
695.56,676.5509596518051,19.009040348194844,19.009040348194844
381.16,382.33069015346894,-1.170690153468911,1.170690153468911
402.49,407.27770764687074,-4.787707646870729,4.787707646870729
77.06,74.37918733972698,2.68081266027302,2.68081266027302
6.33,6.7758116029610855,-0.44581160296108546,0.44581160296108546
