Actual_Net_Sales,Predicted_Net_Sales
249.99,241.23264260259236
1235.28,1216.9821622557156
189.36,183.97072600751738
130.79,135.40071684356238
53.9,51.99402488839618
100.8,100.93928104532488
370.72,362.7312897761538
509.67,518.7370128035722
10.46,10.402017786863317
36.12,37.838015330229204
25.28,25.27921928410917
42.12,42.74028902888323
13.31,12.891273980112501
33.69,35.01001327461702
43.72,40.21671509519003
24.51,24.093734674924455
63.12,63.80874056097274
7.7,8.057591119695141
27.67,27.173883000784187
88.71,87.01428244174006
13.58,13.843437247744182
1.37,2.406981409251394
204.22,207.7082116147569
122.71,122.71653105804705
97.2,88.86644164486525
29.34,29.78891918161314
89.22,86.72811892401327
39.46,40.36156026400285
28.45,27.814670201033802
1022.33,1036.8072579884158
54.63,56.152810648337685
18.31,18.454033055749377
12.15,12.548997914218111
9.82,9.716708518479448
13.89,13.910318489099188
5.71,5.778253718546215
39.27,41.08264973927355
289.78,289.8094919070629
65.08,63.1696201310499
60.72,61.5961113405186
4.69,4.802642173835009
262.87,265.4341214501734
202.17,203.0655839703637
5.4,12.762533149008524
13.37,14.94245502270524
49.43,48.38676758738562
33.19,33.34867943025958
18.55,18.77536967870753
147.63,145.59278707382248
31.39,30.670645703580856
58.27,57.88013403342728
155.39,163.00767803806164
119.33,119.80837612021926
4.43,4.739770584084084
198.84,200.72636312937053
108.09,108.7966644751563
36.75,36.259549157315966
61.44,61.53529534474305
20.14,20.471312655626736
5.04,5.511707276201457
11.07,11.495023464812835
607.11,619.7458086339547
44.22,41.83727417218346
90.23,89.33751522558424
55.84,57.35881109820349
201.82,205.73003856478294
46.94,45.76821151243615
42.65,41.30381491722711
22.95,23.341055180317124
24.71,26.4602640701141
137.33,136.39268123225884
19.79,20.43824127145983
7.88,7.9173594027584695
12.6,12.691660190054838
31.91,32.54211615734521
130.76,124.29930318842766
137.23,136.7159234850828
17.98,18.288416151265256
82.55,82.74206026005501
139.37,140.66119907049878
37.3,41.05902619511981
101.73,104.26461046648492
27.58,27.659671911671833
9.11,9.721816302091616
87.72,86.51037855142583
246.81,243.35852449225024
387.81,391.6331662502186
44.1,42.13899026079354
94.81,90.86929733545662
4.95,5.333210941579161
981.0,982.9722549281241
8.41,8.680227050230608
44.57,48.101394569513
188.65,189.74575559551974
32.06,31.757609318218975
25.79,25.463754252650002
13.14,13.056646974195488
7.22,7.339327594318627
53.22,54.1614959344582
200.23,203.18598345207582
46.38,46.65760452034842
48.46,45.764332516475086
17.55,17.298004282997386
4.91,5.333210941579161
502.45,508.8200595099701
11.2,11.848022659287986
105.96,105.94737544062
4.79,5.114922377189962
208.98,207.69738592341704
11.29,11.848022659287986
131.61,135.63605610334002
334.57,331.44527332718746
819.9,810.5478006296904
259.64,250.66444511964403
142.96,138.593109163058
423.31,414.8026762416582
74.46,73.12696857338986
33.7,35.01342998296175
130.28,129.77328667808715
24.53,24.79893022575666
140.22,139.77636108431355
8.47,8.680227050230608
66.02,64.5242480464167
78.35,78.08472508665352
29.13,27.61335884494656
489.44,472.8654338308667
6.0,6.548426337125212
30.71,29.502058526363207
122.34,125.3808650736004
69.31,68.4982368366365
8.89,9.21988828017726
300.2,301.95243331708446
6.32,7.02636248236822
110.11,109.60156504858598
264.33,255.99213949988007
411.41,414.2255216491738
12.11,12.452449204962113
25.92,28.56340416968691
16.25,17.385683232780483
67.76,69.1760909596315
84.73,82.4455373487995
20.83,21.479610004251914
38.02,37.554775529061786
105.29,106.24897815891492
26.44,25.90013598784725
7.52,7.967427595946759
210.14,205.78757421252695
10.77,10.6806177151937
82.06,81.6185134986169
143.67,143.4986630065502
1803.83,1702.2486054988626
4.39,4.3970969535411655
26.11,25.751729495764916
59.31,57.380192369180705
26.26,29.68062907241354
13.24,13.667246713484849
18.0,18.619611737446785
25.45,26.680030672799788
148.39,146.13025865381826
137.68,135.89509112188773
41.3,41.38330710829399
54.82,55.27557909476554
16.79,16.92366876052758
339.53,338.34940667258667
165.66,160.14823782945996
9.06,9.263514971837628
14.0,14.34240453134928
1110.98,1114.5964627499277
21.84,23.801283768106984
19.45,19.295772653122715
41.13,42.2176908967541
17.34,18.35488897985568
828.24,819.7317829361062
292.03,287.6044416564697
20.1,20.471312655626736
37.56,34.21871168290322
104.2,111.95871832617267
120.16,107.42974473342416
264.36,274.1425100441257
19.75,19.395351023682448
117.61,119.25280680858408
49.59,48.38676758738562
13.1,13.598339904440126
2.71,3.0096489860772304
20.56,22.24899178469375
157.74,157.67018580715222
241.81,241.43065154803463
4.69,4.802642173835009
19.09,17.803283962908566
2074.28,2004.0769431029576
120.69,117.71789356659065
62.68,61.019482964671035
487.87,487.6619078771447
96.48,96.7481821838454
32.01,31.757609318218975
4.58,4.739770584084084
76.21,69.48650494174356
32.63,31.09312863840379
30.52,28.592694697911682
39.02,41.265787321792104
103.88,105.12431216202421
52.16,54.487343388757886
166.11,167.89466405698607
94.46,91.4658823125928
78.06,74.62033172953592
4.2,4.584353609445809
992.75,949.525591930614
77.35,74.86343719414693
4.42,4.772248746647042
99.58,100.53058947579477
10.05,10.884113462573731
15.92,16.16110206134325
118.6,118.67264452982592
35.15,37.35977206643255
31.14,34.11084165644293
181.92,183.18237230837605
25.8,25.463754252650002
94.95,95.76847110699151
149.38,149.08454609144707
353.52,361.10994241550327
246.56,243.35033566327317
53.31,54.28629662233894
78.42,83.98528220919913
10.65,10.402017786863317
1203.76,1608.6877797976385
178.45,174.12774832920297
4.7,4.916867208491826
548.42,538.6220774874027
330.52,339.7431682782464
53.08,47.65093655867531
65.44,69.92237876220484
59.32,61.04499398287031
37.02,35.404816592923524
354.09,369.8809892230488
21.03,22.79492187297107
39.28,36.20297886709949
58.67,57.93053270655094
14.81,15.16363270398548
246.44,241.55943352175893
167.18,165.853695737372
178.26,177.1472509034041
42.81,39.24216084045794
15.63,15.838790521849903
18.83,18.77536967870753
31.33,30.670645703580856
2.86,2.998922950452903
43.78,41.83727417218346
35.41,35.199843321721914
182.3,181.83063484970165
211.35,210.81342850301107
146.26,142.1477151582438
166.85,167.89466405698607
197.55,195.51865823018304
18.2,20.1106393761372
80.75,82.32969736384325
144.38,138.68495558806305
99.44,98.97174665600491
42.66,39.24216084045794
63.32,61.67374435381684
73.8,73.91459547097283
124.26,122.10022917978208
31.18,30.670645703580856
348.32,347.63468181076956
13.86,14.273497722304556
6.04,6.07222777822216
167.5,162.5492359436529
223.24,219.62230818176297
160.14,161.07246542334522
46.49,46.49381417761336
3.24,3.5349992772184256
15.0,17.397648922959515
5.63,5.930240871227348
6.76,7.437890927023522
2.53,2.821753848875997
183.01,182.40039721339053
23.58,23.479284785924552
11.37,11.709225214962546
8.57,8.680227050230608
8.0,8.652431187404773
388.93,382.33069015346894
2689.1,2865.23869425579
27.06,26.968621504930848
182.65,181.73445775547845
265.59,271.89788006245743
25.96,28.717101251078002
869.2,848.7158282323561
7.97,8.057591119695141
108.26,104.46103228154882
31.14,30.269386700182846
6.28,6.326246979922936
73.38,72.89751872369322
22.08,20.967228525195342
1074.96,1020.3767717483379
18.31,18.619611737446785
116.38,116.19332973329207
200.04,205.83410310643018
272.81,272.29803990426785
9.96,9.99358659357444
42.6,43.0432620749731
24.74,24.268865613962408
48.15,47.83265513044081
22.95,22.325328491372566
30.82,30.29866981203391
20.8,20.091223360705957
9.14,9.628319473466137
10.18,10.402017786863317
8.44,8.39912143180201
35.51,37.15970715215826
10.77,12.69088804951167
4.68,4.916867208491826
168.63,165.9159404703577
7.12,7.339327594318627
740.84,789.2904102076169
199.88,200.9605555984914
15.79,15.838790521849903
176.89,179.76148945567735
23.07,25.22271486492053
212.73,212.1374466928131
6.87,7.262386716616038
141.34,143.60179044941844
224.18,221.88443707179448
35.29,34.55627378596934
10.58,11.076239880401465
65.33,65.01923383964633
63.69,63.80874056097274
16.35,16.597604613599813
33.75,33.321054075844856
66.42,64.84792134613603
18.42,18.956916079833967
291.16,290.51480136319464
14.79,14.812272703359726
158.58,156.0898848117141
309.39,302.65930682888694
1.92,2.406981409251394
53.91,56.23386925933938
90.92,90.67789427770325
64.27,63.27257419181637
128.19,124.93216503329165
207.65,209.39782532272838
11.4,12.916453779040467
1.92,2.406981409251394
71.99,69.59341001377592
5.65,6.301955542430988
54.5,54.531696931857915
62.74,62.556884567849586
659.9,659.9712122866598
233.59,230.57952055661582
483.27,478.11077150062226
61.01,60.20673056692267
6.63,8.376447017745805
24.05,23.769469470871567
1370.68,1288.8403542622282
74.47,82.24881358844206
231.24,235.92371614593384
82.28,81.25569421102279
192.12,180.84965094350875
1992.87,1970.737545874572
238.9,242.64143838024424
3.51,3.9111127748145327
86.71,87.11661951605612
43.12,46.23888485552674
116.17,116.74672539840458
311.87,301.85227303982276
7.08,7.339327594318627
1206.63,1214.2230461646302
152.06,154.1881344119385
4.88,5.114922377189962
128.58,130.40781787446966
112.76,110.68876981856108
10.32,10.319285496546282
49.4,48.38676758738562
57.82,58.05370602712292
16.48,16.351856125669205
82.68,84.04621073566851
303.3,298.5386453524984
5.6,5.930240871227348
5.99,6.07222777822216
108.51,107.71097700293187
9.65,9.94497315390125
27.05,27.173883000784187
11.14,11.260234928274244
400.5,407.45245446333126
17.18,17.298004282997386
111.6,111.553957921403
18.98,17.803283962908566
3.26,3.5684391442716143
3.82,4.044687423014816
9.89,9.99358659357444
42.88,43.46235143804048
200.37,208.87793995641223
110.74,109.60156504858598
28.4,30.402719273511245
82.08,81.12437856234118
70.27,69.6769827993593
35.87,35.95265599517299
21.02,20.998914046317953
8.11,8.141535584462725
74.88,74.26147260316147
91.5,91.45922406688908
3.6,3.90697700535328
6.34,6.7758116029610855
5.45,6.085180972076818
16.61,16.996305745296983
95.85,96.7481821838454
7.1,7.339327594318627
66.21,64.84792134613603
100.85,100.93928104532488
27.22,26.635179206619476
78.58,80.58547101338614
22.92,23.774069657992545
43.8,45.20179859578646
55.02,52.79224977411193
3.35,3.7228944144196596
228.43,227.46510405481877
1111.79,1098.4973410119949
232.08,235.92371614593384
625.6,620.003419904907
2.65,3.0096489860772304
20.76,19.9371195752286
76.97,74.05029011284996
43.28,44.2514031641931
24.04,24.063936353449083
422.35,421.0080942492282
421.6,425.9962971333276
18.68,19.264574827311424
44.23,41.83727417218346
130.39,128.47086165354682
92.04,90.46775321512001
24.47,24.79893022575666
61.23,59.11355587500434
89.89,88.90055333110573
10.43,12.202559021924177
350.36,346.50574916432845
126.54,125.58563449309746
1504.06,1463.3867268140082
496.04,502.3466423850918
11.68,12.102259770909415
17.45,17.298004282997386
490.86,487.79818491857486
30.19,32.02268072859928
30.44,29.78891918161314
108.09,107.42820500930831
54.62,53.47243585481496
61.23,55.78339815181907
24.76,24.25916278142033
23.21,23.613445616571944
453.39,457.98364094728936
6.19,7.02636248236822
21.25,21.50418903263475
18.11,18.288416151265256
1.61,1.876412641507243
404.7,411.79786731937753
402.58,408.4242079460293
281.88,285.8066880204088
90.57,92.41733740792759
207.75,205.78757421252695
31.5,32.42668668827574
6.09,6.326246979922936
42.5,41.38484107220718
160.44,160.11946880367267
194.59,190.86605869100524
4.59,4.739770584084084
126.62,122.02993957386998
15.33,15.271503454535319
45.94,46.070110057386856
29.16,28.41747022975582
1169.94,1183.7209619857683
256.62,254.57258508017378
130.89,131.65773699333462
772.82,767.3061725863251
300.75,301.4953921544115
15.52,15.231968388139892
1083.52,1087.5668611565686
23.65,23.479284785924552
122.36,122.39328880522312
95.15,94.28856206074512
10.9,10.6806177151937
37.62,37.71036658946246
12.9,14.366979785781876
29.58,29.18468977875935
39.14,39.79674054124767
89.06,89.33751522558424
1.24,2.0643077787084763
46.46,45.593556922063215
106.47,102.8582203261834
5.36,5.778253718546215
11.2,10.867179371346424
37.59,35.712347222419496
26.02,25.629182359145876
72.47,73.34368090924576
52.68,53.097102866728264
42.39,43.276405217644786
124.21,124.67314205356558
75.23,74.52950042077552
217.36,215.8421075219194
670.93,708.6234186781395
259.04,250.66444511964403
37.08,38.061338402703505
132.36,127.19282526021351
128.25,120.30957792912263
315.95,315.0929266783325
23.74,24.169128230225823
178.3,180.0269162352888
18.43,18.449305531779764
36.72,35.999222760936156
20.84,20.998914046317953
208.75,203.1733356602537
76.05,75.58921823772121
42.19,43.82003969350214
845.16,883.7497133101367
80.81,79.4850547154304
25.0,33.38102520079475
28.88,34.21273020285296
21.57,21.91986225894537
717.86,700.2557599728277
46.29,45.593556922063215
15.02,15.231968388139892
414.3,406.2217899449872
77.78,80.38322989467626
80.74,76.4021238408945
63.29,60.464772108628786
13.38,12.858659800539721
948.12,925.038382252988
4.13,4.215360451506396
228.72,226.67669950698354
131.87,133.72525609636446
298.42,293.5494096579231
8.14,8.306429662015608
41.79,42.21834506286708
71.42,70.70118411617054
12.12,12.527886948885982
12.3,12.197053606448412
19.49,19.395351023682448
57.23,57.43629377129606
5.48,5.864116806727806
1.12,2.406981409251394
435.73,425.9031109859124
661.26,648.9874087947301
10.08,10.402017786863317
20.6,20.471312655626736
7.27,7.683750629313004
46.58,52.65664625847077
9.54,9.99358659357444
47.75,48.09642244352486
25.71,25.463754252650002
13.19,13.525449457787344
1.6,2.406981409251394
154.72,156.05143426779713
18.63,18.77536967870753
22.2,21.122604184413316
5.9,6.596580064619667
151.24,153.88686231340841
191.1,199.45417320447848
181.98,184.24463577351716
183.0,180.63995013559506
4.7,5.114922377189962
309.9,319.4969236288775
50.04,51.52280003730151
318.24,313.8403940425701
153.43,154.32382420788687
242.69,242.11607814003204
810.34,828.0505886639424
215.01,219.870798143678
47.0,48.101060061635955
194.42,190.84756602057584
4.78,5.114922377189962
48.53,48.00333626611154
24.74,26.63039242673582
43.06,41.83727417218346
159.68,161.07246542334522
113.07,111.44417340041169
16.22,16.124911207402253
2242.35,2190.0926853301626
373.46,361.1979504081281
3.82,4.078029993498078
36.6,38.14998035122024
671.07,676.4440787704381
425.22,428.27672464012295
94.26,96.98705757287786
71.63,72.26518153126018
2.07,1.9335987780866413
52.39,51.974717712554074
36.9,35.11737957035572
378.76,368.51442330414255
48.18,51.30013050791015
20.38,19.37286057117934
1491.28,1238.7900926981702
74.61,75.0925443039171
12.97,13.114604437950492
195.23,198.0210550306834
7.94,8.141535584462725
172.8,176.2152844870421
119.65,119.19779960925966
96.29,92.80427520435931
4.96,4.990537311036243
55.56,53.9160679972084
487.88,490.62581695834865
12.64,12.959313768714301
2.92,3.1868180876541365
11.16,11.585088717503856
3.93,4.249650635896198
89.26,91.46430206399906
636.41,642.5763474404204
27.81,28.863434382808627
88.6,88.47139260661731
13.31,12.858659800539721
18.21,18.35488897985568
109.26,109.95147393404777
59.63,56.73332976349273
18.23,18.449305531779764
322.93,326.4140538833398
61.59,60.75303277936334
67.17,66.49711043781784
31.71,34.05452170229326
87.08,91.4860721085355
753.73,722.0569280522435
67.96,66.57995132570382
224.65,224.80816787943417
265.27,264.9257317256833
1644.93,1619.2286051392214
60.3,57.1172133704394
409.1,402.7826077880226
36.47,36.13656189988269
43.21,45.307400051323754
15.1,15.35024347532446
133.99,130.98196318893397
30.19,29.395333266192736
85.08,83.8353191709953
22.1,23.955134021097276
133.76,119.71376644379698
54.55,53.47243585481496
517.92,511.4514289930381
91.26,88.9673150905041
200.29,203.0655839703637
293.77,292.32150574721817
933.73,974.781214322414
291.02,285.65191552316594
119.44,117.71789356659065
46.42,46.56006082944375
543.83,526.4756617103775
42.55,41.30381491722711
36.38,36.13656189988269
114.07,117.1483345148006
261.84,266.6882581251655
158.07,156.89591467710858
382.59,382.7746869216387
139.88,136.45813253084734
2.93,1.7181823913535077
2466.32,2364.576009706824
1.33,1.5589865480094445
102.33,104.57666597874882
50.75,50.621892341061006
16.74,16.351856125669205
56.79,56.655482478723926
736.63,717.3628344104925
181.28,179.2746426571772
19.11,18.776907427102387
74.29,74.38495869656299
337.19,340.01105891845873
88.3,89.33751522558424
411.99,415.6169824646956
40.94,39.38340990698133
151.2,152.73692139681734
99.58,100.74148051570734
30.3,29.395333266192736
99.61,102.99326447457211
10.94,12.661230182503834
18.46,17.803283962908566
3329.35,3666.9143087938296
195.68,190.86605869100524
8.37,8.680227050230608
9.89,9.716708518479448
570.38,564.0885055762058
405.15,407.27770764687074
495.94,514.1978023042108
48.68,47.921152430658125
7.85,8.098318690521252
13.38,12.858659800539721
8.88,8.680227050230608
425.64,413.5292570509644
80.05,78.48820502799428
163.46,163.8625002309669
409.92,406.2217899449872
31.13,33.87384462006165
358.59,354.74292750554423
16.98,17.347098183332186
405.3,408.9732947777585
12.79,13.114604437950492
35.3,35.354864163508466
144.32,145.4998834797227
75.87,75.40900883278901
10.57,10.402017786863317
53.18,53.062410938741394
55.87,51.27014175136303
291.13,290.8424686302629
109.88,110.29874392369435
53.11,52.12502861100196
43.93,42.13899026079354
5.73,6.07222777822216
242.22,239.64218401752547
8.05,8.141535584462725
2.18,4.697006226275826
6.1,6.326246979922936
793.85,808.0967981419642
15.08,15.231968388139892
8.89,9.06086238069365
68.27,70.59671011238659
22.88,22.55029641425513
181.38,189.94617730630992
29.72,31.14455360919571
2926.44,2926.46745017586
195.07,190.86605869100524
5.0,5.333210941579161
79.38,78.03209226501835
88.67,87.95512553087124
200.53,208.22321008627824
62.24,60.83404068712626
53.64,52.99064194283626
6.26,6.326246979922936
29.68,27.89800365497098
501.24,496.50486464320636
134.76,132.9587733239421
110.93,106.22761013019962
104.23,104.46241099610246
137.04,136.03569515815994
21.8,21.382891470160846
9.22,12.997360844942445
504.4,498.54413624973034
1289.07,1259.15483432823
102.23,104.93702386821522
84.67,84.35574031814032
35.4,33.424306058923044
185.64,187.71116583443603
40.5,42.1280743486044
135.55,139.0129870220651
230.68,235.92371614593384
123.19,119.19779960925966
95.15,97.04008933195983
22.7,23.479284785924552
27.18,30.798632283179213
79.36,78.03209226501835
91.66,91.57782973408423
228.51,227.46510405481877
17.82,17.83405171077446
24.03,27.401770017508316
162.74,161.18361161916343
118.6,118.4255323263587
47.22,45.93259694583542
7.98,8.155322733147994
168.4,174.09215284333868
33.14,32.610674712098955
73.96,73.12696857338986
90.54,90.31722630243816
153.35,151.09866202081656
9.61,9.716708518479448
8.3,8.155322733147994
19.12,19.395351023682448
7.18,7.545056128719472
980.12,958.455463864467
25.87,25.590057040165796
41.65,42.2176908967541
1022.42,1011.2850140498973
324.6,320.12430077113584
342.83,338.34940667258667
6.18,6.326246979922936
23.66,24.169128230225823
40.01,44.326176051660475
63.54,63.80874056097274
54.09,53.47243585481496
70.16,66.78560793058831
141.82,141.19773545164426
65.9,63.86004743958772
24.55,24.79893022575666
102.03,104.46241099610246
29.99,32.35920763008794
1355.86,1359.4486546835772
412.47,421.0476860143236
282.15,286.92646742818977
868.41,881.498097289178
22.0,21.122604184413316
135.39,137.2522851903359
15.21,15.35024347532446
14.18,14.518595065608613
25.2,24.643651274932427
234.7,230.31848558175983
21.55,20.745558120440126
150.54,154.4258412970168
258.81,256.6891450613445
67.78,66.57995132570382
142.83,141.46738837008442
5.01,4.990537311036243
97.28,96.7481821838454
75.07,75.79187736731767
15.91,16.16110206134325
36.1,36.4803876075948
12.95,13.114604437950492
273.19,269.45920080153815
855.53,893.0546214190542
236.34,239.64218401752547
58.02,58.115390440231344
65.85,65.01923383964633
81.27,83.90973074414892
11.26,11.645215137947348
167.87,167.89466405698607
703.08,726.3020570440729
63.88,67.7041815632523
4.51,4.739770584084084
66.18,59.09759197671083
177.45,177.1472509034041
27.65,27.173883000784187
7.12,7.339327594318627
40.57,40.89504469361594
9.7,9.99358659357444
8.78,9.129463058691377
14.02,14.34240453134928
89.22,86.95599477437023
369.84,366.0836181986845
188.28,189.900036179313
619.75,642.6713636847284
104.59,104.46241099610246
15.14,15.054655559225376
2.28,2.389638444619156
44.28,43.576721329929455
81.33,82.61703256957637
2.16,2.4634919618033786
8.91,9.21988828017726
529.52,535.3837368356028
2.11,2.1208183312604607
72.15,69.35036959820737
8.29,8.306429662015608
8.27,8.306429662015608
1386.28,1393.355182744535
91.65,95.42439390925516
39.06,37.717504017244316
130.68,130.74882517718845
36.85,38.061338402703505
82.54,82.16011409586092
38.43,38.52273261783872
34.98,34.55627378596934
42.0,41.00084187113724
6.36,5.867741583877249
1762.9,1814.2525845084792
79.23,82.50451007385743
34.4,33.34867943025958
340.13,341.3087054571981
198.22,196.04087694550773
391.06,389.4249140608593
9.95,9.99358659357444
78.02,77.67016199419606
44.48,44.2165077268308
88.26,86.92825454976175
104.47,103.38376516142795
86.84,86.51037855142583
63.27,64.56706819003922
115.0,111.90545789587009
11.18,13.509356503645423
34.33,33.34867943025958
51.38,51.38437594324746
21.8,24.190544361599258
67.44,66.74473895116911
31.8,32.548251446398496
13.3,13.90489747240151
37.4,35.404816592923524
21.09,20.998914046317953
171.6,173.35803639683823
31.38,34.595108914111606
134.22,131.18601297885195
84.14,85.00284327520207
80.09,78.03209226501835
13.46,13.634471586578735
5.51,6.372034950024402
45.27,43.314040870885954
378.4,389.6308608192149
162.07,157.7182121768993
67.35,68.57096928232842
55.71,56.72342572681708
2.55,2.9202072123633074
14.04,14.34240453134928
129.9,126.95919246527329
224.75,225.4421919599473
39.24,40.97645012629501
34.36,36.847144690747804
20.26,19.9371195752286
4.67,5.114922377189962
5.37,6.085180972076818
31.33,31.36291678749679
20.36,19.19487185810747
33.51,34.488377581084045
9.99,10.402017786863317
13.31,14.817376002767638
55.05,63.322578233934124
5.5,5.778253718546215
133.02,133.72525609636446
26.77,26.968621504930848
334.9,331.70814550661305
2331.4,2359.3929710315842
131.38,131.8650324848885
190.3,194.54351220314007
10.46,10.223573082231633
10.88,10.867179371346424
80.27,82.50451007385743
10.27,10.363516963552799
140.86,140.11309098020212
137.2,135.6372776504083
575.5,564.9006420044467
41.18,40.47824373900811
176.57,178.1598198411057
23.8,23.479284785924552
45.85,44.2165077268308
391.86,381.1296077906944
229.19,230.40850475757486
409.46,405.82313384798414
102.36,104.26461046648492
23.87,24.063936353449083
28.02,28.403238311147394
16.6,16.351856125669205
19.54,19.395351023682448
24.74,24.823509254139495
47.29,48.101060061635955
13.69,14.273497722304556
146.65,144.31475485495977
10.62,11.39097802632592
120.04,117.71789356659065
5.01,4.31266311800449
39.39,38.62211310625686
211.63,213.03184048362576
58.97,57.93053270655094
14.89,15.231968388139892
25.14,23.22289538630165
57.08,57.93053270655094
6.22,6.326246979922936
234.29,227.73429767417548
30.25,31.056667110550176
2.21,2.4634919618033786
20.31,21.133588028613627
3.74,4.249650635896198
63.33,62.82306237191561
164.03,161.74751771083666
358.54,348.91117118785917
225.6,222.09626206010827
101.93,102.13425705047166
31.47,33.271973279013835
32.8,33.52345259058511
311.82,308.9863068871397
290.47,291.39301631769166
110.19,107.58299944581857
293.62,282.1787896168379
14.33,14.518595065608613
665.86,658.7545654149463
11.95,12.125524500981795
7.09,7.339327594318627
256.41,255.0614035327476
9.8,14.022437942355857
749.7,788.0625734034593
140.26,136.34696219006474
24.03,23.769469470871567
73.81,71.41345142011636
2117.87,2132.3660195203774
134.15,136.39268123225884
31.12,31.551704289077293
44.63,42.35334871151306
395.62,394.96791123658056
89.96,91.51718984918833
390.7,392.70635360992867
62.88,62.81786544396779
61.48,60.98624048816032
962.36,884.9876013400467
50.92,52.37403706193251
32.86,38.505234377753446
240.43,245.33719883622297
3.62,3.8629509209800457
90.77,91.90126395847757
23.97,25.285821725872513
345.82,349.6433641054415
62.65,60.75303277936334
133.11,126.25808050140164
11.13,11.848022659287986
53.02,53.65018155500623
44.81,44.2165077268308
24.15,26.162310623134577
923.38,891.3405571140651
68.32,66.78560793058831
19.74,21.056684868039884
81.09,81.09035376684818
41.9,43.61247536872068
331.54,339.9342707616967
15.75,15.554343498746688
97.21,99.30425199156836
23.2,22.941294686694288
5.34,5.7071154747213555
88.9,89.33751522558424
25.97,27.290516203503316
110.43,111.37738975836888
31.29,31.002756573957935
192.84,191.38827740632993
56.46,53.91082969068034
35.02,33.750528581580944
185.86,183.15231718511706
754.43,735.0683186050197
8.95,9.263514971837628
770.96,767.169312272222
31.09,30.670645703580856
5.34,5.7071154747213555
8.29,7.9286046067388956
252.32,257.52249174330035
92.4,93.55667316893357
85.2,81.4339540442286
27.18,28.70878449638772
151.68,155.71159390000798
862.25,852.835007958325
51.38,50.53970850560759
286.17,288.40719106172037
22.05,21.122604184413316
19.92,20.471312655626736
114.73,112.22389958324217
267.38,264.42157664571215
11.72,12.102259770909415
38.84,38.05729338350168
2.72,3.0096489860772304
352.99,343.5240890015594
28.59,28.41747022975582
67.29,67.10896699954672
19.24,20.382465882572653
6.39,6.784475201820902
177.84,174.13717472667636
21.15,21.122604184413316
413.76,413.3131547733544
52.36,52.12502861100196
119.59,120.73190715429085
239.94,243.63834705764424
2.17,2.0854967059322678
11.74,12.102259770909415
4.44,4.772248746647042
71.68,70.7216414324951
1075.04,1089.499703772952
20.55,22.239734167316122
15.9,16.544755367014556
26.85,28.574694389474814
22.3,22.293800176739836
70.52,69.96667672323741
540.99,561.7897973073798
589.89,590.4134354897164
15.88,20.451402858539637
119.04,118.53598734400097
117.31,119.25280680858408
47.0,46.58483145293288
6.52,7.054275745121684
48.15,48.0466654152754
31.03,30.36134688424183
6.44,6.930825108218787
18.03,18.288416151265256
997.96,993.5421162776234
502.8,514.9085510353542
36.51,36.13656189988269
207.61,205.60708993858927
26.41,27.46519726741608
29.34,28.897296317344324
2.72,2.9202072123633074
12.7,13.117982854940776
60.13,60.98624048816032
203.58,211.38541059005888
2403.22,2200.69922659869
62.08,63.63553040252412
48.36,48.55548320536482
458.1,449.0226711479552
9.12,17.67691775367439
24.28,24.643651274932427
26.07,25.629182359145876
59.77,62.28509971424778
40.69,38.79287302370802
38.91,39.45695117499031
71.8,71.1704626894726
29.44,28.41747022975582
190.23,189.74575559551974
950.45,924.0763511665526
242.08,236.40975255434267
64.59,63.80874056097274
39.11,41.69580024035248
84.53,82.46604267270537
448.97,429.01667567420117
83.34,84.55869833349452
33.0,32.754462482761255
7.14,7.339327594318627
146.16,146.26425171690454
1211.61,1223.8526877024542
135.8,128.71450591029884
23.97,25.80102086143955
779.27,840.3774853589932
330.13,327.3210595324277
12.78,14.47742270829014
5.51,5.930240871227348
93.22,93.36461614146357
23.38,23.341055180317124
151.96,154.3052785329395
53.18,55.15522342466486
6.43,7.1432664048348435
20.97,19.9371195752286
534.69,529.8463347987826
46.81,45.76821151243615
29.17,31.036988378349047
85.47,86.40618238641066
192.03,190.86605869100524
236.85,236.60630275520043
307.73,302.67779949931634
20.4,20.471312655626736
35.9,36.6371957048243
94.43,86.23541826693008
5.7,5.864116806727806
43.37,41.38484107220718
4.64,4.772248746647042
388.55,389.98595402819086
18.82,18.77536967870753
20.12,20.471312655626736
20.19,20.159964564419806
949.72,922.6483910725269
19.17,19.395351023682448
89.47,88.10148721171515
17.16,18.978347525129983
35.58,37.838015330229204
125.32,122.31515239870542
390.04,383.4685537650172
40.5,38.99459016294651
63.32,60.248404953444414
13.03,13.114604437950492
185.12,184.7621675284265
70.84,69.59341001377592
8.77,8.680227050230608
102.2,103.82764857200641
49.43,49.28767528362608
122.21,123.80376922658276
108.0,110.59038977870323
485.63,488.128135432871
29.51,29.18468977875935
509.69,512.6496467496776
209.4,205.78757421252695
39.83,42.249890951448315
15.03,16.893302232497327
75.48,74.90276713023701
255.2,254.57258508017378
929.98,874.8631498369479
96.38,95.34903562475066
39.45,38.62211310625686
18.71,18.619611737446785
33.91,33.60877320968133
7.45,7.9626555789529885
59.32,66.94957213632185
122.26,119.19779960925966
408.76,407.5396520101004
319.65,315.0929266783325
31.94,31.757609318218975
147.25,143.82133239470866
395.26,396.41745953792235
17.25,18.95933812735483
14.54,14.285197948767205
59.54,56.73332976349273
14.97,15.984303311604124
8.95,9.263514971837628
85.37,87.06502736119486
8.94,9.263514971837628
197.96,196.7203810123018
75.1,73.12696857338986
4.55,4.802642173835009
30.95,35.429584403376
97.99,99.49491052867916
914.57,882.8390441808798
27.01,27.173883000784187
9.12,9.263514971837628
24.93,24.643651274932427
9.28,9.242703237505852
19.62,18.263253439172292
143.98,145.81609101062037
31.16,30.670645703580856
93.83,95.1076843940788
15.35,15.654813193882852
167.18,165.1146450306059
131.64,127.58826671238991
15.42,15.159194183104585
665.98,671.4082154814115
52.2,52.502136474554035
1425.34,1455.8178074132188
18.72,18.454033055749377
62.68,61.80336628387351
10.92,10.6806177151937
42.65,41.30381491722711
203.69,203.0655839703637
1459.2,1447.9836725648547
260.07,250.96872099462286
26.01,25.629182359145876
30.01,30.848619150108046
8.69,11.287154513022312
107.59,107.91581917009933
159.85,160.91818483955197
4.18,4.209201816339932
5.19,5.765726477902232
773.2,761.2447521044269
62.98,58.60581217881294
176.64,181.82883095700674
451.12,427.3929531277326
575.48,572.9627463580832
263.25,255.86585698086014
96.3,95.1905285301007
38.81,43.232779638439645
4.15,4.177850371848827
1.63,1.876412641507243
4.53,5.083170557476946
60.67,60.73448710441595
8.38,8.680227050230608
211.56,214.0463529012893
9.15,9.536541960612373
3.54,3.72562046297173
56.55,56.85664387798654
108.52,107.91581917009933
35.03,37.21028366385195
744.34,754.8453828449477
969.28,990.1145962545888
470.57,468.8645890436666
297.33,301.4201624366594
220.5,215.6693288513414
559.24,564.4803740396603
29.0,30.377334060192183
46.27,45.288463629338175
294.84,285.8810035172356
382.2,390.57298966953135
147.07,143.6175060537072
29.17,28.41747022975582
479.39,488.1380346051259
708.71,706.4655500680765
752.4,770.042248727168
27.13,29.604206952965505
120.08,120.2764454439342
10.22,10.402017786863317
170.64,170.92612722430005
205.56,207.7267042851863
18.41,18.454033055749377
137.13,132.92728140359307
256.14,257.14066954497594
72.4,71.1704626894726
4.27,4.584353609445809
142.96,141.64710862493965
2.23,2.6160654736764193
38.19,40.95981752527322
73.7,70.86362954332367
160.22,161.07246542334522
126.3,125.6967806889157
36.18,34.89774854707831
15.64,15.838790521849903
30.11,29.422884860632863
8.06,8.738750319908158
21.9,22.293800176739836
14.18,13.718253168286797
12.9,13.114604437950492
6.77,6.992586173315256
24.37,24.643651274932427
55.08,56.672118848202096
57.53,58.115390440231344
51.02,51.020097645677936
110.25,106.77824967011777
1004.5,976.1494873312779
45.35,43.314040870885954
43.82,41.83727417218346
27.25,27.725795657263863
90.24,90.64804531556086
129.09,129.52105213784773
56.22,55.45335074767721
436.98,423.6839018180817
178.68,177.6694696187288
31.31,32.80576432566376
88.94,90.20470380671922
11.8,12.31010608383692
38.0,41.10079596766542
111.39,112.2899418236065
1478.28,1462.821774476132
27.78,32.46980866545754
35.62,37.05532528737646
45.5,48.101394569513
29.29,29.7671299367435
91.94,89.94325533502348
494.71,470.22888994769505
949.78,929.344311726999
16.4,16.597604613599813
19.01,18.77536967870753
176.73,174.13717472667636
9.85,9.94497315390125
18.82,18.77536967870753
41.98,43.61247536872068
6.78,7.131216622824273
64.97,63.86004743958772
7.52,7.933424612968367
58.27,56.73332976349273
10.35,10.884113462573731
7.43,7.716993113252487
47.36,45.93259694583542
29.45,29.185114265939312
1058.93,994.4310172696377
19.04,18.776907427102387
1.04,2.406981409251394
303.55,305.01867495500545
13.0,13.114604437950492
17.0,16.663602673170136
598.52,608.5766159767173
116.79,116.74672539840458
264.52,263.44296317139793
75.14,83.65134543582772
14.36,14.518595065608613
385.25,385.55949375910984
636.14,637.6210652018075
91.89,91.88980820093956
122.72,119.78888425263845
1.65,2.406981409251394
11.98,12.166269847924612
141.72,140.45971245745014
13.86,16.54626403717038
190.1,195.02585900753806
162.03,161.3524627469714
102.58,103.96766502911571
60.0,61.410830610132706
356.06,361.5189985525547
21.84,22.783938028770752
32.49,31.757609318218975
11.61,11.848022659287986
6.42,7.1432664048348435
13.91,14.34240453134928
579.01,557.5574194787657
20.45,20.471312655626736
19.35,19.395351023682448
485.97,488.6747452090825
48.96,48.46926646122573
68.11,66.57995132570382
70.46,69.94574970613778
5.22,5.333210941579161
166.88,168.4964914084551
63.63,65.61259234945896
5.83,6.07222777822216
63.62,61.67374435381684
2.73,2.821753848875997
3.54,3.7190818681520463
15.67,15.838790521849903
6.69,6.992586173315256
2.39,2.5775335818203886
7.78,7.9626555789529885
2.59,2.9202072123633074
1.5,1.7848072805248434
22.05,22.158321452250664
1.89,2.0643077787084763
156.84,154.13427767369518
104.95,103.38376516142795
52.88,52.7767303620511
1572.03,1625.3517896977366
140.46,138.96688343473522
29.67,29.300626125855306
374.3,387.80355247506066
13.74,13.804807957867903
10.22,10.665394860564613
36.07,34.67344293991632
23.39,25.413967744829247
18.56,17.856174537251295
174.25,178.90534791530072
83.78,85.44215039064821
8.93,9.21988828017726
25.46,25.27921928410917
46.08,49.83361988483248
79.8,79.00049850286518
32.95,35.80341633611922
48.5,47.503779674221065
102.01,104.26461046648492
956.67,948.7011831501854
112.85,111.44417340041169
257.81,253.77572222838367
31.32,35.38936993663004
38.35,39.17641069341532
34.82,35.199843321721914
54.78,55.88280437800204
176.74,176.6716881723008
476.81,468.8645890436666
35.86,35.95265599517299
12.4,15.614134034583639
13.13,13.598339904440126
137.12,139.38025750063605
23.43,23.341055180317124
59.54,56.4697024295141
5.15,6.003868487155769
203.2,203.62790986122653
35.93,35.53276708303744
283.99,285.66883036553287
11.46,13.131124598114475
311.48,315.5780865871722
3.9,4.249650635896198
22.53,23.479284785924552
23.26,27.054918083359794
68.51,68.81499715246271
236.98,237.8639398178573
7.68,8.155462398301138
21.09,20.998914046317953
16.67,16.356686315064316
7.34,7.78166501008614
67.02,64.75147780333234
7.47,7.9626555789529885
116.42,116.74672539840458
14.48,14.38156128140361
26.67,26.594168079300847
6.79,7.088910561603372
908.1,904.8904545100038
427.44,433.5141328423096
971.46,1013.0499955667424
77.84,81.78334123390256
31.6,31.625358781260896
19.46,19.395351023682448
9.46,9.558418518250786
677.63,671.6570410000752
89.7,86.51903287989171
49.46,48.41874848130015
23.0,23.341055180317124
8.27,8.652431187404773
14.05,14.34240453134928
24.78,24.643651274932427
30.51,31.181542911423573
90.41,89.33751522558424
16.8,16.570026641308676
35.98,34.740940449848814
149.9,152.5986338754827
13.1,13.598339904440126
3.84,4.249650635896198
286.24,280.80786501884916
29.68,29.300626125855306
12.85,13.056646974195488
35.52,34.740940449848814
186.48,185.4508953833111
35.8,34.82126571407052
34.83,34.07489763463727
137.79,136.2397449480779
284.04,285.5891875525974
97.15,95.331509212513
153.78,153.0560044231779
535.18,520.400663759223
23.62,23.63802464495478
121.85,123.68327356967625
74.56,72.98266009580263
308.44,302.36992678305364
90.74,91.39587213711268
287.6,286.92646742818977
36.06,37.82182250675962
1863.33,1864.170596417118
56.28,50.96169343425299
60.84,56.4697024295141
12.94,13.114604437950492
2029.35,2003.518502361312
48.26,48.08980859465386
3.1,3.529491718197054
5982.92,5692.398366974812
158.34,157.69404776371445
945.82,1006.6951502733808
188.01,191.75772239865705
40.65,41.24741438652725
187.87,185.4508953833111
7.0,7.339327594318627
16.22,16.16110206134325
129.35,129.10062781804695
33.05,35.20416139591412
2.43,2.389638444619156
3.43,3.7228944144196596
15.45,15.35024347532446
400.74,411.7053165846127
2.79,3.352322616620148
48.11,45.93259694583542
28.07,31.857236610495953
102.67,104.26461046648492
114.01,112.66086147772069
135.08,135.25176257439307
56.2,58.47628385303323
252.94,252.31179407872398
375.19,374.75491137802067
397.54,389.1370148997476
81.57,84.49787049182078
145.03,144.24577185283573
65.26,63.645840901277914
11.0,10.867179371346424
3.14,3.529491718197054
57.96,56.73332976349273
2.92,3.288938646087982
24.04,23.769469470871567
419.94,425.85740498118605
79.44,78.48820502799428
222.97,227.09966790048915
56.12,53.91082969068034
108.33,106.95849562935122
42.5,44.7739407963674
12.91,13.114604437950492
386.6,383.2455720473199
52.06,52.539770751757445
175.3,181.37196747298677
11.34,11.709225214962546
73.06,70.86362954332367
24.57,26.4602640701141
107.35,108.7966644751563
256.12,250.66444511964403
109.8,107.28354752133342
27.4,26.342360493462486
165.97,164.41098006695154
525.66,540.0372805225677
85.76,84.98725077001933
6.73,6.992586173315256
17.37,18.35488897985568
13.4,13.28931379458109
417.14,413.88779434780724
131.46,130.86779915947378
56.72,56.62243300377208
12.83,14.045870389057416
172.0,170.48131941842934
260.29,254.7300157869914
318.11,316.33207107055995
287.84,286.6640987202643
181.48,184.4344889632006
73.6,71.23689625278516
97.33,94.4357748348141
26.14,27.46519726741608
106.2,96.02468197718592
25.14,24.643651274932427
45.01,45.89948187705987
388.14,387.2167668610947
10.21,10.665394860564613
105.54,107.17896460779772
117.11,118.3620367858163
166.33,167.58851984564072
84.74,86.1587829873279
145.73,145.4998834797227
160.44,160.62463537878966
25.28,25.27921928410917
263.2,264.9257317256833
60.2,60.75303277936334
139.0,138.33352130365736
9.87,9.99358659357444
15.5,15.674636904200293
103.6,103.38376516142795
11.63,12.31010608383692
15.26,15.231968388139892
18.34,20.280945581804232
28.16,28.99745525864571
16.58,16.750598536144583
10.98,11.585088717503856
285.26,288.40719106172037
6.69,7.1432664048348435
9.63,9.99358659357444
5.87,6.07222777822216
188.95,185.2321749870867
55.8,55.714850448508805
103.1,104.61080885076848
61.6,60.75303277936334
77.58,77.93475209970161
12.24,11.977200052065562
1123.72,1114.1270795360674
44.46,41.83727417218346
326.05,325.6456609759539
4.93,5.511707276201457
21.01,20.998914046317953
50.42,50.838198472588516
12.33,12.548997914218111
4.09,4.420703624040996
5.41,6.085180972076818
11.35,11.848022659287986
24.41,24.643651274932427
54.26,49.398181423133614
75.44,74.52950042077552
121.8,119.38567542116641
3.46,3.9111127748145327
8.1,8.141535584462725
20.88,20.824593234481046
644.6,639.629815766463
454.31,450.4386471859177
13.36,13.525449457787344
42.76,41.76264346162866
77.19,77.09737754925965
363.96,366.3531211152692
73.46,69.58184786391593
5.86,6.07222777822216
1449.95,1499.9883935029225
110.07,108.35638440759641
741.04,727.8874637157293
552.56,552.6885615686442
151.16,150.153265704786
18.14,18.335003066153156
4010.4,3697.158675194569
23.51,22.941294686694288
69.51,75.11959541543952
418.4,415.0256579593555
19.97,20.471312655626736
248.79,248.07637977951228
109.68,107.1013059304634
530.75,533.4746246393177
13.9,14.273497722304556
12.81,13.114604437950492
218.91,216.52160788897183
370.68,362.7312897761538
248.5,257.16814323417793
19.16,18.776907427102387
33.46,33.60877320968133
40.2,40.09673757189165
54.58,53.47243585481496
12.34,12.548468748877452
488.13,487.79818491857486
6.57,7.054275745121684
70.44,69.59341001377592
25.11,25.27921928410917
32.31,31.757609318218975
24.79,27.56719812400419
336.02,340.8138940365583
83.83,83.8353191709953
449.36,438.30028784697555
267.88,273.2383828404732
148.82,145.42786997972834
9.75,9.99358659357444
85.69,88.82020933441987
30.43,31.829725686179167
3.2,3.529491718197054
333.04,334.5054232903959
107.09,107.35150092646134
10.82,11.39097802632592
1.99,2.1208183312604607
4.99,5.333210941579161
14.82,15.16363270398548
51.58,50.698993234603456
9.82,9.94497315390125
20.92,20.998914046317953
19.29,19.295772653122715
32.45,31.09312863840379
11.36,11.848022659287986
46.57,46.03919345498004
11.45,16.29596749085433
14.33,14.547900659006833
40.94,42.24407092428737
55.56,55.88280437800204
48.9,48.38676758738562
59.71,56.73332976349273
83.98,86.73853662842834
25.29,30.766661207504473
729.1,746.7219120975748
203.12,197.31599067232165
40.0,39.85204706317574
19.09,19.46036443421392
23.74,23.479284785924552
12.33,12.548997914218111
182.82,180.63995013559506
38.92,39.79674054124767
62.05,61.0375473667753
9.49,9.628319473466137
12.73,13.114604437950492
24.97,26.484843098496935
10.62,10.867179371346424
9.59,9.99358659357444
24.16,23.769469470871567
176.64,180.50239583139256
51.6,52.24151924381305
89.41,86.46196002218483
10.49,10.402017786863317
131.44,129.89734312480232
108.0,109.87301700275654
32.77,32.754462482761255
55.04,55.88280437800204
81.26,80.99321402696883
97.94,99.34700807135516
140.11,136.45813253084734
39.35,40.36156026400285
408.6,413.97949125623455
66.04,67.14746416966183
33.67,33.34867943025958
16.86,17.015164238786014
135.27,137.20123367300144
166.62,165.8273080509971
2.6,4.896604807718564
5.07,5.511707276201457
184.22,182.83665683103786
58.32,54.43353283648021
711.76,698.8181488373482
91.66,90.0307913206415
30.56,30.29866981203391
168.99,167.89466405698607
932.31,917.4266024370291
23.84,23.63802464495478
1.84,1.8413178330768283
27.6,27.173883000784187
198.03,208.5631409580668
16.01,15.950045296333757
10.52,10.095146667424268
90.47,95.80120390454752
27.3,11.728891782763403
207.23,205.78757421252695
329.92,334.5054232903959
41.04,38.707610586391624
22.42,22.356906219769275
195.64,189.31240640105145
3.74,4.249650635896198
28.6,28.41747022975582
300.61,301.2772058981427
196.96,195.51865823018304
5.93,6.571756085731772
189.51,188.16370766581153
482.11,481.1489255362489
13.69,13.67568223167978
24.64,26.63039242673582
317.78,316.35056374098934
246.22,249.09936434126092
88.08,89.04798845098361
701.48,678.3599829722996
13.85,13.67568223167978
18.21,18.449305531779764
50.8,50.11251509041466
230.56,230.38837872304464
22.65,23.385995197041748
10.35,10.223573082231633
1877.68,1925.6567361691402
29.58,30.848619150108046
345.55,349.4925912091817
27.27,28.574694389474814
34.61,35.06050123359085
152.97,148.04466783105374
91.28,92.16044147778857
226.47,231.21105909129747
62.52,60.75303277936334
19.02,19.529994687693666
158.78,158.31651526477913
12.37,11.937750125061402
28.74,28.41747022975582
14.57,14.585476306963619
44.67,43.83901171375738
78.6,77.8613727811148
58.9,57.93053270655094
62.8,62.58923693733471
132.92,135.40071684356238
15.79,15.838790521849903
159.51,169.00550493887567
17.66,17.645988273252964
12.97,13.056646974195488
52.23,49.699643921896985
235.82,235.92371614593384
26.62,27.790604574862034
15.47,15.554343498746688
120.79,117.71789356659065
12.6,14.366979785781876
36.46,36.03173678620458
9.99,10.402017786863317
242.11,236.60630275520043
234.29,227.84361131439903
57.18,56.62243300377208
16.22,16.16110206134325
258.14,254.7300157869914
406.87,407.1269347506109
536.91,529.3560858343465
13.7,13.830591552130763
43.36,41.76264346162866
11.31,11.848022659287986
206.68,205.95322935849046
287.34,285.66883036553287
25.61,25.808409356804635
9.51,9.628319473466137
568.65,557.3036224530603
65.44,63.86004743958772
104.9,104.7816502295532
878.69,825.29376771976
19.42,19.529994687693666
116.99,117.03718831898236
156.04,159.87000977527268
21.38,22.293800176739836
76.38,74.82473832961551
66.68,63.76591256637934
309.0,302.67779949931634
21.62,21.823072014266906
176.68,179.12071966361958
12.26,12.548468748877452
38.25,39.26447698943894
707.65,724.5683356307094
44.73,46.02902124463183
99.29,98.91313245439997
2.17,2.4634919618033786
53.4,54.07966113805147
131.44,131.65773699333462
19.31,19.395351023682448
73.33,71.74918972765609
748.95,749.8700678899121
29.72,29.300626125855306
95.05,92.69846437917052
16.12,16.16110206134325
6.34,6.7758116029610855
11.15,14.198438687847323
28.25,28.338641082656395
5.29,5.333210941579161
498.15,493.9013292156154
26.57,27.790604574862034
30.62,29.78891918161314
85.53,87.16805010529225
1312.28,1346.6694938854034
70.1,70.28444816978833
43.1,41.76264346162866
4.84,5.565464622496228
83.34,83.52987929530386
203.24,205.67982252263693
42.28,43.55679373566773
22.7,22.76134025883378
8.7,8.615098483500631
26.42,25.90013598784725
146.2,147.34067771107192
5.87,6.118136008428582
90.03,90.31722630243816
170.63,169.07187386969224
137.72,136.7159234850828
333.62,340.8138940365583
30.19,31.084218704990317
6.89,7.437890927023522
182.08,178.14611106503395
43.56,43.31984236521666
137.22,132.71924526919386
179.87,180.63995013559506
71.63,70.61946361487254
4.32,9.589799631067857
211.95,214.0221447942129
15.33,15.35024347532446
123.53,119.93378351146316
12.78,13.114604437950492
153.47,151.91500510193134
33.81,33.321054075844856
22.32,21.122604184413316
175.89,175.7529642180439
4.54,4.772248746647042
19.1,19.295772653122715
4.68,5.114922377189962
60.1,61.01715124761736
23.46,24.4295557543391
26.97,28.835216845141627
484.91,487.6619078771447
14.44,14.556810570275465
157.44,159.03420020312902
1072.32,1177.6364185001853
638.65,644.1466056135502
15.88,16.750598536144583
107.95,113.03989798947127
76.2,75.58921823772121
1.18,2.0643077787084763
24.85,24.584642409288758
34.68,33.75732834523536
198.16,196.0919284628422
452.4,450.44327442627485
7.57,8.155462398301138
36.98,39.494505663383556
124.07,125.47719760105065
452.88,450.14763412115997
3.54,4.0655680449625775
786.69,794.9540364024834
61.16,55.51277760914346
3.24,3.529491718197054
24.57,21.94068219904953
67.43,67.62749154332222
37.89,37.41061085510134
13.84,13.90489747240151
34.82,34.55627378596934
50.8,50.74634398989507
6.52,6.7758116029610855
18.35,18.449305531779764
12.72,13.056646974195488
24.11,23.769469470871567
403.29,411.23682735204596
297.66,307.5611847113254
175.94,174.13717472667636
19.26,19.529994687693666
17.05,17.645988273252964
154.01,149.20766936657657
456.11,450.19952858539483
92.44,92.28597030678905
82.7,85.12485657034303
82.52,84.00410539826653
6.3,6.548426337125212
14.21,14.556810570275465
21.95,22.007081302735937
27.17,25.935724227354818
119.38,121.15978765536191
27.84,27.173883000784187
16.77,17.22171441797075
98.42,95.76847110699151
65.92,59.10859189770292
25.75,24.674086594117902
65.04,70.39074049816391
22.07,21.122604184413316
1097.43,1197.4284783218998
285.7,286.81173013542195
133.65,134.58169439507535
326.95,334.5054232903959
1476.46,1768.8700380082066
9.67,9.99358659357444
965.49,984.09366551186
820.04,840.085282274126
18.36,17.803283962908566
26.71,27.46519726741608
27.0,27.173883000784187
96.58,100.13156622018465
8.3,8.652431187404773
97.19,97.03168981779895
46.43,44.75754633574301
175.31,175.6627310745547
95.78,98.66502596318745
58.92,56.73332976349273
15.3,17.011577319681894
49.57,51.40905134177757
18.23,18.449305531779764
3.43,3.7228944144196596
15.73,15.838790521849903
91.76,91.91865634042783
2569.97,2489.5413601669384
28.98,30.07880407411327
1.21,1.7848072805248434
11.56,11.848022659287986
5.9,6.379805494265498
10.0,9.71702488237653
18.16,17.53318181743548
9.24,9.586507691653443
534.7,521.8180674797236
51.7,51.020097645677936
74.95,74.26147260316147
39.03,40.008946170611985
4.3,4.558034082049314
14.35,16.17992890996605
36.03,35.11737957035572
127.14,124.51617766405026
4.89,4.990537311036243
122.9,119.19779960925966
89.02,91.24792642777706
47.9,47.90683910114615
62.98,61.019482964671035
135.25,138.26382537192868
101.58,101.92858617696608
177.1,177.20356830954734
35.14,35.354864163508466
22.82,23.323079534122872
7.82,7.813668141917018
61.83,61.76582668043481
5.75,6.07222777822216
12.14,12.410154893019218
66.19,64.91977300372595
80.03,79.00049850286518
23.3,22.80453352587656
25.13,25.27921928410917
131.27,130.17324497280345
83.47,84.98725077001933
192.52,194.1026049083011
227.54,227.3684193141757
32.83,31.09312863840379
189.82,196.29731845663076
283.47,287.6044416564697
13.49,13.634471586578735
130.08,129.06876579853784
57.38,58.0724951547823
894.93,924.6405455176742
3.85,5.910984480253633
33.41,34.560318805171164
164.05,162.6446726031741
97.88,99.2327530887088
3.4,3.7190818681520463
31.81,31.54897709667176
15.35,15.231968388139892
6.28,6.326246979922936
91.74,90.46775321512001
362.61,348.1710421867039
6.73,7.437890927023522
45.68,43.314040870885954
702.85,702.249324609466
21.18,21.50418903263475
53.72,61.026581978726654
267.42,264.64148523629535
102.0,106.53488709577907
399.72,404.3425502123748
2.22,2.4634919618033786
953.55,964.8374911743923
347.28,349.4381692621557
2.48,5.356380558071204
760.78,750.2743275699771
61.22,60.51632879878889
109.23,108.35970258067779
1056.36,1049.4853047251972
151.77,151.09866202081656
35.65,35.199843321721914
454.88,438.38222161351524
31.24,30.670645703580856
601.34,592.4678394867906
23.73,23.94657244092869
171.26,169.6872585530961
4.26,9.062190634601198
41.1,38.707610586391624
3209.8,3189.748466217306
285.04,286.92646742818977
60.48,57.1172133704394
32.96,32.67863520066013
6.4,6.94332148562304
130.48,128.37795805944705
268.95,273.2383828404732
31.79,35.94652775094547
44.44,41.83727417218346
12.75,12.816088863932704
24.78,24.31667278468264
8.94,9.263514971837628
263.28,265.4341214501734
566.5,561.9908309645672
18.66,18.77536967870753
126.24,125.76908235359555
21.67,21.122604184413316
16.82,19.30732211761041
20.73,20.471312655626736
1.78,2.406981409251394
545.6,525.4832301818417
798.82,776.720909397464
4.79,5.247684950802063
3.11,3.529491718197054
26.3,25.404121119816057
206.75,200.20649653112378
2.6,2.9202072123633074
28.13,28.338641082656395
442.98,443.6077502450027
143.41,141.26009287853054
351.63,351.5558968273236
39.08,41.90263737239726
174.28,181.03895620302305
12.45,12.691660190054838
43.71,44.486674845604654
379.67,386.57137645475814
331.84,327.8257859793537
68.28,66.70276704270233
3262.59,3825.99732622957
35.03,35.199843321721914
560.16,575.8718933971764
836.47,839.1852837996804
20.52,20.810307579899167
58.98,61.29115599147794
242.93,241.23354496316293
90.09,91.30530107333144
45.08,46.074136467432766
1.87,1.8413178330768283
117.77,117.60469996316361
479.3,468.883081714096
4.46,4.739770584084084
252.6,251.3714511425187
56.96,58.698830962246895
243.02,245.33679319484432
46.51,48.101060061635955
2.24,2.6160654736764193
378.4,377.7002289219738
7.85,7.9626555789529885
7.49,7.9626555789529885
1014.23,1026.693070067097
124.96,124.30653066251037
209.51,205.78757421252695
81.08,80.85164740281739
14.8,15.231968388139892
25.35,25.808409356804635
74.25,74.7200942561996
335.44,331.70814550661305
10.15,10.884113462573731
292.08,288.1129170408816
90.33,90.85741961157274
85.5,80.23349167025563
34.93,37.05532528737646
98.68,100.55264681322666
123.14,123.80376922658276
23.26,22.40672343109848
307.44,307.72874665030156
268.07,277.64387761938036
87.09,88.33495017418434
699.06,705.8345670273503
143.38,144.06709225015086
33.02,33.60877320968133
32.86,35.27010705403878
26.69,29.05357454339827
120.2,118.03633525396273
10.97,11.585088717503856
78.72,78.26293286495752
84.65,90.49983697816785
16.91,17.238900367383998
20.89,21.479610004251914
352.38,352.89720253745577
26.94,27.173883000784187
6.95,7.508882141758136
97.24,95.76847110699151
18.82,18.77536967870753
8.14,8.306429662015608
40.55,38.707610586391624
252.18,247.63246817131824
18.37,18.454033055749377
8.72,9.129463058691377
10.83,11.076239880401465
18.21,17.57289258172494
29.32,28.928650234308364
124.84,124.69066846580324
10.4,10.80371946065284
20.11,20.471312655626736
190.39,195.02585900753806
451.1,442.2721493103917
30.57,29.681851161168368
243.5,247.78220635096173
36.87,36.37972491896937
49.36,48.46926646122573
17.3,17.298004282997386
164.55,166.21608576661347
186.51,183.53669309995553
5.9,6.361308914400075
93.58,95.78112204079078
45.05,44.2165077268308
33.21,33.34867943025958
717.24,696.2688188670722
34.28,33.34867943025958
266.5,264.9257317256833
75.1,74.53253608001152
30.72,29.502058526363207
64.19,63.80874056097274
4.55,4.739770584084084
30.65,31.62065205362512
10.31,10.884113462573731
61.94,60.75303277936334
114.63,112.22389958324217
72.84,71.23689625278516
32.08,31.09312863840379
646.98,658.82690465829
173.75,175.2490345363915
88.18,91.40231037065881
33.19,33.34867943025958
6.8,7.437890927023522
182.96,177.76506940173684
19.85,18.776907427102387
38.65,40.91972461613354
77.36,76.45656287695667
65.3,63.777206551701745
10.92,10.6806177151937
14.27,15.51397607691565
86.51,88.33495017418434
69.58,70.83194549383103
6.96,7.508882141758136
28.69,30.599167602185805
190.15,187.70478727590566
117.78,123.79165647488567
84.83,84.97572765935126
82.51,83.33864523719119
35.55,35.95265599517299
80.26,79.66086257800727
465.2,468.883081714096
140.72,139.90579548864824
20.0,18.776907427102387
64.21,63.80874056097274
37.21,39.494505663383556
6.41,6.7758116029610855
137.49,139.38025750063605
134.26,135.22583570674263
48.57,48.00333626611154
18.04,18.619611737446785
3.66,3.8629509209800457
80.46,79.3953267036962
34.01,35.39887186817336
5.8,6.361308914400075
35.79,36.79480636967063
16.15,16.16110206134325
91.65,95.34155302136918
22.71,22.293800176739836
25.88,24.510458293273317
427.85,421.66639269113944
27.87,29.676350090886107
34.82,38.966297392879156
6.95,7.262386716616038
25.31,25.27921928410917
194.6,194.84726078459028
10.59,10.402017786863317
442.72,460.1294790495048
1.81,2.406981409251394
120.05,118.47329714844125
114.28,114.32328324416612
1.16,2.406981409251394
333.5,331.70814550661305
463.14,463.3433700567198
10.86,10.6806177151937
286.12,289.3705780117308
704.4,679.5163893672109
109.28,106.58795296646612
223.35,223.6001569714701
45.84,44.2165077268308
37.27,36.32189124495751
22.75,23.479284785924552
15.86,16.544755367014556
125.13,127.0514180578393
39.27,38.55391861270922
9.7,9.716708518479448
3.24,3.529491718197054
1532.88,1546.8095488676165
286.98,286.02477144705773
64.31,64.54183120674938
237.8,226.53347542285493
87.27,88.38329064074972
12.23,12.548997914218111
124.84,125.68052446305784
5.3,5.778253718546215
62.11,60.75303277936334
90.68,92.41733740792759
139.85,138.83350934806325
175.55,177.0687074054012
17.2,17.645988273252964
83.35,82.22163911291
5.36,5.676221669526573
80.24,81.47445082709456
34.7,33.75732834523536
17.7,18.288416151265256
6.26,6.326246979922936
29.5,28.10579609238605
54.4,51.05389688903887
66.79,65.74399989464995
15.24,14.530860414467707
2052.04,1991.052097602547
11.36,11.709225214962546
6.5,6.7758116029610855
111.02,113.70958565867247
44.86,46.53196493110125
74.27,74.75415514396776
21.29,21.122604184413316
101.72,101.42793978302686
26.19,25.80386342305864
390.05,394.98409851988305
544.54,555.2501297883051
13.96,14.34240453134928
30.57,31.520927813975295
60.73,60.75303277936334
60.63,57.24894162617049
35.24,38.76555468965654
4.16,4.177850371848827
32.78,32.548251446398496
80.75,79.89619063249106
30.33,30.36134688424183
46.05,42.20373293044745
37.28,36.32189124495751
3.88,4.078029993498078
121.89,119.49682161698465
26.96,27.173883000784187
638.85,628.6247691374778
7.79,8.098318690521252
482.16,489.1936598010754
89.49,91.39587213711268
1547.37,1500.7388497749307
63.05,63.80874056097274
25.62,27.113779322910464
13.04,13.25840539122524
12.76,14.556789699478832
149.94,148.37161950771852
11.65,12.102259770909415
4.56,3.7491471266469523
34.17,34.82114203995366
67.75,67.65006634600827
319.0,320.8192516453935
370.15,361.2164430785575
98.33,100.13156622018465
16.58,16.91530366989494
11.77,11.688431270760914
89.44,76.26820905429439
4.4,4.3970969535411655
28.89,31.41054953727176
134.1,135.78812427964615
19.62,19.395351023682448
5.07,5.511707276201457
11.43,12.916453779040467
1.08,2.406981409251394
17.31,16.574849068732746
167.91,167.89466405698607
10.67,11.13835057419516
7.22,7.339327594318627
343.19,344.9419121624249
216.0,216.52160788897183
4.95,5.333210941579161
105.01,106.53488709577907
10.82,11.260234928274244
14.16,14.518595065608613
66.08,64.84792134613603
33.98,33.27398282521577
65.56,63.86004743958772
22.71,22.293800176739836
103.69,103.53216301609393
58.48,55.69645501373013
135.4,134.82224258273152
717.27,713.0328596090723
32.23,31.09312863840379
18.59,18.962570276298873
81.29,84.37313106961561
50.41,50.44723775068811
26.63,26.594168079300847
24.27,23.769469470871567
21.53,21.122604184413316
66.61,66.77774786795374
657.21,659.2828540057653
206.33,205.6496898371463
11.39,11.848022659287986
14.81,16.893302232497327
586.12,592.0724882354924
13.17,13.525449457787344
24.72,24.79893022575666
28.13,28.99745525864571
81.22,84.37313106961561
35.15,34.397566118658624
9.42,11.654920437931876
85.17,84.58577657392726
98.96,100.13156622018465
6.78,7.390600858571427
769.74,749.7192949936523
100.94,100.14625572623547
87.52,86.49183287647844
4.24,5.412891110623188
17.47,16.907894225800185
33.32,33.34867943025958
10.3,10.884113462573731
5.1,5.435580088003297
68.12,68.01142091320631
33.45,33.60877320968133
8.38,10.313765031762212
102.79,99.29900047108396
23.0,22.933522526798246
46.77,47.86187186034133
148.56,149.20504697162062
5.21,5.333210941579161
92.02,90.0307913206415
18.44,18.449305531779764
88.42,86.95599477437023
251.28,248.00901819615996
25.18,28.53256628253718
190.91,189.74575559551974
22.23,21.122604184413316
36.33,35.999222760936156
209.95,205.78757421252695
133.15,136.39268123225884
451.73,447.80364859631703
23.15,24.9816974742776
39.02,40.72792606134383
26.48,27.639583145593235
68.72,68.02800273736341
246.58,248.0409374798725
488.48,499.9359086337072
564.84,571.1522702569621
13.3,13.28931379458109
76.38,67.08171163375627
19.72,19.548008249186765
713.74,725.3497085239294
3.58,4.0655680449625775
118.49,118.91014487611305
17.69,18.288416151265256
532.56,559.6569330225255
52.26,52.096149535707504
101.57,100.93928104532488
8.11,8.141535584462725
35.62,37.69210315291898
591.78,590.520273864409
15.16,15.231968388139892
6.34,6.94332148562304
113.17,112.66086147772069
215.38,219.76514529908047
66.67,62.697131416469034
33.08,36.05018493844865
27.19,27.173883000784187
71.96,72.65784118131438
250.5,249.82706347860397
23.96,24.063936353449083
2.5,2.6160654736764193
15.0,19.14316689365059
15.3,15.35024347532446
61.77,60.464772108628786
61.6,62.81786544396779
130.15,129.11446098948508
66.48,65.5053597241254
3.85,4.044687423014816
14.71,15.678870154468537
2.54,5.356380558071204
410.13,413.63018307685496
7.95,8.141535584462725
6.92,7.508882141758136
54.74,55.27557909476554
6.72,7.390600858571427
16.6,16.289805284955136
2.77,2.9202072123633074
63.82,64.5632181339098
211.04,210.3548707832623
26.05,28.882529357573876
50.18,49.351585990790454
1532.24,1567.1372332714604
28.3,27.814670201033802
33.14,32.610674712098955
29.73,29.300626125855306
19.2,19.395351023682448
13.97,14.34240453134928
3.16,3.529491718197054
13.36,13.90489747240151
28.59,28.41747022975582
14.83,15.231968388139892
76.2,83.65134543582772
761.52,747.8501754999206
121.36,119.19779960925966
26.53,26.594168079300847
47.08,45.93259694583542
25.35,25.808409356804635
70.98,70.90384017753188
43.86,42.48870369367565
15.83,15.838790521849903
30.06,30.394192524147876
117.32,114.75269764202346
18.97,17.803283962908566
71.81,71.96659251930046
53.6,56.23386925933938
43.28,46.38296233793714
64.59,63.27257419181637
55.54,56.71833526254292
7.41,7.716993113252487
767.25,784.7782651130367
267.04,267.5800901130957
53.17,53.47243585481496
142.6,142.1477151582438
119.18,125.06842520887302
20.08,20.608799295526367
613.14,626.1371380133983
160.9,161.07246542334522
29.07,31.97250612820773
112.43,112.67520329581423
2.24,2.6160654736764193
482.28,483.5267628846559
9.7,9.99358659357444
255.03,256.20032660877075
2.02,2.4634919618033786
12.48,13.206793601736827
263.74,264.9257317256833
172.66,169.25029665861763
95.05,97.82682801851992
13.92,14.34240453134928
66.27,74.1970825689609
39.59,38.62211310625686
73.47,70.86362954332367
112.91,111.99827015259001
8.29,8.306429662015608
203.0,204.08617628076365
194.49,193.48029724327847
192.7,189.31240640105145
16.68,16.351856125669205
146.65,143.9561932988548
59.68,59.91752169472181
5.54,5.930240871227348
95.46,95.76847110699151
604.85,590.5191940956512
606.71,601.9346403247288
231.43,234.66607908327697
131.4,135.40071684356238
290.04,287.6044416564697
269.08,274.32728422274363
34.77,34.07489763463727
100.72,92.00162738881606
8.72,9.21988828017726
190.61,189.74575559551974
736.33,758.3608511476116
82.38,83.59792510616353
116.53,114.47755791053228
36.22,37.38824904869199
64.32,62.688032150055285
48.12,48.0858351399517
455.53,463.3433700567198
69.0,65.74635365684875
76.67,77.53520871163118
2.4,2.6160654736764193
216.25,215.8421075219194
16.26,17.864358365148234
3.84,4.027465314305163
26.96,26.009158116638645
827.06,846.2585038124572
4.98,5.1708864101926
48.54,47.870100496720816
19.3,18.651656746588277
34.37,33.44389472008654
22.49,22.661115474220857
794.42,774.7951765911042
3.5,3.7190818681520463
189.83,204.30744806847048
26.43,26.594168079300847
873.75,884.8609586293759
310.76,301.85227303982276
290.71,286.8719182268158
9.73,9.68448176050003
19.16,19.55475951225844
138.77,133.74184185675045
181.28,180.63995013559506
97.47,92.29325223533979
3.39,3.9111127748145327
7.11,7.339327594318627
4.25,4.558034082049314
591.3,567.0674214273209
36.03,35.53276708303744
34.03,35.12464731275717
227.18,226.90167790744977
408.24,414.69583786696575
65.08,63.86004743958772
266.49,263.6680946630264
406.43,395.18260921689944
10.23,10.223573082231633
55.13,50.881055307376755
6.72,6.4796018324407685
57.6,55.69645501373013
42.58,44.7739407963674
109.36,112.92243817620702
18.21,18.449305531779764
3.51,2.4366565941285896
144.14,145.59278707382248
9.73,13.886388249110519
204.78,206.98644570799195
564.22,570.8151036412863
88.53,89.4971383082419
30.12,29.373035197584365
8.62,10.648256770694317
6.0,6.07222777822216
113.31,111.90545789587009
1023.48,1031.8229492218638
30.25,29.422884860632863
44.65,44.950509577872374
887.26,864.0657889576586
567.05,557.6642578534583
24.71,24.79893022575666
12.1,12.166269847924612
108.3,107.62751888430024
25.44,26.94055312846661
6.8,7.131216622824273
246.98,247.88056851424656
242.14,239.52790768452513
97.3,98.97357556939781
69.44,66.78560793058831
13.4,13.521967913656527
524.86,530.7178276637499
18.64,18.619611737446785
28.37,27.11165098554582
108.54,105.59321045963848
42.01,41.53695805989881
8.76,9.129463058691377
10.69,10.6806177151937
10.33,10.80371946065284
51.34,48.86360379931035
330.23,331.42678065675807
144.73,144.24577185283573
284.34,287.6044416564697
6.57,6.715113173388371
156.95,156.0898848117141
125.61,125.37833900154361
116.91,117.55418198323804
367.02,362.8397575195944
49.53,57.67020620321331
33.69,33.60877320968133
244.01,243.8215725392452
197.9,198.13289678245627
368.04,357.176964477797
351.85,349.6433641054415
308.78,302.67779949931634
136.54,135.95571933778038
2.81,2.828661237426916
28.09,27.814670201033802
238.26,237.8639398178573
33.8,33.16569410997277
313.12,314.25053101552015
42.36,41.00084187113724
7.51,7.9626555789529885
92.95,91.22341834204916
4.54,4.739770584084084
2204.39,2301.78389302856
73.94,73.85158689812857
26.24,27.46519726741608
49.15,46.11047735838805
8.37,8.680227050230608
15.34,15.654813193882852
23.01,22.933522526798246
14.57,14.547900659006833
7.64,7.933424612968367
78.71,80.38322989467626
15.61,15.35024347532446
77.43,83.98528220919913
868.5,860.404475900188
6.88,7.262386716616038
80.16,76.04087738643155
6.03,6.644204883155484
35.71,37.05532528737646
52.63,58.55018915738099
2184.99,2229.4021489741917
214.96,219.35203627882322
3.36,4.896604807718564
22.36,21.122604184413316
2.0,1.932923194059227
1.51,1.5589865480094445
142.24,141.74540306644917
54.06,58.92008236954475
24.38,24.643651274932427
57.58,53.95700785598414
182.96,178.02571158332182
213.31,213.186121067419
567.94,557.9068230929684
5.18,5.333210941579161
462.22,469.45809621208406
19.03,21.191328532051113
52.5,52.502136474554035
4.36,4.558034082049314
8.08,8.141535584462725
24.74,24.584642409288758
20.73,22.132646499984183
330.67,333.3250156667223
11.97,12.166269847924612
29.43,28.41747022975582
39.23,40.242235400280826
81.4,72.90233001656715
218.12,215.6693288513414
36.85,36.259549157315966
7.76,7.9626555789529885
29.06,28.41747022975582
35.79,35.53276708303744
211.89,207.52911751514162
6.05,6.567700631466732
19.95,19.90826357417775
86.75,87.03079969857085
250.21,246.7513811335031
30.1,29.72788347187977
33.96,33.34867943025958
410.09,415.54578469006333
99.75,100.74357176231857
34.03,35.01001327461702
156.21,160.6316540235458
57.16,57.93053270655094
49.04,49.40786179085089
46.68,44.340366546770476
72.29,77.76027696522127
9.28,9.721816302091616
56.38,57.008301991673825
324.96,321.77154249455646
17.89,17.774427961857715
24.12,26.167147106546775
59.49,57.88013403342728
58.94,57.8296160535017
49.6,50.119028410259546
72.57,71.18653569658566
226.4,228.41486840121294
60.81,60.75303277936334
4.56,4.772248746647042
144.22,147.19008724425066
9.15,9.14925142570696
133.27,135.84457314196217
24.11,23.727857557795897
40.05,41.263562450922116
79.27,81.42586423918291
29.57,31.15295172918543
84.66,86.95250486547593
67.79,66.57995132570382
281.99,286.92646742818977
222.28,223.029923679766
206.84,208.49723455767648
131.44,126.31794633797558
24.36,24.79893022575666
1.03,2.0643077787084763
10.89,10.6806177151937
22.77,23.479284785924552
225.6,223.88462938043548
44.13,42.13899026079354
587.5,592.7907274463287
32.63,31.863099215916485
1123.55,1089.283785656248
69.62,67.98400311937968
25.31,25.27921928410917
104.0,104.04566632734969
104.31,103.38376516142795
3.17,3.529491718197054
776.84,766.2862407796551
23.85,26.080475826727845
9.95,9.94497315390125
33.02,31.09312863840379
38.69,39.79674054124767
126.38,125.47719760105065
121.34,123.08380404015581
308.92,301.4827687551718
36.89,38.061338402703505
62.42,63.87388672075291
47.81,46.522693252907814
7.51,7.9626555789529885
5.76,6.379805494265498
1.42,2.0643077787084763
96.69,98.28406227425916
32.4,41.88316014984588
183.76,178.54793029864652
233.46,235.61584342967114
43.47,39.24216084045794
80.25,79.78843712834232
1111.28,1110.8087348803756
596.53,592.7641552215448
9.88,9.99358659357444
16.24,17.822435905700686
112.99,111.44417340041169
1118.29,1113.0975652431373
22.25,22.293800176739836
386.3,382.33069015346894
32.97,31.09312863840379
25.3,27.7386257482066
18.3,20.1106393761372
15.84,15.838790521849903
1.85,1.8413178330768283
1013.74,997.1956218567415
234.0,230.85102524866394
42.79,41.38484107220718
2193.0,2094.9682897676976
37.14,38.061338402703505
52.34,55.053088301552265
85.04,84.35574031814032
34.78,35.12464731275717
35.26,34.740940449848814
69.23,67.4136437692931
272.61,273.2198901700438
3.56,3.8901348562968447
10.64,11.13835057419516
43.91,45.030973929827375
1.92,2.406981409251394
59.76,56.73332976349273
268.85,268.96225129498424
60.07,60.75303277936334
57.78,56.172979994226196
538.02,532.7975967476319
428.45,428.3422759698597
7.68,7.9626555789529885
78.52,77.71145837719203
51.36,50.621892341061006
488.5,476.63379253805624
2874.33,2863.77332628649
14.97,15.231968388139892
34.14,33.34867943025958
69.24,69.08086287617425
37.54,39.14024590146322
321.0,320.8192516453935
102.48,102.23029001091514
41.17,41.53695805989881
312.36,325.99053794563736
41.82,42.74028902888323
169.41,166.9439015593921
60.83,60.511932986798854
18.58,20.925908671668868
251.84,251.88072663326287
11.61,12.091953281256044
468.96,483.8894720536264
5.64,5.778253718546215
12.24,12.548997914218111
167.24,163.43258232046236
7.54,7.933424612968367
27.16,28.214597658778924
88.79,89.4971383082419
25.17,24.643651274932427
305.59,302.67779949931634
12.05,12.197053606448412
123.56,125.1101039480441
82.76,71.99424456800995
76.33,75.67493538974038
6.38,6.912816896353035
230.94,234.01825529743311
505.96,500.8136563916452
13.65,13.67568223167978
59.87,56.73332976349273
9.28,9.628319473466137
46.75,45.93259694583542
2.22,2.2733918431335014
13.75,14.273497722304556
190.56,188.90976124291467
173.18,173.2591251474828
29.51,29.18468977875935
29.62,29.78891918161314
503.44,514.1978023042108
163.2,169.32468507441132
33.45,33.34867943025958
12.55,17.728639902999706
13.95,14.34240453134928
3.4,3.9111127748145327
7.54,7.9626555789529885
946.05,968.0472153913738
60.24,63.75967973208824
817.71,812.6516726680192
35.67,37.43298474172703
163.31,160.91818483955197
542.56,527.7843260313549
15.36,15.554343498746688
131.58,132.70316730356214
32.9,33.961151171275255
42.57,44.7739407963674
20.99,21.479610004251914
83.57,84.58577657392726
129.65,130.8448598178206
60.05,59.86730812618847
283.24,288.4858002989609
20.4,20.471312655626736
27.36,27.659671911671833
12.25,12.548468748877452
572.66,558.1489785000138
170.45,170.08103760761247
57.2,56.65793371882789
452.45,450.35030148165464
25.01,24.823509254139495
80.22,82.543054699341
182.44,174.45529408135673
261.82,257.4337296265946
143.89,144.34928103163895
154.69,151.09866202081656
8.89,9.243260989585572
175.11,174.13717472667636
51.06,52.40668290210054
141.88,140.77756161858377
224.51,220.3158141574493
3857.67,3846.7587629632358
10.53,10.319285496546282
18.45,18.619611737446785
167.25,167.89466405698607
72.95,76.40576175469072
33.33,35.20416139591412
46.13,44.8893320467968
1509.57,1507.6738656693444
91.76,94.56531493415609
16.09,16.16110206134325
86.08,85.34347848253374
4.82,5.247684950802063
76.74,78.32049458150618
332.25,321.7770836673328
57.65,53.05257625416034
561.46,564.9006420044467
13.41,13.90489747240151
7.34,7.78166501008614
58.45,54.8765290254488
118.7,117.55418198323804
6.61,6.930825108218787
35.61,35.16375321666903
6.69,6.992586173315256
40.47,38.707610586391624
27.69,27.173883000784187
254.88,250.66444511964403
454.89,459.40677011970126
93.01,95.42439390925516
135.89,138.72016676039814
15.31,15.231968388139892
131.74,133.72525609636446
191.32,181.37675269946695
326.38,334.008473783842
212.83,216.2741707408416
327.21,322.2504356036328
10.96,10.867179371346424
30.45,29.422884860632863
1622.96,1662.712158864553
88.26,90.20470380671922
13.01,13.056646974195488
183.67,183.06851182382934
184.63,183.409927063697
149.26,145.42786997972834
164.04,161.6205735136419
15.58,15.838790521849903
6.59,6.992586173315256
37.52,38.56152083112319
48.56,48.38676758738562
9.6,9.99358659357444
14.21,14.518595065608613
20.79,21.133588028613627
19.66,19.784471266451344
20.67,19.9371195752286
55.95,55.361908046481645
201.47,204.6497703031897
207.91,199.12643157906
31.98,32.19051801865877
13.94,14.34240453134928
6.75,6.992586173315256
99.59,98.91313245439997
2.18,2.2733918431335014
43.51,43.49332218302296
9.98,10.242450612668955
189.16,182.7122159571493
147.45,145.42786997972834
34.72,38.08313467519778
822.92,866.2935663091957
16.07,16.073846270852943
1043.73,1052.5554205160577
3.77,4.249650635896198
9.01,9.263514971837628
51.4,53.35136825989501
23.96,23.769469470871567
155.35,149.20766936657657
159.8,153.94122042609376
8.9,9.263514971837628
54.87,56.452962868032344
3178.32,3230.4687196066598
33.51,33.34867943025958
533.85,537.9713155773193
37.99,39.25824548982205
84.39,84.35574031814032
849.87,838.9244539489727
722.92,713.6756042670568
392.76,394.00496157583274
112.75,114.09420490118983
36.68,38.25617996419877
761.97,753.5809395977216
43.27,45.307400051323754
538.46,538.5152391127102
121.45,121.95632691074461
2.22,2.4634919618033786
16.55,16.356686315064316
174.25,175.7529642180439
75.22,74.52950042077552
412.75,401.23301381145217
64.78,63.00964057467056
53.65,52.00778787388033
526.22,530.6379043483997
164.26,163.8625002309669
733.79,766.3978261193461
56.75,53.422944837106456
113.26,115.68503309412574
18.73,19.602126498235492
21.12,21.122604184413316
31.62,34.05452170229326
51.26,51.61527079222099
1564.43,1610.807329390533
30.06,29.422884860632863
446.05,460.265756090935
101.39,101.59711098505508
279.1,277.24603127372956
126.46,125.63615247302303
35.29,39.60431824829914
8.51,8.680227050230608
3.34,3.9111127748145327
30.28,28.592694697911682
15.57,15.838790521849903
135.82,135.25176257439307
52.17,49.699643921896985
143.45,143.9561932988548
124.43,123.65785072472237
117.16,117.23383441824241
379.95,372.7166395342797
6.51,6.94332148562304
202.06,203.0655839703637
320.47,324.09436833246923
796.24,799.5795532809066
267.18,274.48120721630124
1620.87,1630.6743329862197
35.58,36.861177166079365
271.44,271.48536309858525
42.2,41.00084187113724
10.47,10.223573082231633
316.19,314.4041471912496
5.34,5.778253718546215
3.63,4.0655680449625775
42.44,44.7739407963674
133.18,135.95571933778038
7.5,7.9626555789529885
493.3,487.919519148097
17.96,18.619611737446785
217.46,210.8952138669098
229.23,227.46510405481877
23.72,23.479284785924552
156.02,156.0898848117141
204.84,203.1733356602537
352.47,352.8394690740816
27.21,28.767980011797516
9.66,11.654920437931876
246.14,245.05546842599554
27.56,28.835216845141627
88.27,91.49083110766934
9.48,9.99358659357444
42.22,41.12285706472732
85.68,85.34347848253374
51.32,53.097102866728264
1136.32,1137.3928118258605
13.31,13.525449457787344
77.24,77.9542422419421
124.68,121.04178894218379
453.51,444.4588686843724
1474.58,1410.8705800930209
104.41,104.26461046648492
6.52,6.930825108218787
912.63,945.1639249263144
58.37,57.8296160535017
2.04,2.4634919618033786
19.71,19.395351023682448
39.95,42.218398372481616
253.45,246.45550047139707
103.3,102.88901919444119
63.05,65.61259234945896
619.42,600.0158946023905
26.07,25.629182359145876
4.21,4.558034082049314
117.84,120.37233665980581
719.6,718.2087586118618
8.44,8.466022312984018
36.65,39.05012049852935
327.34,329.5352896813204
163.59,161.07246542334522
497.25,521.2650049494127
6.3,7.008979801953947
81.9,83.29448523494109
2.71,2.828661237426916
614.9,621.2995925749007
68.04,72.94519433068358
121.61,121.57804839070951
4.15,4.177850371848827
5.07,5.333210941579161
208.65,206.0530009921384
21.2,21.122604184413316
43.38,42.48870369367565
69.01,71.70043783750681
18.12,19.949749995622692
17.31,17.507987563846694
95.8,99.25876652057603
56.07,57.756522904793755
143.76,139.55388239038894
115.44,116.95402088995843
178.36,179.76148945567735
335.96,342.0960678039901
199.55,198.13289678245627
7.38,7.716993113252487
29.12,26.827347091623633
36.04,35.53276708303744
35.61,35.12109350872452
71.97,65.48828516254015
3.42,3.9111127748145327
35.92,34.740940449848814
280.47,282.4967916319243
182.23,178.59898181598098
56.16,53.91082969068034
39.69,38.63539944219481
206.37,203.74660589291287
199.68,196.0919284628422
124.26,125.1101039480441
50.42,49.958811274026964
1115.19,1135.47267114477
27.13,27.173883000784187
31.37,33.102363945242814
392.38,393.98646890540334
131.35,131.91555046481406
179.33,177.72052113606327
42.89,41.30381491722711
16.96,16.610202491090323
34.82,33.750528581580944
10.86,11.39097802632592
7.56,7.9626555789529885
119.08,118.79653940126516
165.03,168.19137635965754
31.1,30.670645703580856
47.55,45.93259694583542
37.08,36.13296825720279
732.73,726.6848177668758
461.56,461.8089104660491
30.86,29.502058526363207
1210.0,1223.3423295083005
893.68,881.9451756746005
129.17,126.99334654147127
208.52,204.1116680987083
12.4,13.858387450805852
15.8,15.410538157736136
17.55,17.298004282997386
72.93,72.45675522613341
365.16,360.8913932615406
367.92,355.81729224386123
42.92,44.22815085142164
145.6,144.63767547582344
7.98,8.466022312984018
134.4,136.39268123225884
17.29,17.543650105502497
529.81,530.0232670148057
14.27,14.518595065608613
85.78,84.47811712698235
67.35,67.93125668126487
2.61,2.9202072123633074
34.41,32.72845975373205
16.59,15.876832617315232
25.55,25.27921928410917
659.32,657.7616098071964
190.18,189.74575559551974
4.77,5.083170557476946
81.58,81.4455130111287
381.6,383.0947991510601
112.14,112.30670853127107
33.75,35.01001327461702
16.86,18.676498083143453
128.12,128.37795805944705
138.35,136.96844222672783
7.61,8.155462398301138
15.27,15.231968388139892
22.62,22.76134025883378
136.14,136.85680501994017
76.59,78.98332616171162
700.22,695.742603812848
25.55,25.590057040165796
18.47,18.619611737446785
132.52,126.72548849596812
95.25,95.97861216957472
27.85,28.403238311147394
91.0,92.52611012664845
105.61,106.14517597023753
6.42,6.94332148562304
21.22,22.62501687276634
14.79,15.231968388139892
1.62,2.406981409251394
32.54,31.105008824401327
85.29,85.32493280758635
53.87,53.47243585481496
16.88,17.015164238786014
17.36,18.00729361627781
3.33,3.5684391442716143
1499.14,1361.8800103259277
5.64,5.930240871227348
1039.71,1066.7812527195097
13.43,13.634471586578735
11.47,11.550561525272142
434.61,428.27672464012295
9.45,9.628319473466137
19.6,19.395351023682448
19.9,22.132646499984183
42.17,41.00084187113724
118.58,117.34688649168419
134.35,135.6372776504083
80.24,79.78843712834232
158.31,159.03420020312902
369.7,375.27528387447484
68.14,66.57995132570382
123.99,124.73649655939687
26.73,28.518904913653024
21.12,19.9371195752286
28.0,27.904363691878153
1898.75,1792.5667019591724
462.44,454.2535651424838
189.72,195.77014353175275
39.02,36.783285460092735
58.48,57.8296160535017
13.29,13.90489747240151
1787.12,1815.7044058604229
34.71,35.199843321721914
10.51,10.402017786863317
24.34,26.2459762536462
38.02,39.17641069341532
406.23,410.653036509815
3.44,3.9111127748145327
15.62,15.838790521849903
13.88,13.67568223167978
13.52,15.295805430936172
885.7,871.6593953427497
65.35,64.51810852032986
48.8,48.21211299701268
45.2,46.172878390301946
1166.04,1154.7669320705252
46.5,47.45374891144628
464.62,462.41795519316753
431.22,428.42749753638276
12.76,13.114604437950492
6.21,6.326246979922936
453.68,453.7414429417151
7.21,7.683750629313004
112.68,111.40106549876141
3.04,3.3704848838933117
37.39,36.888012722972206
12.17,12.548997914218111
76.58,76.21288294912306
30.03,31.084218704990317
46.33,46.73943931675515
173.21,185.77307017305384
202.54,206.30213018765954
79.95,78.48820502799428
6.67,7.1432664048348435
353.65,347.18686467916507
3.89,4.249650635896198
241.29,240.95384586368135
38.74,38.05729338350168
3.17,3.5684391442716143
43.79,43.83901171375738
83.78,81.97543581483625
1.91,2.1208183312604607
16.2,16.16110206134325
4.59,4.739770584084084
104.93,106.8886742080059
120.54,119.3329011065183
39.72,39.07651674483835
239.49,235.13095617389945
7.56,7.9626555789529885
6.21,6.326246979922936
7.66,7.9626555789529885
81.34,83.18648108274894
71.69,71.83552159770733
35.1,34.397566118658624
17.1,17.347098183332186
13.41,13.521967913656527
135.31,137.5988024634947
19.62,19.395351023682448
63.92,66.69123818413348
32.98,33.09831892604099
23.37,25.413967744829247
10.35,10.402017786863317
644.51,672.5161472726893
36.23,37.07043550051963
310.87,301.4201624366594
18.23,18.619611737446785
183.1,180.7942307193883
86.81,86.90970887481436
123.22,125.96970790612116
33.79,33.34867943025958
152.41,154.0429774122315
2.48,2.5775335818203886
59.15,58.685010279488026
96.49,97.10715888339023
19.85,18.776907427102387
7.74,7.9626555789529885
37.0,36.32189124495751
5.15,5.435580088003297
3.14,3.5684391442716143
2.68,2.9202072123633074
12.06,11.723180850364784
203.85,193.89220225643695
597.95,590.9892027783674
176.45,179.9157700394706
14.14,13.90753242983335
13.94,13.804807957867903
53.85,51.03997964275134
86.97,89.3477867623108
21.59,21.122604184413316
138.46,139.90579548864824
5.2,5.333210941579161
14.04,16.003738375706714
590.96,572.215673342293
56.69,53.91082969068034
39.13,41.46403664197644
25.52,25.808409356804635
16.36,16.16110206134325
10.47,10.223573082231633
179.21,177.72052113606327
47.89,45.93259694583542
170.24,169.13915046279942
16.04,16.922246686948878
506.1,524.213976503302
5.59,5.778253718546215
73.97,75.97797344512003
79.57,78.48820502799428
72.36,78.71525502882812
259.8,256.6891450613445
299.98,304.6009238853542
113.03,111.92892218821231
16.83,17.015164238786014
22.02,22.158321452250664
185.39,185.4508953833111
49.38,51.62713049604452
30.27,32.627016491946556
256.76,254.7300157869914
6.4,6.7758116029610855
260.27,253.61023637921045
111.72,111.44417340041169
78.15,77.71145837719203
32.21,31.863099215916485
5.72,6.07222777822216
123.92,124.35187731687951
90.46,89.4971383082419
9.09,9.536541960612373
52.32,51.03997964275134
584.51,583.5192834778928
115.66,113.97100537815123
116.34,116.74672539840458
17.34,17.543650105502497
47.28,45.93259694583542
20.27,19.9371195752286
11.53,11.848022659287986
35.63,34.89774854707831
220.8,223.0114310093366
135.78,136.6527552300222
17.84,18.288416151265256
256.06,254.7300157869914
93.54,95.42439390925516
453.72,451.56270760778284
128.95,130.90908518512646
452.15,451.59500346789537
125.74,126.13374258339421
62.69,60.464772108628786
37.69,40.03390882749419
124.83,125.91865638878672
7.5,7.7545446074586355
56.58,57.008301991673825
244.22,243.35033566327317
621.66,601.1570296151696
384.25,382.30031673892125
64.68,65.42574129670024
270.39,268.69630227916844
65.94,64.91606043082558
31.99,30.765352843918286
10.61,11.39097802632592
31.39,33.32279823742178
58.75,57.88013403342728
153.26,152.1709631265301
133.31,133.36918085034458
713.67,705.7453976009357
509.28,505.74106307198184
5.49,5.864116806727806
20.16,19.19487185810747
9.38,9.586507691653443
192.67,190.86605869100524
16.59,16.356686315064316
15.11,15.231968388139892
108.98,107.91581917009933
23.71,23.479284785924552
580.97,580.9959433023806
34.27,36.38310869976418
62.25,60.56597753105888
177.91,177.1472509034041
7.34,7.716993113252487
14.56,14.585476306963619
19.8,20.471312655626736
15.58,15.674636904200293
355.49,352.9991093487385
921.93,917.0690121390115
134.77,137.29376691441863
9.89,10.499746789683646
106.77,106.0386282422795
8.67,9.829510841175045
158.51,156.0898848117141
34.18,33.34867943025958
32.68,31.09312863840379
16.53,16.351856125669205
23.05,22.933522526798246
560.82,557.6597366216353
432.64,425.85740498118605
2.35,2.2733918431335014
10.74,11.39097802632592
435.39,440.3302995476418
128.56,129.45019079700094
20.94,22.79492187297107
5.03,4.990537311036243
538.32,528.2272589074163
13.97,14.34240453134928
37.33,36.63440495751816
23.02,23.4019086812223
96.78,96.7481821838454
42.59,43.49332218302296
52.05,53.187519183198035
99.36,96.99580995073222
36.63,34.89774854707831
684.68,701.7409029677397
87.24,76.26820905429439
980.48,979.7147176271174
4.41,3.4296926324723636
145.89,149.09061053403929
263.4,264.9257317256833
58.9,58.29063311665173
25.46,29.345544058136852
212.4,214.23865921094216
1659.71,1687.735654310772
1140.99,1016.4545337611584
79.72,78.48820502799428
5.97,6.548426337125212
5.35,5.778253718546215
1.29,2.406981409251394
119.76,120.20147963397086
64.22,63.225046381608735
3.21,3.529491718197054
255.46,254.7300157869914
11.43,11.848022659287986
36.82,37.87241541494878
27.94,28.574694389474814
38.64,40.19144934020292
495.61,484.25503885588023
304.78,311.98606988353924
40.06,41.26170706891587
136.46,139.1030379452593
85.39,88.100456555354
194.03,195.71063340599218
1263.93,1240.558372711458
84.39,82.02908077822686
135.57,135.25176257439307
13.97,16.480779772878616
62.58,60.75303277936334
175.45,176.01839099765536
160.4,159.04656537915673
63.18,63.725899673086765
11.04,10.6806177151937
63.33,61.650753055160045
8.33,8.306429662015608
168.96,166.29133583439813
85.27,86.46048460681493
58.32,58.115390440231344
108.26,104.46103228154882
45.74,44.2165077268308
16.88,17.347098183332186
117.62,117.60469996316361
394.89,399.67070575970973
349.85,359.4741415147423
39.61,38.55391861270922
47.91,46.6188153001021
20.79,20.471312655626736
14.06,14.34240453134928
403.29,410.5326370281029
110.98,109.60156504858598
104.45,104.57666597874882
19.58,19.529994687693666
49.32,47.00270636965406
93.24,96.14311863568851
26.41,25.80386342305864
97.88,100.79028788592889
8.3,7.88269761754356
11.1,11.018754778280597
122.98,122.31515239870542
221.64,227.2949263668867
13.1,13.598339904440126
38.18,35.404816592923524
77.06,73.72150327389768
255.87,253.47237872433453
66.96,67.24573239527439
18.61,17.803283962908566
1.64,2.0643077787084763
112.64,114.05689449851248
17.72,17.774427961857715
63.88,63.64173991158883
1114.07,1060.0800973866235
31.95,31.757609318218975
15.98,16.16110206134325
464.16,458.038409792042
94.7,91.30625922993514
22.55,23.479284785924552
106.36,105.1328710973248
9.44,9.99358659357444
9.32,9.628319473466137
137.45,137.65141122117063
129.67,125.61785692542666
198.51,195.51865823018304
234.78,235.61584342967114
329.18,331.44527332718746
87.06,86.34476591467082
100.02,99.24612157045361
587.76,551.5591626419492
12.11,12.452449204962113
177.97,175.02773908578712
422.61,427.5967929207059
21.24,22.56404039222703
11.17,11.645215137947348
478.05,486.41155453099105
475.73,468.883081714096
106.88,111.8470485812281
29.2,30.636743475090306
179.33,180.43871678617657
17.69,17.83405171077446
586.58,590.7288901491828
342.61,338.3309140021573
26.46,26.594168079300847
9.55,9.94497315390125
39.01,39.79674054124767
36.17,35.53276708303744
3.08,3.529491718197054
160.39,161.73452792066675
226.35,227.57725450950412
31.49,30.670645703580856
355.06,352.43643518450114
28.44,28.351393063274873
294.47,287.6044416564697
49.27,50.33079547979952
20.25,20.471312655626736
99.22,100.13138649635569
87.36,89.30704828090086
38.21,39.229138803878925
5.11,5.247684950802063
45.07,46.074136467432766
25.83,25.463754252650002
61.96,65.14714872711676
89.34,91.30530107333144
377.51,378.5531360643135
23.31,23.4019086812223
203.06,204.08617628076365
7.27,7.716993113252487
55.24,55.27557909476554
127.86,127.04244581011717
10.77,11.39097802632592
41.92,45.077704564039074
22.08,22.451097203853276
4.12,4.420703624040996
11.51,13.168346558059277
92.29,92.58594761472906
58.19,54.16695544807183
366.84,370.4754839389925
9.09,9.263514971837628
10.85,10.6806177151937
50.62,50.44723775068811
71.13,73.06083719653702
8.06,8.141535584462725
8.44,8.680227050230608
24.78,24.25916278142033
36.74,35.999222760936156
104.57,103.51383121399854
111.27,110.10277961534177
23.56,23.63802464495478
443.28,450.31992806710696
4.13,4.420703624040996
30.01,29.395333266192736
21.92,22.453233468445735
4.65,5.083170557476946
24.26,25.353716955631338
529.84,532.8424214544561
60.61,55.98395946582957
23.87,23.479284785924552
23.84,24.063936353449083
52.55,51.870503352135586
33.31,33.60877320968133
3.87,3.959561807459626
96.95,96.7481821838454
9.34,9.242703237505852
157.56,156.35243345722043
1066.35,993.0939361247187
268.04,263.42447050096854
142.78,144.06709225015086
90.36,93.31189176773539
97.18,98.81782366244727
428.38,429.39640034675324
25.43,25.808409356804635
36.98,35.404816592923524
411.55,411.21833468161657
27.45,28.835216845141627
77.88,78.1076253066463
36.42,35.999222760936156
226.33,227.46510405481877
263.63,268.78748569445804
120.66,119.90561679436159
163.04,155.96686231433637
284.58,286.81173013542195
71.7,72.26518153126018
319.36,321.7595945815988
115.04,112.22444263879669
407.58,407.5396520101004
138.08,139.38025750063605
35.82,35.95265599517299
17.69,17.83405171077446
24.44,26.097277480063422
10.06,10.402017786863317
17.17,17.347098183332186
20.14,20.471312655626736
108.33,108.35970258067779
127.13,129.12131885177146
21.47,22.293800176739836
55.04,51.99402488839618
8.47,8.47278597220972
56.64,55.60562309993375
242.96,243.35033566327317
11.17,11.848022659287986
187.92,187.71116583443603
56.95,59.08319867136033
214.89,212.49025987291307
13.44,13.634471586578735
93.62,95.1076843940788
266.6,263.44296317139793
24.57,25.283108263500385
6.27,9.589799631067857
33.01,36.278137692800534
22.76,23.479284785924552
15.85,15.838790521849903
114.19,112.16327136734951
71.14,69.96667672323741
180.59,186.5019085140008
5.08,5.333210941579161
346.01,335.2985063196692
211.95,210.66557259025015
289.08,287.9960529335519
666.95,699.7317906910224
34.95,35.199843321721914
8.76,8.680227050230608
133.63,136.7159234850828
17.4,17.507987563846694
193.86,192.60031272450385
25.76,25.463754252650002
10.39,10.402017786863317
180.69,190.7437915425137
146.92,148.37218537114327
30.69,31.943470255130542
96.98,97.82682801851992
280.33,278.83399792107554
13.0,13.114604437950492
33.54,33.60877320968133
2.61,2.9202072123633074
35.38,34.37749296050036
39.23,38.62211310625686
23.38,23.09895063329412
34.44,34.90514126771871
13.65,13.67568223167978
297.43,302.36992678305364
469.9,467.3594829217518
597.7,623.024968526543
50.47,50.11251509041466
14.38,14.701425198119638
108.23,108.67769915367325
2.83,4.896604807718564
302.53,308.60186753544843
141.77,140.0917970034358
232.44,231.42118912334334
83.27,82.22163911291
74.2,75.57274248552251
20.31,20.471312655626736
132.4,132.2619841639917
354.83,371.1191587711691
84.82,86.73853662842834
10.73,10.6806177151937
108.24,109.49146792009718
34.72,33.16569410997277
14.26,16.300350785571386
111.86,111.28385873538748
53.82,55.42271957417762
392.18,383.15589512533785
265.05,271.5241248504892
74.94,75.39015069209204
30.56,28.592694697911682
47.62,48.075959194386265
343.13,347.06646519745294
54.22,54.339723604256356
122.22,123.25187545828449
39.07,37.717504017244316
22.76,23.479284785924552
15.34,15.231968388139892
9.32,14.022437942355857
3.39,3.72562046297173
23.49,23.479284785924552
99.05,99.86063521065036
82.33,85.03313137829025
86.64,86.92825454976175
22.92,23.479284785924552
76.95,78.8020350320093
48.31,48.477325779957326
21.42,21.122604184413316
80.84,77.5970546498512
51.2,50.621892341061006
268.48,263.44296317139793
123.32,122.01307264571784
24.47,24.093734674924455
38.67,38.05729338350168
145.41,144.8653196390397
120.16,122.85096810322199
384.53,386.78398334986997
293.48,290.51480136319464
299.82,301.2461009764948
854.64,853.7461413737627
342.9,338.041533956324
54.94,55.81416023155903
14.13,14.556810570275465
3.49,3.9111127748145327
14.24,14.511719606111532
255.73,250.96872099462286
46.34,44.75754633574301
73.86,71.62830223831651
420.42,413.63018307685496
356.02,360.90988593197
68.88,68.4982368366365
22.65,23.479284785924552
494.99,487.94895781483467
3002.44,2795.7406623332404
855.68,907.925945082379
575.28,574.0187600265625
206.49,215.70958812188255
12.87,13.056646974195488
144.98,142.7343962995741
190.48,189.58955072379888
84.16,83.8353191709953
507.0,502.43734443911177
42.76,41.30381491722711
96.05,99.76155000625754
11.48,12.339991811684747
4.68,5.565464622496228
85.32,85.14687385267699
40.37,42.707558211416966
36.34,35.999222760936156
738.24,738.2226067839321
68.82,69.5509701597268
597.93,586.7212825255575
5.33,5.676221669526573
12.52,12.691660190054838
616.4,636.1349786122996
158.36,157.67018580715222
261.28,263.57010299498296
319.66,315.9403824339228
11.2,11.495023464812835
4.59,4.739770584084084
33.75,33.34867943025958
6.4,7.1432664048348435
13.46,13.634471586578735
62.27,60.464772108628786
77.51,75.23670390360842
330.95,323.6062314656753
245.98,242.11607814003204
266.65,267.464860848669
52.36,52.7767303620511
50.15,60.72358877157225
18.32,18.449305531779764
50.93,51.020097645677936
4.16,4.420703624040996
776.74,767.1189197233402
7.46,7.545056128719472
149.56,149.62889826672097
83.93,83.50713073925274
27.08,28.298614660053452
455.63,477.1127847030284
347.76,349.6129906908938
2.98,3.1868180876541365
67.42,66.57995132570382
16.19,17.611379140691195
18.38,18.449305531779764
356.24,352.43643518450114
18.31,18.454033055749377
323.02,316.04269102472665
349.8,352.25380744114557
199.62,198.13289678245627
104.99,104.14779915261767
427.3,415.41347808329493
1184.22,1157.7564259796832
337.5,340.8138940365583
45.44,44.2165077268308
5.72,6.07222777822216
45.28,44.2165077268308
244.88,249.45112421924372
253.0,250.66444511964403
230.94,224.516411191072
6.69,7.3209870045569
135.21,136.39268123225884
243.86,247.43880367242318
39.84,36.895952284448825
7.34,7.545056128719472
147.83,148.37218537114327
37.04,36.32189124495751
19.04,20.382465882572653
8.68,8.615098483500631
48.53,47.71978959827293
96.74,98.5366136749193
233.26,234.01825529743311
13.5,13.28931379458109
43.52,45.42218911060617
2500.08,2399.5128415409777
27.91,28.835216845141627
705.61,720.26245190791
386.37,386.25272965987205
20.98,20.839676358641654
13.71,13.90489747240151
37.15,36.32189124495751
28.25,30.798047546753843
138.29,139.57697082126177
46.86,49.028628345615566
2.05,2.4634919618033786
316.83,321.7690159917876
432.43,427.2793858149785
64.84,65.29884052087928
98.05,96.93771148925758
7.22,7.616770932533256
34.41,35.768498856073286
18.53,20.436703523064967
50.19,50.11251509041466
123.35,125.43334620086803
1333.32,1346.9423466267763
10.17,10.42099139435934
118.79,117.55418198323804
63.22,61.650753055160045
14.2,14.518595065608613
6.29,6.326246979922936
8.5,8.680227050230608
5.4,5.435580088003297
146.31,145.7039332696407
19.78,20.471312655626736
715.17,699.9133979840274
204.52,209.54959344153994
445.62,437.1156970934368
9.33,9.536541960612373
17.26,16.907894225800185
234.48,238.70195666277246
41.3,43.14039521651713
12.31,11.971271314972286
19.0,17.803283962908566
66.43,67.51544593323517
18.61,19.264574827311424
806.32,815.2449929333374
55.16,55.27557909476554
4.56,4.739770584084084
108.59,108.7966644751563
45.75,46.070110057386856
23.82,23.479284785924552
41.7,42.36501355558029
39.44,42.724932084856825
12.2,12.548997914218111
177.53,177.0687074054012
271.34,274.32728422274363
31.48,31.757609318218975
30.59,30.29866981203391
5.44,5.778253718546215
16.8,17.015164238786014
69.33,67.4136437692931
3.13,3.5684391442716143
46.37,47.733166806961805
364.08,364.02127555579244
32.98,32.71188823306779
35.3,36.861177166079365
100.66,100.04335581081253
46.84,44.91837285841796
206.36,206.1420748497681
121.47,120.05953978791923
539.78,534.4689355457615
287.86,286.92646742818977
12.32,12.548468748877452
336.23,338.34940667258667
316.25,316.35056374098934
279.24,276.24755609937347
38.79,38.05729338350168
80.16,79.89619063249106
15.62,15.554343498746688
10.45,10.223573082231633
155.83,156.0898848117141
885.62,914.6333036235915
320.32,309.3948951764734
57.35,58.89834093767992
735.71,749.594268714042
1.82,2.406981409251394
128.52,127.42183971481897
245.66,244.72837220764217
459.4,446.7860275518965
15.45,15.35024347532446
2189.07,2106.7241766060547
21.43,23.955134021097276
66.05,65.74399989464995
5.75,6.379805494265498
5.94,6.118136008428582
292.49,287.6044416564697
10.63,11.39097802632592
76.16,76.13104815271632
121.83,122.69704510966434
31.98,32.246659192792606
89.1,87.95512553087124
69.66,72.79127133712593
5.41,5.778253718546215
2571.54,2557.3176622214582
269.31,270.68604595625123
4.93,4.990537311036243
65.38,63.86004743958772
23.29,23.613445616571944
44.74,45.9471864482251
6.12,6.567700631466732
57.88,62.55331420567873
118.47,120.05953978791923
29.71,28.10579609238605
532.16,524.3902118587775
160.45,159.7111541267663
27.2,27.047450652030275
413.12,425.707865398167
27.35,28.351393063274873
965.65,987.9578782852582
101.34,101.16014909057657
9.22,9.496586623298796
68.9,70.10238829060383
59.4,54.2052546849381
1.91,1.9938913449498687
5.42,5.676221669526573
30.72,30.426530771016406
981.64,1021.1198689832524
823.81,815.3997626451968
2.68,2.9202072123633074
47.69,47.129918536144324
36.48,36.560712871816506
149.88,151.91500510193134
634.4,629.3704101016802
21.04,20.613620810612357
28.96,31.591988081084402
22.76,24.609610862506912
285.58,286.92646742818977
34.05,32.72845975373205
11.35,11.618659937229607
96.9,95.24391918028881
276.86,278.47570046414125
30.3,30.394192524147876
58.56,58.53718155197901
84.65,84.4981902494397
13.19,13.598339904440126
273.08,274.4831187470556
1.88,2.406981409251394
9.38,9.536541960612373
32.92,32.548251446398496
145.94,147.3104867259628
98.18,95.92809418964914
54.4,56.23386925933938
84.52,83.8353191709953
168.1,170.16525777688756
2166.43,1960.8875974262576
569.8,552.8109185421501
7.67,7.9626555789529885
16.62,18.01318997002664
613.04,602.9807232717745
81.52,76.4021238408945
18.02,17.53318181743548
68.85,66.78560793058831
4.79,4.916867208491826
17.07,19.35439038127799
36.9,36.63440495751816
54.73,53.91082969068034
352.43,349.4925912091817
465.8,458.19839157473046
207.65,208.7504261971291
24.92,24.823509254139495
4.91,5.333210941579161
3.6,3.8901348562968447
1599.61,1542.741531877814
113.44,117.43182073487328
1.23,2.406981409251394
182.05,179.3054560089017
199.22,204.52937082147758
162.0,160.91818483955197
87.21,90.07084680566778
399.58,411.77832782489475
4.41,4.739770584084084
3.85,4.249650635896198
290.86,288.1129170408816
21.65,21.122604184413316
13.08,13.114604437950492
7.91,8.098318690521252
20.97,21.133588028613627
104.98,104.57666597874882
8.74,9.06086238069365
143.6,141.46738837008442
204.54,203.5878026856884
112.39,110.89606531011493
4.22,4.558034082049314
166.39,163.5898226928946
39.94,42.18817088630099
9.42,9.70303673993821
43.5,41.458111604140264
17.22,17.645988273252964
263.23,265.3539479685784
143.15,141.26009287853054
178.71,175.07930543402847
70.88,69.35036959820737
24.6,24.79893022575666
114.6,112.11275338742394
47.63,48.54033141537922
15.96,16.124911207402253
49.59,48.903873428382305
281.09,275.81654740613567
13.48,14.320747856575617
109.84,110.80184968567558
48.99,48.55548320536482
122.13,121.57804839070951
31.54,32.42668668827574
154.54,151.09866202081656
47.58,48.00333626611154
123.81,124.3547003661935
34.65,35.199843321721914
294.53,304.3231577375322
641.35,645.490192266012
19.06,19.784471266451344
17.05,16.92366876052758
31.31,31.943470255130542
845.36,858.4292881622072
27.48,28.955362656734234
33.64,33.34867943025958
546.6,534.2379548830976
21.65,22.158321452250664
14.08,14.556810570275465
38.72,38.05729338350168
360.75,361.6544554350784
299.5,301.4201624366594
175.03,175.90724480183715
93.72,91.30625922993514
79.51,79.7080640013425
30.02,30.506672020350543
514.82,511.12634735304675
227.83,228.72274111747564
2.99,3.352322616620148
44.86,44.2165077268308
36.38,38.14998035122024
227.36,227.57725450950412
352.93,349.4925912091817
17.85,17.83405171077446
211.0,212.8506648656045
1109.61,1131.2010491887888
15.83,15.554343498746688
14.09,14.4856419341285
41.61,39.38340990698133
174.17,175.7529642180439
107.53,106.3495591746338
22.72,24.691604778374188
237.88,238.4251121415311
117.0,118.10229007353479
11.4,11.709225214962546
141.53,137.04009117531
26.13,27.46519726741608
96.48,95.76847110699151
43.28,42.48870369367565
121.07,123.914915422401
7.64,7.9626555789529885
21.17,21.57860653076732
224.21,224.1214526081771
17.48,17.298004282997386
186.18,180.64443636796975
157.95,159.48086399100077
32.2,31.757609318218975
164.51,160.91818483955197
311.93,302.67779949931634
58.63,56.65048887560676
72.86,72.01818467416172
34.83,37.61966274753562
102.45,104.46241099610246
6.57,6.992586173315256
110.03,111.19082667716829
217.52,216.50311521854243
34.7,36.99870064043128
53.21,53.097102866728264
67.52,59.10859189770292
74.25,73.50023528285135
644.8,650.2067286544785
4.19,4.558034082049314
14.61,14.547900659006833
1371.02,1398.8530250927859
49.46,50.119028410259546
37.9,37.71036658946246
46.75,45.76821151243615
395.5,391.315100422568
47.86,48.69310664842277
14.01,14.511719606111532
710.15,699.7626250877676
192.96,195.02585900753806
43.72,44.117205870806444
36.33,38.25617996419877
10.13,10.884113462573731
33.08,32.610674712098955
61.08,61.95404871928934
36.92,36.13296825720279
8.47,8.680227050230608
62.58,61.79202493971239
36.04,37.47008384509872
6.72,6.992586173315256
40.94,38.707610586391624
132.09,132.73638282800914
57.15,56.62243300377208
2.29,2.2733918431335014
2.95,2.998922950452903
537.88,538.4172659653112
92.46,91.30625922993514
2.57,4.896604807718564
345.48,349.4925912091817
22.46,22.62501687276634
155.22,156.90622789282887
57.92,59.26939354421406
88.05,87.01428244174006
136.46,135.95571933778038
160.35,164.17939710019905
3.91,4.249650635896198
15.44,15.35024347532446
74.61,73.12696857338986
953.14,997.5981736349108
160.84,153.52932557331334
19.62,18.263253439172292
993.12,1013.8960872145809
63.95,63.382783034727815
168.08,168.4964914084551
56.0,56.37211043855189
98.28,96.7481821838454
86.37,85.86389962967876
44.16,46.38296233793714
315.09,316.33207107055995
192.7,192.6386960405991
384.02,382.45108963518106
95.56,95.95425416566391
13.41,13.634471586578735
49.17,48.21211299701268
67.14,64.75147780333234
124.38,125.1101039480441
3064.92,3375.2596676930325
10.22,10.402017786863317
208.72,211.0146106086387
12.91,13.114604437950492
60.21,60.75303277936334
41.94,40.20979046211477
200.59,201.2489767433873
12.36,11.977200052065562
229.84,228.25070046997607
25.91,25.463754252650002
4.01,4.420703624040996
132.37,131.8650324848885
38.02,36.8220736733772
318.4,316.33207107055995
97.31,95.331509212513
387.38,386.2903907922081
12.34,12.548997914218111
40.9,41.38330710829399
46.68,46.07981370451646
4.04,4.215360451506396
438.37,434.08481883681674
1254.19,1340.4978083011335
29.28,28.566794249369618
119.06,121.4608734168185
13.01,13.056646974195488
62.91,66.90562550466855
451.17,444.7869980060189
3.84,4.078029993498078
265.38,269.0657588421924
14.91,15.16363270398548
23.47,23.479284785924552
34.54,34.37749296050036
113.99,115.24445539042065
1423.2,1445.365722077241
14.35,19.14316689365059
41.39,43.14039521651713
137.25,136.96844222672783
25.03,26.02592903650273
289.27,291.4645657095889
319.76,316.35056374098934
36.89,38.78242787797416
47.74,45.93259694583542
130.16,127.84678144212063
2970.98,3009.5232431009235
35.34,37.05532528737646
163.66,162.19729560639502
667.9,696.4957763182865
30.6,31.96000365639136
1.82,1.932923194059227
3.12,3.1868180876541365
222.55,222.21522517609657
139.95,140.44215719390132
77.67,76.44891701098094
88.28,89.33751522558424
558.8,565.158253275399
1235.04,1229.414403077141
4.75,4.235722240301901
7.46,7.9626555789529885
32.53,31.757609318218975
62.5,62.06825570795403
27.59,26.741904466789943
31.25,33.72219832105594
49.68,48.38676758738562
3432.8,3215.620345588989
9.88,9.94497315390125
8.23,8.812809378256263
225.06,227.46510405481877
352.27,349.58894215841553
54.51,53.47243585481496
193.23,196.4578039758947
54.91,56.11633958017368
25.7,26.68697025544531
4.61,5.083170557476946
432.25,428.53433591107523
888.26,951.3970146016716
93.39,92.28597030678905
57.79,61.86343672446176
87.0,78.09436162121315
6.72,7.131216622824273
100.43,101.81433119431972
80.18,82.00431609702063
115.85,116.95402088995843
27.03,27.173883000784187
21.84,21.122604184413316
18.28,18.619611737446785
283.44,291.26380339040713
12.07,12.166269847924612
200.79,190.10230141625334
94.7,96.97631661345883
360.48,354.3837145577061
342.51,346.05480075923134
81.84,75.54794690297554
472.72,461.88188650612585
26.01,25.629182359145876
526.09,538.5152391127102
20.5,20.091223360705957
64.29,64.54183120674938
31.22,31.62941223427237
3.19,3.5684391442716143
190.14,195.5867896828672
20.88,20.998914046317953
98.93,97.60465651913312
2.92,3.352322616620148
427.77,438.9057468747679
4.91,5.333210941579161
50.38,52.601445871976026
82.05,83.29448523494109
142.35,142.71644753566187
73.0,69.58184786391593
845.05,840.342157371534
4.75,4.990537311036243
8.29,8.306429662015608
2.48,4.70870967051733
14.37,14.547900659006833
26.26,25.629182359145876
83.67,84.98725077001933
23.65,25.29935848931222
319.26,329.67418183346194
31.02,32.33197954793831
20.5,21.066747520204856
109.23,111.06694110445042
513.28,511.45335689095197
8.95,9.263514971837628
62.52,61.79202493971239
10.69,11.39097802632592
21.34,19.9371195752286
21.99,22.293800176739836
174.56,172.62663178669538
167.51,168.04894464077933
47.64,44.96768108006248
17.23,17.347098183332186
12.18,12.548997914218111
142.75,141.57853456590263
21.85,23.08510655791808
57.26,56.62243300377208
62.75,61.507510352300415
35.26,34.397566118658624
49.79,48.29394779341941
112.54,111.7674156532356
1.02,1.876412641507243
40.03,42.24407092428737
565.04,564.8821493340174
57.7,61.85576176958096
49.53,49.565423327308025
160.55,160.91818483955197
9.5,9.99358659357444
690.57,695.6374440367106
17.31,17.238900367383998
110.24,107.99806344290597
3.17,3.529491718197054
85.32,88.03557851334648
132.94,128.2156750560972
319.02,323.8940817788637
1773.77,1525.4295958611153
35.93,36.13656189988269
3.11,3.380544007070381
344.61,356.8461091546911
26.66,25.519644438238394
259.31,254.7300157869914
233.66,235.92371614593384
259.36,258.14140030315997
6.39,6.7758116029610855
51.07,52.114722358138344
136.92,135.6372776504083
114.35,113.14561026552131
508.68,515.7001929227038
31.15,32.33197954793831
126.01,126.13374258339421
366.23,362.7312897761538
30.31,29.395333266192736
84.11,83.8353191709953
76.06,74.52950042077552
354.68,350.34962971451847
41.28,43.11603039994533
79.22,81.42586423918291
31.38,33.41894316257644
35.93,35.53276708303744
16.45,16.16110206134325
154.09,153.9989542665175
241.09,239.93321427580372
114.85,115.01391961578541
29.13,28.897296317344324
24.52,24.643651274932427
12.64,12.959313768714301
32.41,31.863099215916485
2.78,2.828661237426916
151.2,152.5986338754827
663.75,658.7563933120302
78.96,78.53082601769118
6.94,7.390600858571427
197.32,204.08617628076365
10.47,10.402017786863317
87.07,87.62738467570702
255.26,253.7806887190723
117.42,117.03718831898236
23.09,26.117746661063414
331.44,326.2772043183912
32.83,34.0018007218606
744.76,749.594268714042
78.34,77.71145837719203
89.02,89.03377136554576
88.97,90.20470380671922
19.17,21.960716308444088
2.11,2.0854967059322678
22.74,23.479284785924552
158.28,154.3683293820899
262.04,266.6882581251655
19.53,19.395351023682448
15.25,15.231968388139892
7.91,8.141535584462725
10.74,11.202360651210357
98.16,97.82682801851992
534.36,538.0233211375171
14.97,15.054655559225376
85.68,88.53721363430736
395.37,391.81517546123314
61.97,62.2873707771651
20.91,21.133588028613627
14.66,16.473606547717164
6.27,6.326246979922936
2.4,2.6160654736764193
245.1,240.45543540773187
22.38,22.55029641425513
30.14,30.36134688424183
84.74,84.35574031814032
870.06,901.0794720995824
152.06,155.71159390000798
18.63,19.231354568751645
372.91,370.82112932804483
156.1,156.0898848117141
18.23,19.264574827311424
31.07,31.220680340731757
95.44,94.0557414477996
20.35,20.159964564419806
297.24,290.48230604507506
14.14,13.718253168286797
27.36,28.955362656734234
8.54,8.55441135799733
22.88,23.479284785924552
99.94,97.60465651913312
164.01,163.66547270517864
185.88,189.56443483524828
3.45,3.9111127748145327
165.98,167.91277662445697
148.72,145.5821505635216
613.88,620.0328585716446
609.49,623.9581904895499
366.01,354.23519230069826
146.91,145.5821505635216
26.16,27.112408407699718
3.36,3.9111127748145327
233.58,234.66607908327697
130.54,135.40071684356238
4.24,4.638127780509892
46.6,46.65760452034842
218.68,210.66792140630108
21.37,21.133588028613627
6.47,6.7758116029610855
47.44,47.129918536144324
133.7,133.91313190827123
16.28,16.356686315064316
3.07,3.529491718197054
741.82,748.4110893975529
5.54,5.778253718546215
70.38,69.59341001377592
10.73,10.6806177151937
18.23,18.454033055749377
444.76,446.29178080235596
2.28,2.2733918431335014
39.86,42.18817088630099
44.17,45.0385209685667
26.56,27.06339494992897
29.64,30.73373591699208
27.18,31.505875833886716
54.57,53.47243585481496
6.81,6.253134220361999
39.5,37.66172858994132
3.52,4.0655680449625775
30.88,31.163392370720647
255.03,256.20032660877075
13.12,14.502218474102424
64.68,60.28639989163337
61.51,62.19324351827528
84.24,74.5287618965484
49.06,47.870100496720816
456.97,450.33180881122524
20.82,20.804896797240307
10.19,10.402017786863317
4.17,4.215360451506396
24.25,23.769469470871567
417.51,414.54506497070594
5.78,5.864116806727806
880.44,836.3202011258952
222.66,222.11475473053767
26.58,26.594168079300847
91.22,83.08506097661852
11.45,11.671079948111096
121.8,121.63788522337252
72.33,69.59341001377592
62.56,59.28003580692505
32.39,31.09312863840379
84.84,82.41573767513339
66.57,64.84792134613603
3632.28,4466.146252400669
7.25,7.683750629313004
17.77,17.774427961857715
2.59,2.821753848875997
4.3,4.558034082049314
70.06,69.09220575130533
11.56,12.041604185125264
5.85,6.07222777822216
58.51,58.53718155197901
4.56,4.772248746647042
19.56,19.395351023682448
607.86,642.261621914054
60.66,58.856660528185394
364.72,309.24942382580656
83.76,85.03313137829025
52.02,49.699643921896985
200.23,202.954899677091
22.75,24.245318706044294
13.82,13.910318489099188
827.94,821.6997734980064
30.15,30.73373591699208
1342.6,1306.7911286843023
9.16,9.586507691653443
25.16,24.6906822723449
91.62,92.544279454033
77.08,76.97738731711053
56.74,58.30522057362199
58.45,56.73332976349273
740.42,760.9689529285567
87.76,86.51037855142583
63.04,63.00205841072116
117.82,118.10229007353479
26.08,26.152969448843475
234.34,238.97619797633558
18.5,18.77536967870753
30.24,29.358025120738787
21.45,21.122604184413316
45.7,47.459452814677604
9.26,9.586507691653443
34.57,35.199843321721914
736.24,725.4624777316503
29.48,30.8460236231168
25.16,25.2241485015753
19.49,18.776907427102387
481.22,478.13380181136654
12.9,12.959313768714301
313.7,306.08162176869865
6.4,6.7758116029610855
28.68,35.00638230090984
123.71,120.2764454439342
44.51,45.9471864482251
92.98,91.4658823125928
16.78,16.369321223118654
348.72,364.6889332203524
1.72,2.0643077787084763
786.16,764.3202841800487
40.16,37.962655219737286
6.05,6.07222777822216
26.49,24.69184644496495
36.9,36.32189124495751
93.19,90.86929733545662
38.49,38.6387827119633
34.9,34.55627378596934
7.27,7.616770932533256
3.44,3.7190818681520463
433.02,428.5478970180949
353.43,352.857961744511
9.87,9.99358659357444
253.25,257.6219241004942
158.52,157.85399051148457
87.96,89.58307417177396
85.22,86.2650038363303
21.84,21.42377271356064
15.15,15.231968388139892
54.95,55.27557909476554
25.94,25.463754252650002
65.56,68.10939927016297
724.74,748.5729604721082
827.64,830.2989050749682
22.43,22.293800176739836
6.93,7.262386716616038
71.23,71.16105010293616
87.48,87.54563159610855
31.37,32.33197954793831
201.19,203.63885420302285
17.51,17.298004282997386
9.77,11.378042362836881
11.19,11.848022659287986
1.24,1.7848072805248434
16.85,17.015164238786014
130.61,131.9761786807067
171.02,168.98486987900617
10.69,11.076239880401465
9.04,9.263514971837628
274.32,268.20156373888125
10.28,10.402017786863317
21.15,21.122604184413316
71.85,69.96667672323741
181.48,179.12071966361958
22.07,22.293800176739836
403.65,409.5560147555819
305.92,302.67779949931634
46.22,44.8453842951869
19.23,19.395351023682448
398.9,396.86832384315187
44.58,42.48870369367565
86.01,87.16805010529225
48.28,48.20080565007048
16.43,16.16110206134325
22.37,21.122604184413316
7.47,7.7462575415584976
960.16,1011.1216976133767
81.04,80.99732546221551
177.45,180.2346669962586
379.38,386.0070638865321
31.83,32.212510775704196
29.12,28.41747022975582
37.37,38.061338402703505
3.26,3.5684391442716143
196.5,192.37951001389945
16.54,16.80993964018363
186.75,198.27256512245486
463.95,469.8519845244665
59.54,57.487807336429825
17.21,17.298004282997386
21.62,21.122604184413316
5.42,5.778253718546215
53.3,55.15522342466486
96.72,97.94889686012132
136.88,133.73671631737585
40.02,38.707610586391624
132.84,126.80732329237486
48.0,45.26325921190807
561.01,560.4704676187364
9.08,9.628319473466137
905.49,910.8672676320695
89.52,87.11561785702789
107.92,104.54286707795556
23.91,23.479284785924552
272.9,269.45920080153815
293.61,291.2754889192977
186.21,188.16370766581153
9.98,10.402017786863317
4.07,3.1756734307715884
339.79,342.5231220804746
256.37,255.0614035327476
42.53,45.81590373329533
174.42,172.30067153816773
21.36,20.762538265753275
81.77,78.49404451250965
37.8,39.925167087736
32.07,31.757609318218975
717.86,731.7648678209106
310.64,319.0081051763037
10.39,10.402017786863317
128.7,123.63331744499942
20.84,20.998914046317953
8.33,8.306429662015608
113.04,114.47755791053228
9.42,9.628319473466137
114.85,117.53096586621294
172.78,172.86065014306067
164.1,161.18361161916343
97.1,96.7481821838454
5.72,6.831810700377041
5.41,5.435580088003297
312.04,302.36992678305364
465.83,452.2115418105344
40.77,38.11420948657681
722.5,725.0190439932015
23.13,23.479284785924552
26.25,25.80386342305864
18.5,18.77536967870753
21.31,21.122604184413316
6.09,6.326246979922936
33.44,33.66313864879617
259.38,258.9446321660295
49.35,48.313268850921936
16.08,15.950045296333757
109.16,108.35970258067779
16.23,16.16110206134325
34.42,33.321054075844856
2.3,2.2733918431335014
12.49,13.091475340687937
993.88,1016.8488307125974
39.16,42.13472826762654
74.77,74.7962279847957
34.22,33.34867943025958
1055.37,1064.9287674839704
193.68,204.22603015027073
6.59,6.992586173315256
34.54,37.002888330491025
5.86,6.571756085731772
22.96,23.479284785924552
130.55,130.53538409279903
3.59,4.0655680449625775
96.33,96.03301736179361
4.26,5.412891110623188
106.03,118.64306806962799
1025.48,1094.4723107072318
164.7,167.60198061343715
5.22,5.333210941579161
23.95,23.769469470871567
12.2,12.548997914218111
10.56,10.402017786863317
2.36,2.6160654736764193
46.58,48.101060061635955
32.96,36.04316562966776
384.42,380.0784674197914
27.95,27.173883000784187
79.93,83.06891418175478
285.22,283.9241086182773
868.11,871.4145767600364
457.32,450.7391893100714
78.8,77.71145837719203
362.75,345.17323984530526
6.47,6.7758116029610855
2.39,2.7301484878935978
15.49,15.35024347532446
5.48,5.778253718546215
7.34,6.661565413650875
40.08,42.218398372481616
12.88,13.114604437950492
246.28,250.99188168553388
77.91,79.75019909035265
65.21,59.64679566092692
8.57,8.680227050230608
78.06,80.38322989467626
47.0,47.638706664118274
36.28,37.64412719687367
6.14,6.567700631466732
154.15,152.67756325879307
153.71,153.1568046719932
117.99,115.77908749744037
23.28,25.285821725872513
58.8,57.723568617781744
1624.88,1649.0435411375893
7.02,7.339327594318627
235.62,238.63593955720395
19.67,20.159964564419806
9.28,9.628319473466137
213.19,210.656704354015
603.24,591.9672509148179
293.5,290.51480136319464
40.86,41.53695805989881
1625.4,1604.8417260005403
89.26,89.33751522558424
178.44,179.2746426571772
10.9,11.39097802632592
1435.05,1394.8891329883265
27.76,28.835216845141627
8.04,8.738750319908158
448.76,446.29178080235596
423.99,428.25823196969355
415.75,417.08703530529334
86.07,88.24669593996677
70.3,66.78560793058831
185.75,185.4508953833111
72.65,71.23689625278516
25.57,27.125088097007442
4.46,4.739770584084084
155.63,156.0898848117141
21.16,21.133588028613627
19.06,17.803283962908566
6.78,7.262386716616038
196.72,195.15467431364038
213.22,215.12606140467528
21.55,22.293800176739836
5.54,5.778253718546215
20.24,20.471312655626736
351.54,346.27068195476477
16.92,17.645988273252964
13.96,14.34240453134928
21.05,20.998914046317953
34.65,35.81434479238326
16.53,16.356686315064316
2.28,2.6160654736764193
14.4,16.17992890996605
202.55,205.67982252263693
330.17,331.42678065675807
2.27,4.70870967051733
129.49,138.25047084629034
251.03,251.91412633333584
268.29,268.20156373888125
13.46,13.843437247744182
150.43,151.2529426046098
148.43,150.35821279353146
85.46,87.16805010529225
25.66,27.831314291742366
122.46,125.68052446305784
3.72,5.356380558071204
33.06,33.41459641729595
33.55,33.34867943025958
8.36,8.472116078736251
19.85,19.90826357417775
46.98,47.83265513044081
7.69,8.155462398301138
616.32,626.5249120566907
12.99,13.056646974195488
109.8,106.43842389937946
190.14,186.98600453223725
139.15,137.48245371250616
2.62,2.9202072123633074
237.42,236.34146199280949
407.5,408.21551663686904
90.28,87.55419053140912
957.9,925.512054026914
63.68,63.64173991158883
72.75,73.34368090924576
70.75,69.94574970613778
54.92,55.27557909476554
103.27,104.26461046648492
84.78,88.36095092261316
29.14,28.99745525864571
302.34,308.7185069580502
37.02,35.404816592923524
648.32,611.8396878697365
13.02,13.114604437950492
125.01,126.43411351023151
661.12,657.9021921437267
8.21,8.306429662015608
1869.53,1797.9848375077618
269.4,269.15132808527545
13.92,14.34240453134928
55.42,55.88280437800204
16.12,18.206089211371992
304.9,301.4201624366594
83.91,85.82465681153322
24.1,23.769469470871567
124.9,125.43334620086803
581.69,591.2140875629561
1413.24,1366.7592505376797
27.19,27.173883000784187
57.88,57.93053270655094
36.04,35.11737957035572
18.89,18.77536967870753
324.04,329.67418183346194
645.75,636.5518081214054
25.06,25.419033869196387
73.33,70.86362954332367
3.36,3.5349992772184256
17.81,18.288416151265256
368.66,361.46537864478717
27.09,27.659671911671833
161.32,163.8625002309669
27.8,27.047450652030275
21.42,21.122604184413316
298.59,305.628427008259
42.69,44.45982609040348
38.5,36.783285460092735
26.69,26.594168079300847
36.47,37.771183943950575
133.01,131.65773699333462
206.04,211.20691691829154
64.15,63.80874056097274
100.64,100.04335581081253
389.33,382.203420171091
9.94,10.242450612668955
29.05,28.41747022975582
76.12,74.52950042077552
6.75,6.992586173315256
264.66,263.6680946630264
223.33,225.50697865215224
264.0,263.6680946630264
21.65,21.122604184413316
86.09,86.46048460681493
95.66,99.89930411819653
44.15,40.21671509519003
13.39,13.525449457787344
4.48,4.739770584084084
28.36,27.814670201033802
8.21,8.472116078736251
22.12,21.122604184413316
35.35,35.199843321721914
10.28,10.884113462573731
158.79,157.67018580715222
5.44,5.778253718546215
483.61,470.7383911152465
132.72,130.84930648904438
28.96,30.798047546753843
171.72,172.25776215768516
25.14,26.856982410115815
1.23,2.0643077787084763
106.44,105.32074690923154
30.6,32.802758613009175
93.23,91.30625922993514
8.95,9.263514971837628
30.8,29.78891918161314
78.19,77.3179565117105
116.96,117.68285459129393
42.12,44.646356375445315
29.11,28.928650234308364
43.66,41.83727417218346
24.23,23.769469470871567
52.46,52.12502861100196
2.91,3.1868180876541365
17.27,17.298004282997386
3.2,3.529491718197054
90.32,93.46834823678928
3.45,4.75351677882781
47.84,43.62714197818541
366.87,373.32002026166333
78.37,80.79401179442522
24.66,24.79893022575666
50.78,52.2527599085429
33.19,33.34867943025958
88.51,91.28334964139374
113.53,117.49376581266537
31.42,30.670645703580856
11.05,10.6806177151937
234.16,235.08220457441737
28.4,28.85972044443983
16.1,16.16110206134325
96.52,97.86885862686964
35.82,35.53276708303744
12.62,11.977200052065562
49.61,48.38676758738562
2818.05,2667.384069621165
109.64,108.66678416549743
178.3,180.77663714495569
79.8,79.66086257800727
6.75,6.992586173315256
90.26,90.31722630243816
97.72,98.97174665600491
121.54,121.35437917137442
10.39,10.753765991384421
25.68,27.146213063925522
134.16,136.7159234850828
30.02,31.528366339359124
299.43,302.67779949931634
3.66,4.0655680449625775
75.84,75.41506060510794
1275.2,1265.1644590579415
14.7,15.231968388139892
24.16,22.790157405775414
75.12,74.90276713023701
60.68,60.511932986798854
392.0,389.4249140608593
58.89,56.73332976349273
32.35,34.05452170229326
3.54,4.0655680449625775
102.91,101.21702530168407
389.19,382.33069015346894
2136.72,2065.793998088351
4.69,5.083170557476946
215.68,209.13908630215613
6.6,6.992586173315256
66.18,65.5053597241254
13.61,14.817376002767638
141.22,138.15054035362044
177.56,178.87018836092918
10.14,10.223573082231633
1.03,2.406981409251394
48.36,49.05751785378427
49.31,48.2413297269132
8.25,8.812809378256263
1046.64,1067.2564362715104
70.11,71.10651191890854
19.13,19.395351023682448
1.27,2.406981409251394
7.34,7.716993113252487
6.83,7.437890927023522
64.05,64.55509235148332
129.2,126.87986562881997
205.33,206.40988187754957
556.31,562.8725078937836
27.52,29.321005756029287
184.89,192.22984989649217
183.06,189.48291942169513
29.92,31.528366339359124
30.98,30.29866981203391
15.79,15.950045296333757
40.61,39.85204706317574
682.79,696.9305949319087
898.99,933.3739026539014
173.55,175.7529642180439
70.83,69.59341001377592
26.74,27.06339494992897
32.33,31.09312863840379
405.06,419.4086369012485
4.11,4.209201816339932
205.76,207.7082116147569
151.47,152.1709631265301
6.12,6.742929971017553
4423.38,3687.4000734724464
79.68,83.164907263512
54.92,58.78821144961276
109.33,110.79446586590686
84.46,86.15975787029689
284.34,280.6249507196443
520.24,494.66591623474557
5.98,6.118136008428582
79.96,78.48820502799428
9.25,11.247841536010883
44.04,42.48870369367565
77.72,79.30458406000174
45.16,46.628779204542774
378.88,358.18784571818946
37.87,36.8220736733772
35.56,47.45352920764648
4.07,4.420703624040996
62.42,61.409141974783445
75.87,76.12262610358526
22.02,21.122604184413316
12.53,12.691660190054838
32.4,32.246659192792606
224.67,225.4421919599473
3248.36,3544.1847525845046
36.8,35.404816592923524
528.12,538.5152391127102
134.4,146.73869021725702
176.5,172.1091051796551
144.06,139.7078053839466
45.94,46.95845653935989
22.21,22.266719276968093
9.95,9.94497315390125
10.24,10.232375635300173
8.65,8.680227050230608
28.35,28.99745525864571
359.56,362.04774954351825
51.67,52.096149535707504
8.4,8.680227050230608
71.53,71.18653569658566
14.47,14.585476306963619
24.92,24.823509254139495
59.51,57.83695045585761
271.69,271.23744500120625
49.89,49.673243736671395
13.77,13.910318489099188
192.51,190.86605869100524
49.7,49.51929816258675
83.08,82.16011409586092
175.11,185.9903515336538
306.94,301.4827687551718
91.62,91.44746429197393
1428.92,1360.3004864332718
44.78,42.48870369367565
20.76,19.9371195752286
23.6,23.479284785924552
121.74,121.34998712523414
7.21,7.7545446074586355
65.65,71.72125952099404
19.54,19.395351023682448
12.39,13.091475340687937
23.15,23.613445616571944
450.9,462.98416301786284
114.48,109.30210585816454
29.36,28.41747022975582
289.95,290.5920308021779
1.94,1.6966633946377838
915.92,908.5773906048064
52.47,52.12502861100196
233.27,227.74414119433766
23.2,25.413967744829247
16.1,16.073846270852943
20.85,20.998914046317953
57.14,57.020413587104
152.74,154.32382420788687
299.05,302.65930682888694
4.33,4.3970969535411655
38.65,38.05729338350168
4.96,5.333210941579161
428.88,425.9004820239705
3.45,3.72562046297173
22.84,23.479284785924552
190.28,187.1315170432465
8.98,8.517501353589807
1.04,1.876412641507243
50.27,50.621892341061006
60.52,61.070939015025644
6.27,6.326246979922936
15.56,15.35024347532446
70.84,71.86461340486287
184.32,185.4508953833111
1272.59,1265.9018840587394
673.24,676.9469172142035
21.94,21.122604184413316
34.32,33.34867943025958
54.02,55.15522342466486
189.62,203.53542879209408
90.49,89.4971383082419
358.49,360.90988593197
16.42,16.597604613599813
24.97,24.823509254139495
130.73,132.73638282800914
717.42,701.0597325055714
31.38,31.992627945172053
10.65,10.402017786863317
112.94,121.2816231519018
1096.22,1075.0424330796413
52.75,53.01935451884299
85.8,85.02400012364167
24.24,23.89260824171147
28.83,27.999070832215583
28.4,28.338641082656395
122.48,121.84426889777956
708.95,716.3400105362048
141.02,137.04009117531
7.98,8.155462398301138
33.93,35.01001327461702
48.2,46.368160795225315
27.03,30.427229999212205
14.69,15.231968388139892
27.13,28.835216845141627
35.02,36.137013276404616
90.99,91.03055173644587
1621.14,1648.833953564372
38.84,38.05729338350168
92.51,93.36461614146357
29.91,29.18468977875935
250.16,249.08087167083153
75.24,74.05042125288519
118.26,113.72984784613988
7.24,7.545056128719472
31.27,30.670645703580856
55.47,55.27557909476554
35.62,35.199843321721914
259.94,256.6891450613445
178.62,177.1472509034041
356.46,352.43643518450114
4.16,4.638127780509892
209.22,212.70963502070643
8.19,8.306429662015608
1630.33,1605.0556139591433
195.22,191.5043942810651
6.8,7.262386716616038
175.43,173.0664877223968
213.62,211.54622378316975
112.84,115.41524602197823
18.46,20.925908671668868
145.16,138.1100341760683
53.77,54.20339094994439
9.93,10.242450612668955
25.14,25.27921928410917
14.47,15.51397607691565
82.13,82.07462626159284
407.66,408.21551663686904
481.12,487.65918430711605
131.23,131.8650324848885
31.1,35.32278337375616
83.25,82.22163911291
21.38,22.783938028770752
422.0,417.2505042964014
7.99,8.141535584462725
159.82,161.18361161916343
27.11,27.173883000784187
6.81,7.437890927023522
244.83,240.5335846499721
112.09,114.05689449851248
47.6,47.129918536144324
24.29,24.643651274932427
67.18,62.980545536273844
15.0,15.231968388139892
214.24,213.21863372263218
445.7,441.2284743399965
8.98,9.721816302091616
9.47,9.99358659357444
10.69,11.076239880401465
25.33,26.94055312846661
46.55,46.49381417761336
4331.6,5059.962031920063
112.38,111.44417340041169
452.12,445.17444763900323
7.0,7.390600858571427
14.65,14.556810570275465
133.43,134.2009595089823
184.5,187.78159273643925
10.8,11.202360651210357
10.45,10.402017786863317
24.61,24.093734674924455
87.71,87.96934261630909
1628.79,1611.3471237347292
29.74,30.36134688424183
20.73,19.9371195752286
16.78,17.015164238786014
3.34,3.402673512318982
24.09,25.368883739105062
212.22,211.4951722658353
7.18,7.616770932533256
174.27,172.1928371823382
21.03,20.998914046317953
5.74,6.07222777822216
46.78,45.93259694583542
121.24,122.31515239870542
45.99,50.11774501782731
207.41,212.8506648656045
13.19,13.525449457787344
2.56,2.5775335818203886
111.71,110.68876981856108
4.93,5.333210941579161
6.91,7.165997254363148
6.35,6.7758116029610855
107.69,107.13502961717434
196.2,191.38018599023096
345.96,346.8837056130753
1.22,1.7848072805248434
234.86,241.06546728526
4.06,4.420703624040996
553.47,554.1804926978472
14.82,14.8594393223435
32.82,33.60877320968133
194.58,188.0986326327107
16.36,16.369321223118654
109.44,111.37870248907504
442.26,451.4479995523056
3349.2,3338.0912387146573
11.67,11.550561525272142
26.49,26.601767597262846
74.71,74.26147260316147
206.78,207.7267042851863
11.36,11.709225214962546
29.11,29.7671299367435
2.65,2.9202072123633074
1.28,2.406981409251394
239.12,236.74416041007635
237.61,237.8639398178573
91.39,91.44746429197393
900.83,915.3410910917061
44.91,45.12709643732531
117.6,121.78454221173547
26.51,26.594168079300847
62.52,57.582324433087756
24.23,23.769469470871567
84.18,83.71488297258222
17.74,18.288416151265256
57.1,57.020413587104
7.53,7.9626555789529885
1.78,1.876412641507243
99.4,100.53058947579477
5.54,5.778253718546215
89.67,89.4971383082419
42.78,41.30381491722711
9.14,9.586507691653443
9.9,9.99358659357444
19.02,20.83577707032636
47.04,47.70510589248327
44.67,42.20373293044745
32.07,31.09312863840379
31.52,35.31671122643986
49.18,49.596708050722064
816.84,841.5691288255504
14.3,14.518595065608613
230.16,232.54250390367406
2519.93,2556.2643115453893
9.71,9.99358659357444
84.5,82.761845557854
62.26,63.770196357715854
5.95,6.07222777822216
54.9,55.88280437800204
113.72,112.9841037305446
17.8,17.83405171077446
1210.76,1168.0456646279056
11.65,12.332273991337457
112.32,113.67881151802516
48.46,48.88765633803866
90.66,91.46430206399906
413.66,414.8026762416582
116.01,118.0562257324335
6.52,6.7758116029610855
5.7,5.778253718546215
7.12,7.616770932533256
171.82,168.21648137849894
309.16,301.4827687551718
6.68,7.390600858571427
224.74,225.37796461804265
91.49,92.52611012664845
25.78,25.463754252650002
83.39,82.46604267270537
30.5,30.394192524147876
93.38,91.57782973408423
8.51,9.06086238069365
140.06,142.57012950420147
102.82,103.82764857200641
4.55,4.739770584084084
81.63,81.6185134986169
2.24,2.6160654736764193
46.15,44.91837285841796
10.17,10.402017786863317
21.71,20.967228525195342
12.69,13.114604437950492
60.11,60.75303277936334
9.73,9.94497315390125
41.13,39.38340990698133
69.46,63.81450048630035
850.88,863.1109019945259
678.34,652.1989676608318
28.03,27.173883000784187
51.0,50.79686196982065
165.02,167.34251274567637
9.93,9.94497315390125
104.98,106.05829280421857
14.78,15.231968388139892
20.48,20.091223360705957
11.18,11.848022659287986
21.29,21.122604184413316
291.15,291.7724384258516
10.58,11.13835057419516
25.7,25.463754252650002
34.78,33.750528581580944
72.33,73.54346300767129
137.51,136.11274630296992
12.72,13.114604437950492
15.65,15.410538157736136
42.75,43.57147960843045
52.78,46.56912250362754
48.71,48.38676758738562
513.77,509.32766264886607
255.02,261.0873167727693
45.92,44.8453842951869
68.04,67.24573239527439
370.23,376.03516939131936
4.42,4.638127780509892
545.8,555.129730306593
142.45,141.46738837008442
2.39,2.6160654736764193
34.06,35.01001327461702
15.65,15.838790521849903
225.18,216.3692376460516
302.08,306.9891255582041
422.69,413.7664551984577
41.99,40.20979046211477
18.92,18.77536967870753
364.42,366.17171702683675
24.06,22.86854360289176
283.81,286.14502323087265
10.71,10.6806177151937
482.46,483.3302203812733
389.36,394.22380419020453
9.54,9.99358659357444
4.72,4.990537311036243
6.76,7.390600858571427
139.52,141.74936079054714
30.82,30.29866981203391
417.2,413.26463651465997
38.89,40.631569029067904
11.58,12.041604185125264
17.16,17.298004282997386
7.74,7.813668141917018
147.44,148.37218537114327
21.16,21.50418903263475
52.9,49.74086417427384
746.39,736.4693518525731
10.41,10.402017786863317
415.49,421.68488536156883
60.92,61.507510352300415
30.56,31.163392370720647
101.16,96.42282748070427
18.25,18.619611737446785
6.67,7.131216622824273
664.68,658.6037925186865
47.02,48.9082174170542
405.06,425.0191437627886
157.35,156.24416539550734
5.18,5.435580088003297
88.61,89.33751522558424
86.8,86.51037855142583
207.1,200.2067187044362
75.82,75.4577187686635
45.16,46.58483145293288
15.45,15.554343498746688
19.28,19.395351023682448
10.49,10.402017786863317
3.84,4.078029993498078
151.12,150.21983762665778
486.36,488.3416419132844
135.27,136.39268123225884
99.09,100.74148051570734
428.0,428.5078362451846
18.82,19.645768585486795
1879.22,1863.0137184554371
120.81,119.90561679436159
129.89,126.99334654147127
8.87,8.680227050230608
2181.2,1670.45518824687
434.94,423.4923666164681
66.01,63.335622156557754
171.02,169.07187386969224
25.88,25.80386342305864
114.55,120.70305519046528
110.08,111.19082667716829
58.31,56.73332976349273
491.1,476.9168706816854
5.56,5.778253718546215
148.76,148.9349649098589
137.84,135.6372776504083
15.52,15.231968388139892
40.3,38.73769022188562
105.28,94.28523481943996
441.35,441.33470576260964
680.34,688.5324947552785
87.39,89.95044732395564
37.71,39.15005801284733
12.96,13.114604437950492
349.45,341.31048555465486
131.13,130.86779915947378
332.84,329.518581801524
94.77,92.28597030678905
107.14,104.49655778615328
25.65,27.065454964173508
101.75,103.38376516142795
90.76,91.51718984918833
71.0,72.28933033520998
126.4,125.76908235359555
16.54,16.356686315064316
68.07,66.57995132570382
87.47,91.28914365564829
58.53,56.73332976349273
122.61,124.35187731687951
17.19,17.645988273252964
4.52,4.739770584084084
30.71,30.29866981203391
21.02,20.998914046317953
134.98,136.7159234850828
530.34,529.8278421283533
43.26,43.36305668222007
82.91,82.07727320797494
35.14,35.199843321721914
3.37,3.72562046297173
41.86,39.38340990698133
15.84,15.838790521849903
11.33,11.848022659287986
255.03,254.7300157869914
11.8,11.723180850364784
2.56,2.9202072123633074
503.97,511.8751404046363
43.24,42.41120421945097
43.76,43.576721329929455
172.93,176.2152844870421
26.24,24.510458293273317
13.85,14.273497722304556
30.09,34.19436469325148
76.75,74.86343719414693
101.92,104.18176957859895
54.04,52.79224977411193
562.6,558.2474162770176
6.2,6.326246979922936
131.01,132.41314057518517
10.95,10.230125000782381
76.05,74.53253608001152
52.71,53.807816180851866
31.9,30.765352843918286
18.81,17.7200383276531
3.24,3.5684391442716143
16.64,16.570026641308676
370.08,371.1582075003299
27.34,29.321005756029287
35.28,35.199843321721914
16.46,16.16110206134325
11.21,14.53555703458533
118.54,117.1499017753491
436.6,426.7533671330624
11.41,11.848022659287986
60.45,60.73448710441595
9.92,9.99358659357444
73.74,70.86362954332367
15.58,15.159194183104585
164.33,161.72239350157474
48.58,48.00333626611154
443.76,441.28928073968723
175.75,173.13872566577066
15.2,14.530860414467707
59.05,57.317052839337094
220.8,223.5790418602221
52.32,48.7758784541189
247.82,246.7513811335031
187.7,184.12464900107506
39.37,38.88194573104998
940.44,952.1926821874474
10.48,10.402017786863317
32.81,32.67863520066013
30.4,42.18791391341534
37.91,39.925167087736
56.79,56.62243300377208
208.08,207.67889325298765
9.01,9.536541960612373
367.02,361.5942282703068
167.64,167.89466405698607
149.15,145.42786997972834
20.92,20.998914046317953
507.51,511.41419451081595
19.86,19.90826357417775
46.12,45.76821151243615
15.15,15.231968388139892
163.75,160.91818483955197
16.27,16.16110206134325
49.68,48.38676758738562
64.84,60.28639989163337
50.26,48.13727260974478
78.52,76.98602050289719
25.39,26.680030672799788
26.21,25.80386342305864
91.45,90.62737629777767
11.24,10.867179371346424
24.08,22.61687235886933
11.59,12.31010608383692
6.02,6.549204051601308
15.47,15.231968388139892
611.34,606.3748590891399
622.84,619.8820856753848
246.9,242.74325820237007
156.95,156.24416539550734
114.9,112.9841037305446
14.68,15.231968388139892
528.58,540.0438779132593
26.12,28.12717583592429
12.69,13.114604437950492
6.75,7.131216622824273
138.66,135.77484316425085
14.34,14.556810570275465
18.74,18.454033055749377
4105.25,3848.828802076359
72.24,71.90852661488665
29.02,29.29754122060307
4.71,4.990537311036243
62.69,69.63871865673438
31.87,31.757609318218975
173.09,172.25776215768516
16.58,16.351856125669205
47.91,48.06519096095805
14.8,14.664401325614982
35.74,35.199843321721914
14.04,14.34240453134928
125.79,124.7768688736707
154.92,154.13427767369518
82.35,81.6185134986169
25.17,25.351861958292282
96.85,95.331509212513
405.22,406.763290417836
47.77,53.15376881616624
593.83,590.2626625934566
72.87,73.97616455836774
101.21,100.69436381653222
333.77,338.4698061542988
196.29,192.77910072726735
1480.77,1423.4544292662542
7.12,7.339327594318627
264.98,266.09499416963354
24.66,22.949938542617673
24.0,24.50581326218933
132.24,129.00772422394718
24.54,26.4602640701141
12.26,12.548997914218111
281.82,285.66883036553287
41.55,42.53647396082971
150.31,149.62889826672097
72.19,71.8365967721974
11.44,11.723180850364784
45.95,44.75754633574301
68.82,75.16709809103281
52.46,52.73225389423847
75.45,75.40900883278901
2004.48,1999.2008338970784
8.88,8.680227050230608
5.43,5.864116806727806
65.54,65.01923383964633
27.43,27.173883000784187
810.82,817.4590776281976
98.46,99.10452587503875
34.12,33.34867943025958
89.15,89.33751522558424
134.19,135.4644792191521
82.3,84.37313106961561
102.24,103.38376516142795
145.21,144.24577185283573
55.5,55.27557909476554
135.09,139.38025750063605
520.11,510.3445882772399
118.04,118.47318298163454
29.91,31.112482355330346
19.23,20.159964564419806
24.85,26.2459762536462
250.7,246.7513811335031
22.42,21.796354538678816
40.49,41.263562450922116
139.38,138.83350934806325
14.21,14.701425198119638
383.19,372.8177474380333
25.67,25.80386342305864
14.47,14.585476306963619
400.91,407.30168156707145
335.69,337.24254250618964
13.62,13.90489747240151
34.81,35.199843321721914
991.36,941.6613036345458
48.11,45.93259694583542
51.61,51.94583863725962
45.31,46.15382193251256
1.44,2.406981409251394
42.98,42.48870369367565
235.92,238.79177408151588
12.36,12.548997914218111
121.21,122.71653105804705
122.29,122.39328880522312
18.38,18.449305531779764
33.05,39.21029606964961
5.22,5.333210941579161
900.8,880.6422381751162
49.61,48.38676758738562
12.29,13.091475340687937
39.51,38.55391861270922
93.27,92.32884062873354
37.96,37.14426375066951
336.77,342.7096677044964
113.55,113.11521266156446
1300.02,1313.993002707254
10.29,10.665394860564613
2046.04,1977.6351818989722
3.94,4.249650635896198
50.95,50.698993234603456
2495.6,2324.822849466889
13.16,13.28931379458109
88.73,91.28334964139374
201.46,205.67982252263693
179.21,177.1472509034041
610.67,612.1279443791632
26.6,27.46519726741608
57.44,58.30522057362199
15.96,16.16110206134325
6.53,6.7758116029610855
39.68,40.008946170611985
26.28,25.629182359145876
42.16,41.38484107220718
27.78,28.08180765120847
15.56,15.838790521849903
30.33,32.802758613009175
12.61,14.352994034412275
30.44,29.422884860632863
95.71,95.76847110699151
41.11,39.38340990698133
69.84,72.6245147863831
9.93,9.99358659357444
8.76,9.21988828017726
213.78,206.70488851077144
44.23,41.299620270196314
203.68,200.4807579498872
131.24,132.41314057518517
3.83,4.249650635896198
56.1,55.05968265862193
29.7,29.29754122060307
100.13,100.74148051570734
146.87,145.64330505374804
148.41,140.41871103442466
28.57,28.41747022975582
828.99,834.5104712864269
160.29,161.18361161916343
161.8,160.75371426421268
10.2,10.665394860564613
194.85,192.77910072726735
6.31,6.784475201820902
105.13,103.84517498424407
166.2,161.21926924133854
186.5,185.4508953833111
6.41,6.7758116029610855
8.97,9.263514971837628
19.04,18.77536967870753
14.23,13.718253168286797
81.51,81.6185134986169
3.93,2.881699371095643
158.46,156.0898848117141
49.62,49.077399850857674
24.26,24.643651274932427
34.46,33.750528581580944
326.75,339.02196861017615
7.39,7.716993113252487
877.92,902.4945149227038
0.98,1.7848072805248434
23.09,23.613445616571944
172.9,170.77220423074237
59.77,59.61582738665353
837.18,863.5811607145565
4.76,4.990537311036243
19.73,18.776907427102387
6.53,7.054275745121684
367.9,360.7591130357102
259.5,253.78260024982654
508.44,526.0054991264568
19.1,18.77536967870753
80.52,71.99424456800995
142.97,144.06709225015086
385.24,388.5949448892123
21.49,21.122604184413316
371.87,381.7334246042806
290.32,285.65191552316594
104.21,105.12431216202421
73.92,75.79874009087412
107.57,108.99446500477384
28.46,29.510835803134178
91.11,91.6283477140098
136.31,136.03569515815994
113.7,114.32328324416612
25.98,27.029993747836492
1596.26,1337.3715348346238
24.59,26.562162089875823
100.58,100.74148051570734
356.29,350.650355612025
1054.35,1040.4330239618319
122.18,119.55871338236926
160.76,161.07246542334522
9.25,9.504449940456
52.03,52.096149535707504
557.91,558.504287780409
282.41,288.40719106172037
24.92,24.584642409288758
10.27,10.223573082231633
6.44,6.7758116029610855
21.94,22.293800176739836
199.91,198.65459584453143
1.35,2.406981409251394
24.44,24.37609675797083
6.03,6.548426337125212
171.36,171.5933723203606
453.18,459.69957287644024
76.71,77.24184874683166
111.19,112.63260375607751
21.69,21.122604184413316
439.2,410.38007708007774
28.9,31.114403298064467
702.81,690.0981901297863
114.7,117.9697516982526
24.64,24.79893022575666
30.51,29.502058526363207
4.38,4.622893148815881
18.98,18.77536967870753
4.53,4.772248746647042
110.9,111.06454978263699
9.18,9.721816302091616
180.16,181.36356761760985
50.38,49.351585990790454
3.13,3.529491718197054
76.36,78.5538126848477
99.87,99.51298730418219
122.76,123.25289276330021
12.23,12.548468748877452
131.79,134.26161780161755
1027.21,1060.044746911795
496.01,481.0927359467491
19.12,20.382465882572653
8.37,8.680227050230608
803.65,799.4160452296509
274.5,269.45920080153815
9.57,9.628319473466137
53.13,52.12502861100196
289.54,290.4917343594755
53.02,49.74086417427384
274.92,271.29532815913734
34.06,33.65942471042737
6.86,7.390600858571427
685.22,676.4340407009922
60.49,63.27188935294975
6.25,6.326246979922936
48.48,48.38676758738562
62.24,61.589345148707146
272.16,270.9074151660032
24.49,24.79893022575666
303.0,304.6009238853542
29.48,29.78891918161314
145.62,144.24577185283573
79.38,78.94613132146142
35.88,34.89774854707831
185.68,184.31481566580766
48.7,49.71779241927205
508.66,507.38340773935084
273.74,271.46687042815586
6.65,6.992586173315256
886.28,948.5494538321582
289.76,291.4645657095889
287.64,286.92646742818977
13.87,13.910318489099188
86.54,81.90346159282842
5.43,6.085180972076818
117.5,115.62695664973224
228.02,232.73251796980773
9.96,10.356981317344143
44.9,45.57971895224924
189.72,186.98600453223725
48.64,48.38676758738562
61.05,62.68103389741374
385.56,387.9966198756897
36.12,34.89774854707831
46.78,45.288463629338175
47.18,45.593556922063215
14.84,15.231968388139892
18.32,19.264574827311424
143.18,143.9561932988548
215.72,216.3991819430119
3.72,3.8901348562968447
3.54,3.7228944144196596
229.27,224.79116278138383
23.43,23.341055180317124
59.26,53.94862450961922
73.58,69.58184786391593
24.64,24.79893022575666
152.24,146.5053731947952
7.22,7.672198483210391
4.16,4.215360451506396
26.89,27.173883000784187
12.96,14.366979785781876
14.73,15.231968388139892
577.64,596.9799326842841
18.0,18.35488897985568
58.61,58.20934916442979
10.98,10.6806177151937
4.09,4.215360451506396
6.81,7.131216622824273
22.13,22.325197729354727
54.23,54.07966113805147
15.34,15.35024347532446
12.32,12.197053606448412
17.89,18.288416151265256
7.18,7.672198483210391
34.19,33.94169697099686
166.35,168.16009083659753
133.63,135.6372776504083
234.12,229.97689828793466
21.84,23.955134021097276
175.84,176.01839099765536
6.89,7.262386716616038
30.64,30.29866981203391
24.39,24.093734674924455
308.73,303.5028041770223
27.54,26.342360493462486
30.82,30.29866981203391
438.13,428.53433591107523
22.24,21.796354538678816
71.85,69.51056912588994
43.38,41.83727417218346
27.81,27.173883000784187
369.14,364.48152547128547
13.13,13.53631010207927
61.22,61.84931906937227
3.32,3.9111127748145327
341.1,333.0902238026617
99.99,99.91434601092001
168.71,168.58939500255488
140.35,136.1285987522597
68.88,72.26202077009245
112.01,111.7674156532356
77.05,75.23670390360842
36.58,36.13656189988269
7.83,8.098318690521252
29.72,29.300626125855306
12.39,12.548997914218111
10.67,10.6806177151937
268.18,264.65533796435403
7.12,7.7545446074586355
6.92,7.508882141758136
36.5,38.25617996419877
39.05,38.52273261783872
105.99,106.21151693199931
7.82,7.813668141917018
105.15,105.12431216202421
6.01,6.07222777822216
191.46,205.62086216801907
78.46,75.09034821095098
14.16,13.718253168286797
105.14,102.16929027871623
23.65,23.341055180317124
1456.96,1484.0573797569427
56.6,57.22965828700858
125.99,126.99334654147127
16.67,16.351856125669205
908.98,919.2051657481304
11.85,12.102259770909415
55.03,56.02749088975093
133.08,135.40071684356238
9.72,9.99358659357444
260.13,257.15009095516484
339.26,339.6038151289896
36.06,35.53276708303744
164.92,172.07071542146673
43.98,42.13899026079354
11.08,11.260234928274244
1036.74,1011.2946706300173
278.29,283.3127274506616
36.01,35.53276708303744
38.74,37.66172858994132
3.9,4.249650635896198
933.84,950.6329923982431
150.47,152.69153746958247
68.52,70.51854850830794
25.26,27.646779323201542
32.73,31.757609318218975
121.64,121.49674357630504
238.01,237.8639398178573
123.95,127.77119713195943
455.97,460.8208762531177
38.65,36.783285460092735
50.2,49.351585990790454
101.22,101.32833172894081
81.36,79.66086257800727
58.44,58.53718155197901
46.03,47.63647663922971
665.62,671.4082154814115
94.01,96.35638891646516
9.96,9.716708518479448
21.3,20.927387329416295
188.21,191.5552296007285
1019.82,1007.3999813622672
27.58,30.176195455098455
714.56,725.7157555504649
555.43,575.1154578446293
7.76,8.267038550920024
84.24,82.6476616966331
51.78,49.388479026512975
1126.95,1127.9362472956798
17.93,18.619611737446785
65.69,63.335622156557754
270.32,267.28735612910316
15.24,15.054655559225376
1797.42,1835.5851069767516
4.07,4.420703624040996
10.3,10.402017786863317
58.92,58.29063311665173
285.68,287.8834823643105
112.64,111.7674156532356
44.98,44.2165077268308
491.52,486.0074147467309
117.3,120.9703969867127
16.14,16.544755367014556
170.16,168.98486987900617
19.44,19.395351023682448
114.38,120.0246478825249
60.41,58.77990300723108
21.42,22.66683448716228
392.1,395.25334145411927
156.52,156.0898848117141
174.16,175.7529642180439
944.33,933.6353795063378
187.49,185.4508953833111
31.26,30.269386700182846
21.64,21.122604184413316
194.6,200.1302629691839
109.8,110.35696863043658
261.25,277.07702067723307
167.98,162.92540228727896
107.79,105.28782064035232
180.1,187.55215440948666
36.9,36.37972491896937
33.02,35.944201698650545
26.66,26.601767597262846
47.61,47.405871471047945
955.94,922.0612365059483
118.92,109.16919189117014
69.46,71.98397747791142
709.3,735.2240991458013
26.18,25.629182359145876
25.58,27.923160716747425
118.42,118.0837443985874
6.03,9.589799631067857
12.7,13.114604437950492
107.82,108.7966644751563
4.7,4.990537311036243
3.14,3.529491718197054
45.74,44.2165077268308
359.07,361.46537864478717
360.13,362.72123107896266
6.79,7.131216622824273
23.94,22.86854360289176
64.54,64.95554483090721
2177.04,2245.5214456125973
637.78,619.8820856753848
11.0,10.6806177151937
202.89,206.40638090034295
167.24,167.89466405698607
234.86,234.75549151860227
715.71,699.7626250877676
46.93,45.93259694583542
60.82,60.98624048816032
123.39,124.56199585774735
96.37,97.84067977227403
200.74,203.18598345207582
144.29,138.47276797690893
613.84,608.0052928763647
115.05,117.96991565179648
58.98,56.73332976349273
9.85,9.99358659357444
574.47,561.7716687358572
251.38,244.56287381290574
699.75,701.7651055705335
12.76,13.114604437950492
28.42,28.566794249369618
26.82,27.173883000784187
9.81,9.716708518479448
113.24,112.6179882418631
10.68,12.117808076948617
15.86,16.544755367014556
81.09,80.99321402696883
50.72,49.596708050722064
14.73,15.231968388139892
1117.94,1104.6942425841023
198.59,198.67236355959295
162.95,161.32165722026133
351.59,350.34962971451847
747.71,772.2713592918648
8.08,8.472116078736251
72.2,71.18653569658566
101.4,99.83294962744915
10.94,10.6806177151937
60.97,60.511932986798854
40.46,42.18817088630099
24.62,26.4602640701141
387.4,381.37689491074906
18.63,20.35261047599308
55.76,56.999656495058666
1661.36,1719.7033815605807
104.36,106.53488709577907
503.5,512.6191444339283
17.89,17.83405171077446
4.52,4.802642173835009
29.96,29.395333266192736
123.8,126.97698777401042
121.2,122.46907539226306
14.87,15.231968388139892
347.73,351.1259943210532
12.75,14.775938282307939
7.82,7.9626555789529885
48.94,48.38676758738562
49.16,46.79379327136018
5.15,5.333210941579161
22.05,22.293800176739836
33.82,35.01001327461702
21.78,21.382891470160846
14.49,14.795219826135773
23.5,25.140618630281992
42.14,42.51116698269259
324.49,316.03787237908045
761.06,788.5924750249063
94.97,95.52979043473255
671.52,711.5064331021963
110.47,109.92000673595807
104.2,103.53216301609393
381.86,378.69532933030996
7.09,7.339327594318627
6.61,7.054275745121684
27.6,28.835216845141627
21.54,21.122604184413316
20.94,20.998914046317953
15.44,15.231968388139892
317.0,311.04056073119517
9.31,9.536541960612373
14.66,14.585476306963619
109.21,106.63233116825738
19.45,19.395351023682448
7.2,7.7545446074586355
25.14,25.27921928410917
202.8,205.67982252263693
5.96,6.07222777822216
34.35,33.34867943025958
203.83,203.63885420302285
52.48,52.12502861100196
22.78,22.76134025883378
20.02,21.569597418535185
6.57,7.1432664048348435
163.34,162.62320322964797
8.55,9.055404000343271
42.82,44.2514031641931
12.0,12.166269847924612
14.16,14.556810570275465
128.78,130.19272216032795
28.98,29.312829966805637
23.5,25.140618630281992
254.47,253.90732587142304
127.19,125.37833900154361
8.98,9.06086238069365
588.98,587.3040526387368
14.36,14.38156128140361
96.99,95.71137931069217
35.96,34.740940449848814
19.73,20.731502264820165
344.31,338.5001795688465
57.14,58.0724951547823
310.49,302.18084999276243
36.58,38.14998035122024
11.03,10.6806177151937
869.51,866.0291257406541
356.13,342.79590258446814
228.32,235.53156881465338
31.71,33.493493499109505
162.04,160.91818483955197
102.46,99.83887011912877
107.96,105.75314549884368
10.47,10.402017786863317
16.04,16.16110206134325
415.97,405.2878708672001
4.2,3.1756734307715884
799.52,823.204049724696
2.85,3.288938646087982
242.63,243.35033566327317
33.12,36.71904580773329
78.59,77.68431940904063
267.69,268.20156373888125
37.77,37.554775529061786
115.14,114.09293866801492
49.92,48.55781945748898
91.02,87.98895036033305
18.36,18.449305531779764
47.82,46.522693252907814
8.06,8.141535584462725
3825.5,6354.790129212747
104.54,103.53216301609393
712.0,717.1073884798451
111.38,112.02176626497524
101.05,101.05353602797123
306.78,301.2772058981427
124.79,124.56199585774735
138.48,142.57012950420147
36.7,38.037199904761046
568.69,563.4337054368625
1704.14,1875.8053411548428
43.63,43.576721329929455
71.33,70.42636405188362
9.52,10.316656369801247
6.74,6.992586173315256
60.48,55.5094944684245
148.55,154.1176246131676
316.53,315.9403824339228
20.34,19.9371195752286
1467.74,1244.850478158074
42.26,41.53695805989881
41.34,42.101343019246954
1.19,2.0643077787084763
10.04,10.884113462573731
7.08,7.088910561603372
297.6,302.36992678305364
656.09,680.7501753492668
805.45,789.9304405655251
22.83,24.9816974742776
17.75,18.918154351987404
3.43,3.7228944144196596
13.35,13.90489747240151
2.96,3.1868180876541365
29.98,30.394192524147876
365.14,361.5189985525547
33.6,33.27398282521577
146.95,145.4998834797227
22.15,21.122604184413316
30.37,32.802758613009175
69.82,68.54875481656207
3384.46,3566.1811504125903
33.15,35.308543260695934
124.02,119.78888425263845
13.0,13.25840539122524
19.61,19.395351023682448
936.3,995.3829165308395
66.71,65.74399989464995
29.16,36.09264746215162
161.78,163.8625002309669
18.92,19.529994687693666
15.78,15.159194183104585
43.18,43.31984236521666
7.05,7.339327594318627
661.23,671.139308435452
23.01,22.323514352633154
1.24,2.406981409251394
200.4,197.0372333300617
194.94,189.31240640105145
174.97,173.9940800405984
181.26,182.9069973456535
62.7,62.31070514366127
110.94,109.92000673595807
42.5,41.38484107220718
10.46,10.402017786863317
40.87,38.707610586391624
192.52,189.31240640105145
88.38,83.4839362216832
214.63,213.03184048362576
3.0,3.352322616620148
5.56,5.930240871227348
149.22,145.63266854344715
18.61,18.77536967870753
722.51,731.3011773376793
31.32,30.670645703580856
372.45,376.03516939131936
19.05,18.77536967870753
426.12,428.27672464012295
65.91,65.47887188562208
8.9,8.517501353589807
76.04,74.42069152141012
33.34,35.01001327461702
142.32,138.44106930790227
117.03,119.25280680858408
12.6,13.32955023926164
187.11,185.71632216292255
65.84,66.72540401652489
43.4,44.51880498382155
993.38,994.2251342163759
16.15,16.544755367014556
253.38,253.11272351820853
2000.16,2063.0468289267797
41.22,40.47824373900811
70.29,69.98467847251342
53.37,52.607693624688565
40.37,38.707610586391624
12.55,12.78688038797391
5.08,6.3996952961202
418.42,412.4285988374255
126.94,129.8249502233231
65.7,62.80452054784534
104.71,104.46241099610246
72.88,67.83000922985904
83.02,87.02861923061299
11.71,12.31010608383692
145.67,145.44939049003102
19.45,19.395351023682448
244.62,240.88296766244488
389.49,398.14429708430924
18.67,21.365140186502583
133.08,130.98196318893397
10.83,10.6806177151937
27.41,27.047450652030275
64.19,64.79859880543957
26.26,26.465841991566844
161.92,160.91818483955197
385.04,383.04198169288713
23.61,23.341055180317124
4.11,4.4198392161206925
39.95,40.44705774413761
1.01,2.0643077787084763
49.0,48.55548320536482
54.68,51.29580796427039
15.09,15.271503454535319
21.58,21.91986225894537
317.99,316.33207107055995
90.84,90.46775321512001
38.87,38.05729338350168
4.27,4.558034082049314
13.97,14.556810570275465
52.61,52.12502861100196
640.69,638.8001780783691
74.94,73.50023528285135
137.78,133.9197863443125
10.21,10.884113462573731
431.34,425.9189746943999
115.99,117.50212898025518
25.88,25.80386342305864
12.9,12.822168398937475
110.47,114.24165723066811
87.71,87.0483261108085
243.85,236.92140560326493
71.24,73.11388055369578
22.33,21.122604184413316
159.05,161.00790096058986
64.28,63.80874056097274
5.87,6.118136008428582
93.65,95.78112204079078
7.3,7.683750629313004
13.51,13.634471586578735
259.09,253.47237872433453
3.37,3.7190818681520463
172.52,174.09215284333868
441.89,429.6721995226235
10.82,11.076239880401465
65.03,64.61452501252477
22.24,21.122604184413316
130.72,129.7557602658495
37.03,37.932793540767314
149.92,154.0429774122315
86.34,85.72800162589571
244.65,241.23354496316293
1095.27,1163.6203192108042
100.09,99.86063521065036
43.98,44.06826517529947
504.3,512.5613010454143
7.64,7.933424612968367
45.17,44.2165077268308
70.82,67.10012902309956
432.72,424.18586250970776
176.68,179.76148945567735
9.92,9.99358659357444
17.79,18.288416151265256
82.88,84.8796058564898
277.78,288.06552438254494
67.57,66.57995132570382
13.2,13.525449457787344
134.45,135.9877464765965
31.76,35.86362423503927
4.39,4.3970969535411655
302.9,304.11729976226997
32.56,31.09312863840379
315.56,316.47096322270147
22.83,23.479284785924552
26.89,28.296513050976923
439.85,428.62381225782144
26.23,24.76422356727436
151.66,154.4258412970168
50.19,50.11251509041466
29.54,29.300626125855306
40.3,38.707610586391624
40.38,41.263562450922116
30.89,30.29866981203391
44.62,45.07764863028792
242.79,244.1110232193762
228.12,227.7189689825142
6.67,6.992586173315256
73.89,75.79874009087412
54.82,56.152810648337685
2.82,3.352322616620148
89.62,85.00460631791857
231.1,229.97689828793466
2037.4,2009.2646333568555
15.84,16.124911207402253
9.53,9.99358659357444
264.4,264.98259696654196
425.73,428.42749753638276
13.01,13.056646974195488
70.06,67.50604865849374
9.03,9.263514971837628
5.24,5.333210941579161
179.96,178.02571158332182
61.79,61.0375473667753
74.94,77.60635397166362
24.24,23.769469470871567
12.77,13.114604437950492
291.61,291.7724384258516
1244.14,1240.982765636242
17.52,17.507987563846694
2.7,3.0096489860772304
95.79,96.7481821838454
492.94,486.80118790078643
520.01,532.9941392510145
61.15,60.511932986798854
46.85,45.93259694583542
95.68,96.60843626940706
26.68,26.594168079300847
1035.18,1014.8057512421892
15.32,15.231968388139892
22.04,21.122604184413316
2.98,3.1868180876541365
41.77,43.0341956035386
96.39,96.35638891646516
25.9,25.463754252650002
57.12,58.0794227958004
2.07,2.4634919618033786
15.01,15.16363270398548
139.44,133.9197863443125
32.25,31.850468248870413
5.68,5.930240871227348
5.6,6.831810700377041
7.12,7.339327594318627
24.62,25.29004895872283
21.21,19.9371195752286
67.57,66.27889855830412
57.84,52.55120551915396
24.13,23.769469470871567
69.68,68.4982368366365
67.42,67.17939946089177
192.64,192.7926190341567
26.79,26.635179206619476
15.48,15.231968388139892
7.49,7.7462575415584976
36.9,36.63440495751816
516.36,504.4616750361055
53.6,51.03997964275134
1437.24,1448.9053483406176
27.61,27.173883000784187
112.6,109.90894291413152
20.96,20.911804777934616
129.83,131.6612028989354
9.58,10.316656369801247
7.84,8.057591119695141
6.14,6.567700631466732
309.52,302.36992678305364
9.87,9.99358659357444
10.3,10.223573082231633
88.84,89.54765628816747
44.68,45.32256548803618
69.62,70.03800495950043
97.44,98.48794178020009
588.78,578.0687584186703
167.2,172.01398813805585
640.81,626.0818311673124
43.74,45.51403553561122
26.79,27.06339494992897
24.86,24.823509254139495
90.5,95.25116521582711
579.08,590.2626625934566
102.29,102.29567113635859
26.93,27.155579922338244
17.54,16.663602673170136
55.05,53.91082969068034
724.08,722.4489187850141
733.32,742.0647723006723
198.65,187.99819109211535
446.72,444.69056604920434
14.94,14.60819534141851
33.89,33.34867943025958
578.55,558.1489785000138
176.64,175.83995152900874
762.79,778.4701869367935
2747.3,2425.014371050596
64.38,62.10343466624275
216.73,216.52160788897183
34.07,33.321054075844856
70.38,69.59341001377592
72.69,73.53540106080793
548.14,543.6291088123968
925.46,916.0808598101339
9.24,9.536541960612373
234.6,229.97689828793466
64.3,63.382783034727815
14.16,15.581027658491415
34.59,32.72845975373205
11.15,11.848022659287986
43.33,44.2514031641931
36.88,38.67622826499563
6.55,6.7758116029610855
66.16,63.45935587643709
147.53,148.77807937363735
106.16,107.5142757457378
48.31,45.93259694583542
82.81,82.68053524300593
108.11,108.7966644751563
1379.42,1392.990189609275
931.64,980.741737747988
4.02,4.420703624040996
115.81,115.01391961578541
66.74,64.84792134613603
295.71,301.2948403630547
533.89,553.6547161978903
371.7,371.7819310780284
408.76,413.88779434780724
250.16,248.00901819615996
40.52,38.707610586391624
15.92,18.576637514252383
30.64,33.47161948229381
31.47,34.06801419757501
18.5,18.619611737446785
225.89,228.70424844704624
42.97,41.38484107220718
16.8,17.347098183332186
13.99,13.67568223167978
20.69,20.471312655626736
791.39,785.4154890194452
351.39,345.20491947990945
406.25,407.30168156707145
6.56,6.715113173388371
47.47,47.94744418972323
46.9,45.93259694583542
24.67,24.79893022575666
12.34,12.548997914218111
637.33,629.4485984562409
270.33,267.5800901130957
15.18,15.35024347532446
256.28,253.47237872433453
102.03,100.50946409768899
113.88,112.22389958324217
42.5,41.30381491722711
91.1,90.85741961157274
740.7,750.7457077199872
1.12,2.406981409251394
697.02,721.557595236969
216.24,215.29633315929115
13.41,13.61325097978186
35.97,38.859368249743554
26.28,25.629182359145876
7.94,8.057591119695141
91.63,91.44746429197393
314.41,316.35056374098934
17.69,18.288416151265256
586.02,590.2626625934566
19.74,19.395351023682448
96.88,94.88979817369628
588.75,593.468666531226
11.78,12.102259770909415
44.52,44.2165077268308
203.74,216.25785751898223
29.59,30.848619150108046
33.49,35.01001327461702
47.8,51.16846566879963
187.87,185.60517596710434
10.38,10.232375635300173
80.04,79.75019909035265
134.45,136.7159234850828
265.91,261.0025448495808
473.42,462.98122411568227
35.71,36.860540666470506
385.02,386.4861709595238
236.04,232.67762272515753
88.48,76.26820905429439
105.66,107.86750792415441
32.27,32.54543453701972
3.81,4.249650635896198
50.39,50.621892341061006
122.14,119.22988869190648
23.46,25.140618630281992
7.83,8.155462398301138
5.84,6.4315224146585885
171.39,172.86065014306067
56.88,56.62243300377208
182.52,180.63995013559506
53.58,50.69005579016485
74.77,73.9755381796359
156.57,158.9771838579602
105.4,105.23856714467057
168.5,171.6253085777318
4.55,4.802642173835009
100.45,100.74148051570734
802.12,758.5646627489698
41.5,38.79287302370802
52.12,52.096149535707504
58.22,56.161907946841836
90.98,93.49598324260211
44.39,41.71669853701427
1136.79,1147.5904805985128
16.36,16.16110206134325
140.85,137.55125958133388
317.63,316.04269102472665
11.19,11.671079948111096
55.16,55.27557909476554
29.76,29.18468977875935
92.98,93.40748646340806
24.2,24.093734674924455
491.27,512.467228999452
136.28,137.0150938218227
77.74,77.93475209970161
9.19,9.586507691653443
115.61,115.5956567658972
141.06,141.26009287853054
341.43,333.36890766157853
297.2,281.9142577388778
180.81,186.9850323782509
31.32,30.670645703580856
18.9,18.77536967870753
102.61,102.88901919444119
288.84,284.9947619106991
897.93,888.9891065683793
5.26,5.676221669526573
49.78,49.673243736671395
2.95,3.352322616620148
139.86,132.47593812999182
12.11,12.166269847924612
93.43,95.43709224114018
255.2,256.20032660877075
187.7,186.98600453223725
15.11,15.35024347532446
126.84,125.37833900154361
184.11,182.91306978829326
14.76,15.231968388139892
11.76,11.68291860201407
80.14,84.03010614669535
30.8,30.28795308887094
231.82,234.01825529743311
446.91,439.2128282338021
299.35,301.39760537985484
25.08,26.845049556397235
160.11,160.91818483955197
351.76,349.58894215841553
64.5,65.61259234945896
79.44,78.48820502799428
837.21,917.714878550458
69.52,72.44486186044271
327.51,324.9097713523216
67.04,66.51669094920685
35.81,35.11737957035572
145.98,144.50430138915146
148.74,146.13025865381826
218.6,223.54065854412687
29.34,33.723679892853056
85.44,83.45762099092767
182.33,181.26225780061768
33.82,36.40210622152707
56.45,59.67591086240969
8.15,8.466022312984018
83.21,85.08275123294105
142.48,141.46738837008442
24.18,23.94657244092869
107.86,110.76840274655358
326.52,329.5537823517498
68.26,68.02333305546976
62.44,67.15306869147598
76.66,75.67493538974038
17.93,18.569228070157628
14.54,14.664401325614982
7.93,8.155462398301138
7.31,7.716993113252487
124.63,125.77621960877563
101.19,103.13215662671362
26.19,28.12717583592429
222.2,223.0114310093366
38.19,36.783285460092735
6.0,6.07222777822216
50.53,50.698993234603456
80.78,82.61703256957637
278.07,269.53676460258504
38.14,38.56152083112319
103.39,104.46241099610246
84.72,83.8353191709953
424.99,428.27672464012295
325.67,331.8815339768118
270.0,280.3335005144607
13.9,13.910318489099188
74.88,74.26147260316147
3.21,3.529491718197054
41.44,40.20979046211477
44.58,42.48870369367565
10.53,10.223573082231633
6.75,6.992586173315256
44.94,44.2165077268308
6.02,6.831810700377041
35.63,35.199843321721914
15.84,15.838790521849903
42.21,41.00084187113724
373.46,375.10601830778563
12.52,12.959313768714301
113.39,112.66086147772069
404.83,408.26309370030646
6.14,6.326246979922936
102.67,104.46241099610246
67.9,65.88878745119234
175.81,175.15613094229172
173.86,176.01839099765536
147.23,147.19229725952246
255.37,253.47237872433453
189.49,187.1315170432465
88.09,90.20470380671922
5.01,5.333210941579161
44.82,44.2165077268308
42.41,41.30381491722711
7.23,12.18012914446667
24.66,22.949938542617673
124.98,116.3224010121297
167.56,167.89466405698607
10.62,10.402017786863317
53.72,52.79224977411193
10.19,10.402017786863317
57.4,55.16239199485244
8.29,8.306429662015608
29.64,30.8460236231168
15.97,16.544755367014556
651.26,671.1624034867567
103.07,103.38376516142795
126.28,125.6967806889157
6.94,7.262386716616038
18.83,21.452075691944156
84.16,83.8353191709953
175.31,178.35348400933285
91.31,91.76473334687019
4.79,5.114922377189962
19.76,19.395351023682448
7.95,8.341097609268129
64.53,63.2719181717515
4.67,4.990537311036243
265.01,256.71772218859314
6.74,6.992586173315256
21.52,21.122604184413316
5.72,6.301955542430988
25.05,24.823509254139495
71.82,72.03523471902126
227.37,228.41486840121294
11.41,11.848022659287986
96.66,95.26214747041104
346.8,342.3876651979509
198.96,186.12717787263372
745.86,733.2612427930426
1724.02,1716.6241981166647
10.77,10.6806177151937
979.16,989.8411249384368
21.76,21.382891470160846
31.1,31.528366339359124
1.32,2.0643077787084763
138.98,139.7158629734033
110.37,110.35696863043658
11.48,11.671079948111096
115.56,111.40106549876141
50.63,50.621892341061006
49.02,46.358824610697646
19.68,19.529994687693666
320.45,321.7595945815988
14.56,14.285197948767205
25.02,24.823509254139495
4.08,4.215360451506396
35.19,36.861177166079365
95.38,96.97631661345883
128.9,125.6967806889157
470.1,457.7039734893167
24.32,23.89260824171147
71.16,69.59341001377592
236.92,235.08220457441737
35.16,35.16375321666903
116.57,117.50212898025518
554.97,565.897487670773
16.07,15.950045296333757
149.26,146.13025865381826
43.86,44.6363917055729
64.2,60.28639989163337
40.99,39.34667842094519
46.82,48.03929061472828
35.16,35.199843321721914
73.32,72.73765666513219
3.42,3.9111127748145327
9.24,8.932561722562358
220.17,222.92123044533326
799.61,786.0141146097459
105.36,107.86750792415441
6.31,6.326246979922936
17.85,18.288416151265256
55.44,55.84406913385681
27.85,27.173883000784187
48.93,48.21211299701268
22.24,22.55029641425513
240.42,237.16635288965387
709.59,707.6861844501207
344.07,343.3591325821309
344.37,347.18686467916507
6.57,7.054275745121684
37.17,41.91834811122432
453.64,449.3885614218585
3.05,3.352322616620148
11.79,12.102259770909415
2.85,3.352322616620148
281.28,282.1279566270887
15.06,15.16363270398548
148.88,143.30931930191417
52.78,54.8330065142168
73.83,75.79874009087412
34.05,33.34867943025958
36.56,38.25617996419877
62.02,63.616273364158204
71.12,69.24549581623972
13.68,13.61325097978186
408.02,404.0484414993044
22.32,22.55029641425513
32.98,31.09312863840379
6.78,7.437890927023522
39.73,38.62211310625686
434.39,415.7768531507056
3.86,4.249650635896198
15.85,15.838790521849903
369.73,352.7066552234936
410.5,411.34366572673844
10.74,10.6806177151937
463.73,469.71477273522635
27.24,27.047450652030275
83.16,83.68977153116857
27.13,26.892653134781096
4.52,5.565464622496228
32.16,31.863099215916485
1.11,1.7848072805248434
690.97,699.9133979840274
23.97,23.769469470871567
1.87,2.0643077787084763
20.5,20.471312655626736
139.08,139.59546349169116
10.44,10.884113462573731
48.06,45.26325921190807
6.47,6.94332148562304
15.62,15.554343498746688
577.83,573.9461636215678
18.5,17.803283962908566
136.05,135.6372776504083
36.75,36.37972491896937
2192.01,2249.741668441283
192.02,192.33386958312124
12.12,12.452449204962113
134.8,136.39268123225884
35.12,35.43005786304386
283.26,290.31411336626115
77.53,77.09737754925965
91.51,91.97758655784601
183.05,185.50105450090405
145.42,142.1477151582438
25.07,25.92049662577777
76.92,72.8598957603602
6.42,6.7758116029610855
379.66,375.27528387447484
19.96,20.471312655626736
35.71,36.6371957048243
61.09,61.68424230355439
1.95,1.6966633946377838
7.69,7.9626555789529885
68.49,66.25963711487077
55.64,55.84406913385681
36.6,41.03373536890491
581.45,592.1245536898649
16.55,16.351856125669205
219.09,215.6693288513414
17.13,17.298004282997386
27.36,26.892653134781096
8.62,8.680227050230608
15.19,15.231968388139892
39.73,43.24753021698596
16.92,17.015164238786014
77.33,80.58782311536744
436.52,444.15215332665764
194.94,195.4020041540914
18.12,18.35488897985568
110.1,109.93753314819573
252.67,248.00901819615996
30.94,31.551704289077293
231.94,247.43162485707614
6.56,6.992586173315256
421.55,421.4787110919215
97.17,98.52566115417955
71.81,69.59341001377592
37.48,38.6274598807182
105.59,105.72127143742979
37.81,36.8220736733772
443.64,441.15300369825707
300.95,300.3368629619374
116.6,111.67431882333109
155.24,153.7757161175902
63.26,64.5632181339098
269.58,266.75664491945753
28.27,29.380450987939152
76.76,76.45656287695667
7.12,7.672198483210391
14.08,14.34240453134928
614.44,625.6126099051701
6.05,6.596580064619667
7.7,10.66664663875211
54.68,52.79224977411193
157.73,157.0748119683459
15.54,15.231968388139892
42.7,41.76264346162866
152.3,153.22456790907265
36.21,35.53276708303744
154.18,152.5986338754827
321.1,315.17015611731574
16.75,17.015164238786014
56.89,57.22965828700858
40.42,40.834017645054544
342.98,346.8033419576031
2.96,3.380544007070381
10.21,10.402017786863317
1058.02,1071.7533322543534
13.46,13.663469107905502
64.12,62.688032150055285
5.84,6.379805494265498
479.17,467.979708305871
19.62,20.053113487540045
429.05,430.6690646536702
203.91,206.30213018765954
151.85,151.09866202081656
290.66,290.51480136319464
188.06,192.84632280883324
352.59,351.1800497532479
33.36,35.768498856073286
47.4,44.96768108006248
159.66,157.56209697498295
31.73,32.212510775704196
923.64,886.9656975921251
37.66,37.48299911510815
57.26,59.6253261158043
18.1,19.264574827311424
69.6,68.89771107286997
114.56,114.32328324416612
519.0,509.3041273736999
505.43,513.1104657714584
4.38,4.558034082049314
9.8,9.94497315390125
9.17,9.586507691653443
792.55,815.5505355414566
14.33,14.556810570275465
61.43,60.75303277936334
3780.54,3813.6950031472265
21.11,22.79492187297107
119.95,119.3329011065183
11.75,12.041604185125264
139.47,136.03569515815994
167.98,167.89466405698607
27.4,29.063204645453943
55.53,55.05968265862193
923.76,960.4976474275252
149.18,149.20504697162062
11.61,11.848022659287986
58.1,62.55331420567873
77.32,74.86343719414693
18.01,17.7200383276531
51.99,52.096149535707504
45.64,44.2165077268308
10.89,10.6806177151937
86.64,87.61127506332478
6.9,7.088910561603372
1312.28,1357.3803619346966
21.68,22.451097203853276
27.88,27.047450652030275
35.72,35.12109350872452
11.03,10.6806177151937
103.47,103.75044481985107
62.42,60.75303277936334
40.85,38.707610586391624
13.3,13.667246713484849
1007.25,1002.801691346717
249.48,244.24472588799352
19.92,19.500689381756814
5.15,5.333210941579161
2142.99,2127.036569297465
33.1,36.84244567397052
64.37,64.5632181339098
20.72,20.471312655626736
72.81,67.74519715955795
2154.05,2134.0218302140984
34.34,33.34867943025958
31.68,30.765352843918286
33.71,35.402585806542156
80.99,87.81314975260327
33.43,34.48374930340439
41.55,41.95859146921169
21.65,21.91986225894537
511.43,516.5967787809055
225.86,226.5439653816657
382.11,385.1932807293938
392.99,382.80172370566953
581.87,581.9238925179781
5.15,5.435580088003297
36.69,36.37972491896937
25.92,25.590057040165796
32.32,32.548251446398496
86.5,89.52785099150525
87.46,89.46246321340588
60.2,60.670191891477366
43.75,43.83901171375738
207.39,205.76044892952015
161.48,160.57106981302087
25.71,25.80386342305864
40.24,38.73769022188562
147.21,146.13025865381826
118.25,120.37233665980581
30.72,31.96000365639136
48.35,47.870100496720816
6.21,6.326246979922936
13.33,13.90489747240151
185.46,186.0732030483337
45.24,44.2165077268308
46.61,45.76821151243615
40.1,38.73769022188562
78.78,79.7153659597507
24.28,23.774069657992545
617.22,622.255897881596
118.71,117.66532817905627
63.52,64.83936083886397
10.36,10.223573082231633
70.3,69.35036959820737
24.54,24.643651274932427
31.33,31.62941223427237
17.99,18.619611737446785
158.26,156.8551763754944
125.82,122.42414752790931
417.66,413.63018307685496
173.9,169.42074162885987
357.03,369.51025560957885
12.95,13.114604437950492
3140.96,3567.825375587263
983.01,1012.2556302435826
14.86,15.231968388139892
580.23,563.9686621872776
96.45,99.89930411819653
2822.76,2912.9154915356944
2.72,2.9202072123633074
185.93,185.74062441682517
147.87,135.61613168159286
66.45,67.76637197382735
60.91,56.4697024295141
58.6,58.53718155197901
22.36,22.293800176739836
260.38,253.47237872433453
70.84,73.40643843475974
2.85,3.0096489860772304
671.52,695.0546339485466
186.12,190.53921261897153
10.96,12.69088804951167
214.82,213.03184048362576
22.85,22.58398486168685
172.48,169.25029665861763
77.85,76.3581293387022
66.3,59.09759197671083
48.83,48.38676758738562
19.79,20.471312655626736
23.51,23.4019086812223
11.57,12.091953281256044
3.36,3.9111127748145327
3.7,3.8901348562968447
39.33,40.36156026400285
45.28,41.961424544178456
9.9,10.208879392943205
358.65,351.4367531165512
403.63,407.32017423750085
48.78,48.53324042910615
31.82,30.765352843918286
156.58,165.55824311790317
180.82,180.0033764944066
278.85,277.21806340148447
654.15,640.8944697661015
375.93,375.1845349070914
118.51,118.17416097390955
13.44,13.28931379458109
63.87,67.28569813965763
48.69,48.96153749840255
19.84,19.500689381756814
84.37,84.9523252952765
61.88,61.443448919737996
4.12,5.412891110623188
554.5,565.0514149007065
114.53,112.22389958324217
69.98,73.27448372303782
419.76,414.5415500714598
52.1,52.502136474554035
665.55,659.3031243469457
11.17,11.848022659287986
88.44,91.28334964139374
7.09,7.339327594318627
32.58,31.09312863840379
70.2,68.06777815817233
16.75,17.347098183332186
146.95,145.81478561368382
70.17,67.07554999471672
57.71,53.96190201103448
119.59,119.49682161698465
22.9,22.58398486168685
18.21,20.1106393761372
138.77,144.66763191956096
218.84,216.52160788897183
45.81,46.074136467432766
468.94,462.73016076528455
416.0,403.74727741354155
48.12,49.986863251728735
929.48,930.6375939160988
1.24,1.7848072805248434
111.49,101.81489930017376
11.42,11.848022659287986
5.17,5.333210941579161
6.98,7.262386716616038
21.69,21.122604184413316
102.65,92.5880201632179
182.73,187.78159273643925
161.02,161.73452792066675
58.7,58.0724951547823
1286.39,1306.5184635749772
168.59,168.1776172488352
51.12,48.3218075782856
164.34,163.8625002309669
26.3,25.45073762919367
40.66,41.36976206390065
115.48,113.59534855764375
37.92,38.6387827119633
21.96,22.453233468445735
22.21,22.453233468445735
327.62,321.9996717270382
115.13,117.93582625072136
28.72,28.41747022975582
180.79,185.53196451503536
49.41,49.673243736671395
80.76,81.25569421102279
111.55,110.68876981856108
239.51,238.446416408668
45.68,44.2165077268308
8.82,9.129463058691377
695.56,676.5509596518051
381.16,382.33069015346894
402.49,407.27770764687074
77.06,74.37918733972698
6.33,6.7758116029610855
