order_id,actual_returned,predicted_returned,return_risk_score,threshold_used
O107805,No,No,0.2627,0.3
O109135,No,No,0.2642,0.3
O107664,No,Yes,0.3682,0.3
O125224,Yes,Yes,0.4332,0.3
O108473,No,Yes,0.5071,0.3
O123070,No,Yes,0.4591,0.3
O131481,No,No,0.0335,0.3
O133201,No,Yes,0.5066,0.3
O129183,No,Yes,0.3967,0.3
O123063,No,Yes,0.5322,0.3
O124751,Yes,Yes,0.4039,0.3
O132952,No,No,0.2752,0.3
O134374,No,Yes,0.3277,0.3
O112339,No,Yes,0.3957,0.3
O111865,No,No,0.1953,0.3
O124951,No,No,0.1677,0.3
O100206,No,No,0.0417,0.3
O112246,No,No,0.2202,0.3
O108119,No,Yes,0.3841,0.3
O124935,No,Yes,0.3996,0.3
O120692,No,Yes,0.3008,0.3
O104674,No,Yes,0.4476,0.3
O111203,No,Yes,0.3797,0.3
O122342,No,No,0.1804,0.3
O113337,No,Yes,0.3964,0.3
O102649,No,No,0.1738,0.3
O125681,No,Yes,0.4107,0.3
O125300,No,No,0.2853,0.3
O130383,No,No,0.2426,0.3
O122176,No,Yes,0.3002,0.3
O114761,Yes,No,0.2064,0.3
O118421,No,No,0.2649,0.3
O104225,No,No,0.075,0.3
O122181,No,No,0.2096,0.3
O121054,No,No,0.2887,0.3
O106047,No,Yes,0.4667,0.3
O110330,No,Yes,0.5523,0.3
O132352,No,No,0.2212,0.3
O129325,No,No,0.1536,0.3
O120220,No,No,0.2079,0.3
O113123,No,No,0.0928,0.3
O104363,Yes,Yes,0.3579,0.3
O114688,No,Yes,0.4094,0.3
O109277,No,Yes,0.5106,0.3
O104895,No,Yes,0.333,0.3
O115282,No,Yes,0.4754,0.3
O103930,No,Yes,0.5121,0.3
O107712,Yes,No,0.2407,0.3
O121385,No,No,0.1964,0.3
O107082,No,No,0.212,0.3
O127366,No,No,0.2179,0.3
O103063,No,Yes,0.5672,0.3
O118371,Yes,Yes,0.3299,0.3
O122350,No,No,0.0146,0.3
O108049,No,No,0.254,0.3
O117459,No,Yes,0.4679,0.3
O120793,No,No,0.2668,0.3
O123650,No,Yes,0.5094,0.3
O121777,No,No,0.1652,0.3
O104824,No,No,0.0509,0.3
O114793,No,No,0.0788,0.3
O104467,No,Yes,0.5136,0.3
O110696,No,Yes,0.3816,0.3
O103310,No,Yes,0.3133,0.3
O112996,Yes,Yes,0.3374,0.3
O106917,No,No,0.2203,0.3
O107747,No,No,0.1451,0.3
O133903,No,Yes,0.3959,0.3
O104983,No,Yes,0.3186,0.3
O131146,No,No,0.1552,0.3
O104959,Yes,Yes,0.4078,0.3
O125899,No,No,0.1098,0.3
O133233,No,Yes,0.4866,0.3
O117213,No,Yes,0.3512,0.3
O100241,No,Yes,0.4113,0.3
O110452,No,No,0.2652,0.3
O122876,No,Yes,0.406,0.3
O128650,No,No,0.0692,0.3
O127315,No,No,0.0723,0.3
O131026,No,No,0.2122,0.3
O108777,No,Yes,0.638,0.3
O103569,Yes,No,0.1355,0.3
O101146,No,No,0.0528,0.3
O121286,No,Yes,0.5692,0.3
O125633,No,Yes,0.4962,0.3
O106160,No,No,0.2036,0.3
O134073,No,Yes,0.4723,0.3
O133246,No,Yes,0.5417,0.3
O101745,No,Yes,0.3731,0.3
O114927,No,No,0.23,0.3
O111781,No,No,0.2177,0.3
O107003,No,Yes,0.3488,0.3
O119320,No,Yes,0.3735,0.3
O124350,No,Yes,0.503,0.3
O111213,No,No,0.2924,0.3
O103632,No,No,0.2965,0.3
O118642,No,Yes,0.3728,0.3
O104704,No,No,0.2745,0.3
O112629,No,Yes,0.3911,0.3
O132425,No,No,0.2367,0.3
O111777,No,No,0.0317,0.3
O104023,No,Yes,0.3593,0.3
O105593,No,No,0.2386,0.3
O112740,No,No,0.1778,0.3
O101700,No,No,0.0154,0.3
O120253,No,Yes,0.325,0.3
O102465,No,Yes,0.5151,0.3
O111271,No,No,0.228,0.3
O118546,No,No,0.2888,0.3
O125399,No,Yes,0.354,0.3
O126000,No,No,0.2115,0.3
O124412,No,Yes,0.3176,0.3
O120556,No,No,0.1085,0.3
O102676,No,No,0.2122,0.3
O123342,No,Yes,0.3672,0.3
O126544,No,Yes,0.3319,0.3
O126027,No,Yes,0.3407,0.3
O133273,No,Yes,0.4345,0.3
O107144,No,Yes,0.3046,0.3
O129114,No,No,0.286,0.3
O132868,No,No,0.1807,0.3
O106678,No,Yes,0.307,0.3
O101343,No,No,0.0612,0.3
O108618,No,Yes,0.4353,0.3
O112956,No,No,0.0219,0.3
O125663,No,Yes,0.4835,0.3
O106268,No,No,0.1822,0.3
O128651,No,Yes,0.4882,0.3
O127875,No,Yes,0.4747,0.3
O108438,No,No,0.0478,0.3
O134228,No,Yes,0.4371,0.3
O103114,No,No,0.1972,0.3
O108815,No,Yes,0.4953,0.3
O101135,No,No,0.1003,0.3
O112861,No,Yes,0.4512,0.3
O131802,No,No,0.2739,0.3
O100211,No,No,0.1467,0.3
O130294,No,Yes,0.6901,0.3
O103716,No,No,0.1122,0.3
O117867,No,Yes,0.5897,0.3
O105787,No,Yes,0.5851,0.3
O115091,No,Yes,0.336,0.3
O102208,No,No,0.1922,0.3
O100403,No,No,0.1384,0.3
O107577,No,No,0.2702,0.3
O127208,No,Yes,0.4637,0.3
O113636,No,No,0.1523,0.3
O124366,No,Yes,0.3214,0.3
O110311,No,Yes,0.4762,0.3
O128298,No,No,0.0653,0.3
O131007,No,No,0.2236,0.3
O110795,No,Yes,0.3191,0.3
O118121,No,No,0.1205,0.3
O108684,No,Yes,0.412,0.3
O110957,No,Yes,0.3363,0.3
O113781,No,No,0.1458,0.3
O129779,No,Yes,0.3507,0.3
O109264,No,Yes,0.4313,0.3
O112578,No,Yes,0.327,0.3
O121033,No,Yes,0.3403,0.3
O130217,No,No,0.1533,0.3
O120539,No,Yes,0.3333,0.3
O108141,Yes,Yes,0.3404,0.3
O116293,No,No,0.2945,0.3
O123827,No,No,0.2139,0.3
O133548,No,Yes,0.3453,0.3
O129644,No,Yes,0.3308,0.3
O127620,No,No,0.1233,0.3
O109372,No,No,0.2242,0.3
O121665,Yes,Yes,0.3015,0.3
O128819,No,No,0.2031,0.3
O122006,No,No,0.1106,0.3
O122817,No,Yes,0.5069,0.3
O128100,No,No,0.027,0.3
O110287,No,No,0.2494,0.3
O106017,No,No,0.2168,0.3
O125081,No,Yes,0.4774,0.3
O109735,No,No,0.2165,0.3
O121337,No,No,0.06,0.3
O115556,No,Yes,0.3924,0.3
O100198,No,No,0.1889,0.3
O123646,No,No,0.2925,0.3
O123338,No,Yes,0.4972,0.3
O131877,No,No,0.0205,0.3
O123971,No,No,0.1161,0.3
O117386,No,Yes,0.4175,0.3
O107809,No,Yes,0.3918,0.3
O125105,No,No,0.0115,0.3
O132276,Yes,No,0.2079,0.3
O104958,No,No,0.0122,0.3
O113214,Yes,No,0.2431,0.3
O112224,No,No,0.2013,0.3
O120728,No,No,0.1583,0.3
O107888,No,No,0.103,0.3
O122008,No,Yes,0.4388,0.3
O112213,No,No,0.11,0.3
O111653,No,Yes,0.3476,0.3
O133440,No,No,0.2142,0.3
O129482,No,No,0.1313,0.3
O108784,No,No,0.2508,0.3
O105458,No,Yes,0.6278,0.3
O105718,No,No,0.2855,0.3
O132040,No,Yes,0.4499,0.3
O113884,No,No,0.1496,0.3
O114899,No,No,0.0254,0.3
O103734,No,Yes,0.3161,0.3
O106784,No,Yes,0.3164,0.3
O116883,No,No,0.0663,0.3
O133038,No,No,0.2221,0.3
O121370,No,No,0.2935,0.3
O119310,No,Yes,0.327,0.3
O103171,No,Yes,0.3133,0.3
O109232,No,No,0.2006,0.3
O102215,No,No,0.1681,0.3
O133439,Yes,No,0.2129,0.3
O131053,Yes,No,0.2553,0.3
O110672,Yes,Yes,0.4967,0.3
O124446,No,Yes,0.4994,0.3
O123202,No,No,0.2073,0.3
O103490,No,No,0.2283,0.3
O130491,No,No,0.2754,0.3
O106750,No,No,0.246,0.3
O100528,No,No,0.0979,0.3
O102574,Yes,No,0.212,0.3
O129380,No,Yes,0.5187,0.3
O119152,No,No,0.1022,0.3
O114852,No,No,0.2603,0.3
O103001,No,Yes,0.3501,0.3
O123265,No,Yes,0.3538,0.3
O104296,No,No,0.2697,0.3
O115181,No,Yes,0.3232,0.3
O124352,No,No,0.0081,0.3
O103936,No,No,0.1163,0.3
O120717,No,Yes,0.4288,0.3
O101400,No,No,0.0213,0.3
O106124,No,No,0.1894,0.3
O117305,No,Yes,0.4857,0.3
O130020,No,No,0.1978,0.3
O106034,No,Yes,0.4053,0.3
O123718,No,No,0.2219,0.3
O105067,No,No,0.2517,0.3
O121596,No,No,0.2412,0.3
O126681,No,Yes,0.4822,0.3
O113413,No,Yes,0.3169,0.3
O115184,No,No,0.0203,0.3
O114005,No,Yes,0.417,0.3
O103614,No,No,0.2579,0.3
O129246,No,Yes,0.5427,0.3
O105101,No,Yes,0.3364,0.3
O108405,No,No,0.2272,0.3
O106840,Yes,No,0.2397,0.3
O103628,No,No,0.2947,0.3
O116192,No,Yes,0.382,0.3
O117232,No,Yes,0.3197,0.3
O122500,No,No,0.1713,0.3
O122334,Yes,Yes,0.3846,0.3
O107387,No,No,0.2814,0.3
O119409,No,No,0.179,0.3
O101357,No,No,0.1327,0.3
O125013,No,No,0.1167,0.3
O131839,No,Yes,0.3174,0.3
O109864,No,Yes,0.4758,0.3
O113719,No,Yes,0.3272,0.3
O134229,No,Yes,0.5428,0.3
O133079,No,No,0.022,0.3
O102944,No,Yes,0.4503,0.3
O118295,No,No,0.2227,0.3
O116704,No,No,0.0811,0.3
O126449,No,No,0.2958,0.3
O100957,No,Yes,0.4251,0.3
O131559,No,Yes,0.3058,0.3
O132164,No,Yes,0.3788,0.3
O133544,No,No,0.2957,0.3
O129650,No,Yes,0.3241,0.3
O125109,No,Yes,0.3925,0.3
O124559,No,Yes,0.3063,0.3
O109192,No,Yes,0.7044,0.3
O124861,No,No,0.0218,0.3
O128287,No,Yes,0.412,0.3
O107829,No,No,0.1043,0.3
O127382,No,No,0.1684,0.3
O116582,No,No,0.1966,0.3
O130114,No,No,0.1163,0.3
O105960,No,Yes,0.3274,0.3
O104433,No,Yes,0.4809,0.3
O101208,No,No,0.0556,0.3
O122807,No,Yes,0.4278,0.3
O105213,No,No,0.01,0.3
O114023,No,Yes,0.3886,0.3
O131826,No,No,0.1418,0.3
O103919,No,Yes,0.4009,0.3
O118754,No,No,0.2537,0.3
O126992,No,Yes,0.3375,0.3
O116046,No,No,0.2911,0.3
O124191,No,Yes,0.572,0.3
O125266,No,No,0.2977,0.3
O100815,No,Yes,0.3071,0.3
O115954,Yes,Yes,0.4008,0.3
O103966,Yes,Yes,0.3132,0.3
O120093,No,Yes,0.3299,0.3
O124326,No,Yes,0.4899,0.3
O107601,No,No,0.14,0.3
O123051,No,No,0.1708,0.3
O125185,No,Yes,0.3111,0.3
O121474,No,No,0.0789,0.3
O106430,No,Yes,0.3364,0.3
O119689,No,Yes,0.4406,0.3
O133960,No,Yes,0.5255,0.3
O132995,No,Yes,0.3508,0.3
O134009,No,No,0.2172,0.3
O127813,No,Yes,0.3132,0.3
O115210,No,No,0.2594,0.3
O120140,No,Yes,0.577,0.3
O107504,No,No,0.0853,0.3
O125531,No,No,0.238,0.3
O112989,No,No,0.0876,0.3
O123909,No,No,0.2232,0.3
O107360,No,No,0.297,0.3
O108960,No,No,0.2582,0.3
O127369,No,No,0.2048,0.3
O127670,No,Yes,0.4332,0.3
O121032,No,No,0.0233,0.3
O124906,No,No,0.2666,0.3
O103388,No,Yes,0.4264,0.3
O129222,No,No,0.2231,0.3
O134036,No,No,0.1229,0.3
O110378,No,Yes,0.3412,0.3
O131901,No,No,0.2208,0.3
O117614,No,No,0.0219,0.3
O123351,Yes,Yes,0.3633,0.3
O101968,No,No,0.2263,0.3
O106358,No,Yes,0.4372,0.3
O123944,No,Yes,0.5927,0.3
O107350,No,No,0.173,0.3
O132591,No,No,0.0898,0.3
O112226,Yes,Yes,0.4473,0.3
O129383,No,No,0.1092,0.3
O133930,No,No,0.1462,0.3
O123722,No,Yes,0.362,0.3
O109999,No,Yes,0.4203,0.3
O105946,Yes,Yes,0.3809,0.3
O127080,No,Yes,0.3641,0.3
O110918,No,Yes,0.5474,0.3
O105968,No,No,0.1417,0.3
O104352,No,No,0.1969,0.3
O127969,No,No,0.2883,0.3
O126641,No,No,0.178,0.3
O130974,No,Yes,0.3304,0.3
O110049,No,Yes,0.3375,0.3
O119670,No,No,0.1513,0.3
O133750,No,No,0.1872,0.3
O128479,No,Yes,0.317,0.3
O109169,No,Yes,0.6119,0.3
O125339,No,No,0.2009,0.3
O129565,Yes,No,0.211,0.3
O115158,No,No,0.2363,0.3
O109514,No,No,0.2486,0.3
O116627,No,Yes,0.3952,0.3
O120393,Yes,Yes,0.671,0.3
O100960,No,No,0.1814,0.3
O124864,No,No,0.1872,0.3
O121534,No,Yes,0.3037,0.3
O109791,No,Yes,0.3734,0.3
O105800,No,No,0.2751,0.3
O111660,No,Yes,0.5271,0.3
O117417,No,Yes,0.5096,0.3
O127822,No,Yes,0.3345,0.3
O133673,No,No,0.0662,0.3
O133837,No,No,0.1708,0.3
O118023,No,No,0.1902,0.3
O102596,No,No,0.162,0.3
O124786,No,No,0.2168,0.3
O127642,No,No,0.1846,0.3
O113566,No,Yes,0.3107,0.3
O129214,No,Yes,0.5309,0.3
O122241,No,No,0.1899,0.3
O134455,No,No,0.1158,0.3
O123584,No,No,0.2816,0.3
O120257,Yes,No,0.2899,0.3
O107011,No,Yes,0.5992,0.3
O123256,No,No,0.1497,0.3
O131700,No,Yes,0.324,0.3
O130790,No,Yes,0.3191,0.3
O119764,No,No,0.0421,0.3
O108782,No,Yes,0.376,0.3
O115701,No,Yes,0.3238,0.3
O106050,No,Yes,0.3472,0.3
O120192,No,Yes,0.4369,0.3
O131462,Yes,No,0.223,0.3
O118217,No,Yes,0.4484,0.3
O121565,No,No,0.2701,0.3
O112462,No,Yes,0.4241,0.3
O112564,No,Yes,0.4547,0.3
O102247,No,Yes,0.4472,0.3
O113952,No,No,0.0948,0.3
O133976,No,No,0.1424,0.3
O111029,No,No,0.2489,0.3
O131861,No,No,0.1205,0.3
O106132,No,Yes,0.6633,0.3
O101425,No,No,0.1603,0.3
O108238,No,Yes,0.3256,0.3
O120430,No,No,0.2361,0.3
O115003,No,Yes,0.4497,0.3
O122079,No,No,0.2456,0.3
O132575,No,Yes,0.334,0.3
O133431,No,No,0.112,0.3
O119510,Yes,No,0.1736,0.3
O129226,No,Yes,0.3757,0.3
O116221,No,Yes,0.536,0.3
O102076,No,Yes,0.4219,0.3
O106761,No,Yes,0.3472,0.3
O123633,No,No,0.2954,0.3
O131266,No,Yes,0.3352,0.3
O134069,No,No,0.2746,0.3
O128874,No,No,0.1404,0.3
O113375,No,Yes,0.3944,0.3
O100244,No,No,0.2035,0.3
O103156,No,Yes,0.3485,0.3
O116519,No,Yes,0.3447,0.3
O128695,No,No,0.2299,0.3
O127643,No,No,0.0286,0.3
O100453,No,Yes,0.4623,0.3
O132934,No,Yes,0.3743,0.3
O107667,No,No,0.2051,0.3
O121624,No,Yes,0.4941,0.3
O100232,No,No,0.1777,0.3
O102241,No,No,0.0593,0.3
O129622,No,No,0.2833,0.3
O108585,Yes,No,0.2253,0.3
O125500,No,Yes,0.7273,0.3
O104390,No,Yes,0.4826,0.3
O114624,No,No,0.2223,0.3
O116589,No,No,0.1691,0.3
O133529,No,No,0.1311,0.3
O101873,No,No,0.2122,0.3
O117312,No,Yes,0.4683,0.3
O130280,No,No,0.161,0.3
O126160,Yes,No,0.1972,0.3
O110240,No,No,0.1422,0.3
O110467,No,No,0.2482,0.3
O130316,No,No,0.0799,0.3
O133701,No,No,0.1674,0.3
O111469,No,Yes,0.5807,0.3
O107542,No,No,0.0541,0.3
O112097,No,No,0.0367,0.3
O104028,No,No,0.2916,0.3
O125202,No,No,0.1341,0.3
O116069,No,No,0.2607,0.3
O100502,No,Yes,0.301,0.3
O118398,No,No,0.2014,0.3
O117095,No,No,0.2688,0.3
O129340,No,No,0.2094,0.3
O128827,No,Yes,0.369,0.3
O101663,No,No,0.2203,0.3
O105573,No,Yes,0.3486,0.3
O101813,No,Yes,0.3158,0.3
O116944,No,Yes,0.38,0.3
O106370,No,No,0.1945,0.3
O125220,No,No,0.1163,0.3
O112714,No,Yes,0.4258,0.3
O116649,No,Yes,0.3617,0.3
O101225,No,Yes,0.329,0.3
O134146,No,Yes,0.4012,0.3
O134444,No,Yes,0.4068,0.3
O105057,No,No,0.1045,0.3
O132191,No,No,0.2539,0.3
O131463,No,Yes,0.4135,0.3
O125159,No,No,0.1074,0.3
O134018,No,No,0.2985,0.3
O128706,No,Yes,0.4667,0.3
O125296,No,No,0.1276,0.3
O113648,No,Yes,0.3696,0.3
O125786,No,Yes,0.3611,0.3
O132456,No,No,0.1191,0.3
O107642,No,Yes,0.5237,0.3
O122337,No,No,0.1794,0.3
O134495,No,Yes,0.4325,0.3
O119727,No,Yes,0.3293,0.3
O114143,No,No,0.1423,0.3
O122556,No,No,0.0398,0.3
O111349,No,No,0.0229,0.3
O113687,No,Yes,0.4119,0.3
O100961,No,Yes,0.4448,0.3
O121827,No,No,0.1538,0.3
O130402,No,Yes,0.3191,0.3
O124959,No,Yes,0.3949,0.3
O107546,No,No,0.2293,0.3
O122543,No,Yes,0.3487,0.3
O115467,No,No,0.1698,0.3
O131138,No,Yes,0.4317,0.3
O108717,No,Yes,0.3644,0.3
O103341,No,Yes,0.3517,0.3
O104192,No,No,0.1255,0.3
O114458,No,Yes,0.324,0.3
O109706,No,Yes,0.3225,0.3
O113569,No,Yes,0.4212,0.3
O133880,No,Yes,0.5063,0.3
O112640,No,Yes,0.4724,0.3
O100624,No,Yes,0.3552,0.3
O133391,No,Yes,0.3413,0.3
O125031,No,Yes,0.3626,0.3
O114338,No,Yes,0.5559,0.3
O132850,No,No,0.1391,0.3
O127818,No,No,0.1168,0.3
O131970,No,No,0.1181,0.3
O125298,No,Yes,0.3831,0.3
O100242,No,No,0.2763,0.3
O104030,No,No,0.1487,0.3
O102083,No,No,0.1036,0.3
O101231,No,Yes,0.3685,0.3
O118837,No,No,0.2745,0.3
O112796,No,No,0.2106,0.3
O117613,Yes,Yes,0.3314,0.3
O105504,No,No,0.2908,0.3
O123597,No,Yes,0.5142,0.3
O100265,No,Yes,0.4744,0.3
O132906,No,Yes,0.3056,0.3
O126852,No,Yes,0.4569,0.3
O104172,No,Yes,0.4384,0.3
O103629,No,No,0.2352,0.3
O104646,Yes,Yes,0.5933,0.3
O101833,No,Yes,0.4448,0.3
O106485,No,Yes,0.3091,0.3
O122388,No,No,0.1973,0.3
O126406,No,No,0.2642,0.3
O112373,No,No,0.2309,0.3
O133812,No,No,0.0548,0.3
O113945,No,No,0.0848,0.3
O116510,No,No,0.2307,0.3
O117318,No,No,0.2891,0.3
O113180,No,Yes,0.3164,0.3
O118026,No,No,0.0837,0.3
O100759,No,Yes,0.4358,0.3
O133545,No,No,0.1632,0.3
O109112,No,Yes,0.5275,0.3
O128068,No,No,0.0798,0.3
O110348,No,Yes,0.3822,0.3
O108795,No,Yes,0.3455,0.3
O124523,No,No,0.042,0.3
O103583,No,Yes,0.4725,0.3
O130379,No,No,0.2868,0.3
O122010,No,No,0.1281,0.3
O109029,No,Yes,0.4346,0.3
O113408,No,Yes,0.4645,0.3
O100495,No,No,0.0188,0.3
O111626,No,Yes,0.3951,0.3
O119278,No,No,0.2489,0.3
O107057,No,Yes,0.6384,0.3
O100936,No,Yes,0.4217,0.3
O114415,No,No,0.2824,0.3
O108561,No,Yes,0.6469,0.3
O100905,No,No,0.2866,0.3
O102021,No,Yes,0.3232,0.3
O116263,No,No,0.1148,0.3
O112383,No,No,0.2796,0.3
O118285,No,Yes,0.3431,0.3
O107857,Yes,Yes,0.369,0.3
O111625,No,Yes,0.6266,0.3
O114606,No,Yes,0.3241,0.3
O126811,No,Yes,0.5461,0.3
O111517,No,Yes,0.4779,0.3
O133101,No,Yes,0.3152,0.3
O107957,No,No,0.2956,0.3
O123540,No,No,0.2075,0.3
O107340,No,No,0.1647,0.3
O102116,No,No,0.1113,0.3
O123173,No,Yes,0.4716,0.3
O134320,No,No,0.0214,0.3
O115708,No,Yes,0.3589,0.3
O105106,No,Yes,0.5396,0.3
O126174,No,Yes,0.3908,0.3
O116288,No,Yes,0.406,0.3
O114750,No,No,0.2174,0.3
O133511,No,No,0.0232,0.3
O106708,No,Yes,0.6159,0.3
O107278,No,No,0.2248,0.3
O105797,No,No,0.1891,0.3
O107151,No,Yes,0.3592,0.3
O110225,No,Yes,0.3434,0.3
O117626,No,Yes,0.4415,0.3
O111173,No,No,0.2024,0.3
O118671,No,Yes,0.3874,0.3
O104388,No,Yes,0.585,0.3
O126694,No,No,0.1868,0.3
O107452,No,Yes,0.4574,0.3
O103501,No,No,0.2363,0.3
O104711,No,Yes,0.4122,0.3
O126764,No,No,0.207,0.3
O108849,No,Yes,0.503,0.3
O124792,No,No,0.1752,0.3
O116709,Yes,No,0.2694,0.3
O100678,No,Yes,0.3896,0.3
O127396,No,Yes,0.5617,0.3
O118547,No,No,0.1357,0.3
O102144,No,No,0.2309,0.3
O104593,No,Yes,0.4192,0.3
O124759,No,Yes,0.491,0.3
O121111,No,Yes,0.4473,0.3
O101727,No,No,0.2339,0.3
O117243,No,Yes,0.5111,0.3
O110787,No,No,0.2951,0.3
O113954,No,No,0.1808,0.3
O132541,No,No,0.0747,0.3
O128242,No,Yes,0.4215,0.3
O123099,No,No,0.0249,0.3
O132676,No,No,0.2281,0.3
O117161,No,No,0.2057,0.3
O114791,No,No,0.0237,0.3
O132181,No,No,0.2937,0.3
O123593,No,No,0.0939,0.3
O103817,No,Yes,0.366,0.3
O103907,No,Yes,0.3736,0.3
O100895,No,Yes,0.4504,0.3
O119863,No,No,0.2138,0.3
O108711,No,No,0.2298,0.3
O113178,No,Yes,0.5312,0.3
O110057,Yes,Yes,0.4826,0.3
O133985,No,No,0.2454,0.3
O125469,No,Yes,0.5949,0.3
O108944,No,Yes,0.3279,0.3
O132387,No,Yes,0.3184,0.3
O108462,No,No,0.2704,0.3
O126397,No,No,0.066,0.3
O121560,No,Yes,0.4444,0.3
O112471,No,Yes,0.5884,0.3
O128909,No,Yes,0.6084,0.3
O127953,No,No,0.0346,0.3
O116928,No,Yes,0.4033,0.3
O114095,No,Yes,0.4004,0.3
O122663,No,Yes,0.6544,0.3
O120799,No,No,0.2056,0.3
O128323,No,Yes,0.3,0.3
O117842,No,No,0.2754,0.3
O104724,No,Yes,0.3525,0.3
O106926,No,No,0.0845,0.3
O101194,No,Yes,0.3867,0.3
O103863,No,No,0.0843,0.3
O103339,No,Yes,0.3204,0.3
O124423,No,Yes,0.3612,0.3
O111418,No,No,0.1309,0.3
O128420,No,Yes,0.315,0.3
O106101,No,No,0.1824,0.3
O117934,No,No,0.2149,0.3
O129818,No,No,0.2445,0.3
O124693,No,No,0.1754,0.3
O120579,No,No,0.2366,0.3
O108519,No,No,0.2362,0.3
O132943,No,No,0.179,0.3
O132066,No,No,0.1359,0.3
O108731,No,No,0.122,0.3
O118213,No,Yes,0.332,0.3
O108680,No,No,0.2405,0.3
O128896,No,No,0.2892,0.3
O114493,No,No,0.2009,0.3
O112057,No,Yes,0.4488,0.3
O101704,No,Yes,0.3009,0.3
O124431,No,Yes,0.3502,0.3
O107282,No,Yes,0.3103,0.3
O111343,No,Yes,0.4358,0.3
O131361,No,Yes,0.3944,0.3
O123143,No,Yes,0.3794,0.3
O115352,No,No,0.1478,0.3
O108460,No,Yes,0.469,0.3
O105938,No,No,0.299,0.3
O108890,No,No,0.1631,0.3
O123923,No,No,0.2719,0.3
O104803,No,No,0.1859,0.3
O132621,No,Yes,0.3745,0.3
O123556,No,No,0.2809,0.3
O116785,No,Yes,0.4033,0.3
O124275,No,No,0.2849,0.3
O130096,No,Yes,0.3962,0.3
O114136,No,Yes,0.4593,0.3
O121932,No,Yes,0.3845,0.3
O115102,No,No,0.1759,0.3
O106104,No,Yes,0.6696,0.3
O101170,No,No,0.2448,0.3
O119531,No,Yes,0.5861,0.3
O124137,No,No,0.2499,0.3
O120649,No,No,0.2922,0.3
O112013,No,No,0.2884,0.3
O102563,Yes,No,0.265,0.3
O107558,No,No,0.0731,0.3
O117582,No,No,0.2991,0.3
O105877,No,No,0.0189,0.3
O133913,Yes,No,0.2971,0.3
O111337,No,No,0.2215,0.3
O116377,No,No,0.0574,0.3
O107133,Yes,Yes,0.3339,0.3
O124141,No,No,0.0875,0.3
O132136,No,No,0.0616,0.3
O132494,No,Yes,0.4843,0.3
O120022,No,No,0.2531,0.3
O107164,No,Yes,0.3019,0.3
O102009,No,No,0.1183,0.3
O125986,No,Yes,0.3244,0.3
O116638,No,Yes,0.7439,0.3
O117816,No,No,0.2007,0.3
O105302,No,Yes,0.4623,0.3
O101492,No,Yes,0.4326,0.3
O130419,No,No,0.2796,0.3
O133238,No,Yes,0.3525,0.3
O107437,No,Yes,0.6545,0.3
O106266,No,No,0.0442,0.3
O132056,No,Yes,0.3539,0.3
O116152,No,No,0.2916,0.3
O100428,No,Yes,0.3318,0.3
O105214,No,Yes,0.4567,0.3
O116948,No,Yes,0.3116,0.3
O119208,No,Yes,0.3001,0.3
O111672,No,No,0.194,0.3
O109961,No,No,0.1881,0.3
O119345,No,No,0.1927,0.3
O124740,No,No,0.0475,0.3
O133653,No,Yes,0.4106,0.3
O127474,No,No,0.2763,0.3
O105188,No,No,0.2025,0.3
O112506,No,Yes,0.3491,0.3
O106800,No,No,0.0539,0.3
O119184,No,Yes,0.3994,0.3
O133011,No,No,0.2419,0.3
O118723,Yes,Yes,0.3518,0.3
O133362,No,Yes,0.5571,0.3
O125132,No,No,0.0728,0.3
O102977,No,No,0.231,0.3
O116015,No,No,0.1776,0.3
O125587,No,Yes,0.4552,0.3
O133928,No,No,0.2381,0.3
O110912,No,Yes,0.3521,0.3
O104350,Yes,Yes,0.3897,0.3
O123577,No,No,0.0813,0.3
O105997,No,Yes,0.4829,0.3
O117684,No,No,0.212,0.3
O124183,No,No,0.2279,0.3
O114428,No,No,0.2693,0.3
O116217,No,No,0.2677,0.3
O110310,No,No,0.2826,0.3
O106110,No,Yes,0.5275,0.3
O107579,No,Yes,0.5046,0.3
O126742,No,No,0.2014,0.3
O128872,No,No,0.1941,0.3
O126510,No,Yes,0.3104,0.3
O115860,No,Yes,0.3495,0.3
O131322,Yes,Yes,0.5951,0.3
O119373,No,Yes,0.3516,0.3
O106551,No,Yes,0.4844,0.3
O129576,No,Yes,0.4315,0.3
O116908,Yes,Yes,0.4341,0.3
O114224,No,No,0.1389,0.3
O120170,No,No,0.1849,0.3
O132631,No,Yes,0.4393,0.3
O124202,No,Yes,0.323,0.3
O104290,No,Yes,0.6269,0.3
O101423,No,Yes,0.3784,0.3
O107468,No,No,0.271,0.3
O107142,No,No,0.2929,0.3
O110341,No,No,0.2778,0.3
O103179,No,No,0.2335,0.3
O118170,No,Yes,0.3553,0.3
O110126,No,Yes,0.4368,0.3
O104689,No,Yes,0.3501,0.3
O103145,No,No,0.2509,0.3
O100620,No,No,0.0092,0.3
O132912,No,Yes,0.3005,0.3
O100168,No,Yes,0.4777,0.3
O116364,No,No,0.2023,0.3
O130389,No,Yes,0.3183,0.3
O119021,No,No,0.2401,0.3
O102198,No,Yes,0.4283,0.3
O109564,No,No,0.2185,0.3
O100947,No,No,0.2833,0.3
O125360,No,Yes,0.3818,0.3
O111066,No,Yes,0.3013,0.3
O122562,No,No,0.2921,0.3
O104924,No,Yes,0.3533,0.3
O103563,No,No,0.1183,0.3
O128678,No,Yes,0.3792,0.3
O127387,No,No,0.2332,0.3
O105401,Yes,Yes,0.5322,0.3
O127976,No,Yes,0.397,0.3
O112166,No,No,0.0662,0.3
O128297,No,Yes,0.4836,0.3
O102999,No,Yes,0.4274,0.3
O119954,No,Yes,0.3743,0.3
O112603,No,Yes,0.4791,0.3
O118765,No,No,0.2856,0.3
O116713,No,No,0.0105,0.3
O102557,No,No,0.2877,0.3
O102070,No,No,0.0822,0.3
O124725,No,Yes,0.3672,0.3
O100115,No,Yes,0.4145,0.3
O119512,Yes,Yes,0.5447,0.3
O109348,Yes,No,0.172,0.3
O110684,No,Yes,0.365,0.3
O109957,No,No,0.2886,0.3
O115070,No,No,0.2702,0.3
O125379,No,No,0.2705,0.3
O124631,No,Yes,0.5306,0.3
O131617,No,Yes,0.3711,0.3
O105730,No,No,0.2891,0.3
O121923,No,Yes,0.3118,0.3
O127713,No,No,0.1909,0.3
O128215,No,Yes,0.4932,0.3
O111918,No,Yes,0.36,0.3
O120654,No,No,0.1708,0.3
O110703,No,No,0.0434,0.3
O134454,No,No,0.2633,0.3
O116287,No,Yes,0.4185,0.3
O106609,No,No,0.1669,0.3
O110772,No,Yes,0.3409,0.3
O120838,No,No,0.2552,0.3
O121080,No,No,0.1807,0.3
O133531,No,Yes,0.3162,0.3
O131241,Yes,Yes,0.3518,0.3
O116021,No,No,0.2702,0.3
O125173,No,Yes,0.4274,0.3
O114680,No,No,0.0186,0.3
O130268,No,No,0.2541,0.3
O125403,No,No,0.2708,0.3
O116396,No,Yes,0.4452,0.3
O123458,No,No,0.276,0.3
O123671,No,No,0.2261,0.3
O115275,No,No,0.2952,0.3
O130554,No,No,0.1211,0.3
O110054,No,Yes,0.324,0.3
O126538,No,Yes,0.4466,0.3
O100532,No,No,0.224,0.3
O129427,No,Yes,0.385,0.3
O106421,No,Yes,0.4606,0.3
O134123,No,Yes,0.4303,0.3
O109778,No,Yes,0.351,0.3
O117316,No,No,0.2384,0.3
O106199,Yes,Yes,0.4228,0.3
O120036,No,No,0.1408,0.3
O128421,No,No,0.2038,0.3
O115713,No,No,0.2534,0.3
O122332,No,Yes,0.34,0.3
O107799,No,No,0.2301,0.3
O124042,No,Yes,0.4261,0.3
O125462,No,Yes,0.3082,0.3
O127125,No,Yes,0.6155,0.3
O109632,No,Yes,0.6338,0.3
O121772,No,No,0.028,0.3
O109184,Yes,Yes,0.6072,0.3
O117406,No,Yes,0.3433,0.3
O130843,No,No,0.1446,0.3
O132121,No,Yes,0.4358,0.3
O132679,Yes,No,0.1019,0.3
O100847,No,Yes,0.3243,0.3
O107627,No,No,0.1038,0.3
O103418,No,Yes,0.6123,0.3
O125705,No,No,0.0224,0.3
O124687,No,No,0.2688,0.3
O130434,No,Yes,0.3743,0.3
O126649,Yes,Yes,0.4832,0.3
O109415,No,Yes,0.3277,0.3
O133736,No,No,0.2605,0.3
O131380,No,No,0.209,0.3
O106998,No,No,0.0062,0.3
O132312,No,Yes,0.4909,0.3
O101880,No,Yes,0.481,0.3
O121867,No,Yes,0.3836,0.3
O127460,Yes,No,0.2902,0.3
O109006,No,Yes,0.3943,0.3
O107317,No,No,0.0998,0.3
O128206,No,Yes,0.3003,0.3
O106941,No,Yes,0.3432,0.3
O131426,No,Yes,0.4531,0.3
O111728,No,No,0.1908,0.3
O126049,No,No,0.2941,0.3
O128187,No,No,0.2679,0.3
O117452,No,Yes,0.302,0.3
O129762,No,Yes,0.3229,0.3
O103473,No,No,0.1187,0.3
O122691,No,Yes,0.5411,0.3
O122741,No,No,0.1371,0.3
O127905,No,Yes,0.4017,0.3
O100989,No,Yes,0.3967,0.3
O124342,No,No,0.1151,0.3
O113994,No,No,0.2576,0.3
O126203,No,No,0.1636,0.3
O113787,No,Yes,0.3709,0.3
O121022,No,No,0.1801,0.3
O102891,No,Yes,0.5326,0.3
O110776,No,No,0.2411,0.3
O102331,No,No,0.2793,0.3
O111036,No,No,0.1531,0.3
O100993,No,No,0.2644,0.3
O129971,No,Yes,0.4662,0.3
O115682,No,Yes,0.3525,0.3
O124261,No,No,0.1934,0.3
O121280,No,No,0.2865,0.3
O126292,No,No,0.1965,0.3
O123252,No,No,0.119,0.3
O101988,No,Yes,0.4138,0.3
O108607,No,No,0.2335,0.3
O103898,No,Yes,0.3177,0.3
O106195,No,Yes,0.4165,0.3
O100691,No,No,0.0644,0.3
O112179,No,No,0.1245,0.3
O113417,No,No,0.2673,0.3
O112402,No,No,0.1396,0.3
O114070,No,Yes,0.4928,0.3
O103100,No,Yes,0.5889,0.3
O132069,No,No,0.1619,0.3
O108646,No,Yes,0.399,0.3
O109410,No,Yes,0.3792,0.3
O112976,No,No,0.0727,0.3
O120666,No,Yes,0.3536,0.3
O103767,No,Yes,0.3761,0.3
O101623,No,Yes,0.4538,0.3
O112909,No,Yes,0.5909,0.3
O128427,No,Yes,0.4148,0.3
O133221,No,Yes,0.3087,0.3
O105019,No,Yes,0.3761,0.3
O113471,No,No,0.1049,0.3
O126265,No,Yes,0.5454,0.3
O103999,No,Yes,0.4371,0.3
O112178,No,No,0.1135,0.3
O127139,No,No,0.1353,0.3
O112409,No,No,0.1717,0.3
O124754,No,No,0.2626,0.3
O100311,No,Yes,0.5996,0.3
O118435,No,Yes,0.4755,0.3
O123564,No,No,0.1558,0.3
O106734,No,Yes,0.5517,0.3
O108598,No,Yes,0.3203,0.3
O102664,No,No,0.1768,0.3
O130291,No,No,0.1074,0.3
O123709,No,Yes,0.3714,0.3
O124506,No,No,0.2824,0.3
O131533,No,No,0.1618,0.3
O113040,No,Yes,0.4051,0.3
O110340,No,No,0.0822,0.3
O101898,No,Yes,0.3022,0.3
O121688,No,No,0.2737,0.3
O125526,No,Yes,0.439,0.3
O121167,No,No,0.067,0.3
O131494,No,No,0.1552,0.3
O122019,No,No,0.2055,0.3
O108039,No,No,0.2651,0.3
O111295,No,Yes,0.3618,0.3
O128757,No,No,0.091,0.3
O114829,No,No,0.1255,0.3
O114214,No,Yes,0.3334,0.3
O128071,No,Yes,0.4058,0.3
O131814,Yes,No,0.1978,0.3
O126951,No,Yes,0.4041,0.3
O101629,No,Yes,0.352,0.3
O124889,No,Yes,0.3315,0.3
O118281,No,No,0.1808,0.3
O112657,No,Yes,0.6472,0.3
O113277,No,No,0.2541,0.3
O131603,No,No,0.0268,0.3
O119706,No,Yes,0.3857,0.3
O133989,No,Yes,0.3194,0.3
O124034,No,Yes,0.4152,0.3
O119406,No,No,0.1827,0.3
O116490,No,No,0.2469,0.3
O106629,No,Yes,0.3815,0.3
O107554,No,No,0.1594,0.3
O120021,No,No,0.0412,0.3
O130235,No,Yes,0.4613,0.3
O130933,No,Yes,0.5389,0.3
O105402,No,Yes,0.5765,0.3
O105811,No,Yes,0.4035,0.3
O121871,No,No,0.2608,0.3
O114417,No,No,0.154,0.3
O102060,No,No,0.2437,0.3
O106789,No,No,0.1381,0.3
O112917,No,No,0.0894,0.3
O117866,No,Yes,0.3412,0.3
O124296,No,Yes,0.3286,0.3
O119285,No,No,0.0095,0.3
O129333,Yes,Yes,0.3417,0.3
O120236,No,No,0.2325,0.3
O109028,No,Yes,0.3463,0.3
O128777,No,Yes,0.36,0.3
O113469,No,No,0.2758,0.3
O128236,No,Yes,0.5068,0.3
O106639,No,No,0.2134,0.3
O110504,No,Yes,0.4405,0.3
O117112,No,No,0.2629,0.3
O125258,No,Yes,0.5374,0.3
O130252,No,No,0.2637,0.3
O111636,No,No,0.2206,0.3
O119588,No,No,0.0192,0.3
O128585,No,No,0.1092,0.3
O104698,No,Yes,0.3595,0.3
O107399,No,Yes,0.3199,0.3
O112936,No,Yes,0.4179,0.3
O130606,No,Yes,0.3164,0.3
O102795,No,No,0.2358,0.3
O117152,No,No,0.1645,0.3
O126400,No,Yes,0.3312,0.3
O134165,No,No,0.0054,0.3
O123941,No,No,0.257,0.3
O102859,No,No,0.0231,0.3
O119250,No,Yes,0.6179,0.3
O105205,No,Yes,0.4431,0.3
O120694,No,No,0.2622,0.3
O115894,No,Yes,0.5841,0.3
O133165,No,Yes,0.32,0.3
O100585,No,No,0.2814,0.3
O112282,No,No,0.2126,0.3
O110972,No,No,0.2031,0.3
O100099,No,Yes,0.3845,0.3
O131555,No,No,0.296,0.3
O133049,No,No,0.1594,0.3
O134335,Yes,No,0.1948,0.3
O106068,No,No,0.2566,0.3
O128437,No,No,0.1417,0.3
O117520,No,No,0.1659,0.3
O127776,No,Yes,0.3016,0.3
O133896,No,No,0.0473,0.3
O109600,No,Yes,0.652,0.3
O119262,No,No,0.0817,0.3
O123279,No,No,0.2614,0.3
O104738,No,No,0.2954,0.3
O125334,No,Yes,0.3405,0.3
O103872,No,No,0.2378,0.3
O128438,No,No,0.192,0.3
O102730,No,No,0.1685,0.3
O121982,No,No,0.1457,0.3
O122384,No,No,0.1976,0.3
O114913,No,Yes,0.5242,0.3
O107852,No,Yes,0.5308,0.3
O119503,Yes,No,0.1751,0.3
O119568,No,Yes,0.3488,0.3
O104514,No,No,0.1713,0.3
O115175,No,No,0.0692,0.3
O114255,No,No,0.2551,0.3
O115680,No,Yes,0.4421,0.3
O132020,No,No,0.2196,0.3
O106273,No,No,0.1929,0.3
O104232,No,Yes,0.3594,0.3
O119411,No,Yes,0.6608,0.3
O103770,No,Yes,0.5459,0.3
O121000,No,Yes,0.3076,0.3
O106749,No,Yes,0.3212,0.3
O121802,No,No,0.2889,0.3
O130780,No,Yes,0.3595,0.3
O126796,No,No,0.1354,0.3
O104040,No,No,0.1866,0.3
O107077,No,Yes,0.45,0.3
O115813,No,No,0.1374,0.3
O128582,No,No,0.079,0.3
O119961,No,Yes,0.4801,0.3
O133800,No,No,0.1521,0.3
O122167,No,Yes,0.3565,0.3
O119463,No,Yes,0.3348,0.3
O134471,No,Yes,0.3262,0.3
O121431,No,No,0.2132,0.3
O117272,No,Yes,0.3945,0.3
O109985,No,No,0.1784,0.3
O129802,No,No,0.2113,0.3
O120895,No,Yes,0.3071,0.3
O104109,No,Yes,0.4089,0.3
O108430,No,Yes,0.5118,0.3
O131759,No,No,0.2187,0.3
O133336,No,Yes,0.5022,0.3
O128256,No,No,0.2446,0.3
O129859,No,Yes,0.5189,0.3
O124531,No,No,0.1927,0.3
O105874,No,No,0.1421,0.3
O130962,No,Yes,0.6202,0.3
O111305,No,Yes,0.3054,0.3
O123749,No,Yes,0.7146,0.3
O120342,No,Yes,0.371,0.3
O122777,Yes,No,0.2154,0.3
O104174,No,Yes,0.3921,0.3
O101844,No,No,0.1463,0.3
O126545,No,No,0.2137,0.3
O107787,No,No,0.2671,0.3
O114314,No,No,0.078,0.3
O112595,No,Yes,0.329,0.3
O133577,Yes,Yes,0.3867,0.3
O113555,No,Yes,0.3077,0.3
O123484,No,No,0.0212,0.3
O131854,No,Yes,0.3204,0.3
O101697,No,Yes,0.4038,0.3
O102831,No,No,0.2049,0.3
O111067,No,Yes,0.4625,0.3
O132242,Yes,Yes,0.452,0.3
O109214,No,Yes,0.4423,0.3
O115142,No,No,0.2784,0.3
O132941,No,Yes,0.301,0.3
O112053,No,Yes,0.5063,0.3
O107225,No,No,0.1502,0.3
O118936,No,No,0.0969,0.3
O128935,No,Yes,0.3724,0.3
O123996,No,Yes,0.3063,0.3
O115631,No,Yes,0.3386,0.3
O101949,No,Yes,0.379,0.3
O101183,No,No,0.1719,0.3
O116580,No,No,0.2227,0.3
O111107,No,Yes,0.3425,0.3
O100158,No,No,0.1289,0.3
O113855,No,Yes,0.3791,0.3
O102299,No,No,0.2198,0.3
O112892,No,No,0.2194,0.3
O122422,No,Yes,0.317,0.3
O122801,No,No,0.2876,0.3
O112390,No,Yes,0.3138,0.3
O128195,No,No,0.1533,0.3
O120258,No,Yes,0.4061,0.3
O119527,No,Yes,0.5963,0.3
O132322,Yes,No,0.2415,0.3
O128132,Yes,Yes,0.3122,0.3
O130956,No,No,0.098,0.3
O107098,No,No,0.2044,0.3
O106084,No,Yes,0.5288,0.3
O120979,No,No,0.02,0.3
O128936,No,Yes,0.4236,0.3
O116601,No,No,0.1986,0.3
O112838,No,Yes,0.4709,0.3
O118958,No,Yes,0.531,0.3
O107190,No,Yes,0.3195,0.3
O101318,No,No,0.1935,0.3
O103334,No,No,0.2439,0.3
O101057,No,No,0.2382,0.3
O109878,No,No,0.1816,0.3
O119632,No,Yes,0.4835,0.3
O116987,No,No,0.2659,0.3
O110032,No,No,0.139,0.3
O108237,No,Yes,0.3262,0.3
O113379,No,No,0.2437,0.3
O128820,No,Yes,0.4406,0.3
O105281,Yes,Yes,0.5656,0.3
O105004,No,No,0.1795,0.3
O133840,No,No,0.2426,0.3
O125691,No,Yes,0.3305,0.3
O133338,No,No,0.0196,0.3
O108428,No,Yes,0.4688,0.3
O128880,No,No,0.1555,0.3
O105538,No,No,0.2581,0.3
O125645,No,No,0.1034,0.3
O131011,No,No,0.2584,0.3
O100291,No,No,0.126,0.3
O117289,No,Yes,0.5407,0.3
O132294,No,No,0.2972,0.3
O123677,Yes,Yes,0.4919,0.3
O103668,No,Yes,0.3895,0.3
O116995,No,No,0.2914,0.3
O134075,No,No,0.0927,0.3
O102394,No,No,0.2699,0.3
O111736,No,No,0.1739,0.3
O120758,No,No,0.2387,0.3
O122398,No,No,0.2395,0.3
O104879,No,No,0.1918,0.3
O112766,No,No,0.0487,0.3
O115914,No,Yes,0.3595,0.3
O115167,No,No,0.1463,0.3
O115862,No,Yes,0.6364,0.3
O102581,No,No,0.1965,0.3
O127353,No,Yes,0.4476,0.3
O132092,No,Yes,0.4805,0.3
O114853,No,Yes,0.5403,0.3
O108337,No,No,0.2888,0.3
O121838,No,Yes,0.4287,0.3
O111137,No,Yes,0.3997,0.3
O129916,No,No,0.2876,0.3
O119307,No,No,0.0299,0.3
O111212,No,No,0.2158,0.3
O130273,No,Yes,0.5929,0.3
O123810,No,Yes,0.4035,0.3
O112088,No,No,0.2999,0.3
O113901,No,Yes,0.3149,0.3
O100817,Yes,No,0.1917,0.3
O123783,No,Yes,0.5323,0.3
O131687,No,Yes,0.6792,0.3
O131715,No,Yes,0.4977,0.3
O108280,No,Yes,0.5767,0.3
O102365,No,Yes,0.3968,0.3
O129099,No,No,0.245,0.3
O123998,No,Yes,0.6784,0.3
O129968,No,No,0.1659,0.3
O122087,Yes,No,0.2789,0.3
O128559,No,No,0.2733,0.3
O117853,No,Yes,0.341,0.3
O113840,No,No,0.114,0.3
O117944,No,Yes,0.3176,0.3
O111778,No,No,0.1969,0.3
O118041,No,Yes,0.406,0.3
O111400,No,No,0.0261,0.3
O104913,No,Yes,0.3451,0.3
O109080,No,No,0.2396,0.3
O124983,No,No,0.1122,0.3
O123337,No,No,0.1619,0.3
O126543,No,Yes,0.5521,0.3
O127291,No,No,0.2398,0.3
O118855,No,Yes,0.3684,0.3
O100954,No,Yes,0.338,0.3
O132851,No,No,0.1774,0.3
O134037,No,Yes,0.3115,0.3
O121402,No,No,0.03,0.3
O134091,No,Yes,0.3572,0.3
O121068,No,No,0.0565,0.3
O125039,No,No,0.1821,0.3
O118599,No,Yes,0.4713,0.3
O131716,Yes,Yes,0.4764,0.3
O100515,No,Yes,0.3645,0.3
O108161,No,Yes,0.4095,0.3
O126955,No,Yes,0.3056,0.3
O122742,No,No,0.1408,0.3
O117703,No,No,0.2456,0.3
O116107,Yes,No,0.2185,0.3
O125930,No,Yes,0.3831,0.3
O114540,No,Yes,0.3504,0.3
O113894,No,Yes,0.3213,0.3
O124073,No,Yes,0.3499,0.3
O102545,No,No,0.1735,0.3
O106032,No,No,0.2802,0.3
O100435,Yes,Yes,0.55,0.3
O131543,No,Yes,0.461,0.3
O105569,No,No,0.1356,0.3
O129599,No,No,0.2934,0.3
O101205,No,Yes,0.4205,0.3
O119391,No,No,0.083,0.3
O106793,No,Yes,0.3438,0.3
O128332,No,No,0.0588,0.3
O119291,No,No,0.2682,0.3
O109825,No,No,0.0101,0.3
O113754,No,No,0.2036,0.3
O125521,No,Yes,0.5068,0.3
O123040,No,No,0.1707,0.3
O125683,No,Yes,0.4859,0.3
O128166,No,Yes,0.3031,0.3
O102961,No,Yes,0.3564,0.3
O106006,No,No,0.0375,0.3
O109603,No,No,0.1501,0.3
O101937,No,Yes,0.5028,0.3
O117235,No,Yes,0.6125,0.3
O101942,No,No,0.0303,0.3
O119837,No,No,0.2941,0.3
O121079,No,Yes,0.4193,0.3
O107997,Yes,Yes,0.4768,0.3
O109726,No,No,0.2477,0.3
O119054,No,Yes,0.5968,0.3
O114712,No,Yes,0.3173,0.3
O101361,No,No,0.2714,0.3
O123362,No,No,0.1886,0.3
O129151,No,No,0.2814,0.3
O120815,No,Yes,0.3117,0.3
O105226,No,No,0.2006,0.3
O130119,No,Yes,0.4236,0.3
O119040,No,Yes,0.4916,0.3
O111283,No,Yes,0.3489,0.3
O109424,No,No,0.2379,0.3
O115915,No,Yes,0.4685,0.3
O106302,No,No,0.0883,0.3
O104375,No,No,0.1868,0.3
O100809,No,Yes,0.3171,0.3
O117035,No,Yes,0.6064,0.3
O126738,No,No,0.2326,0.3
O116914,No,Yes,0.4,0.3
O107675,No,Yes,0.3141,0.3
O125987,No,No,0.2492,0.3
O119599,No,Yes,0.4099,0.3
O132693,No,Yes,0.3741,0.3
O122986,No,No,0.2023,0.3
O113920,No,No,0.1671,0.3
O120064,No,No,0.1519,0.3
O101892,No,Yes,0.3339,0.3
O100153,No,Yes,0.3013,0.3
O108972,No,No,0.0782,0.3
O121939,No,No,0.291,0.3
O128700,No,No,0.1877,0.3
O127677,No,Yes,0.4667,0.3
O103192,No,No,0.2523,0.3
O107496,No,No,0.2216,0.3
O128562,No,No,0.2018,0.3
O114604,No,No,0.0995,0.3
O126187,No,Yes,0.4025,0.3
O119354,No,Yes,0.36,0.3
O115083,Yes,Yes,0.3396,0.3
O103791,No,No,0.024,0.3
O123204,No,Yes,0.3993,0.3
O123092,No,Yes,0.5079,0.3
O124019,No,No,0.2035,0.3
O119608,No,Yes,0.4262,0.3
O114115,No,No,0.2845,0.3
O128351,No,Yes,0.5419,0.3
O126997,No,No,0.1123,0.3
O108292,No,Yes,0.31,0.3
O115315,No,No,0.0154,0.3
O100364,No,Yes,0.4734,0.3
O130064,No,No,0.1483,0.3
O114937,No,Yes,0.3369,0.3
O129422,No,No,0.1293,0.3
O122343,Yes,Yes,0.3113,0.3
O124841,No,Yes,0.4567,0.3
O110020,No,No,0.0383,0.3
O103229,No,Yes,0.3063,0.3
O116988,No,No,0.1645,0.3
O106469,No,No,0.1378,0.3
O125839,No,Yes,0.3332,0.3
O114179,No,No,0.2605,0.3
O113047,No,Yes,0.3102,0.3
O112332,No,Yes,0.6477,0.3
O107371,No,No,0.2762,0.3
O116881,No,Yes,0.5103,0.3
O123238,No,Yes,0.3176,0.3
O113836,No,No,0.0483,0.3
O108517,No,No,0.1356,0.3
O102047,No,Yes,0.3061,0.3
O128104,No,No,0.0864,0.3
O109109,No,Yes,0.3002,0.3
O127933,No,No,0.0442,0.3
O115866,No,Yes,0.434,0.3
O113674,Yes,No,0.2658,0.3
O127580,No,Yes,0.322,0.3
O109529,No,No,0.1293,0.3
O104993,No,No,0.0522,0.3
O101721,Yes,Yes,0.4142,0.3
O106863,No,Yes,0.465,0.3
O113083,No,Yes,0.3516,0.3
O102456,No,Yes,0.3808,0.3
O101063,No,No,0.0666,0.3
O113962,No,No,0.268,0.3
O107559,No,Yes,0.4411,0.3
O106309,No,No,0.0168,0.3
O128745,No,No,0.1634,0.3
O111071,No,No,0.043,0.3
O128016,No,No,0.1365,0.3
O129390,No,No,0.1256,0.3
O115916,No,Yes,0.4063,0.3
O132100,No,No,0.2596,0.3
O105513,No,Yes,0.5281,0.3
O111440,No,No,0.2569,0.3
O100800,No,Yes,0.422,0.3
O125346,No,No,0.208,0.3
O106570,No,No,0.0885,0.3
O127311,No,Yes,0.4084,0.3
O108453,No,Yes,0.3546,0.3
O106520,No,Yes,0.4987,0.3
O132564,No,No,0.0362,0.3
O121048,No,No,0.0707,0.3
O125996,No,No,0.2671,0.3
O124162,No,No,0.2127,0.3
O130698,No,No,0.2034,0.3
O103678,No,No,0.0439,0.3
O128341,Yes,Yes,0.5139,0.3
O133707,No,No,0.1768,0.3
O121114,No,Yes,0.5273,0.3
O129187,Yes,No,0.2979,0.3
O122505,No,No,0.0518,0.3
O122727,No,No,0.1904,0.3
O132534,No,No,0.2253,0.3
O117661,No,Yes,0.5424,0.3
O122653,No,Yes,0.3007,0.3
O117084,No,Yes,0.4611,0.3
O117196,No,No,0.0347,0.3
O114953,No,No,0.1726,0.3
O104146,No,No,0.2656,0.3
O120558,No,Yes,0.5666,0.3
O121400,No,No,0.1043,0.3
O134040,No,No,0.0794,0.3
O120169,No,No,0.293,0.3
O104920,No,Yes,0.4029,0.3
O126164,No,No,0.0931,0.3
O133827,No,No,0.2405,0.3
O109663,No,No,0.0436,0.3
O114909,No,No,0.2671,0.3
O129569,No,Yes,0.4282,0.3
O113381,No,No,0.0563,0.3
O129641,No,Yes,0.522,0.3
O121525,No,Yes,0.3244,0.3
O107425,No,No,0.1929,0.3
O116646,No,Yes,0.4788,0.3
O106586,No,Yes,0.5044,0.3
O130311,No,Yes,0.4444,0.3
O125630,No,No,0.2606,0.3
O112305,No,No,0.2715,0.3
O129583,No,Yes,0.4465,0.3
O103942,No,Yes,0.3413,0.3
O105822,No,Yes,0.5024,0.3
O105745,No,No,0.2449,0.3
O106282,No,No,0.2175,0.3
O114982,No,Yes,0.3229,0.3
O105015,No,Yes,0.4775,0.3
O124945,No,No,0.1863,0.3
O123293,No,Yes,0.4115,0.3
O125994,No,No,0.2868,0.3
O107034,No,No,0.2545,0.3
O107519,No,Yes,0.4944,0.3
O128556,No,Yes,0.4243,0.3
O108902,No,No,0.2515,0.3
O127671,No,Yes,0.4137,0.3
O124654,Yes,Yes,0.5751,0.3
O131821,No,Yes,0.3207,0.3
O131577,No,Yes,0.3017,0.3
O115337,No,No,0.1539,0.3
O115386,No,Yes,0.424,0.3
O102680,No,No,0.2535,0.3
O134093,No,No,0.2952,0.3
O120583,No,No,0.0121,0.3
O119201,No,No,0.2907,0.3
O133426,No,Yes,0.3132,0.3
O132529,No,Yes,0.3382,0.3
O121684,No,Yes,0.3581,0.3
O105195,No,No,0.1738,0.3
O119990,No,Yes,0.4158,0.3
O111318,No,No,0.0213,0.3
O112159,No,Yes,0.5274,0.3
O102469,No,Yes,0.3464,0.3
O130161,No,Yes,0.5486,0.3
O120637,No,Yes,0.3192,0.3
O113124,No,No,0.1114,0.3
O114161,No,No,0.2162,0.3
O121506,No,Yes,0.5032,0.3
O112827,No,No,0.0318,0.3
O107823,No,No,0.1921,0.3
O106091,No,No,0.2344,0.3
O117451,No,Yes,0.3209,0.3
O102293,No,No,0.1405,0.3
O118452,No,Yes,0.4888,0.3
O103813,No,No,0.144,0.3
O102755,Yes,Yes,0.6116,0.3
O129110,No,Yes,0.3844,0.3
O124875,No,No,0.2468,0.3
O104789,No,Yes,0.4003,0.3
O130215,No,No,0.2917,0.3
O102207,No,Yes,0.5039,0.3
O104425,Yes,Yes,0.3624,0.3
O131372,No,Yes,0.3079,0.3
O128480,No,No,0.1618,0.3
O130495,No,No,0.1329,0.3
O114756,No,No,0.2512,0.3
O115391,No,No,0.2334,0.3
O114302,No,Yes,0.4477,0.3
O125264,No,No,0.1414,0.3
O110502,No,Yes,0.434,0.3
O104298,No,Yes,0.4522,0.3
O109480,No,No,0.27,0.3
O123655,No,Yes,0.37,0.3
O134376,No,Yes,0.5124,0.3
O123902,No,No,0.2726,0.3
O134295,No,No,0.1817,0.3
O126519,No,No,0.1468,0.3
O101925,No,Yes,0.3918,0.3
O103155,No,No,0.2015,0.3
O124888,No,No,0.1339,0.3
O101127,No,Yes,0.6198,0.3
O110369,No,No,0.2099,0.3
O103595,No,No,0.1166,0.3
O106184,No,Yes,0.406,0.3
O114860,No,No,0.1727,0.3
O125661,No,No,0.2326,0.3
O127801,No,No,0.2853,0.3
O133339,No,No,0.1925,0.3
O120336,Yes,Yes,0.3087,0.3
O116896,No,No,0.2825,0.3
O114216,No,Yes,0.4422,0.3
O115215,No,No,0.1779,0.3
O129936,No,Yes,0.4286,0.3
O110613,No,No,0.1564,0.3
O125850,No,No,0.2683,0.3
O101665,No,No,0.2207,0.3
O126298,No,No,0.0273,0.3
O124207,No,No,0.2497,0.3
O126379,No,Yes,0.3921,0.3
O112567,No,No,0.2957,0.3
O106588,No,No,0.2963,0.3
O104063,No,Yes,0.3535,0.3
O100673,No,No,0.2656,0.3
O131205,No,Yes,0.3331,0.3
O130270,No,Yes,0.3365,0.3
O111346,No,Yes,0.4612,0.3
O112693,Yes,Yes,0.3934,0.3
O104587,No,Yes,0.5221,0.3
O126701,Yes,No,0.2368,0.3
O133603,No,Yes,0.5417,0.3
O131194,No,No,0.0404,0.3
O120450,No,No,0.0654,0.3
O129090,No,Yes,0.3687,0.3
O112888,No,No,0.1488,0.3
O111121,No,Yes,0.4058,0.3
O117869,No,No,0.0656,0.3
O131131,No,Yes,0.3353,0.3
O129116,No,No,0.2171,0.3
O113459,No,No,0.1995,0.3
O121056,No,Yes,0.4861,0.3
O127020,No,Yes,0.348,0.3
O129835,No,Yes,0.5894,0.3
O117604,No,No,0.1075,0.3
O126456,No,Yes,0.4585,0.3
O121425,No,No,0.1767,0.3
O119697,No,Yes,0.4569,0.3
O123836,No,No,0.2216,0.3
O104287,No,Yes,0.351,0.3
O102905,No,Yes,0.4085,0.3
O107445,No,No,0.0676,0.3
O125066,No,No,0.2817,0.3
O100212,No,Yes,0.5688,0.3
O128567,No,No,0.2776,0.3
O128356,No,Yes,0.4129,0.3
O111852,No,Yes,0.3476,0.3
O106923,No,Yes,0.5535,0.3
O128772,No,No,0.1736,0.3
O104991,No,No,0.0719,0.3
O115840,No,No,0.2312,0.3
O125463,No,No,0.205,0.3
O132775,No,No,0.1796,0.3
O107576,No,Yes,0.4243,0.3
O124213,Yes,No,0.081,0.3
O123636,No,No,0.0068,0.3
O124536,No,Yes,0.3541,0.3
O118816,No,No,0.1981,0.3
O123280,No,Yes,0.3144,0.3
O132238,No,No,0.1753,0.3
O130509,No,Yes,0.557,0.3
O116940,No,Yes,0.4206,0.3
O110117,No,No,0.1002,0.3
O118799,No,Yes,0.6264,0.3
O105224,No,No,0.2172,0.3
O129485,No,No,0.2928,0.3
O127040,No,No,0.1151,0.3
O109605,No,Yes,0.3817,0.3
O112795,No,Yes,0.5416,0.3
O128941,No,No,0.2265,0.3
O116654,No,Yes,0.325,0.3
O123360,No,Yes,0.5003,0.3
O126241,No,Yes,0.509,0.3
O107471,No,No,0.1635,0.3
O103743,No,No,0.0694,0.3
O121208,No,Yes,0.3786,0.3
O109075,No,Yes,0.3466,0.3
O119056,No,No,0.0834,0.3
O131169,No,No,0.2708,0.3
O121898,No,No,0.0146,0.3
O101377,No,No,0.1488,0.3
O122074,No,No,0.2117,0.3
O110120,Yes,Yes,0.4543,0.3
O133718,No,Yes,0.3813,0.3
O127802,No,Yes,0.4472,0.3
O113740,No,Yes,0.5247,0.3
O110012,No,Yes,0.5011,0.3
O128901,No,Yes,0.3694,0.3
O102695,No,No,0.1959,0.3
O129375,No,Yes,0.3045,0.3
O132605,No,No,0.2641,0.3
O105275,No,Yes,0.3123,0.3
O121622,No,Yes,0.4186,0.3
O119099,No,No,0.2572,0.3
O116788,No,No,0.1838,0.3
O105124,No,No,0.2577,0.3
O130991,No,No,0.1455,0.3
O129673,No,No,0.0515,0.3
O114480,No,No,0.22,0.3
O115240,No,No,0.1427,0.3
O100026,No,Yes,0.4142,0.3
O105889,No,Yes,0.3157,0.3
O109020,No,Yes,0.475,0.3
O104062,No,No,0.1933,0.3
O125907,No,No,0.2715,0.3
O122989,No,Yes,0.4999,0.3
O119020,No,Yes,0.5154,0.3
O103038,No,No,0.2731,0.3
O132993,Yes,Yes,0.4443,0.3
O113519,Yes,No,0.2283,0.3
O125272,No,No,0.2111,0.3
O127002,No,No,0.29,0.3
O127841,No,No,0.192,0.3
O113424,No,Yes,0.5441,0.3
O117792,No,No,0.0643,0.3
O106407,No,Yes,0.3716,0.3
O103952,No,No,0.0132,0.3
O102903,No,No,0.2614,0.3
O112854,No,No,0.1567,0.3
O118948,No,Yes,0.3237,0.3
O111099,No,No,0.0719,0.3
O130168,Yes,Yes,0.5251,0.3
O105679,No,No,0.1157,0.3
O109252,No,Yes,0.4828,0.3
O111695,No,No,0.1546,0.3
O108003,No,Yes,0.3339,0.3
O112028,No,No,0.1968,0.3
O130059,No,No,0.2019,0.3
O132897,No,No,0.1316,0.3
O115991,No,No,0.1863,0.3
O133601,No,No,0.0167,0.3
O115092,No,No,0.2825,0.3
O108360,No,No,0.2335,0.3
O114502,No,No,0.2634,0.3
O124689,No,No,0.053,0.3
O129425,No,No,0.1137,0.3
O128705,No,No,0.2949,0.3
O134045,No,Yes,0.3235,0.3
O111098,No,No,0.1592,0.3
O119253,No,Yes,0.4421,0.3
O107204,No,No,0.2706,0.3
O122112,No,No,0.2384,0.3
O129517,No,No,0.1615,0.3
O126705,No,No,0.2515,0.3
O114131,No,Yes,0.5744,0.3
O112687,No,Yes,0.3545,0.3
O101476,No,Yes,0.4955,0.3
O120030,No,No,0.1895,0.3
O129521,No,Yes,0.4051,0.3
O125436,No,No,0.2202,0.3
O105658,No,Yes,0.4145,0.3
O124017,No,Yes,0.4081,0.3
O114992,No,No,0.2391,0.3
O125037,No,Yes,0.4098,0.3
O102689,No,No,0.2715,0.3
O127320,No,Yes,0.3473,0.3
O128548,No,Yes,0.39,0.3
O121747,No,No,0.0234,0.3
O101874,Yes,No,0.2601,0.3
O112326,No,Yes,0.3213,0.3
O117080,No,Yes,0.4612,0.3
O106880,No,No,0.249,0.3
O108095,No,Yes,0.4908,0.3
O110416,No,No,0.0513,0.3
O126999,No,No,0.1609,0.3
O116277,No,No,0.2537,0.3
O128394,No,No,0.0293,0.3
O130712,No,No,0.197,0.3
O106565,No,No,0.2439,0.3
O125719,No,No,0.0459,0.3
O127242,No,No,0.1946,0.3
O133420,No,No,0.2219,0.3
O118607,No,No,0.2151,0.3
O120438,No,No,0.2154,0.3
O130361,No,No,0.0529,0.3
O112655,No,No,0.2128,0.3
O124656,No,No,0.1525,0.3
O109180,No,No,0.2512,0.3
O110917,No,Yes,0.3791,0.3
O100934,No,Yes,0.3256,0.3
O101430,No,No,0.2026,0.3
O128903,No,No,0.2693,0.3
O116116,No,Yes,0.4464,0.3
O112460,No,Yes,0.3554,0.3
O120186,No,Yes,0.3339,0.3
O120586,No,Yes,0.422,0.3
O105646,No,Yes,0.3423,0.3
O107930,No,Yes,0.3341,0.3
O120396,No,No,0.1651,0.3
O124390,No,Yes,0.4496,0.3
O117067,No,Yes,0.4468,0.3
O115657,No,No,0.2266,0.3
O113682,No,Yes,0.4772,0.3
O125130,No,No,0.2864,0.3
O123234,No,No,0.0778,0.3
O112910,No,No,0.1952,0.3
O123987,No,No,0.271,0.3
O121745,No,Yes,0.5466,0.3
O130573,No,No,0.1595,0.3
O128933,No,No,0.2179,0.3
O132823,No,No,0.2812,0.3
O131874,No,Yes,0.4428,0.3
O107744,No,No,0.0864,0.3
O124335,No,Yes,0.4243,0.3
O130842,No,Yes,0.3267,0.3
O133267,No,Yes,0.3718,0.3
O102996,No,No,0.2105,0.3
O123995,No,No,0.0548,0.3
O110989,No,Yes,0.4884,0.3
O120834,No,No,0.0098,0.3
O114497,No,No,0.2362,0.3
O133546,No,Yes,0.3069,0.3
O127665,No,No,0.231,0.3
O121475,No,Yes,0.3318,0.3
O115498,No,No,0.0704,0.3
O112983,No,No,0.0135,0.3
O111430,No,Yes,0.4213,0.3
O109788,No,Yes,0.3046,0.3
O117410,No,No,0.1912,0.3
O107092,No,No,0.2643,0.3
O115872,No,No,0.1212,0.3
O106706,No,No,0.0344,0.3
O107208,No,Yes,0.3761,0.3
O128960,No,No,0.1043,0.3
O111117,No,Yes,0.5102,0.3
O101440,No,Yes,0.3978,0.3
O104357,No,Yes,0.3494,0.3
O120362,No,Yes,0.4862,0.3
O131652,No,No,0.1686,0.3
O119515,No,No,0.1257,0.3
O130159,No,Yes,0.4617,0.3
O116096,No,Yes,0.6343,0.3
O104005,No,No,0.179,0.3
O117333,No,No,0.2561,0.3
O120833,No,Yes,0.5731,0.3
O106141,No,No,0.198,0.3
O133614,No,Yes,0.309,0.3
O112999,No,Yes,0.3072,0.3
O104428,No,No,0.1083,0.3
O108595,No,Yes,0.5512,0.3
O112553,No,Yes,0.3754,0.3
O117302,No,No,0.1783,0.3
O111641,No,No,0.092,0.3
O101786,No,Yes,0.4226,0.3
O133986,No,Yes,0.4322,0.3
O121267,No,No,0.2274,0.3
O109187,No,Yes,0.3112,0.3
O116387,No,No,0.1399,0.3
O125189,No,Yes,0.3974,0.3
O104680,No,Yes,0.4101,0.3
O112559,No,No,0.1141,0.3
O103299,No,Yes,0.5371,0.3
O113860,No,Yes,0.3386,0.3
O125788,No,No,0.2078,0.3
O116334,No,No,0.2435,0.3
O130125,No,Yes,0.5475,0.3
O123866,No,Yes,0.3515,0.3
O113061,No,No,0.2986,0.3
O123190,No,No,0.2702,0.3
O104769,No,No,0.2878,0.3
O105746,No,Yes,0.5022,0.3
O130810,No,Yes,0.4351,0.3
O111325,No,No,0.0279,0.3
O120668,No,Yes,0.4651,0.3
O104690,No,Yes,0.374,0.3
O121026,No,No,0.1134,0.3
O132946,No,No,0.1253,0.3
O118985,No,No,0.2702,0.3
O123849,No,Yes,0.3027,0.3
O121718,No,No,0.287,0.3
O112321,No,No,0.0351,0.3
O123041,No,No,0.2178,0.3
O109795,No,No,0.0659,0.3
O118271,No,No,0.1942,0.3
O106198,No,No,0.157,0.3
O116913,No,No,0.2468,0.3
O117198,Yes,Yes,0.5161,0.3
O101884,No,Yes,0.5903,0.3
O130847,No,No,0.168,0.3
O131594,No,No,0.2225,0.3
O105860,No,No,0.1151,0.3
O127529,No,Yes,0.4506,0.3
O131346,No,Yes,0.5908,0.3
O110653,No,Yes,0.4929,0.3
O124755,No,Yes,0.3264,0.3
O123670,Yes,No,0.2948,0.3
O132957,No,No,0.1667,0.3
O118236,No,Yes,0.406,0.3
O109593,No,No,0.144,0.3
O132249,No,No,0.206,0.3
O109483,No,No,0.1134,0.3
O126322,No,Yes,0.4093,0.3
O115935,No,Yes,0.3446,0.3
O116313,No,Yes,0.4728,0.3
O127959,No,Yes,0.3834,0.3
O113173,No,No,0.1459,0.3
O129834,No,Yes,0.3358,0.3
O111380,No,No,0.0398,0.3
O131037,No,No,0.1494,0.3
O127329,No,Yes,0.3424,0.3
O109513,No,No,0.094,0.3
O115960,No,No,0.0243,0.3
O107725,No,Yes,0.6271,0.3
O120199,No,No,0.0189,0.3
O111376,No,No,0.2805,0.3
O129182,No,No,0.1648,0.3
O131479,No,No,0.2266,0.3
O102750,No,No,0.1157,0.3
O122584,No,No,0.1966,0.3
O110306,No,No,0.245,0.3
O107361,No,Yes,0.3402,0.3
O105488,No,Yes,0.3699,0.3
O119240,No,No,0.2189,0.3
O100730,No,No,0.2043,0.3
O105949,No,Yes,0.3453,0.3
O116344,No,No,0.2751,0.3
O118494,No,No,0.1434,0.3
O103327,No,No,0.1652,0.3
O112286,No,No,0.1703,0.3
O129786,No,No,0.1428,0.3
O132999,No,No,0.297,0.3
O110839,No,No,0.252,0.3
O106890,No,Yes,0.3066,0.3
O123464,No,No,0.1142,0.3
O121837,No,Yes,0.4542,0.3
O113697,No,No,0.0511,0.3
O127228,No,No,0.0721,0.3
O121864,No,No,0.204,0.3
O105349,No,Yes,0.3001,0.3
O120283,No,Yes,0.5042,0.3
O127170,No,Yes,0.4432,0.3
O114252,No,Yes,0.3255,0.3
O111421,No,Yes,0.3807,0.3
O115903,No,No,0.0577,0.3
O109026,No,No,0.297,0.3
O132882,No,Yes,0.3137,0.3
O108259,No,Yes,0.3025,0.3
O102282,No,No,0.2117,0.3
O125070,No,Yes,0.4558,0.3
O129510,No,No,0.1186,0.3
O119489,No,Yes,0.4525,0.3
O127212,No,No,0.2225,0.3
O120435,No,Yes,0.3746,0.3
O124587,Yes,Yes,0.335,0.3
O110123,No,No,0.2423,0.3
O130137,No,No,0.03,0.3
O122897,No,No,0.2219,0.3
O111746,No,Yes,0.3015,0.3
O103091,No,Yes,0.3366,0.3
O101059,No,No,0.2454,0.3
O107268,No,No,0.0559,0.3
O118873,No,Yes,0.4753,0.3
O132240,No,No,0.0114,0.3
O130333,No,Yes,0.3068,0.3
O126208,No,Yes,0.4028,0.3
O114966,No,Yes,0.4129,0.3
O122390,No,No,0.0771,0.3
O115209,No,Yes,0.45,0.3
O130385,No,Yes,0.5019,0.3
O116800,No,No,0.1222,0.3
O132527,No,Yes,0.3893,0.3
O100377,No,Yes,0.3106,0.3
O105125,No,Yes,0.6177,0.3
O119810,No,Yes,0.3339,0.3
O130285,No,Yes,0.4962,0.3
O129064,No,No,0.1273,0.3
O101496,No,No,0.2732,0.3
O109274,No,Yes,0.5001,0.3
O112352,No,No,0.1098,0.3
O114519,No,Yes,0.6038,0.3
O133740,No,No,0.1053,0.3
O115858,No,Yes,0.4214,0.3
O112065,No,No,0.2085,0.3
O103598,No,Yes,0.4096,0.3
O121640,No,No,0.0652,0.3
O131732,No,Yes,0.5161,0.3
O129862,No,No,0.0795,0.3
O112745,No,Yes,0.3415,0.3
O123438,No,Yes,0.4394,0.3
O100041,No,No,0.0619,0.3
O105294,No,No,0.2495,0.3
O111584,No,No,0.1262,0.3
O106561,No,Yes,0.447,0.3
O107062,No,No,0.2923,0.3
O123659,No,Yes,0.48,0.3
O122588,No,Yes,0.4787,0.3
O116004,No,No,0.2649,0.3
O111163,No,Yes,0.4749,0.3
O105441,No,Yes,0.3109,0.3
O125865,No,No,0.2908,0.3
O112811,No,No,0.0507,0.3
O116089,No,Yes,0.4267,0.3
O108685,No,Yes,0.5314,0.3
O126391,No,No,0.2869,0.3
O128524,No,No,0.1618,0.3
O124788,No,No,0.2379,0.3
O116835,No,Yes,0.3188,0.3
O126301,No,Yes,0.3604,0.3
O123245,No,No,0.07,0.3
O131111,No,No,0.298,0.3
O114550,No,Yes,0.5527,0.3
O129749,No,Yes,0.3106,0.3
O109234,No,No,0.295,0.3
O111818,No,No,0.1386,0.3
O113331,No,No,0.2547,0.3
O111306,No,No,0.1884,0.3
O106060,No,No,0.1804,0.3
O129250,Yes,No,0.1469,0.3
O110577,No,Yes,0.4022,0.3
O127322,No,Yes,0.3673,0.3
O127331,No,No,0.1199,0.3
O111925,No,No,0.1671,0.3
O106271,No,Yes,0.3718,0.3
O132337,No,No,0.0975,0.3
O103536,No,No,0.0997,0.3
O107432,Yes,Yes,0.321,0.3
O107377,No,Yes,0.3965,0.3
O102645,No,No,0.179,0.3
O104348,No,Yes,0.4729,0.3
O119225,No,No,0.1866,0.3
O104610,No,Yes,0.3765,0.3
O123415,No,No,0.2073,0.3
O101571,No,Yes,0.5087,0.3
O124347,No,No,0.2451,0.3
O128058,No,Yes,0.442,0.3
O130339,No,No,0.1004,0.3
O103885,No,No,0.1604,0.3
O117948,No,Yes,0.4018,0.3
O105283,No,No,0.2613,0.3
O115574,Yes,No,0.2995,0.3
O109142,No,No,0.2009,0.3
O118343,No,No,0.2063,0.3
O121716,No,No,0.1311,0.3
O106860,No,No,0.2197,0.3
O101105,No,Yes,0.4074,0.3
O124450,No,No,0.2147,0.3
O104004,No,Yes,0.4213,0.3
O106833,No,No,0.2256,0.3
O102161,No,No,0.2868,0.3
O133387,No,No,0.2031,0.3
O122546,No,Yes,0.3467,0.3
O122160,No,Yes,0.3743,0.3
O125387,No,Yes,0.4015,0.3
O100167,No,Yes,0.5912,0.3
O109116,No,No,0.2958,0.3
O102615,No,No,0.1559,0.3
O117297,No,Yes,0.3082,0.3
O128333,No,No,0.1369,0.3
O127381,No,Yes,0.3277,0.3
O106690,No,No,0.2316,0.3
O117313,No,No,0.2757,0.3
O103828,No,No,0.1998,0.3
O105379,No,No,0.1551,0.3
O124987,No,Yes,0.3915,0.3
O133576,No,Yes,0.3164,0.3
O129010,No,Yes,0.3148,0.3
O109157,No,No,0.2985,0.3
O129924,No,No,0.2134,0.3
O100512,No,No,0.17,0.3
O112675,No,No,0.2648,0.3
O126908,No,Yes,0.4231,0.3
O119053,Yes,Yes,0.4758,0.3
O117009,No,No,0.2193,0.3
O111691,No,No,0.2517,0.3
O125558,No,Yes,0.44,0.3
O105396,No,Yes,0.3904,0.3
O110863,No,No,0.1518,0.3
O129824,No,No,0.2485,0.3
O126714,No,No,0.2815,0.3
O130724,No,No,0.203,0.3
O124447,No,Yes,0.6381,0.3
O123223,No,No,0.2857,0.3
O127003,No,Yes,0.3786,0.3
O105950,No,Yes,0.457,0.3
O114947,No,Yes,0.3501,0.3
O129653,No,Yes,0.329,0.3
O110744,No,No,0.1787,0.3
O101295,No,Yes,0.4509,0.3
O114489,No,No,0.2889,0.3
O100893,No,Yes,0.5507,0.3
O130035,No,No,0.1431,0.3
O123043,No,Yes,0.3588,0.3
O130832,No,No,0.2733,0.3
O119904,No,No,0.1417,0.3
O117968,No,Yes,0.4768,0.3
O119018,No,No,0.2808,0.3
O110662,No,Yes,0.3014,0.3
O113625,No,No,0.1157,0.3
O108207,No,Yes,0.3075,0.3
O127454,No,No,0.2005,0.3
O125014,No,No,0.2439,0.3
O116583,No,No,0.2323,0.3
O128485,No,No,0.164,0.3
O118260,No,No,0.088,0.3
O127623,No,Yes,0.4566,0.3
O121967,No,Yes,0.6576,0.3
O106602,No,Yes,0.3521,0.3
O104320,No,Yes,0.4694,0.3
O107550,No,No,0.2814,0.3
O125368,No,No,0.1744,0.3
O112153,No,No,0.2285,0.3
O125433,No,Yes,0.5392,0.3
O118907,No,Yes,0.3553,0.3
O112545,No,No,0.1131,0.3
O132932,No,No,0.1497,0.3
O134417,No,No,0.2713,0.3
O122356,No,Yes,0.3224,0.3
O111027,No,Yes,0.4871,0.3
O104009,No,No,0.1749,0.3
O100069,No,No,0.0224,0.3
O121813,No,No,0.0252,0.3
O126438,Yes,Yes,0.416,0.3
O114392,No,Yes,0.3776,0.3
O132838,No,Yes,0.3489,0.3
O124013,No,Yes,0.4366,0.3
O107638,No,No,0.1379,0.3
O102025,No,No,0.1958,0.3
O126101,No,No,0.2269,0.3
O121495,No,No,0.2888,0.3
O116428,No,Yes,0.3232,0.3
O111241,No,No,0.2271,0.3
O127432,No,No,0.2729,0.3
O128699,No,Yes,0.4246,0.3
O122735,No,No,0.2206,0.3
O113614,No,No,0.0727,0.3
O114554,No,No,0.2563,0.3
O120229,No,No,0.0373,0.3
O112345,No,Yes,0.4207,0.3
O131188,No,No,0.0833,0.3
O116451,No,No,0.2323,0.3
O129713,No,No,0.2863,0.3
O127133,No,Yes,0.4394,0.3
O116960,No,Yes,0.3588,0.3
O123732,No,No,0.1705,0.3
O131211,No,No,0.09,0.3
O109069,No,No,0.2047,0.3
O128633,No,No,0.2716,0.3
O114734,No,No,0.1174,0.3
O126614,Yes,Yes,0.4294,0.3
O105326,No,Yes,0.3487,0.3
O101720,No,No,0.2889,0.3
O131432,No,Yes,0.3852,0.3
O116039,No,No,0.1524,0.3
O123716,No,No,0.0877,0.3
O121008,No,Yes,0.3004,0.3
O112372,No,No,0.2388,0.3
O119258,No,Yes,0.3171,0.3
O125310,No,Yes,0.4601,0.3
O103389,No,No,0.2525,0.3
O101681,No,No,0.2838,0.3
O123728,No,No,0.0995,0.3
O131083,No,No,0.0252,0.3
O124116,No,Yes,0.3013,0.3
O121593,No,Yes,0.3112,0.3
O108759,No,Yes,0.3532,0.3
O115368,No,No,0.2046,0.3
O108132,No,No,0.2113,0.3
O127946,No,Yes,0.3437,0.3
O119050,No,No,0.2854,0.3
O133907,No,No,0.185,0.3
O111237,No,No,0.2057,0.3
O115897,No,No,0.0139,0.3
O122029,No,Yes,0.5459,0.3
O120089,Yes,Yes,0.4283,0.3
O125361,No,No,0.2658,0.3
O121303,No,No,0.2771,0.3
O126167,No,No,0.2272,0.3
O112689,No,No,0.2782,0.3
O114652,No,Yes,0.3751,0.3
O111020,No,No,0.1423,0.3
O103826,No,No,0.2664,0.3
O125438,No,No,0.2982,0.3
O118825,No,No,0.2067,0.3
O131535,No,No,0.1106,0.3
O117728,No,No,0.1222,0.3
O122895,No,No,0.2038,0.3
O117366,No,No,0.2684,0.3
O126518,No,No,0.275,0.3
O121776,No,No,0.2438,0.3
O113218,No,No,0.222,0.3
O102121,No,No,0.2009,0.3
O121966,No,No,0.1838,0.3
O122470,No,No,0.1952,0.3
O120324,No,No,0.2678,0.3
O112837,No,No,0.1719,0.3
O133671,No,No,0.2741,0.3
O103205,No,Yes,0.413,0.3
O122168,No,No,0.2244,0.3
O120524,No,No,0.2371,0.3
O129241,No,Yes,0.3087,0.3
O117364,No,No,0.182,0.3
O131368,No,No,0.2359,0.3
O104590,No,Yes,0.3793,0.3
O120288,No,Yes,0.502,0.3
O120293,No,Yes,0.3069,0.3
O103425,No,Yes,0.5634,0.3
O120422,No,Yes,0.3099,0.3
O118403,No,No,0.2208,0.3
O110206,No,Yes,0.4546,0.3
O131252,Yes,Yes,0.4324,0.3
O111030,Yes,No,0.2579,0.3
O117912,No,No,0.2191,0.3
O102197,No,No,0.1868,0.3
O128184,No,Yes,0.6583,0.3
O121839,No,No,0.2297,0.3
O103415,No,Yes,0.5626,0.3
O101445,No,No,0.2772,0.3
O102337,No,No,0.1212,0.3
O103619,No,Yes,0.4235,0.3
O130306,No,Yes,0.4419,0.3
O113527,No,No,0.1849,0.3
O131633,No,No,0.2034,0.3
O131961,No,No,0.126,0.3
O105160,No,Yes,0.3593,0.3
O122789,No,Yes,0.5392,0.3
O125306,No,No,0.0914,0.3
O116845,No,Yes,0.3592,0.3
O106122,Yes,No,0.2543,0.3
O126444,No,Yes,0.4697,0.3
O113759,No,Yes,0.5199,0.3
O116621,No,No,0.2119,0.3
O128354,No,Yes,0.4681,0.3
O117505,No,No,0.1791,0.3
O101940,No,No,0.2069,0.3
O107538,No,No,0.2098,0.3
O113058,No,Yes,0.432,0.3
O130190,No,No,0.1891,0.3
O105862,No,No,0.266,0.3
O117801,No,No,0.0552,0.3
O134458,No,No,0.1462,0.3
O127433,No,No,0.0455,0.3
O116550,No,Yes,0.3914,0.3
O109326,No,Yes,0.4644,0.3
O109573,No,No,0.1669,0.3
O109411,Yes,No,0.2683,0.3
O130443,No,Yes,0.3282,0.3
O102776,No,No,0.1412,0.3
O106779,Yes,Yes,0.5258,0.3
O127216,No,Yes,0.423,0.3
O129589,No,No,0.2127,0.3
O110072,No,Yes,0.5501,0.3
O115771,No,No,0.266,0.3
O127505,No,Yes,0.3134,0.3
O123066,No,Yes,0.5049,0.3
O110415,No,Yes,0.4986,0.3
O119557,No,Yes,0.3797,0.3
O104361,No,No,0.0657,0.3
O113705,No,No,0.2265,0.3
O126422,No,No,0.2938,0.3
O123599,No,No,0.2551,0.3
O103433,No,No,0.146,0.3
O112555,No,Yes,0.3092,0.3
O120489,No,Yes,0.5021,0.3
O128577,No,No,0.2299,0.3
O121947,No,Yes,0.3891,0.3
O115482,No,Yes,0.5699,0.3
O100811,No,No,0.0525,0.3
O131726,No,No,0.1486,0.3
O109839,No,Yes,0.3568,0.3
O126597,No,Yes,0.3511,0.3
O109292,No,No,0.1711,0.3
O114733,No,No,0.1151,0.3
O113831,No,Yes,0.4432,0.3
O104951,No,No,0.2617,0.3
O119665,No,No,0.229,0.3
O126482,No,Yes,0.3563,0.3
O119882,No,No,0.1516,0.3
O110414,No,Yes,0.7292,0.3
O128973,No,Yes,0.3253,0.3
O122991,No,Yes,0.3892,0.3
O106501,No,No,0.0532,0.3
O110028,No,No,0.2931,0.3
O120075,No,Yes,0.3438,0.3
O126956,No,Yes,0.5248,0.3
O101104,No,Yes,0.5902,0.3
O119809,No,Yes,0.4128,0.3
O131766,No,No,0.2464,0.3
O118045,No,Yes,0.4019,0.3
O107757,No,No,0.0328,0.3
O102766,No,Yes,0.5936,0.3
O118905,No,Yes,0.3562,0.3
O118005,No,Yes,0.4938,0.3
O126008,No,Yes,0.4563,0.3
O119945,No,Yes,0.3542,0.3
O101176,No,No,0.0694,0.3
O130653,No,Yes,0.3278,0.3
O106054,No,No,0.1523,0.3
O130798,No,Yes,0.3546,0.3
O101456,No,Yes,0.5485,0.3
O106595,No,No,0.0431,0.3
O118317,No,No,0.1626,0.3
O111408,No,No,0.2151,0.3
O125119,No,No,0.1187,0.3
O120865,No,Yes,0.5444,0.3
O125591,No,No,0.1772,0.3
O118338,No,No,0.0255,0.3
O113464,No,Yes,0.5349,0.3
O132030,No,No,0.0201,0.3
O121343,No,Yes,0.3925,0.3
O125481,No,No,0.18,0.3
O104622,No,No,0.0578,0.3
O110313,No,Yes,0.4067,0.3
O123685,No,No,0.0122,0.3
O105597,No,No,0.2184,0.3
O102952,No,Yes,0.3063,0.3
O119905,No,No,0.249,0.3
O107390,No,Yes,0.4788,0.3
O127612,No,Yes,0.341,0.3
O129778,No,Yes,0.3771,0.3
O106673,No,No,0.1753,0.3
O133061,No,No,0.191,0.3
O112729,Yes,No,0.1587,0.3
O119212,No,No,0.2184,0.3
O125707,No,No,0.0322,0.3
O112834,No,Yes,0.3609,0.3
O133542,No,No,0.0878,0.3
O132220,No,Yes,0.4087,0.3
O123083,No,Yes,0.3945,0.3
O118663,No,No,0.1132,0.3
O101763,No,No,0.0959,0.3
O114886,No,Yes,0.3425,0.3
O103060,No,Yes,0.3433,0.3
O126699,No,No,0.1975,0.3
O113810,Yes,No,0.1069,0.3
O130830,No,No,0.2509,0.3
O126844,No,Yes,0.3622,0.3
O108414,No,No,0.2212,0.3
O118604,No,Yes,0.3951,0.3
O105072,No,No,0.1896,0.3
O111619,No,No,0.1827,0.3
O110335,No,No,0.1605,0.3
O132479,No,No,0.1695,0.3
O108915,No,No,0.2466,0.3
O114225,No,Yes,0.4087,0.3
O115042,No,No,0.2275,0.3
O123228,No,No,0.073,0.3
O115222,No,Yes,0.3476,0.3
O104452,Yes,Yes,0.4043,0.3
O117249,Yes,Yes,0.4939,0.3
O125785,No,Yes,0.5527,0.3
O101909,No,Yes,0.342,0.3
O133977,No,No,0.257,0.3
O113510,No,No,0.294,0.3
O104541,No,No,0.2251,0.3
O103953,Yes,No,0.2969,0.3
O121187,No,No,0.0202,0.3
O110636,No,No,0.21,0.3
O100150,No,Yes,0.5331,0.3
O112882,No,No,0.0967,0.3
O133119,No,No,0.0089,0.3
O132204,No,Yes,0.456,0.3
O119690,No,Yes,0.3494,0.3
O121785,No,Yes,0.4177,0.3
O104103,No,No,0.1146,0.3
O129421,No,Yes,0.3494,0.3
O131158,No,Yes,0.3579,0.3
O110367,No,No,0.0281,0.3
O100016,No,Yes,0.3377,0.3
O105083,No,No,0.2545,0.3
O104204,No,No,0.2577,0.3
O123714,No,No,0.1315,0.3
O128295,No,Yes,0.3374,0.3
O100887,No,No,0.1753,0.3
O129338,No,Yes,0.3292,0.3
O111365,No,Yes,0.3943,0.3
O120565,No,No,0.028,0.3
O120015,No,Yes,0.3417,0.3
O131977,No,No,0.1401,0.3
O128729,No,Yes,0.3019,0.3
O102080,No,No,0.0856,0.3
O128570,No,Yes,0.5108,0.3
O118307,No,Yes,0.3723,0.3
O115763,No,No,0.1935,0.3
O100889,No,Yes,0.5756,0.3
O111952,No,Yes,0.3953,0.3
O120442,No,No,0.1841,0.3
O107515,No,Yes,0.3477,0.3
O115639,No,Yes,0.3139,0.3
O102285,No,Yes,0.4302,0.3
O100701,No,No,0.1953,0.3
O106942,No,Yes,0.4151,0.3
O133000,Yes,Yes,0.3071,0.3
O125670,No,No,0.2007,0.3
O123120,No,Yes,0.3588,0.3
O111997,No,Yes,0.4496,0.3
O133055,No,No,0.2682,0.3
O106386,No,No,0.2686,0.3
O131601,No,Yes,0.6907,0.3
O122340,No,No,0.2629,0.3
O129839,No,Yes,0.3175,0.3
O130214,No,Yes,0.489,0.3
O113176,No,No,0.1777,0.3
O117374,No,No,0.0452,0.3
O126384,No,No,0.1077,0.3
O121166,No,No,0.1967,0.3
O111220,No,No,0.2019,0.3
O133889,No,No,0.1335,0.3
O127102,No,No,0.1944,0.3
O129237,No,No,0.2836,0.3
O101285,No,No,0.2447,0.3
O120000,No,Yes,0.3319,0.3
O101984,No,No,0.0252,0.3
O128810,No,Yes,0.5516,0.3
O108766,No,Yes,0.3193,0.3
O134237,No,No,0.2789,0.3
O109022,No,Yes,0.5816,0.3
O104893,No,No,0.2883,0.3
O133356,No,No,0.1741,0.3
O130519,No,Yes,0.3117,0.3
O101470,No,Yes,0.416,0.3
O133549,No,No,0.0932,0.3
O120986,No,No,0.239,0.3
O113611,No,Yes,0.3565,0.3
O117466,No,No,0.0819,0.3
O117156,No,Yes,0.4192,0.3
O100880,No,Yes,0.5216,0.3
O113128,No,No,0.2195,0.3
O131830,No,No,0.2617,0.3
O117390,No,No,0.2123,0.3
O106498,No,Yes,0.4895,0.3
O118326,No,Yes,0.3856,0.3
O102223,No,No,0.2607,0.3
O118633,No,No,0.0952,0.3
O128284,No,Yes,0.4249,0.3
O123427,No,Yes,0.317,0.3
O124503,No,No,0.2664,0.3
O109996,No,Yes,0.3592,0.3
O110435,No,Yes,0.437,0.3
O114650,No,No,0.2601,0.3
O112116,No,No,0.2178,0.3
O100405,No,Yes,0.3318,0.3
O109800,No,Yes,0.3837,0.3
O117066,Yes,Yes,0.4381,0.3
O103948,No,No,0.0133,0.3
O118592,No,No,0.048,0.3
O120367,No,Yes,0.4403,0.3
O119728,No,No,0.1828,0.3
O120667,No,No,0.284,0.3
O132860,No,Yes,0.3033,0.3
O127178,No,No,0.1691,0.3
O128792,No,Yes,0.3008,0.3
O128139,No,No,0.1828,0.3
O134056,No,No,0.2282,0.3
O112611,No,Yes,0.3561,0.3
O101987,No,Yes,0.3112,0.3
O124600,No,Yes,0.388,0.3
O105267,No,Yes,0.5103,0.3
O115920,No,No,0.1936,0.3
O119197,No,Yes,0.5911,0.3
O119063,No,No,0.1783,0.3
O133561,No,Yes,0.3242,0.3
O114355,No,Yes,0.399,0.3
O108422,No,No,0.2788,0.3
O130850,No,Yes,0.3938,0.3
O109053,No,No,0.1734,0.3
O119759,No,No,0.185,0.3
O122391,No,Yes,0.4673,0.3
O107973,No,Yes,0.3217,0.3
O130599,No,No,0.0704,0.3
O112182,No,Yes,0.3764,0.3
O121209,No,No,0.0172,0.3
O129454,No,No,0.2341,0.3
O106810,No,No,0.1461,0.3
O134252,No,Yes,0.4376,0.3
O117145,Yes,Yes,0.3327,0.3
O104324,Yes,No,0.1914,0.3
O104784,No,Yes,0.387,0.3
O120319,No,Yes,0.3684,0.3
O131299,No,No,0.2843,0.3
O109382,No,Yes,0.4229,0.3
O128464,No,No,0.2813,0.3
O105965,No,Yes,0.5586,0.3
O103816,No,Yes,0.6096,0.3
O101941,No,No,0.1957,0.3
O107760,No,No,0.2735,0.3
O113416,No,No,0.2916,0.3
O118457,No,No,0.2838,0.3
O108404,Yes,No,0.2037,0.3
O107820,No,Yes,0.354,0.3
O132076,No,Yes,0.3208,0.3
O121644,No,No,0.1263,0.3
O114819,No,No,0.062,0.3
O108201,No,No,0.1885,0.3
O134469,No,Yes,0.4237,0.3
O105228,Yes,No,0.2905,0.3
O134314,No,Yes,0.3328,0.3
O117048,No,Yes,0.4256,0.3
O100325,No,No,0.2656,0.3
O110359,No,Yes,0.541,0.3
O133392,No,Yes,0.4348,0.3
O101038,No,No,0.1492,0.3
O116222,No,Yes,0.3053,0.3
O105587,No,Yes,0.5628,0.3
O121104,No,No,0.0674,0.3
O125577,No,No,0.0733,0.3
O102306,No,No,0.2376,0.3
O109040,No,No,0.1933,0.3
O130362,No,Yes,0.4523,0.3
O134222,No,No,0.0616,0.3
O129876,No,No,0.1572,0.3
O120945,Yes,Yes,0.3817,0.3
O106165,No,Yes,0.4009,0.3
O124255,No,Yes,0.3657,0.3
O127737,No,Yes,0.3823,0.3
O101702,No,Yes,0.3341,0.3
O105523,No,No,0.2275,0.3
O111289,No,No,0.2699,0.3
O119183,No,Yes,0.3227,0.3
O103940,No,No,0.273,0.3
O125149,No,No,0.2432,0.3
O108696,No,Yes,0.5188,0.3
O103260,No,Yes,0.354,0.3
O125635,No,Yes,0.3292,0.3
O127108,No,Yes,0.4219,0.3
O116386,No,No,0.2117,0.3
O120824,No,No,0.2984,0.3
O134460,No,No,0.2503,0.3
O130817,No,Yes,0.3438,0.3
O115277,No,Yes,0.4807,0.3
O123616,No,Yes,0.4425,0.3
O130627,No,No,0.1506,0.3
O118114,No,No,0.1911,0.3
O121903,Yes,Yes,0.5123,0.3
O111738,No,No,0.2731,0.3
O116557,No,No,0.1612,0.3
O112632,No,Yes,0.3281,0.3
O130776,No,No,0.2972,0.3
O111188,No,No,0.1327,0.3
O103326,Yes,No,0.2683,0.3
O124702,No,Yes,0.3785,0.3
O111998,No,No,0.1475,0.3
O111161,No,Yes,0.495,0.3
O131769,No,Yes,0.3026,0.3
O106070,No,No,0.2921,0.3
O126121,No,No,0.093,0.3
O133991,No,Yes,0.3208,0.3
O128522,No,No,0.0065,0.3
O102589,No,Yes,0.308,0.3
O128527,No,No,0.1887,0.3
O102022,No,Yes,0.301,0.3
O100191,No,Yes,0.4324,0.3
O117595,No,Yes,0.3462,0.3
O124734,No,No,0.0664,0.3
O117651,No,Yes,0.3872,0.3
O107393,No,Yes,0.3922,0.3
O133517,No,Yes,0.4054,0.3
O132970,No,Yes,0.3842,0.3
O129946,No,Yes,0.6058,0.3
O130587,No,No,0.1956,0.3
O117329,No,Yes,0.3202,0.3
O130543,No,Yes,0.4207,0.3
O126392,No,No,0.2322,0.3
O110820,No,Yes,0.3005,0.3
O103611,No,Yes,0.3264,0.3
O130307,No,Yes,0.4034,0.3
O130003,No,Yes,0.3273,0.3
O127668,No,No,0.1377,0.3
O119812,No,Yes,0.378,0.3
O125679,No,Yes,0.323,0.3
O123963,No,Yes,0.3228,0.3
O120663,No,Yes,0.5235,0.3
O101014,No,No,0.2412,0.3
O105530,No,Yes,0.3219,0.3
O123191,No,No,0.1852,0.3
O124269,No,No,0.2002,0.3
O126975,No,No,0.1615,0.3
O100526,No,Yes,0.4937,0.3
O112031,No,Yes,0.3615,0.3
O113500,No,No,0.2321,0.3
O130242,No,Yes,0.5096,0.3
O129811,No,No,0.0499,0.3
O128243,No,No,0.2966,0.3
O106868,No,No,0.1909,0.3
O113266,No,No,0.2658,0.3
O123983,No,No,0.1954,0.3
O115118,No,No,0.2233,0.3
O126514,No,No,0.2207,0.3
O110890,No,No,0.2863,0.3
O108792,No,No,0.1652,0.3
O115473,No,Yes,0.5334,0.3
O120248,No,Yes,0.404,0.3
O102448,No,Yes,0.5374,0.3
O101954,No,No,0.2765,0.3
O123595,No,No,0.1748,0.3
O133729,No,No,0.1062,0.3
O113846,No,No,0.0675,0.3
O105154,No,Yes,0.3201,0.3
O105038,No,No,0.1784,0.3
O103558,No,No,0.1045,0.3
O129331,No,Yes,0.4464,0.3
O103322,No,Yes,0.3545,0.3
O124359,No,Yes,0.3346,0.3
O114513,No,Yes,0.4588,0.3
O100566,No,Yes,0.3074,0.3
O121381,No,Yes,0.322,0.3
O127725,No,No,0.123,0.3
O128768,No,No,0.2847,0.3
O113723,Yes,Yes,0.3277,0.3
O105493,No,Yes,0.4485,0.3
O124550,No,Yes,0.3509,0.3
O123611,No,Yes,0.402,0.3
O112347,No,No,0.2454,0.3
O109997,No,No,0.1198,0.3
O133597,No,Yes,0.4421,0.3
O118895,No,Yes,0.4028,0.3
O112749,No,No,0.2383,0.3
O119672,No,No,0.2765,0.3
O113589,No,No,0.1143,0.3
O132735,No,No,0.0689,0.3
O128532,No,No,0.1145,0.3
O101141,No,No,0.252,0.3
O104479,No,Yes,0.4995,0.3
O116272,No,Yes,0.3604,0.3
O115358,No,No,0.2802,0.3
O113571,No,Yes,0.3238,0.3
O102550,No,Yes,0.3394,0.3
O113007,No,Yes,0.5798,0.3
O122712,No,No,0.1547,0.3
O105328,No,Yes,0.4451,0.3
O105783,No,No,0.1564,0.3
O105399,No,No,0.1667,0.3
O118345,No,No,0.1455,0.3
O113960,No,No,0.2354,0.3
O116505,No,No,0.1909,0.3
O117915,No,Yes,0.394,0.3
O113150,No,No,0.2981,0.3
O130537,No,No,0.0989,0.3
O102700,No,Yes,0.4286,0.3
O100906,No,No,0.0256,0.3
O132820,No,Yes,0.5132,0.3
O121344,No,Yes,0.571,0.3
O105479,Yes,No,0.2694,0.3
O108778,No,No,0.2075,0.3
O123947,No,No,0.127,0.3
O119270,No,No,0.1436,0.3
O130608,No,No,0.1994,0.3
O113438,No,No,0.0351,0.3
O131666,No,Yes,0.3832,0.3
O130742,No,No,0.2078,0.3
O119551,No,No,0.0625,0.3
O127636,No,No,0.2223,0.3
O132053,No,Yes,0.3868,0.3
O113606,No,No,0.2085,0.3
O124947,No,Yes,0.3065,0.3
O114118,No,No,0.2736,0.3
O113090,No,Yes,0.4906,0.3
O105468,No,Yes,0.4122,0.3
O114453,No,Yes,0.3647,0.3
O124377,No,Yes,0.3938,0.3
O102304,No,No,0.02,0.3
O119587,No,No,0.2015,0.3
O115747,No,Yes,0.3981,0.3
O120061,No,No,0.2292,0.3
O108073,No,Yes,0.3962,0.3
O127738,No,Yes,0.3503,0.3
O105330,No,Yes,0.3193,0.3
O114303,No,No,0.2517,0.3
O100284,No,Yes,0.4033,0.3
O110815,No,Yes,0.3552,0.3
O127893,No,No,0.149,0.3
O104048,No,No,0.0959,0.3
O102777,No,Yes,0.4741,0.3
O104628,No,Yes,0.5549,0.3
O133898,No,Yes,0.351,0.3
O109503,No,Yes,0.417,0.3
O121447,No,Yes,0.4444,0.3
O125170,No,No,0.1119,0.3
O109402,No,Yes,0.3915,0.3
O122068,No,No,0.2272,0.3
O131081,No,No,0.1467,0.3
O119116,No,No,0.1647,0.3
O110436,No,Yes,0.4178,0.3
O116294,Yes,Yes,0.367,0.3
O132268,No,Yes,0.3556,0.3
O126398,No,Yes,0.3964,0.3
O117230,No,No,0.0923,0.3
O129342,Yes,Yes,0.4761,0.3
O133131,No,Yes,0.422,0.3
O128597,No,No,0.0366,0.3
O100504,Yes,No,0.1548,0.3
O113680,No,Yes,0.3469,0.3
O119146,No,No,0.2994,0.3
O122622,No,No,0.2066,0.3
O110460,No,No,0.1405,0.3
O133877,No,No,0.2439,0.3
O103709,No,No,0.2526,0.3
O107797,No,No,0.1848,0.3
O131315,No,No,0.2317,0.3
O101806,No,No,0.2662,0.3
O104067,No,Yes,0.4352,0.3
O102037,No,Yes,0.4895,0.3
O119372,No,Yes,0.3246,0.3
O116786,Yes,Yes,0.5164,0.3
O102889,No,No,0.2484,0.3
O129479,No,No,0.1591,0.3
O120527,Yes,No,0.134,0.3
O106605,No,Yes,0.4206,0.3
O133469,No,Yes,0.3109,0.3
O130200,No,Yes,0.3152,0.3
O125863,No,No,0.2395,0.3
O134403,No,Yes,0.4508,0.3
O115076,No,No,0.2447,0.3
O109611,No,Yes,0.3332,0.3
O115889,No,Yes,0.4118,0.3
O109968,No,No,0.1719,0.3
O114235,No,No,0.161,0.3
O134486,No,Yes,0.628,0.3
O123731,No,No,0.0219,0.3
O110861,No,Yes,0.3416,0.3
O115562,No,Yes,0.4241,0.3
O130016,No,No,0.2729,0.3
O125136,No,Yes,0.4798,0.3
O122499,No,Yes,0.4028,0.3
O115599,No,Yes,0.3049,0.3
O108992,No,No,0.088,0.3
O107104,Yes,No,0.2173,0.3
O129679,No,No,0.0475,0.3
O121754,No,Yes,0.4329,0.3
O124938,No,No,0.1812,0.3
O111923,No,Yes,0.5121,0.3
O111141,No,Yes,0.4518,0.3
O128041,No,Yes,0.3652,0.3
O107750,No,No,0.264,0.3
O132712,No,No,0.2816,0.3
O115844,No,Yes,0.5243,0.3
O113732,No,Yes,0.6003,0.3
O117978,No,Yes,0.4034,0.3
O123741,No,No,0.2694,0.3
O120094,No,No,0.2762,0.3
O128148,No,No,0.2193,0.3
O107589,No,Yes,0.4354,0.3
O131964,No,No,0.2883,0.3
O132698,No,No,0.1941,0.3
O109295,No,No,0.2115,0.3
O102088,No,Yes,0.3044,0.3
O109636,No,No,0.2787,0.3
O118366,No,Yes,0.4517,0.3
O117995,No,Yes,0.4554,0.3
O127047,No,Yes,0.4354,0.3
O130349,No,No,0.2908,0.3
O128009,Yes,Yes,0.5518,0.3
O111338,No,Yes,0.4442,0.3
O110901,Yes,No,0.229,0.3
O103440,No,No,0.1749,0.3
O118412,No,No,0.1521,0.3
O112380,No,Yes,0.3794,0.3
O129914,No,No,0.1834,0.3
O111898,No,Yes,0.4509,0.3
O124091,Yes,Yes,0.3525,0.3
O133493,No,No,0.2765,0.3
O101980,No,Yes,0.4304,0.3
O113219,Yes,Yes,0.5352,0.3
O115082,No,Yes,0.4493,0.3
O116453,No,No,0.2343,0.3
O133081,No,Yes,0.4912,0.3
O103750,No,Yes,0.4859,0.3
O130518,No,Yes,0.3488,0.3
O128398,No,No,0.0201,0.3
O131201,No,Yes,0.3727,0.3
O132619,No,No,0.0511,0.3
O102509,No,No,0.284,0.3
O104921,No,No,0.1776,0.3
O129367,No,No,0.2015,0.3
O117496,No,Yes,0.4045,0.3
O104065,No,Yes,0.4314,0.3
O102218,No,No,0.1559,0.3
O112916,Yes,Yes,0.3967,0.3
O101905,No,Yes,0.3077,0.3
O109609,No,No,0.2947,0.3
O105620,No,No,0.1466,0.3
O126902,No,No,0.173,0.3
O117458,No,Yes,0.308,0.3
O111327,No,Yes,0.3426,0.3
O117470,No,No,0.1892,0.3
O130858,No,No,0.1525,0.3
O110758,No,Yes,0.3002,0.3
O109524,Yes,Yes,0.3158,0.3
O117445,No,No,0.2619,0.3
O122432,No,No,0.2157,0.3
O129393,No,No,0.1072,0.3
O128134,No,No,0.1741,0.3
O127036,No,No,0.0677,0.3
O133410,No,Yes,0.4691,0.3
O106838,No,No,0.2283,0.3
O103256,Yes,Yes,0.3193,0.3
O100195,No,No,0.1287,0.3
O114739,No,No,0.0738,0.3
O128788,No,Yes,0.3459,0.3
O105211,No,No,0.2969,0.3
O113280,No,Yes,0.338,0.3
O108762,No,Yes,0.3519,0.3
O100170,No,Yes,0.4836,0.3
O122945,No,No,0.1931,0.3
O129271,No,Yes,0.3473,0.3
O105930,No,Yes,0.396,0.3
O116831,No,Yes,0.5472,0.3
O116094,No,Yes,0.349,0.3
O120386,No,No,0.0869,0.3
O128982,No,No,0.1909,0.3
O116065,No,No,0.0967,0.3
O107621,No,Yes,0.4027,0.3
O112470,No,No,0.2628,0.3
O110955,No,No,0.0173,0.3
O129743,No,No,0.1464,0.3
O112274,No,Yes,0.3143,0.3
O105625,No,Yes,0.4529,0.3
O105208,No,No,0.2643,0.3
O116623,No,No,0.2569,0.3
O104564,No,Yes,0.5686,0.3
O105325,No,No,0.2721,0.3
O134053,No,No,0.2569,0.3
O130151,No,No,0.2995,0.3
O119563,No,No,0.2026,0.3
O125889,No,No,0.2237,0.3
O100924,No,Yes,0.5227,0.3
O102205,No,No,0.1721,0.3
O124666,No,Yes,0.3503,0.3
O119908,Yes,No,0.2443,0.3
O115536,No,Yes,0.433,0.3
O130892,No,Yes,0.3795,0.3
O123354,No,No,0.2169,0.3
O102495,No,Yes,0.4872,0.3
O130360,No,Yes,0.5141,0.3
O120457,No,No,0.2737,0.3
O111960,No,Yes,0.3466,0.3
O127527,No,No,0.0994,0.3
O124847,No,Yes,0.3773,0.3
O120741,No,No,0.1836,0.3
O127206,No,Yes,0.3321,0.3
O108106,No,Yes,0.3947,0.3
O116007,No,No,0.2568,0.3
O125069,No,No,0.2864,0.3
O111775,No,Yes,0.4329,0.3
O111334,No,No,0.1548,0.3
O121165,No,No,0.1118,0.3
O100582,No,No,0.1454,0.3
O104327,No,No,0.2491,0.3
O127411,No,No,0.1523,0.3
O108036,No,No,0.2248,0.3
O132327,No,Yes,0.4499,0.3
O102179,No,No,0.037,0.3
O132450,No,No,0.1916,0.3
O101353,No,No,0.2283,0.3
O116545,No,Yes,0.3762,0.3
O130945,No,No,0.2118,0.3
O131080,No,Yes,0.4564,0.3
O109186,No,Yes,0.4763,0.3
O121727,No,No,0.2449,0.3
O115154,No,No,0.2871,0.3
O123837,Yes,No,0.1437,0.3
O102570,No,Yes,0.326,0.3
O112049,No,Yes,0.3045,0.3
O121581,No,Yes,0.4281,0.3
O120207,No,Yes,0.3058,0.3
O121244,No,Yes,0.3326,0.3
O107795,No,No,0.0304,0.3
O122707,No,No,0.0651,0.3
O112588,No,No,0.2599,0.3
O129446,No,Yes,0.3137,0.3
O127919,No,No,0.0371,0.3
O102401,No,No,0.1946,0.3
O101374,No,No,0.1979,0.3
O105041,No,No,0.0551,0.3
O121396,No,No,0.1598,0.3
O120591,No,Yes,0.3469,0.3
O107178,No,No,0.1321,0.3
O112907,No,No,0.1293,0.3
O103160,No,No,0.0972,0.3
O124316,No,Yes,0.3851,0.3
O106261,No,No,0.1717,0.3
O114667,No,No,0.2208,0.3
O104866,No,No,0.0726,0.3
O132690,No,No,0.1902,0.3
O123894,No,No,0.2716,0.3
O117027,Yes,No,0.0326,0.3
O129726,Yes,Yes,0.579,0.3
O124007,No,No,0.2035,0.3
O123952,No,No,0.226,0.3
O129774,No,No,0.21,0.3
O117126,No,Yes,0.6158,0.3
O106714,No,Yes,0.4602,0.3
O122925,Yes,Yes,0.3852,0.3
O130716,No,Yes,0.4301,0.3
O112152,No,Yes,0.3014,0.3
O117123,No,No,0.0807,0.3
O134133,No,No,0.0294,0.3
O124429,Yes,No,0.1506,0.3
O122137,No,No,0.2289,0.3
O116692,No,No,0.1554,0.3
O109197,No,No,0.236,0.3
O115318,No,No,0.2633,0.3
O119067,No,Yes,0.3735,0.3
O111780,No,No,0.2395,0.3
O123123,Yes,Yes,0.3032,0.3
O122591,No,Yes,0.6315,0.3
O120050,No,No,0.2877,0.3
O114014,No,No,0.1339,0.3
O124416,No,Yes,0.3797,0.3
O122431,No,No,0.2264,0.3
O134360,No,Yes,0.3773,0.3
O115768,Yes,No,0.2649,0.3
O114764,No,No,0.2016,0.3
O125142,No,Yes,0.3107,0.3
O120917,No,Yes,0.418,0.3
O124038,No,Yes,0.6607,0.3
O126845,No,No,0.2973,0.3
O113267,No,No,0.1686,0.3
O114263,No,Yes,0.3208,0.3
O105236,No,Yes,0.3609,0.3
O111572,No,Yes,0.3298,0.3
O117295,No,Yes,0.5305,0.3
O104842,No,Yes,0.3681,0.3
O119480,No,No,0.2562,0.3
O107256,No,Yes,0.432,0.3
O130262,No,Yes,0.4221,0.3
O109394,No,No,0.2535,0.3
O120426,No,No,0.2221,0.3
O100973,No,Yes,0.6495,0.3
O108440,No,No,0.2363,0.3
O111263,No,Yes,0.4907,0.3
O103434,No,Yes,0.4967,0.3
O116730,No,Yes,0.5879,0.3
O113937,No,Yes,0.5085,0.3
O104395,No,Yes,0.4223,0.3
O118313,No,No,0.147,0.3
O133685,No,No,0.2851,0.3
O106001,No,No,0.2574,0.3
O129555,No,No,0.2561,0.3
O124961,No,No,0.1644,0.3
O127298,Yes,Yes,0.3417,0.3
O127884,Yes,Yes,0.504,0.3
O114792,No,Yes,0.3489,0.3
O102064,No,No,0.0436,0.3
O121670,No,No,0.2795,0.3
O110616,No,Yes,0.5849,0.3
O111228,No,Yes,0.3655,0.3
O128526,No,No,0.2078,0.3
O117940,No,No,0.2674,0.3
O133427,Yes,Yes,0.3045,0.3
O133094,No,No,0.1515,0.3
O114671,No,Yes,0.3988,0.3
O128617,No,Yes,0.3335,0.3
O110739,No,No,0.1295,0.3
O121770,No,Yes,0.3272,0.3
O116793,No,No,0.2028,0.3
O113535,No,No,0.2985,0.3
O131820,No,No,0.2545,0.3
O106094,Yes,No,0.124,0.3
O131474,No,No,0.1102,0.3
O100798,No,No,0.1982,0.3
O133983,Yes,No,0.2103,0.3
O132782,No,Yes,0.3334,0.3
O127308,No,No,0.1433,0.3
O113514,No,Yes,0.4081,0.3
O122526,No,Yes,0.4677,0.3
O104554,No,Yes,0.3393,0.3
O127564,No,Yes,0.4123,0.3
O131760,No,Yes,0.3576,0.3
O119168,No,Yes,0.3345,0.3
O110663,No,Yes,0.3223,0.3
O103019,Yes,Yes,0.3979,0.3
O114633,No,Yes,0.3937,0.3
O124445,No,No,0.2912,0.3
O105290,No,Yes,0.3221,0.3
O104116,No,No,0.164,0.3
O116252,No,No,0.1351,0.3
O130358,No,No,0.0144,0.3
O127069,No,No,0.2109,0.3
O110598,No,No,0.2368,0.3
O107294,No,Yes,0.462,0.3
O102140,No,No,0.1659,0.3
O122675,Yes,Yes,0.315,0.3
O101778,No,Yes,0.3788,0.3
O117689,No,No,0.2657,0.3
O134083,No,No,0.2902,0.3
O133400,No,No,0.1917,0.3
O107472,No,Yes,0.4603,0.3
O131921,Yes,No,0.2847,0.3
O106970,No,No,0.2303,0.3
O114963,No,No,0.2768,0.3
O121042,No,No,0.0568,0.3
O103016,No,Yes,0.4173,0.3
O130157,No,No,0.1972,0.3
O125912,No,Yes,0.4734,0.3
O118459,No,No,0.1353,0.3
O125190,No,No,0.1094,0.3
O122762,No,No,0.2752,0.3
O104455,No,Yes,0.3587,0.3
O122487,No,Yes,0.409,0.3
O100658,No,No,0.1103,0.3
O114146,No,No,0.1068,0.3
O113433,No,Yes,0.4425,0.3
O125090,No,No,0.1063,0.3
O111309,No,Yes,0.3001,0.3
O132065,No,Yes,0.5415,0.3
O122594,No,Yes,0.3178,0.3
O134328,No,No,0.1693,0.3
O116892,No,No,0.0638,0.3
O127031,No,No,0.2747,0.3
O120201,No,Yes,0.4049,0.3
O118329,No,Yes,0.5638,0.3
O116813,No,Yes,0.574,0.3
O130659,No,Yes,0.3695,0.3
O116587,No,Yes,0.442,0.3
O112137,No,Yes,0.5305,0.3
O121773,No,Yes,0.5021,0.3
O108442,No,Yes,0.4739,0.3
O110046,No,Yes,0.5699,0.3
O105608,No,No,0.2306,0.3
O121568,No,Yes,0.4345,0.3
O112497,No,No,0.1779,0.3
O118952,No,No,0.2116,0.3
O115294,No,Yes,0.3711,0.3
O120997,No,No,0.0604,0.3
O106889,No,Yes,0.4608,0.3
O134101,No,No,0.267,0.3
O131972,No,No,0.2729,0.3
O125338,No,Yes,0.5059,0.3
O109765,No,Yes,0.3502,0.3
O108101,No,Yes,0.3344,0.3
O133312,No,Yes,0.3655,0.3
O125549,No,Yes,0.4639,0.3
O105729,No,Yes,0.4529,0.3
O124617,No,No,0.1959,0.3
O101324,No,Yes,0.6107,0.3
O128286,No,No,0.2951,0.3
O114658,Yes,No,0.1569,0.3
O100375,No,No,0.2378,0.3
O130827,No,No,0.1413,0.3
O101530,No,Yes,0.4164,0.3
O115488,No,Yes,0.4512,0.3
O113288,No,No,0.1879,0.3
O112437,No,No,0.1852,0.3
O108712,No,Yes,0.3638,0.3
O126658,No,Yes,0.3532,0.3
O121569,No,Yes,0.3493,0.3
O114183,No,No,0.1868,0.3
O123095,No,Yes,0.3334,0.3
O128528,No,Yes,0.4408,0.3
O121231,No,No,0.1597,0.3
O103458,No,Yes,0.556,0.3
O103125,No,No,0.0833,0.3
O130739,No,No,0.2178,0.3
O107622,Yes,Yes,0.475,0.3
O124612,No,Yes,0.4566,0.3
O108435,No,No,0.1391,0.3
O103392,No,No,0.2167,0.3
O111709,No,Yes,0.417,0.3
O121047,No,No,0.1913,0.3
O130334,No,No,0.2601,0.3
O124890,Yes,No,0.2606,0.3
O111102,No,No,0.2311,0.3
O103529,No,Yes,0.3163,0.3
O106712,No,No,0.2561,0.3
O104600,No,Yes,0.3688,0.3
O115465,No,No,0.155,0.3
O103462,No,Yes,0.4242,0.3
O122871,No,Yes,0.3577,0.3
O106279,Yes,Yes,0.4042,0.3
O107489,No,No,0.227,0.3
O114206,No,Yes,0.3831,0.3
O119495,No,No,0.2093,0.3
O127425,No,No,0.1637,0.3
O130971,No,No,0.0659,0.3
O106841,Yes,Yes,0.3689,0.3
O132419,No,No,0.292,0.3
O134219,No,No,0.2993,0.3
O102243,No,Yes,0.4276,0.3
O122750,No,Yes,0.4766,0.3
O131679,No,No,0.2656,0.3
O129253,No,Yes,0.3144,0.3
O125236,No,No,0.2556,0.3
O114060,No,No,0.2887,0.3
O132624,No,Yes,0.3313,0.3
O106788,No,No,0.2666,0.3
O126676,Yes,No,0.1341,0.3
O114127,No,Yes,0.3746,0.3
O109586,No,No,0.2926,0.3
O132717,Yes,Yes,0.3742,0.3
O128891,No,No,0.0265,0.3
O121794,Yes,No,0.1513,0.3
O116977,No,No,0.1105,0.3
O129627,No,Yes,0.3401,0.3
O101633,No,No,0.1618,0.3
O106247,No,No,0.1728,0.3
O133594,No,No,0.0348,0.3
O107414,No,Yes,0.3078,0.3
O108185,No,No,0.2088,0.3
O111712,No,Yes,0.5582,0.3
O105763,No,No,0.203,0.3
O108212,No,No,0.2084,0.3
O103592,No,Yes,0.3397,0.3
O120738,No,No,0.0428,0.3
O130749,No,No,0.1485,0.3
O133381,No,No,0.1382,0.3
O107603,No,Yes,0.4149,0.3
O127050,No,Yes,0.3224,0.3
O128120,No,No,0.1865,0.3
O110708,No,Yes,0.4376,0.3
O105258,No,No,0.1392,0.3
O101679,No,No,0.2745,0.3
O104671,No,No,0.1166,0.3
O104871,No,No,0.2205,0.3
O108891,No,Yes,0.5898,0.3
O126570,No,No,0.2724,0.3
O117003,No,No,0.1153,0.3
O114361,No,No,0.2776,0.3
O126986,No,No,0.2617,0.3
O120208,No,Yes,0.4964,0.3
O123940,No,Yes,0.4931,0.3
O108243,No,No,0.0863,0.3
O111763,No,Yes,0.522,0.3
O118705,No,No,0.1913,0.3
O115983,No,No,0.2051,0.3
O123772,No,No,0.2124,0.3
O100642,No,No,0.2245,0.3
O119925,No,Yes,0.6708,0.3
O115356,No,No,0.2973,0.3
O107486,No,No,0.1781,0.3
O109071,No,No,0.2417,0.3
O125910,No,No,0.1135,0.3
O105414,No,No,0.1039,0.3
O111280,No,No,0.2412,0.3
O102387,No,Yes,0.3677,0.3
O127004,No,No,0.1138,0.3
O131762,No,No,0.2023,0.3
O112414,No,Yes,0.3656,0.3
O130819,No,Yes,0.3071,0.3
O125247,No,No,0.2164,0.3
O128164,No,Yes,0.4496,0.3
O119795,No,Yes,0.455,0.3
O129899,No,Yes,0.3678,0.3
O133109,No,No,0.2582,0.3
O110896,No,Yes,0.315,0.3
O120456,No,No,0.1984,0.3
O112863,No,No,0.0175,0.3
O133167,No,No,0.1209,0.3
O121091,No,Yes,0.3844,0.3
O102690,Yes,Yes,0.5547,0.3
O107714,No,Yes,0.3077,0.3
O125563,No,Yes,0.4041,0.3
O120555,No,No,0.0134,0.3
O102931,No,Yes,0.3141,0.3
O104118,No,No,0.2458,0.3
O100710,No,No,0.1238,0.3
O122480,No,No,0.1257,0.3
O113188,No,No,0.2432,0.3
O122597,No,No,0.1196,0.3
O118310,No,Yes,0.3477,0.3
O122781,No,No,0.1707,0.3
O120868,No,No,0.1968,0.3
O123661,No,No,0.173,0.3
O118406,No,No,0.0762,0.3
O100700,No,Yes,0.375,0.3
O131052,No,Yes,0.3137,0.3
O113314,No,No,0.2615,0.3
O123268,No,No,0.0817,0.3
O103445,No,Yes,0.3917,0.3
O103239,No,No,0.1825,0.3
O116488,Yes,Yes,0.4671,0.3
O101185,Yes,No,0.2584,0.3
O115985,No,Yes,0.3185,0.3
O102351,No,No,0.1547,0.3
O123286,No,No,0.0355,0.3
O115211,No,No,0.1559,0.3
O130863,No,No,0.2319,0.3
O117220,No,Yes,0.4913,0.3
O124278,No,Yes,0.4492,0.3
O130007,No,Yes,0.3554,0.3
O107181,No,Yes,0.5603,0.3
O108166,No,Yes,0.4676,0.3
O132435,No,No,0.2904,0.3
O129444,No,No,0.269,0.3
O131581,No,Yes,0.4315,0.3
O103400,No,No,0.2958,0.3
O124210,No,Yes,0.4875,0.3
O121681,No,Yes,0.3549,0.3
O111454,No,Yes,0.3598,0.3
O112268,No,No,0.2786,0.3
O119313,No,Yes,0.4784,0.3
O130466,No,No,0.0893,0.3
O128167,No,No,0.0265,0.3
O121098,No,Yes,0.3308,0.3
O114394,No,No,0.1211,0.3
O130934,No,Yes,0.4223,0.3
O113895,Yes,Yes,0.3263,0.3
O113794,No,No,0.2192,0.3
O113517,No,Yes,0.5414,0.3
O125743,No,No,0.2427,0.3
O111690,No,No,0.182,0.3
O109051,No,Yes,0.399,0.3
O130982,No,Yes,0.5154,0.3
O122407,No,No,0.1467,0.3
O114201,No,Yes,0.3714,0.3
O129297,Yes,Yes,0.3175,0.3
O110721,No,No,0.2773,0.3
O133014,No,No,0.2885,0.3
O123936,No,Yes,0.3376,0.3
O111795,No,No,0.2115,0.3
O108941,No,No,0.1545,0.3
O132071,No,Yes,0.3723,0.3
O133404,No,Yes,0.469,0.3
O104668,No,Yes,0.3882,0.3
O104848,No,No,0.2905,0.3
O123195,No,No,0.1145,0.3
O120349,No,No,0.0921,0.3
O124780,No,No,0.1979,0.3
O133801,No,Yes,0.4518,0.3
O116289,No,No,0.2199,0.3
O130465,No,No,0.1994,0.3
O121254,No,No,0.2202,0.3
O132498,No,No,0.0476,0.3
O129800,No,No,0.1408,0.3
O106680,No,Yes,0.3487,0.3
O133635,No,No,0.012,0.3
O112802,No,No,0.0154,0.3
O124425,No,No,0.2744,0.3
O134396,No,No,0.1829,0.3
O132504,No,Yes,0.3632,0.3
O129558,No,Yes,0.4184,0.3
O102923,No,No,0.2818,0.3
O134030,No,No,0.1877,0.3
O110737,No,No,0.0431,0.3
O108432,No,Yes,0.3285,0.3
O127209,No,No,0.2015,0.3
O101815,No,No,0.2551,0.3
O128135,No,Yes,0.4512,0.3
O123935,No,No,0.2273,0.3
O114363,No,Yes,0.4583,0.3
O105609,No,No,0.1171,0.3
O102028,No,No,0.227,0.3
O131035,No,Yes,0.4335,0.3
O105872,No,Yes,0.3818,0.3
O105868,No,No,0.2491,0.3
O109395,No,Yes,0.4516,0.3
O108401,No,No,0.2203,0.3
O102019,No,No,0.1261,0.3
O116773,No,Yes,0.4717,0.3
O105976,No,No,0.1188,0.3
O108656,No,Yes,0.3204,0.3
O120303,No,No,0.0424,0.3
O111333,No,No,0.1133,0.3
O105982,No,No,0.0681,0.3
O129942,No,Yes,0.3129,0.3
O123000,Yes,Yes,0.4218,0.3
O107362,No,No,0.2474,0.3
O102202,No,Yes,0.3804,0.3
O130405,No,No,0.2528,0.3
O120108,No,No,0.2489,0.3
O100218,No,No,0.0945,0.3
O124192,No,No,0.2683,0.3
O122365,No,Yes,0.6809,0.3
O109269,No,Yes,0.3243,0.3
O106965,No,Yes,0.6791,0.3
O122015,No,No,0.2236,0.3
O100289,No,No,0.273,0.3
O100662,No,Yes,0.3012,0.3
O104591,No,Yes,0.3535,0.3
O118808,No,Yes,0.406,0.3
O114288,No,No,0.1373,0.3
O118582,No,Yes,0.39,0.3
O120470,No,Yes,0.4386,0.3
O120639,Yes,No,0.1862,0.3
O129676,No,No,0.2862,0.3
O130453,No,Yes,0.4615,0.3
O129350,No,Yes,0.4254,0.3
O128223,No,No,0.1658,0.3
O108424,No,Yes,0.3389,0.3
O102146,No,Yes,0.4349,0.3
O123248,No,Yes,0.3664,0.3
O109623,No,No,0.0381,0.3
O104661,No,Yes,0.3608,0.3
O123747,No,Yes,0.3694,0.3
O100084,No,Yes,0.3216,0.3
O109628,No,No,0.1666,0.3
O102829,No,Yes,0.4002,0.3
O113402,No,Yes,0.411,0.3
O103347,No,No,0.2376,0.3
O120807,No,No,0.1305,0.3
O131809,No,Yes,0.3662,0.3
O100550,No,Yes,0.4951,0.3
O100091,No,Yes,0.3096,0.3
O104475,No,No,0.2796,0.3
O105926,No,No,0.0368,0.3
O121386,No,No,0.1413,0.3
O133198,No,No,0.2164,0.3
O108512,No,No,0.1487,0.3
O113468,No,Yes,0.384,0.3
O114660,No,No,0.0598,0.3
O113861,No,Yes,0.3982,0.3
O105993,No,No,0.107,0.3
O110539,No,No,0.2429,0.3
O100378,No,No,0.2207,0.3
O113149,No,No,0.2545,0.3
O127621,No,No,0.1391,0.3
O108619,No,No,0.2625,0.3
O124728,No,Yes,0.4163,0.3
O111765,No,Yes,0.3016,0.3
O120985,Yes,Yes,0.6282,0.3
O126503,No,No,0.2852,0.3
O134221,No,Yes,0.3233,0.3
O127548,No,Yes,0.3948,0.3
O101126,No,No,0.2865,0.3
O132746,No,No,0.1993,0.3
O129586,No,No,0.1289,0.3
O117204,No,Yes,0.3659,0.3
O123106,No,Yes,0.4413,0.3
O124923,No,Yes,0.3707,0.3
O112778,No,Yes,0.3619,0.3
O117828,Yes,No,0.1355,0.3
O131690,No,Yes,0.3113,0.3
O112875,No,Yes,0.3967,0.3
O129159,Yes,No,0.2566,0.3
O106208,No,No,0.0613,0.3
O118115,No,Yes,0.3032,0.3
O129662,No,No,0.1881,0.3
O129791,No,Yes,0.3273,0.3
O124747,No,No,0.2189,0.3
O127344,No,No,0.0217,0.3
O106996,No,No,0.2073,0.3
O125636,No,Yes,0.3677,0.3
O131199,No,Yes,0.386,0.3
O133374,No,Yes,0.3026,0.3
O122218,No,No,0.2966,0.3
O123125,No,Yes,0.3313,0.3
O113551,No,No,0.2241,0.3
O117665,No,No,0.0255,0.3
O131415,No,No,0.2404,0.3
O101274,No,Yes,0.4522,0.3
O100720,No,Yes,0.3932,0.3
O123785,No,No,0.2814,0.3
O100131,No,No,0.1055,0.3
O134395,No,Yes,0.4793,0.3
O100718,No,Yes,0.4919,0.3
O103834,No,No,0.2355,0.3
O110150,Yes,No,0.2832,0.3
O118263,No,Yes,0.5066,0.3
O127035,No,No,0.1893,0.3
O113010,No,Yes,0.334,0.3
O115322,No,Yes,0.4335,0.3
O130018,No,Yes,0.3653,0.3
O128831,No,Yes,0.3601,0.3
O103648,No,No,0.2837,0.3
O101756,No,No,0.2973,0.3
O124129,No,Yes,0.6195,0.3
O100025,No,No,0.2423,0.3
O133047,No,No,0.1403,0.3
O120720,No,Yes,0.3242,0.3
O129873,No,No,0.231,0.3
O133166,No,No,0.1509,0.3
O107937,No,No,0.2649,0.3
O125234,No,No,0.0383,0.3
O116677,No,No,0.0637,0.3
O123862,No,Yes,0.3248,0.3
O129363,No,Yes,0.3914,0.3
O118851,No,No,0.2055,0.3
O126175,No,No,0.0485,0.3
O132354,No,No,0.2716,0.3
O107623,No,No,0.0215,0.3
O118826,No,No,0.2358,0.3
O123629,No,Yes,0.334,0.3
O115519,No,No,0.2523,0.3
O114693,No,No,0.2825,0.3
O130681,No,Yes,0.3985,0.3
O111139,Yes,No,0.1937,0.3
O132105,No,No,0.2437,0.3
O112270,No,No,0.0877,0.3
O124880,No,Yes,0.3713,0.3
O114887,No,Yes,0.4689,0.3
O113956,Yes,Yes,0.5999,0.3
O133460,No,Yes,0.3738,0.3
O115068,No,Yes,0.6875,0.3
O125520,Yes,No,0.2902,0.3
O102097,No,No,0.0602,0.3
O121374,No,Yes,0.4491,0.3
O118919,No,Yes,0.4099,0.3
O104742,No,No,0.2228,0.3
O119485,No,Yes,0.3972,0.3
O125176,No,Yes,0.3895,0.3
O109138,No,No,0.2568,0.3
O120724,No,Yes,0.5495,0.3
O111134,No,No,0.243,0.3
O115826,No,No,0.1026,0.3
O107100,No,No,0.2972,0.3
O106757,No,No,0.2279,0.3
O105309,No,No,0.0169,0.3
O116822,Yes,Yes,0.3129,0.3
O118634,Yes,Yes,0.3979,0.3
O115008,No,Yes,0.4861,0.3
O123294,No,No,0.1058,0.3
O114914,No,Yes,0.4109,0.3
O112990,No,Yes,0.3283,0.3
O118301,No,Yes,0.4238,0.3
O133804,No,No,0.0618,0.3
O133015,No,No,0.279,0.3
O102641,Yes,Yes,0.6759,0.3
O126381,No,No,0.2772,0.3
O113209,No,Yes,0.609,0.3
O122518,No,Yes,0.3549,0.3
O128629,No,Yes,0.4049,0.3
O114759,Yes,Yes,0.4352,0.3
O110025,No,Yes,0.5816,0.3
O107000,No,No,0.1988,0.3
O132487,No,Yes,0.3857,0.3
O105633,No,Yes,0.4218,0.3
O133682,Yes,No,0.2613,0.3
O119385,No,No,0.0756,0.3
O105736,No,Yes,0.343,0.3
O118819,No,No,0.1936,0.3
O125817,No,No,0.0139,0.3
O127398,No,No,0.2421,0.3
O130939,No,Yes,0.3909,0.3
O127803,No,Yes,0.3316,0.3
O122726,No,No,0.2667,0.3
O118104,No,No,0.2675,0.3
O122214,No,No,0.0458,0.3
O127783,No,No,0.2314,0.3
O118832,No,No,0.2161,0.3
O131301,No,No,0.0752,0.3
O110697,No,No,0.2424,0.3
O102325,No,No,0.0455,0.3
O110546,No,Yes,0.4776,0.3
O101830,No,No,0.2118,0.3
O116235,No,No,0.0923,0.3
O123336,No,No,0.2737,0.3
O104829,No,Yes,0.4343,0.3
O121483,No,Yes,0.461,0.3
O116541,No,No,0.1717,0.3
O102726,No,No,0.0206,0.3
O114285,No,No,0.2734,0.3
O120646,No,No,0.0676,0.3
O127239,No,No,0.1813,0.3
O124856,No,No,0.2599,0.3
O105404,No,Yes,0.3402,0.3
O114985,No,No,0.0853,0.3
O104492,Yes,No,0.2749,0.3
O116382,No,Yes,0.4485,0.3
O106470,No,No,0.2242,0.3
O121283,No,No,0.1592,0.3
O110512,No,Yes,0.3101,0.3
O100825,No,Yes,0.3483,0.3
O122134,No,Yes,0.5409,0.3
O124803,No,Yes,0.3432,0.3
O117427,No,No,0.1465,0.3
O129429,No,Yes,0.3901,0.3
O117608,No,No,0.0137,0.3
O125166,No,No,0.1861,0.3
O129871,No,No,0.1402,0.3
O113370,No,Yes,0.3011,0.3
O111858,No,No,0.1244,0.3
O121553,No,No,0.1622,0.3
O127736,No,No,0.0565,0.3
O101996,No,No,0.0125,0.3
O100994,No,No,0.2554,0.3
O132175,No,Yes,0.423,0.3
O120180,No,No,0.14,0.3
O116924,No,No,0.1918,0.3
O113557,No,No,0.1112,0.3
O131755,No,Yes,0.4078,0.3
O134340,No,No,0.0345,0.3
O103918,No,No,0.2987,0.3
O126626,No,No,0.1213,0.3
O104883,No,Yes,0.5936,0.3
O105776,No,Yes,0.416,0.3
O128005,No,No,0.251,0.3
O108761,No,Yes,0.3708,0.3
O114845,No,Yes,0.6496,0.3
O131583,No,Yes,0.4067,0.3
O120739,No,Yes,0.316,0.3
O107071,No,No,0.1153,0.3
O129782,No,No,0.2541,0.3
O108202,No,No,0.2927,0.3
O129452,No,No,0.2512,0.3
O131973,No,No,0.2585,0.3
O126957,No,Yes,0.3184,0.3
O109951,No,No,0.2966,0.3
O111599,No,No,0.1626,0.3
O126575,No,Yes,0.4135,0.3
O127872,No,Yes,0.3019,0.3
O117905,No,No,0.1756,0.3
O131417,No,No,0.1898,0.3
O130364,No,No,0.0631,0.3
O105844,No,Yes,0.385,0.3
O123407,No,Yes,0.4556,0.3
O102194,No,Yes,0.3158,0.3
O121911,No,No,0.2316,0.3
O133492,No,No,0.2531,0.3
O116840,No,Yes,0.3169,0.3
O131428,No,No,0.2849,0.3
O101065,No,No,0.1549,0.3
O103840,No,No,0.2216,0.3
O104012,No,Yes,0.5205,0.3
O133322,No,No,0.0324,0.3
O127087,No,No,0.2331,0.3
O103237,No,Yes,0.3807,0.3
O123199,No,No,0.1243,0.3
O102972,No,No,0.2562,0.3
O108230,No,Yes,0.4365,0.3
O122659,No,No,0.227,0.3
O124764,No,No,0.2455,0.3
O130237,No,Yes,0.3594,0.3
O114038,Yes,No,0.1851,0.3
O103208,No,No,0.2356,0.3
O113946,No,No,0.2543,0.3
O117969,No,No,0.2533,0.3
O111424,No,No,0.278,0.3
O102887,No,Yes,0.3011,0.3
O119144,No,Yes,0.3115,0.3
O125276,No,No,0.1317,0.3
O133579,No,Yes,0.6274,0.3
O102252,Yes,Yes,0.3692,0.3
O132316,No,Yes,0.6345,0.3
O105121,No,No,0.1658,0.3
O120291,No,Yes,0.4297,0.3
O128158,No,Yes,0.3068,0.3
O119245,No,Yes,0.3062,0.3
O129760,No,Yes,0.3898,0.3
O130123,No,Yes,0.4881,0.3
O122586,No,No,0.087,0.3
O126140,No,Yes,0.4095,0.3
O111179,No,Yes,0.3184,0.3
O120932,Yes,No,0.2944,0.3
O123977,No,Yes,0.3258,0.3
O120545,No,No,0.0316,0.3
O125442,No,Yes,0.3409,0.3
O103830,No,Yes,0.7723,0.3
O127961,Yes,Yes,0.5077,0.3
O129113,No,Yes,0.3519,0.3
O114836,Yes,Yes,0.4636,0.3
O118073,Yes,Yes,0.357,0.3
O128412,No,No,0.0737,0.3
O117748,No,Yes,0.6179,0.3
O108374,No,Yes,0.3931,0.3
O130531,No,Yes,0.4786,0.3
O116694,No,Yes,0.5165,0.3
O113968,No,Yes,0.3516,0.3
O117006,No,Yes,0.3058,0.3
O121003,No,Yes,0.5221,0.3
O111268,No,Yes,0.4321,0.3
O118056,No,No,0.2337,0.3
O103013,No,No,0.2426,0.3
O130696,No,Yes,0.4297,0.3
O120661,No,Yes,0.4125,0.3
O113842,No,Yes,0.3985,0.3
O129948,Yes,Yes,0.3424,0.3
O109688,No,Yes,0.4876,0.3
O106773,No,No,0.2793,0.3
O132922,No,No,0.0786,0.3
O115225,No,No,0.2565,0.3
O102991,No,Yes,0.3149,0.3
O103822,No,No,0.1001,0.3
O132474,No,Yes,0.3792,0.3
O124004,Yes,No,0.268,0.3
O131638,No,No,0.1545,0.3
O102719,No,No,0.2876,0.3
O108814,No,No,0.1201,0.3
O115998,Yes,No,0.046,0.3
O102973,No,No,0.0786,0.3
O106782,No,Yes,0.3494,0.3
O104903,No,No,0.2864,0.3
O125652,No,Yes,0.3496,0.3
O104736,Yes,No,0.2786,0.3
O124234,No,No,0.2493,0.3
O103498,No,No,0.1002,0.3
O121282,No,Yes,0.3465,0.3
O122509,No,No,0.0886,0.3
O119860,No,Yes,0.6449,0.3
O103695,No,Yes,0.7158,0.3
O127233,No,Yes,0.5517,0.3
O129746,No,Yes,0.3262,0.3
O113575,No,No,0.2026,0.3
O111766,No,No,0.2507,0.3
O118136,No,No,0.173,0.3
O108825,No,No,0.2373,0.3
O122856,No,No,0.1697,0.3
O100839,No,Yes,0.3698,0.3
O101499,No,No,0.2141,0.3
O130865,Yes,Yes,0.5049,0.3
O133891,No,No,0.1921,0.3
O115432,No,No,0.1467,0.3
O112095,No,No,0.2211,0.3
O115161,No,Yes,0.524,0.3
O121896,No,No,0.1614,0.3
O117199,No,Yes,0.4344,0.3
O133705,No,No,0.2397,0.3
O120307,No,No,0.2786,0.3
O118883,No,No,0.0482,0.3
O105099,No,No,0.098,0.3
O107116,No,No,0.1616,0.3
O128443,Yes,Yes,0.5366,0.3
O101751,No,Yes,0.3728,0.3
O113025,No,Yes,0.3731,0.3
O108011,No,No,0.2937,0.3
O115263,No,Yes,0.3347,0.3
O129893,No,No,0.0625,0.3
O124588,No,Yes,0.3658,0.3
O104224,No,Yes,0.5097,0.3
O126836,No,No,0.2981,0.3
O100371,No,No,0.2374,0.3
O108081,No,Yes,0.4021,0.3
O133150,No,Yes,0.4384,0.3
O109438,No,Yes,0.3838,0.3
O111864,Yes,Yes,0.5853,0.3
O129595,Yes,No,0.2359,0.3
O134257,No,Yes,0.3781,0.3
O122808,No,No,0.1862,0.3
O132447,Yes,No,0.1318,0.3
O122319,No,Yes,0.4329,0.3
O118541,No,Yes,0.4247,0.3
O110055,No,No,0.1894,0.3
O100816,No,Yes,0.557,0.3
O121257,No,No,0.1742,0.3
O123433,No,No,0.2959,0.3
O122184,No,No,0.2571,0.3
O114805,No,No,0.1879,0.3
O122985,No,No,0.2084,0.3
O124237,No,Yes,0.3482,0.3
O122892,No,No,0.1252,0.3
O104206,No,No,0.0745,0.3
O101117,No,Yes,0.3723,0.3
O104740,No,Yes,0.4597,0.3
O123454,No,No,0.0378,0.3
O124069,No,No,0.2718,0.3
O102809,No,No,0.2331,0.3
O117980,No,No,0.2402,0.3
O104434,No,Yes,0.3408,0.3
O102955,No,No,0.2717,0.3
O120634,No,Yes,0.5862,0.3
O104406,No,No,0.2954,0.3
O120202,No,Yes,0.4071,0.3
O110401,No,No,0.1759,0.3
O118162,No,No,0.0186,0.3
O133280,No,No,0.0357,0.3
O118910,No,Yes,0.3234,0.3
O125107,No,No,0.2805,0.3
O125536,No,No,0.0204,0.3
O132663,No,No,0.1858,0.3
O133733,No,No,0.2938,0.3
O105561,No,No,0.1145,0.3
O113864,No,Yes,0.3227,0.3
O131441,No,No,0.0879,0.3
O120004,No,No,0.185,0.3
O124070,No,No,0.0192,0.3
O116374,No,No,0.2734,0.3
O133616,No,No,0.271,0.3
O103352,No,No,0.2789,0.3
O119800,No,Yes,0.494,0.3
O127136,No,No,0.1348,0.3
O111181,No,Yes,0.5377,0.3
O101803,No,No,0.2894,0.3
O108367,No,Yes,0.304,0.3
O123019,No,Yes,0.3787,0.3
O107099,No,Yes,0.5204,0.3
O124078,No,No,0.1887,0.3
O106896,No,No,0.1697,0.3
O127556,No,No,0.1922,0.3
O131983,No,Yes,0.31,0.3
O100011,No,No,0.2027,0.3
O134476,No,Yes,0.3013,0.3
O128995,No,No,0.2864,0.3
O116236,No,Yes,0.4093,0.3
O121629,No,Yes,0.4293,0.3
O100179,No,Yes,0.3283,0.3
O132785,No,Yes,0.4958,0.3
O105928,No,Yes,0.4769,0.3
O124096,No,Yes,0.351,0.3
O125608,No,Yes,0.4515,0.3
O119646,No,No,0.1803,0.3
O103134,No,No,0.0397,0.3
O112169,No,No,0.1563,0.3
O117777,No,No,0.1734,0.3
O106583,No,Yes,0.493,0.3
O113087,No,No,0.062,0.3
O110178,No,No,0.2204,0.3
O103653,No,No,0.2781,0.3
O100350,No,No,0.1405,0.3
O105896,No,No,0.2328,0.3
O119107,No,Yes,0.4396,0.3
O108507,No,Yes,0.494,0.3
O109265,No,No,0.2752,0.3
O119788,Yes,Yes,0.4057,0.3
O116720,No,Yes,0.3942,0.3
O124244,No,Yes,0.3844,0.3
O104221,No,Yes,0.3691,0.3
O119633,No,No,0.2536,0.3
O111884,No,No,0.2407,0.3
O130579,No,Yes,0.3804,0.3
O112840,No,No,0.1022,0.3
O119024,No,Yes,0.3761,0.3
O116615,No,No,0.0614,0.3
O116224,No,No,0.1603,0.3
O103889,No,No,0.2676,0.3
O101369,No,Yes,0.52,0.3
O114797,No,No,0.1631,0.3
O128631,No,No,0.2289,0.3
O126925,No,Yes,0.4055,0.3
O105937,No,Yes,0.4711,0.3
O105789,No,No,0.1649,0.3
O115349,No,Yes,0.3073,0.3
O127400,No,Yes,0.56,0.3
O123553,No,Yes,0.5396,0.3
O101814,No,No,0.2297,0.3
O134498,No,Yes,0.411,0.3
O115171,No,No,0.2168,0.3
O104171,No,No,0.0165,0.3
O102748,Yes,Yes,0.5023,0.3
O100088,No,Yes,0.3698,0.3
O112610,No,Yes,0.3878,0.3
O122524,No,No,0.1061,0.3
O110497,No,Yes,0.4822,0.3
O111582,No,Yes,0.3153,0.3
O130726,No,No,0.2509,0.3
O114893,No,No,0.0302,0.3
O127440,No,No,0.1189,0.3
O118320,No,Yes,0.3343,0.3
O108488,No,No,0.2695,0.3
O110309,No,No,0.1801,0.3
O120740,No,No,0.1371,0.3
O124928,No,Yes,0.3102,0.3
O124821,No,Yes,0.3716,0.3
O109509,No,No,0.2082,0.3
O117886,No,Yes,0.5305,0.3
O126772,No,No,0.0393,0.3
O120241,No,No,0.2074,0.3
O104026,No,Yes,0.5165,0.3
O100837,No,Yes,0.5454,0.3
O100640,No,Yes,0.4029,0.3
O100171,No,No,0.0063,0.3
O130667,No,No,0.0923,0.3
O128525,No,Yes,0.5663,0.3
O125894,No,No,0.0157,0.3
O122400,No,Yes,0.3267,0.3
O126501,No,No,0.0723,0.3
O117207,No,No,0.08,0.3
O115348,No,No,0.2453,0.3
O114820,No,No,0.1273,0.3
O132544,No,No,0.2193,0.3
O108574,No,No,0.2939,0.3
O125443,No,Yes,0.3852,0.3
O121709,No,Yes,0.405,0.3
O106898,No,Yes,0.4154,0.3
O100647,No,Yes,0.5855,0.3
O127058,No,No,0.1903,0.3
O129015,No,Yes,0.4229,0.3
O116825,No,No,0.2941,0.3
O114173,No,No,0.1774,0.3
O101346,No,Yes,0.3222,0.3
O132215,No,No,0.2031,0.3
O128638,No,No,0.1977,0.3
O120369,No,Yes,0.5496,0.3
O122840,No,No,0.1049,0.3
O123482,No,Yes,0.4279,0.3
O109159,No,No,0.2721,0.3
O102369,No,Yes,0.3996,0.3
O121287,No,Yes,0.455,0.3
O126868,No,Yes,0.606,0.3
O121170,No,No,0.1266,0.3
O118903,No,No,0.0197,0.3
O123868,No,No,0.2711,0.3
O131595,No,Yes,0.4138,0.3
O103044,No,No,0.2208,0.3
O104621,No,No,0.1059,0.3
O128816,No,No,0.0147,0.3
O118025,No,Yes,0.3228,0.3
O112201,No,No,0.1392,0.3
O134397,No,No,0.0386,0.3
O110834,No,No,0.2815,0.3
O114685,No,Yes,0.3898,0.3
O107977,No,Yes,0.3012,0.3
O122082,No,No,0.0128,0.3
O104631,Yes,No,0.2384,0.3
O126452,No,No,0.2486,0.3
O131537,No,Yes,0.3187,0.3
O101187,No,No,0.1674,0.3
O114743,No,No,0.247,0.3
O118007,No,No,0.2571,0.3
O108985,No,Yes,0.3892,0.3
O109066,No,No,0.2977,0.3
O127810,No,No,0.2917,0.3
O128293,No,No,0.2177,0.3
O128717,No,No,0.1065,0.3
O118344,No,No,0.2268,0.3
O133335,No,Yes,0.4619,0.3
O101757,No,No,0.2425,0.3
O117449,No,No,0.299,0.3
O107600,Yes,No,0.2625,0.3
O120259,No,Yes,0.4745,0.3
O108114,No,Yes,0.3929,0.3
O121132,No,No,0.2703,0.3
O119743,No,No,0.231,0.3
O115152,No,Yes,0.382,0.3
O106472,No,No,0.2761,0.3
O112491,No,Yes,0.41,0.3
O123015,No,Yes,0.6031,0.3
O120691,No,No,0.2088,0.3
O127920,No,No,0.2759,0.3
O130567,No,Yes,0.5057,0.3
O112762,No,No,0.0115,0.3
O101150,No,Yes,0.3154,0.3
O134005,No,Yes,0.3407,0.3
O127604,No,Yes,0.3275,0.3
O100352,No,Yes,0.4896,0.3
O133071,No,Yes,0.4138,0.3
O112590,No,No,0.129,0.3
O132730,No,Yes,0.3663,0.3
O109191,No,No,0.2325,0.3
O126970,Yes,Yes,0.473,0.3
O112957,No,No,0.1295,0.3
O116066,No,Yes,0.5657,0.3
O128082,No,Yes,0.3711,0.3
O129344,No,Yes,0.4167,0.3
O128712,No,Yes,0.5447,0.3
O101722,No,Yes,0.3182,0.3
O104926,No,No,0.1967,0.3
O105348,No,No,0.137,0.3
O103534,No,Yes,0.4645,0.3
O117774,No,Yes,0.5226,0.3
O107513,No,Yes,0.5104,0.3
O128680,No,No,0.053,0.3
O100398,No,No,0.0663,0.3
O113755,No,No,0.2409,0.3
O103292,No,No,0.0095,0.3
O100120,No,Yes,0.4997,0.3
O126782,No,No,0.2891,0.3
O106622,No,Yes,0.6001,0.3
O123554,No,No,0.2553,0.3
O126589,No,Yes,0.4966,0.3
O127283,No,No,0.2619,0.3
O111716,No,Yes,0.3587,0.3
O120959,No,No,0.2027,0.3
O129044,No,No,0.2029,0.3
O121299,No,No,0.147,0.3
O119450,No,Yes,0.397,0.3
O113518,No,Yes,0.4501,0.3
O108857,No,No,0.1399,0.3
O112450,No,Yes,0.4319,0.3
O131448,No,No,0.2111,0.3
O132616,No,Yes,0.4389,0.3
O117859,No,No,0.2363,0.3
O122183,No,No,0.2459,0.3
O100564,No,No,0.2989,0.3
O129617,No,Yes,0.3573,0.3
O129360,No,No,0.217,0.3
O105514,No,No,0.2548,0.3
O108859,No,Yes,0.3604,0.3
O124258,No,No,0.2982,0.3
O105756,No,No,0.1511,0.3
O106892,No,No,0.0938,0.3
O112637,No,No,0.0109,0.3
O109580,No,Yes,0.4638,0.3
O118521,No,Yes,0.3474,0.3
O114047,No,Yes,0.423,0.3
O100079,No,No,0.2321,0.3
O131271,No,Yes,0.5254,0.3
O124645,No,No,0.2141,0.3
O125895,No,Yes,0.4616,0.3
O131834,No,No,0.1528,0.3
O129728,Yes,Yes,0.5364,0.3
O105410,No,No,0.2565,0.3
O128119,No,No,0.2275,0.3
O103475,No,Yes,0.3565,0.3
O115711,No,Yes,0.3266,0.3
O102323,No,No,0.0368,0.3
O109888,No,No,0.0152,0.3
O111064,No,No,0.093,0.3
O103468,No,No,0.0083,0.3
O133470,No,Yes,0.4376,0.3
O128049,No,No,0.1851,0.3
O128230,No,No,0.0074,0.3
O107332,No,No,0.1211,0.3
O124859,No,No,0.0638,0.3
O114776,No,No,0.2834,0.3
O112108,No,No,0.0171,0.3
O130341,No,Yes,0.5536,0.3
O131238,No,No,0.26,0.3
O117515,No,No,0.2094,0.3
O133276,No,Yes,0.4738,0.3
O128411,No,No,0.0489,0.3
O131562,No,No,0.1934,0.3
O102491,No,No,0.2985,0.3
O123832,No,Yes,0.4314,0.3
O111136,No,Yes,0.38,0.3
O127542,No,Yes,0.3237,0.3
O128425,No,Yes,0.4709,0.3
O115629,No,Yes,0.5981,0.3
O107470,No,Yes,0.4373,0.3
O111730,No,No,0.2001,0.3
O108115,No,No,0.2908,0.3
O131232,No,No,0.2529,0.3
O107692,No,No,0.2995,0.3
O131085,No,Yes,0.5378,0.3
O114983,No,No,0.126,0.3
O102554,No,Yes,0.3146,0.3
O107548,No,No,0.2436,0.3
O121019,No,Yes,0.3879,0.3
O111671,No,Yes,0.4937,0.3
O119913,No,Yes,0.4025,0.3
O104432,No,Yes,0.375,0.3
O112510,No,Yes,0.3402,0.3
O104576,No,No,0.2965,0.3
O103851,No,No,0.2879,0.3
O120735,No,Yes,0.5595,0.3
O133480,No,No,0.2609,0.3
O132256,Yes,No,0.1877,0.3
O125255,No,Yes,0.4245,0.3
O121300,No,No,0.0804,0.3
O129909,No,Yes,0.4366,0.3
O122973,No,Yes,0.3831,0.3
O117965,No,No,0.2176,0.3
O111313,No,Yes,0.3491,0.3
O132778,No,Yes,0.3276,0.3
O124544,No,Yes,0.3162,0.3
O118280,No,Yes,0.6076,0.3
O120286,No,Yes,0.4106,0.3
O123705,No,Yes,0.3254,0.3
O127926,No,No,0.1655,0.3
O121273,No,No,0.2667,0.3
O117017,Yes,No,0.1547,0.3
O127453,No,Yes,0.3714,0.3
O111563,No,Yes,0.4305,0.3
O107065,No,Yes,0.3702,0.3
O107328,No,Yes,0.3974,0.3
O121992,No,Yes,0.5497,0.3
O131177,No,No,0.2669,0.3
O102846,No,Yes,0.4026,0.3
O126470,No,Yes,0.5058,0.3
O130437,No,No,0.2605,0.3
O115943,No,No,0.0348,0.3
O102404,No,Yes,0.4744,0.3
O102206,No,Yes,0.4005,0.3
O105361,No,No,0.2535,0.3
O116708,No,No,0.2318,0.3
O124442,No,No,0.2684,0.3
O122118,No,Yes,0.545,0.3
O117808,No,No,0.2885,0.3
O115173,No,No,0.1926,0.3
O133843,No,Yes,0.3734,0.3
O116610,No,Yes,0.38,0.3
O133252,No,Yes,0.5598,0.3
O108383,No,No,0.1645,0.3
O126028,No,Yes,0.3318,0.3
O126083,No,No,0.2417,0.3
O106316,No,Yes,0.3542,0.3
O104321,No,Yes,0.6208,0.3
O129181,No,Yes,0.4495,0.3
O123139,No,No,0.2877,0.3
O113368,No,Yes,0.3448,0.3
O126754,No,Yes,0.3156,0.3
O128138,No,No,0.1387,0.3
O127034,No,No,0.1885,0.3
O112185,No,No,0.1528,0.3
O109434,No,No,0.2773,0.3
O123657,No,No,0.1559,0.3
O109543,No,Yes,0.5343,0.3
O132014,Yes,Yes,0.3489,0.3
O101382,No,No,0.233,0.3
O132666,Yes,No,0.2806,0.3
O131521,No,Yes,0.4574,0.3
O100660,No,Yes,0.4512,0.3
O117549,No,No,0.037,0.3
O121536,No,Yes,0.5036,0.3
O100436,No,No,0.1777,0.3
O103547,No,Yes,0.3516,0.3
O114052,No,Yes,0.3316,0.3
O133646,No,Yes,0.3968,0.3
O103548,No,No,0.11,0.3
O102728,No,No,0.0548,0.3
O133754,No,No,0.2657,0.3
O106934,No,No,0.2494,0.3
O121811,No,Yes,0.4668,0.3
O126289,No,Yes,0.3087,0.3
O117147,No,No,0.2916,0.3
O125488,No,Yes,0.3269,0.3
O126712,No,No,0.1547,0.3
O132135,No,Yes,0.3081,0.3
O101708,No,Yes,0.3583,0.3
O118275,No,Yes,0.3809,0.3
O120151,No,Yes,0.5898,0.3
O104985,No,Yes,0.3405,0.3
O107696,No,Yes,0.4738,0.3
O103831,No,No,0.0466,0.3
O116442,No,Yes,0.3471,0.3
O124965,No,Yes,0.4532,0.3
O100297,Yes,No,0.0982,0.3
O114577,No,No,0.2015,0.3
O104588,No,No,0.0573,0.3
O101760,No,Yes,0.4976,0.3
O111911,No,Yes,0.4686,0.3
O112337,No,No,0.2804,0.3
O126286,No,No,0.2773,0.3
O116198,No,Yes,0.4968,0.3
O124075,No,No,0.145,0.3
O102542,No,Yes,0.3883,0.3
O103119,No,Yes,0.4113,0.3
O111782,No,No,0.1797,0.3
O106449,No,Yes,0.4513,0.3
O103482,No,Yes,0.3449,0.3
O103815,No,No,0.1105,0.3
O113050,No,No,0.1806,0.3
O114620,No,Yes,0.3942,0.3
O107001,No,No,0.1028,0.3
O118024,No,Yes,0.3665,0.3
O105732,No,Yes,0.3487,0.3
O103520,No,Yes,0.6092,0.3
O100799,No,Yes,0.4775,0.3
O112324,No,No,0.2814,0.3
O110343,No,No,0.0051,0.3
O105061,No,Yes,0.4236,0.3
O119789,No,Yes,0.3986,0.3
O111452,No,Yes,0.4667,0.3
O122933,No,No,0.1067,0.3
O112043,No,No,0.2176,0.3
O117690,No,Yes,0.404,0.3
O133042,No,Yes,0.6845,0.3
O124784,No,No,0.2181,0.3
O109731,No,No,0.2834,0.3
O124409,No,No,0.1852,0.3
O100160,No,No,0.2717,0.3
O118178,No,Yes,0.5469,0.3
O110551,No,No,0.1349,0.3
O107528,No,Yes,0.5596,0.3
O112241,No,No,0.1952,0.3
O114491,Yes,Yes,0.7559,0.3
O117964,No,Yes,0.3278,0.3
O114149,No,No,0.1661,0.3
O122086,No,Yes,0.3369,0.3
O121633,No,Yes,0.5591,0.3
O118120,No,Yes,0.3405,0.3
O121530,No,No,0.2086,0.3
O103112,No,Yes,0.331,0.3
O102128,No,No,0.2752,0.3
O105650,Yes,No,0.2761,0.3
O103514,No,No,0.0342,0.3
O110738,No,Yes,0.3137,0.3
O127970,No,No,0.1771,0.3
O126216,No,Yes,0.4345,0.3
O119247,No,Yes,0.363,0.3
O133056,No,Yes,0.4085,0.3
O133162,No,Yes,0.3171,0.3
O134290,No,No,0.237,0.3
O114352,No,Yes,0.4361,0.3
O108601,Yes,Yes,0.5353,0.3
O130224,No,No,0.161,0.3
O133057,Yes,Yes,0.5419,0.3
O114336,No,No,0.0733,0.3
O128949,No,Yes,0.3459,0.3
O105932,No,Yes,0.3574,0.3
O129374,No,Yes,0.4454,0.3
O105385,No,Yes,0.3781,0.3
O114010,No,No,0.2389,0.3
O106771,No,No,0.0123,0.3
O102350,No,Yes,0.3319,0.3
O134472,No,No,0.2082,0.3
O122885,No,No,0.2108,0.3
O129953,No,No,0.2216,0.3
O104667,No,No,0.1898,0.3
O130377,No,No,0.2292,0.3
O133676,No,Yes,0.6236,0.3
O129489,No,Yes,0.4372,0.3
O115069,No,Yes,0.3285,0.3
O121333,No,No,0.0855,0.3
O116907,No,No,0.1403,0.3
O108429,No,Yes,0.386,0.3
O118030,No,Yes,0.5137,0.3
O123600,No,Yes,0.4465,0.3
O121260,No,Yes,0.3208,0.3
O131401,No,Yes,0.4207,0.3
O101659,No,Yes,0.3541,0.3
O130925,No,Yes,0.649,0.3
O119825,No,Yes,0.3408,0.3
O132228,No,No,0.177,0.3
O107351,No,Yes,0.3512,0.3
O124716,No,Yes,0.45,0.3
O113871,No,Yes,0.6868,0.3
O113401,Yes,Yes,0.4288,0.3
O102590,No,Yes,0.4403,0.3
O130057,Yes,Yes,0.4946,0.3
O104953,Yes,Yes,0.3507,0.3
O131089,No,Yes,0.3309,0.3
O127597,No,No,0.2077,0.3
O121479,No,No,0.2301,0.3
O110586,No,Yes,0.5112,0.3
O121631,No,No,0.1818,0.3
O106672,No,Yes,0.3779,0.3
O109021,No,Yes,0.3422,0.3
O125397,Yes,No,0.0677,0.3
O119443,No,Yes,0.3838,0.3
O111348,Yes,No,0.0992,0.3
O127443,No,No,0.2445,0.3
O130642,No,No,0.221,0.3
O106073,Yes,Yes,0.3639,0.3
O103902,No,No,0.2943,0.3
O127968,No,No,0.1093,0.3
O104719,No,Yes,0.3905,0.3
O128124,No,Yes,0.455,0.3
O131539,No,Yes,0.3819,0.3
O108475,No,Yes,0.5613,0.3
O101189,No,Yes,0.4261,0.3
O101588,No,Yes,0.583,0.3
O117926,No,Yes,0.4682,0.3
O118306,No,Yes,0.3203,0.3
O109860,No,Yes,0.4151,0.3
O106667,No,No,0.2428,0.3
O133186,No,Yes,0.314,0.3
O114306,No,Yes,0.3835,0.3
O132088,No,No,0.1786,0.3
O117233,No,Yes,0.351,0.3
O102568,Yes,No,0.045,0.3
O113997,Yes,No,0.1831,0.3
O126821,No,Yes,0.4507,0.3
O107863,No,No,0.2482,0.3
O117573,No,Yes,0.326,0.3
O129160,Yes,No,0.2078,0.3
O130133,No,No,0.2833,0.3
O100856,No,No,0.269,0.3
O104130,No,No,0.2185,0.3
O125775,No,Yes,0.3539,0.3
O119785,No,No,0.2233,0.3
O127280,No,No,0.1294,0.3
O114460,No,Yes,0.5048,0.3
O107302,Yes,Yes,0.3103,0.3
O129194,No,No,0.2363,0.3
O117540,No,Yes,0.4317,0.3
O125804,No,Yes,0.429,0.3
O113140,No,Yes,0.3549,0.3
O113574,No,Yes,0.3703,0.3
O129459,No,No,0.2584,0.3
O104240,No,No,0.2112,0.3
O118764,No,No,0.2674,0.3
O120883,No,No,0.155,0.3
O100538,No,No,0.2721,0.3
O111945,No,No,0.278,0.3
O121868,No,Yes,0.4442,0.3
O106630,No,No,0.2727,0.3
O104346,No,Yes,0.3957,0.3
O124247,Yes,Yes,0.3222,0.3
O119745,No,Yes,0.349,0.3
O110726,No,No,0.2556,0.3
O111511,No,Yes,0.4877,0.3
O118761,No,Yes,0.3673,0.3
O105419,No,No,0.2382,0.3
O101165,Yes,No,0.1145,0.3
O117110,Yes,No,0.2832,0.3
O130532,No,No,0.2291,0.3
O109457,No,No,0.148,0.3
O125777,No,Yes,0.5658,0.3
O115790,No,Yes,0.3258,0.3
O124312,No,No,0.0543,0.3
O101058,No,No,0.1992,0.3
O113439,No,Yes,0.3995,0.3
O126230,No,No,0.0344,0.3
O119763,No,Yes,0.4499,0.3
O122360,No,No,0.1484,0.3
O120584,Yes,Yes,0.3944,0.3
O106450,No,No,0.2684,0.3
O110629,No,Yes,0.5562,0.3
O132517,No,No,0.1452,0.3
O118501,Yes,Yes,0.5484,0.3
O130399,No,No,0.2705,0.3
O123100,No,No,0.1352,0.3
O132839,No,No,0.0165,0.3
O132239,No,No,0.1024,0.3
O117559,No,No,0.2334,0.3
O117567,No,No,0.0146,0.3
O115036,No,No,0.105,0.3
O125755,No,No,0.1647,0.3
O114614,No,Yes,0.5948,0.3
O101029,No,No,0.2594,0.3
O119193,No,Yes,0.3193,0.3
O107271,Yes,Yes,0.4237,0.3
O111113,No,Yes,0.3173,0.3
O134196,No,Yes,0.3361,0.3
O116110,No,Yes,0.5468,0.3
O110903,No,No,0.2603,0.3
O129476,No,No,0.2293,0.3
O117144,No,Yes,0.415,0.3
O111574,No,Yes,0.3425,0.3
O123752,No,No,0.2804,0.3
O109849,No,No,0.2635,0.3
O108635,No,No,0.1893,0.3
O105739,No,No,0.2749,0.3
O130309,No,Yes,0.3483,0.3
O132799,No,Yes,0.4022,0.3
O114588,No,No,0.2327,0.3
O123842,No,Yes,0.5161,0.3
O111378,No,No,0.236,0.3
O120014,No,No,0.2196,0.3
O106095,No,Yes,0.3678,0.3
O127859,No,No,0.2264,0.3
O116465,No,Yes,0.3495,0.3
O105581,No,No,0.2865,0.3
O128659,No,No,0.2771,0.3
O101895,No,Yes,0.4171,0.3
O112690,No,No,0.0931,0.3
O119033,No,No,0.2553,0.3
O114707,No,Yes,0.3413,0.3
O115764,No,Yes,0.306,0.3
O132262,No,Yes,0.3441,0.3
O112684,No,Yes,0.4922,0.3
O100207,No,No,0.062,0.3
O131907,No,No,0.2279,0.3
O112214,No,No,0.2705,0.3
O131915,No,No,0.0269,0.3
O113001,No,No,0.1063,0.3
O122394,No,No,0.0342,0.3
O105386,No,No,0.2289,0.3
O100208,No,No,0.2343,0.3
O111604,No,Yes,0.3149,0.3
O130977,No,Yes,0.4408,0.3
O111551,No,No,0.2145,0.3
O111846,No,No,0.2206,0.3
O123988,No,No,0.0153,0.3
O122080,No,Yes,0.4977,0.3
O119852,No,Yes,0.3977,0.3
O111791,No,Yes,0.3284,0.3
O102002,No,Yes,0.414,0.3
O114700,No,Yes,0.4402,0.3
O116305,No,Yes,0.4181,0.3
O132190,Yes,Yes,0.3697,0.3
O110193,No,No,0.1249,0.3
O112423,No,No,0.0369,0.3
O113478,No,Yes,0.338,0.3
O115049,No,No,0.1183,0.3
O128181,No,No,0.2243,0.3
O103594,No,Yes,0.4865,0.3
O127790,No,No,0.2364,0.3
O100458,No,No,0.1574,0.3
O123901,No,No,0.1138,0.3
O116164,No,Yes,0.4082,0.3
O106226,No,No,0.2391,0.3
O128980,No,Yes,0.4483,0.3
O111508,No,No,0.2184,0.3
O114596,No,Yes,0.7086,0.3
O107779,No,Yes,0.5692,0.3
O100551,No,No,0.2612,0.3
O125851,No,No,0.114,0.3
O103419,No,Yes,0.332,0.3
O108844,No,Yes,0.3416,0.3
O110257,No,No,0.2514,0.3
O113228,Yes,No,0.2108,0.3
O121354,No,No,0.2719,0.3
O121389,No,Yes,0.4604,0.3
O102660,No,Yes,0.3067,0.3
O129730,No,No,0.2853,0.3
O106422,No,Yes,0.4961,0.3
O133664,No,No,0.0856,0.3
O112465,No,No,0.1455,0.3
O128379,No,No,0.1859,0.3
O124695,Yes,Yes,0.3917,0.3
O107716,No,Yes,0.6456,0.3
O104473,No,Yes,0.3466,0.3
O104888,No,No,0.2898,0.3
O105571,No,No,0.0163,0.3
O119589,No,Yes,0.317,0.3
O117472,No,No,0.2366,0.3
O120488,No,No,0.2774,0.3
O106987,No,Yes,0.3219,0.3
O109412,No,Yes,0.4096,0.3
O120944,No,Yes,0.4478,0.3
O105329,No,No,0.2264,0.3
O119546,No,Yes,0.3797,0.3
O123672,Yes,Yes,0.3392,0.3
O113286,No,No,0.0413,0.3
O103222,No,Yes,0.4969,0.3
O125909,No,No,0.2978,0.3
O127646,Yes,Yes,0.4195,0.3
O112577,No,No,0.2541,0.3
O123405,No,Yes,0.3174,0.3
O124032,No,No,0.1427,0.3
O122017,No,No,0.2009,0.3
O101711,No,Yes,0.4945,0.3
O129587,No,No,0.2501,0.3
O117580,No,Yes,0.4253,0.3
O120500,No,Yes,0.369,0.3
O129457,No,Yes,0.4001,0.3
O115660,No,Yes,0.3412,0.3
O112589,No,Yes,0.3286,0.3
O122486,No,Yes,0.3878,0.3
O106065,No,Yes,0.3068,0.3
O122955,No,Yes,0.3903,0.3
O115037,No,Yes,0.3416,0.3
O131192,No,Yes,0.4882,0.3
O101962,No,No,0.0265,0.3
O105666,No,Yes,0.3557,0.3
O106020,No,Yes,0.325,0.3
O111175,No,No,0.1779,0.3
O101995,No,Yes,0.3623,0.3
O120346,No,Yes,0.5501,0.3
O129901,No,No,0.0628,0.3
O103958,No,No,0.2509,0.3
O106146,No,No,0.0938,0.3
O122531,No,Yes,0.4916,0.3
O128945,No,No,0.2199,0.3
O102803,No,No,0.2968,0.3
O121206,No,Yes,0.3866,0.3
O131771,No,No,0.1816,0.3
O134387,No,Yes,0.5273,0.3
O131273,No,Yes,0.4333,0.3
O119482,No,Yes,0.3258,0.3
O129255,No,No,0.1801,0.3
O102095,No,Yes,0.3937,0.3
O128749,No,Yes,0.3657,0.3
O123917,No,No,0.0849,0.3
O133521,No,No,0.0111,0.3
O123346,No,No,0.14,0.3
O106313,No,No,0.2427,0.3
O103910,No,Yes,0.3318,0.3
O124697,No,Yes,0.4538,0.3
O131853,No,Yes,0.3786,0.3
O126394,No,No,0.273,0.3
O131946,No,Yes,0.4768,0.3
O114160,No,No,0.224,0.3
O128111,No,No,0.2125,0.3
O115295,No,Yes,0.4909,0.3
O121359,Yes,Yes,0.4175,0.3
O132948,Yes,No,0.2331,0.3
O120308,No,Yes,0.3371,0.3
O104525,No,No,0.0331,0.3
O108929,No,Yes,0.5541,0.3
O117902,No,Yes,0.3026,0.3
O122059,No,No,0.0087,0.3
O127785,No,No,0.2771,0.3
O110433,No,Yes,0.3095,0.3
O100459,No,Yes,0.6805,0.3
O129150,No,Yes,0.4229,0.3
O102416,No,Yes,0.3199,0.3
O103291,No,No,0.1135,0.3
O119095,No,Yes,0.6593,0.3
O109685,No,No,0.1897,0.3
O125035,No,Yes,0.463,0.3
O128219,No,No,0.1707,0.3
O100857,No,No,0.0397,0.3
O115135,No,Yes,0.3645,0.3
O133605,No,Yes,0.5433,0.3
O118387,No,No,0.1308,0.3
O124131,No,Yes,0.3205,0.3
O114046,No,No,0.1604,0.3
O113000,No,No,0.1801,0.3
O109248,No,No,0.2408,0.3
O131004,No,No,0.262,0.3
O113258,No,Yes,0.6294,0.3
O112525,No,Yes,0.6434,0.3
O133820,No,No,0.212,0.3
O131791,No,No,0.0577,0.3
O113789,No,No,0.1173,0.3
O117350,No,No,0.1678,0.3
O129022,No,No,0.0911,0.3
O112736,No,No,0.2481,0.3
O128660,Yes,No,0.2259,0.3
O119175,No,Yes,0.5039,0.3
O129242,No,Yes,0.3001,0.3
O124510,No,No,0.1099,0.3
O125204,No,Yes,0.3404,0.3
O132618,No,Yes,0.4003,0.3
O131223,No,No,0.24,0.3
O130877,No,Yes,0.3452,0.3
O132558,Yes,Yes,0.5395,0.3
O119980,No,Yes,0.375,0.3
O113539,No,Yes,0.4338,0.3
O108390,No,No,0.2484,0.3
O116120,No,No,0.1831,0.3
O109525,No,Yes,0.349,0.3
O103227,No,No,0.1684,0.3
O124849,No,No,0.2547,0.3
O123287,No,Yes,0.3158,0.3
O104677,No,No,0.2821,0.3
O102478,No,No,0.0673,0.3
O120627,No,Yes,0.44,0.3
O100209,No,Yes,0.4113,0.3
O124299,No,No,0.2961,0.3
O110258,No,No,0.2359,0.3
O107943,No,No,0.0539,0.3
O112501,No,Yes,0.3782,0.3
O111152,No,Yes,0.4276,0.3
O112189,No,No,0.1446,0.3
O119219,No,No,0.1652,0.3
O108705,No,No,0.1768,0.3
O115670,No,No,0.2884,0.3
O120043,No,No,0.1862,0.3
O118564,No,No,0.053,0.3
O108327,No,Yes,0.5804,0.3
O128371,No,No,0.1996,0.3
O127957,No,Yes,0.4863,0.3
O103069,No,No,0.1706,0.3
O101419,Yes,Yes,0.3314,0.3
O114009,No,Yes,0.6659,0.3
O118927,No,Yes,0.3654,0.3
O127342,No,No,0.0664,0.3
O102879,No,Yes,0.3525,0.3
O114445,No,Yes,0.5085,0.3
O114189,No,No,0.1877,0.3
O109575,No,Yes,0.3727,0.3
O114062,No,No,0.1748,0.3
O103993,No,Yes,0.3223,0.3
O134426,No,No,0.1509,0.3
O122450,No,No,0.0454,0.3
O100400,No,No,0.1756,0.3
O114679,No,No,0.1414,0.3
O105923,No,No,0.2788,0.3
O101042,No,No,0.2675,0.3
O112972,No,Yes,0.3708,0.3
O104836,Yes,No,0.094,0.3
O122275,No,No,0.0334,0.3
O113712,No,No,0.2794,0.3
O122129,Yes,No,0.293,0.3
O129895,No,No,0.0844,0.3
O119486,No,Yes,0.3678,0.3
O105350,No,No,0.1928,0.3
O120607,No,Yes,0.3219,0.3
O122822,No,No,0.0904,0.3
O129505,No,No,0.2837,0.3
O112360,Yes,Yes,0.3791,0.3
O127863,No,No,0.2556,0.3
O105233,No,No,0.2575,0.3
O129188,No,No,0.2313,0.3
O123035,No,Yes,0.3033,0.3
O114154,No,No,0.1249,0.3
O116207,No,No,0.2532,0.3
O118147,No,No,0.2653,0.3
O105922,No,No,0.1983,0.3
O118560,No,Yes,0.3589,0.3
O124483,No,Yes,0.3501,0.3
O123794,No,Yes,0.3565,0.3
O116376,No,No,0.0902,0.3
O129204,No,No,0.1691,0.3
O112723,No,No,0.0273,0.3
O113461,No,No,0.063,0.3
O126326,No,Yes,0.315,0.3
O106225,No,Yes,0.5913,0.3
O114411,No,Yes,0.3914,0.3
O116105,No,Yes,0.4306,0.3
O118394,No,No,0.2349,0.3
O114974,No,Yes,0.4354,0.3
O125209,No,No,0.214,0.3
O112890,No,No,0.2401,0.3
O111032,No,No,0.2683,0.3
O122598,No,Yes,0.3809,0.3
O100421,No,Yes,0.5475,0.3
O124789,No,Yes,0.5939,0.3
O111794,No,No,0.0145,0.3
O131668,No,Yes,0.3591,0.3
O106502,No,No,0.2615,0.3
O114133,No,No,0.1451,0.3
O104878,No,No,0.177,0.3
O106314,No,Yes,0.4269,0.3
O134321,No,Yes,0.3625,0.3
O117972,No,No,0.0129,0.3
O105289,No,No,0.1846,0.3
O118224,No,Yes,0.3443,0.3
O102193,Yes,No,0.136,0.3
O105269,No,No,0.1809,0.3
O103933,No,No,0.1162,0.3
O108096,No,Yes,0.4273,0.3
O105037,No,No,0.0672,0.3
O110334,No,No,0.224,0.3
O133751,No,No,0.213,0.3
O100197,No,Yes,0.3405,0.3
O124402,No,No,0.0273,0.3
O133078,No,Yes,0.4424,0.3
O131422,No,Yes,0.3014,0.3
O114431,No,No,0.1683,0.3
O103700,No,No,0.2267,0.3
O104681,No,No,0.258,0.3
O117660,No,No,0.188,0.3
O102031,No,Yes,0.3972,0.3
O122285,Yes,No,0.1696,0.3
O106616,No,Yes,0.3953,0.3
O130868,No,No,0.1473,0.3
O119025,No,No,0.0558,0.3
O118176,No,Yes,0.4711,0.3
O118228,No,No,0.1176,0.3
O115485,No,No,0.227,0.3
O128283,No,No,0.0087,0.3
O125108,No,No,0.2707,0.3
O123225,No,No,0.2738,0.3
O130607,No,No,0.0261,0.3
O120425,No,No,0.2327,0.3
O130381,No,Yes,0.5437,0.3
O101153,No,Yes,0.5113,0.3
O115549,No,Yes,0.4357,0.3
O117061,No,Yes,0.4126,0.3
O101773,No,No,0.1336,0.3
O102718,No,Yes,0.3781,0.3
O129111,No,Yes,0.3176,0.3
O106816,No,Yes,0.3216,0.3
O120885,No,No,0.2424,0.3
O118612,No,No,0.1906,0.3
O111414,No,Yes,0.3819,0.3
O101336,No,Yes,0.3129,0.3
O120831,No,Yes,0.3662,0.3
O131408,No,No,0.2562,0.3
O130699,No,Yes,0.4697,0.3
O106736,No,Yes,0.5001,0.3
O114422,No,No,0.1843,0.3
O102800,No,Yes,0.5765,0.3
O124079,No,Yes,0.3422,0.3
O117929,No,No,0.1504,0.3
O116624,No,No,0.1344,0.3
O116368,No,Yes,0.3351,0.3
O117111,No,No,0.2506,0.3
O105748,No,Yes,0.3651,0.3
O128105,No,Yes,0.3837,0.3
O119635,No,No,0.0965,0.3
O124530,No,Yes,0.334,0.3
O109908,No,Yes,0.3944,0.3
O128710,No,No,0.1357,0.3
O108079,No,Yes,0.4025,0.3
O110042,Yes,Yes,0.3717,0.3
O121027,No,No,0.1615,0.3
O129133,No,No,0.1695,0.3
O115326,No,Yes,0.461,0.3
O122965,Yes,No,0.2145,0.3
O122170,No,No,0.0966,0.3
O118623,No,No,0.2111,0.3
O111245,No,Yes,0.4391,0.3
O106062,No,Yes,0.426,0.3
O132680,No,No,0.2036,0.3
O111222,No,Yes,0.4413,0.3
O118553,No,Yes,0.3305,0.3
O109786,No,No,0.2503,0.3
O115605,No,Yes,0.5414,0.3
O120518,No,No,0.2963,0.3
O127477,No,No,0.1294,0.3
O122692,No,No,0.261,0.3
O112822,No,No,0.2899,0.3
O129244,No,No,0.2082,0.3
O120266,No,Yes,0.4151,0.3
O104384,No,No,0.0847,0.3
O109002,No,No,0.2007,0.3
O109418,No,No,0.0086,0.3
O117296,No,Yes,0.4289,0.3
O107992,No,No,0.1315,0.3
O102020,No,Yes,0.4876,0.3
O110625,No,No,0.1859,0.3
O107079,No,No,0.1917,0.3
O105749,No,No,0.1973,0.3
O112457,No,No,0.278,0.3
O108536,No,No,0.214,0.3
O132488,No,Yes,0.3554,0.3
O133564,No,No,0.1975,0.3
O116385,No,No,0.2147,0.3
O129023,No,No,0.2391,0.3
O114880,Yes,Yes,0.3719,0.3
O130859,No,Yes,0.41,0.3
O106754,Yes,Yes,0.3464,0.3
O127950,No,No,0.1378,0.3
O126630,No,No,0.1679,0.3
O109827,No,Yes,0.3096,0.3
O117320,No,Yes,0.4137,0.3
O124553,No,Yes,0.3893,0.3
O113775,No,No,0.1513,0.3
O119733,Yes,No,0.2754,0.3
O116850,Yes,No,0.2591,0.3
O131534,No,Yes,0.4394,0.3
O121891,No,No,0.2084,0.3
O131612,No,Yes,0.3581,0.3
O112313,No,No,0.0183,0.3
O106653,No,Yes,0.431,0.3
O103207,Yes,No,0.213,0.3
O103541,No,No,0.0497,0.3
O118424,No,Yes,0.3873,0.3
O109743,No,Yes,0.4934,0.3
O128658,No,No,0.1877,0.3
O125742,No,Yes,0.5029,0.3
O110924,No,Yes,0.5588,0.3
O109128,No,Yes,0.3846,0.3
O132672,No,No,0.2231,0.3
O114110,No,Yes,0.3983,0.3
O113330,No,No,0.2061,0.3
O109857,No,Yes,0.4485,0.3
O110423,No,Yes,0.4093,0.3
O129030,No,Yes,0.4955,0.3
O130577,No,Yes,0.496,0.3
O126950,No,No,0.2387,0.3
O111917,No,Yes,0.3143,0.3
O108295,No,No,0.213,0.3
O121146,No,No,0.1362,0.3
O131452,No,Yes,0.454,0.3
O131956,No,No,0.2838,0.3
O102192,No,Yes,0.524,0.3
O125553,Yes,Yes,0.4385,0.3
O114986,No,Yes,0.5965,0.3
O111491,No,Yes,0.4079,0.3
O107762,No,No,0.0254,0.3
O102802,No,Yes,0.5325,0.3
O130344,No,No,0.0619,0.3
O129837,No,Yes,0.4701,0.3
O132930,No,Yes,0.5292,0.3
O113142,No,No,0.1055,0.3
O128311,No,Yes,0.3828,0.3
O116762,No,No,0.1649,0.3
O103946,No,Yes,0.3316,0.3
O114896,No,No,0.0275,0.3
O115650,No,Yes,0.6137,0.3
O117130,No,No,0.2244,0.3
O102078,No,Yes,0.3788,0.3
O105540,No,No,0.0157,0.3
O117075,No,Yes,0.3162,0.3
O131109,No,Yes,0.3478,0.3
O125695,No,No,0.0383,0.3
O119302,No,No,0.23,0.3
O125137,No,Yes,0.5777,0.3
O126851,No,No,0.1132,0.3
O105312,No,Yes,0.3754,0.3
O112329,Yes,Yes,0.5974,0.3
O111442,No,Yes,0.3299,0.3
O120063,No,Yes,0.4737,0.3
O100897,No,Yes,0.5854,0.3
O115264,No,Yes,0.329,0.3
O124124,No,No,0.2516,0.3
O105029,No,No,0.2234,0.3
O129139,No,Yes,0.4958,0.3
O126481,No,Yes,0.6137,0.3
O124943,No,No,0.1941,0.3
O124735,No,No,0.2591,0.3
O111816,No,Yes,0.5431,0.3
O108785,No,No,0.2004,0.3
O123058,No,Yes,0.4592,0.3
O114849,No,No,0.2417,0.3
O128972,No,Yes,0.4164,0.3
O108625,No,Yes,0.5101,0.3
O129190,No,No,0.2779,0.3
O109816,No,No,0.2231,0.3
O125498,No,No,0.1703,0.3
O122147,No,No,0.2011,0.3
O108983,Yes,No,0.0309,0.3
O110756,No,No,0.2615,0.3
O105532,No,Yes,0.3556,0.3
O111345,No,No,0.0199,0.3
O110799,No,Yes,0.4183,0.3
O133481,No,Yes,0.3321,0.3
O113778,No,Yes,0.3782,0.3
O112006,No,No,0.1837,0.3
O130382,No,Yes,0.4516,0.3
O106170,No,Yes,0.3043,0.3
O117979,No,No,0.1845,0.3
O132394,No,Yes,0.367,0.3
O122884,No,Yes,0.5017,0.3
O122811,No,Yes,0.5216,0.3
O129861,No,No,0.2491,0.3
O116156,No,No,0.2669,0.3
O111178,No,Yes,0.4843,0.3
O111639,No,Yes,0.4064,0.3
O112593,No,No,0.2311,0.3
O117428,No,Yes,0.451,0.3
O107427,No,No,0.2562,0.3
O101614,No,Yes,0.4374,0.3
O128493,No,No,0.2857,0.3
O121180,Yes,No,0.2781,0.3
O131161,No,No,0.2451,0.3
O109304,No,Yes,0.4406,0.3
O128409,No,Yes,0.579,0.3
O110459,No,No,0.0397,0.3
O115279,No,Yes,0.3556,0.3
O118720,No,Yes,0.4059,0.3
O106480,No,No,0.1917,0.3
O127065,No,No,0.204,0.3
O124955,No,No,0.2009,0.3
O101822,No,No,0.2725,0.3
O117317,No,No,0.1192,0.3
O108605,No,No,0.0592,0.3
O123065,No,No,0.2332,0.3
O121720,No,No,0.1998,0.3
O120672,No,Yes,0.4389,0.3
O108358,No,Yes,0.3973,0.3
O127931,No,No,0.0984,0.3
O127701,No,Yes,0.6499,0.3
O133203,No,Yes,0.3114,0.3
O103615,No,No,0.1696,0.3
O101595,No,Yes,0.4437,0.3
O125118,No,Yes,0.3405,0.3
O101712,No,No,0.1021,0.3
O122795,No,Yes,0.3391,0.3
O111226,No,Yes,0.391,0.3
O107194,No,Yes,0.5028,0.3
O105703,No,Yes,0.3453,0.3
O117442,No,No,0.0233,0.3
O122833,No,Yes,0.4896,0.3
O108805,No,Yes,0.4331,0.3
O114080,No,Yes,0.4057,0.3
O125704,No,Yes,0.3556,0.3
O113887,No,Yes,0.4674,0.3
O125200,No,No,0.1646,0.3
O121502,No,Yes,0.3292,0.3
O107370,No,No,0.205,0.3
O127043,No,Yes,0.6246,0.3
O110187,No,No,0.1263,0.3
O110774,No,Yes,0.4809,0.3
O125673,No,Yes,0.4328,0.3
O129071,No,No,0.1879,0.3
O113986,No,Yes,0.3061,0.3
O116618,No,No,0.2675,0.3
O115924,No,No,0.0483,0.3
O104662,No,No,0.1494,0.3
O121100,No,No,0.2013,0.3
O127152,No,No,0.2852,0.3
O127696,No,No,0.2714,0.3
O109168,No,No,0.1721,0.3
O129280,No,Yes,0.5117,0.3
O116195,No,No,0.2555,0.3
O103565,No,Yes,0.3056,0.3
O107275,No,No,0.003,0.3
O113386,No,Yes,0.3656,0.3
O100476,No,No,0.2947,0.3
O126687,No,Yes,0.3329,0.3
O120772,No,No,0.1162,0.3
O112645,No,No,0.1004,0.3
O116450,No,No,0.2828,0.3
O134088,No,Yes,0.4626,0.3
O123607,No,No,0.2959,0.3
O124384,Yes,No,0.1269,0.3
O120597,No,Yes,0.3216,0.3
O128656,No,Yes,0.5998,0.3
O129807,No,No,0.1197,0.3
O118770,No,Yes,0.3776,0.3
O105246,No,No,0.2003,0.3
O112738,No,Yes,0.3881,0.3
O127667,No,No,0.2122,0.3
O124831,No,No,0.2863,0.3
O106088,No,Yes,0.3942,0.3
O120709,No,No,0.1075,0.3
O119747,Yes,No,0.2147,0.3
O102257,No,No,0.1362,0.3
O100419,No,No,0.2145,0.3
O105373,No,No,0.1101,0.3
O132727,No,No,0.1555,0.3
O132781,No,Yes,0.4136,0.3
O129520,No,Yes,0.5674,0.3
O131647,No,Yes,0.3588,0.3
O127153,No,No,0.078,0.3
O131075,Yes,No,0.2783,0.3
O126268,No,No,0.1486,0.3
O102624,No,No,0.1442,0.3
O112115,No,No,0.1215,0.3
O126258,No,No,0.1604,0.3
O121712,No,No,0.1361,0.3
O104227,No,No,0.0187,0.3
O128596,No,Yes,0.3112,0.3
O100192,No,Yes,0.4427,0.3
O107713,No,No,0.2385,0.3
O124333,No,No,0.2855,0.3
O117685,No,No,0.1887,0.3
O100890,No,No,0.1501,0.3
O106649,No,Yes,0.5597,0.3
O103111,No,Yes,0.501,0.3
O132764,No,Yes,0.4811,0.3
O117983,No,No,0.2376,0.3
O122786,No,Yes,0.5636,0.3
O115922,Yes,No,0.2314,0.3
O112847,No,Yes,0.3571,0.3
O126004,No,No,0.2209,0.3
O103605,No,Yes,0.5487,0.3
O127610,No,Yes,0.4007,0.3
O101843,No,Yes,0.3432,0.3
O121424,No,No,0.1162,0.3
O105010,Yes,Yes,0.411,0.3
O105792,No,Yes,0.3537,0.3
O115270,No,No,0.2616,0.3
O103380,No,Yes,0.3473,0.3
O122452,No,No,0.0795,0.3
O131611,No,Yes,0.3588,0.3
O110082,Yes,Yes,0.3458,0.3
O116769,No,No,0.0526,0.3
O120862,No,No,0.0382,0.3
O131828,No,Yes,0.4265,0.3
O107755,No,No,0.0736,0.3
O115986,No,Yes,0.3388,0.3
O131142,No,No,0.2652,0.3
O106905,No,No,0.1554,0.3
O115956,No,Yes,0.6177,0.3
O100146,No,No,0.2953,0.3
O119853,No,No,0.1176,0.3
O123724,No,No,0.2158,0.3
O132867,No,No,0.0335,0.3
O108491,No,No,0.2453,0.3
O106594,No,Yes,0.4508,0.3
O132981,No,No,0.0638,0.3
O101563,No,No,0.1171,0.3
O101193,Yes,Yes,0.4289,0.3
O111391,No,No,0.17,0.3
O106821,No,No,0.1192,0.3
O102106,No,Yes,0.4843,0.3
O118226,No,Yes,0.3829,0.3
O107209,No,Yes,0.3565,0.3
O100729,No,No,0.2457,0.3
O115333,No,Yes,0.3011,0.3
O112010,No,No,0.1497,0.3
O134392,No,Yes,0.5751,0.3
O117279,No,No,0.289,0.3
O106654,No,Yes,0.6089,0.3
O122835,No,Yes,0.3039,0.3
O106935,No,Yes,0.4697,0.3
O128161,No,Yes,0.4504,0.3
O117637,No,No,0.2908,0.3
O133647,No,Yes,0.3692,0.3
O116177,No,No,0.1659,0.3
O100992,No,Yes,0.4203,0.3
O122710,No,No,0.2117,0.3
O101056,No,No,0.051,0.3
O112609,No,No,0.2895,0.3
O112991,No,No,0.0705,0.3
O125131,No,Yes,0.3087,0.3
O110295,No,No,0.0609,0.3
O125009,No,No,0.2845,0.3
O112392,No,No,0.1337,0.3
O117332,No,Yes,0.4947,0.3
O122931,No,No,0.2479,0.3
O110114,No,No,0.2093,0.3
O131263,No,Yes,0.4851,0.3
O111988,No,Yes,0.3332,0.3
O120104,No,No,0.0837,0.3
O123457,No,No,0.0148,0.3
O119076,No,Yes,0.3622,0.3
O128616,No,No,0.0288,0.3
O113689,No,No,0.2404,0.3
O132990,Yes,Yes,0.421,0.3
O121198,No,No,0.0913,0.3
O120686,No,No,0.2026,0.3
O102059,No,No,0.0391,0.3
O130314,No,Yes,0.3678,0.3
O125366,No,No,0.2148,0.3
O106819,No,No,0.2627,0.3
O103912,Yes,No,0.1916,0.3
O128800,Yes,No,0.1425,0.3
O114842,No,No,0.2926,0.3
O120664,No,Yes,0.344,0.3
O128055,No,Yes,0.4903,0.3
O113930,Yes,Yes,0.4576,0.3
O131200,No,Yes,0.574,0.3
O100013,No,No,0.1443,0.3
O115396,No,Yes,0.3325,0.3
O110931,No,Yes,0.3176,0.3
O112389,No,Yes,0.3452,0.3
O131836,No,No,0.0454,0.3
O110640,Yes,No,0.2053,0.3
O120145,No,Yes,0.386,0.3
O117994,No,No,0.224,0.3
O105180,No,Yes,0.5368,0.3
O105276,Yes,Yes,0.6086,0.3
O125456,No,Yes,0.3198,0.3
O124618,No,No,0.1421,0.3
O109607,No,Yes,0.6246,0.3
O116676,No,No,0.2189,0.3
O114912,No,No,0.1532,0.3
O103732,No,Yes,0.3816,0.3
O133731,No,No,0.1507,0.3
O122541,No,Yes,0.3576,0.3
O133229,No,No,0.261,0.3
O103203,No,Yes,0.3312,0.3
O118395,No,Yes,0.3494,0.3
O128794,No,No,0.038,0.3
O113341,No,Yes,0.3419,0.3
O122857,No,Yes,0.476,0.3
O101221,No,No,0.1403,0.3
O105068,No,No,0.2385,0.3
O130539,No,No,0.0614,0.3
O120190,No,Yes,0.5597,0.3
O110711,No,No,0.1153,0.3
O121856,No,Yes,0.482,0.3
O100348,No,No,0.0269,0.3
O125018,No,Yes,0.5095,0.3
O125337,No,No,0.0681,0.3
O119036,Yes,No,0.0899,0.3
O121757,No,Yes,0.5452,0.3
O131798,Yes,No,0.2595,0.3
O124218,No,Yes,0.4497,0.3
O101255,No,Yes,0.3622,0.3
O112783,No,No,0.161,0.3
O111561,No,No,0.2314,0.3
O101934,Yes,Yes,0.5136,0.3
O104330,No,Yes,0.3159,0.3
O127936,No,No,0.1768,0.3
O130158,No,No,0.2216,0.3
O129372,No,Yes,0.3043,0.3
O132938,No,Yes,0.4227,0.3
O103684,No,No,0.2117,0.3
O120235,No,No,0.1211,0.3
O125648,No,No,0.2539,0.3
O119870,No,No,0.0351,0.3
O109713,No,Yes,0.3024,0.3
O124658,No,No,0.2498,0.3
O104775,No,No,0.2827,0.3
O113676,No,Yes,0.3651,0.3
O121748,No,Yes,0.36,0.3
O108443,No,Yes,0.3473,0.3
O114758,No,Yes,0.3452,0.3
O100849,No,No,0.1862,0.3
O127691,No,Yes,0.4555,0.3
O116903,No,No,0.1574,0.3
O128108,No,No,0.2512,0.3
O129295,No,No,0.0764,0.3
O103923,No,Yes,0.4832,0.3
O131885,No,No,0.0937,0.3
O110796,Yes,Yes,0.6267,0.3
O103589,No,Yes,0.4288,0.3
O116379,No,No,0.057,0.3
O116916,No,No,0.2412,0.3
O128622,No,No,0.2809,0.3
O129124,No,No,0.0265,0.3
O130664,Yes,Yes,0.4512,0.3
O126677,No,No,0.2521,0.3
O134346,No,Yes,0.6605,0.3
O120774,No,Yes,0.3255,0.3
O111601,No,No,0.2597,0.3
O117704,No,No,0.1573,0.3
O124532,No,No,0.2189,0.3
O131258,No,Yes,0.6198,0.3
O115993,No,Yes,0.3874,0.3
O106086,No,No,0.0435,0.3
O116890,No,No,0.0591,0.3
O121319,No,No,0.204,0.3
O122752,No,No,0.2931,0.3
O109132,No,No,0.2331,0.3
O119172,No,Yes,0.3836,0.3
O133690,No,Yes,0.3356,0.3
O110363,No,No,0.2152,0.3
O116501,No,No,0.0923,0.3
O129004,Yes,Yes,0.3376,0.3
O124932,No,Yes,0.3627,0.3
O120212,No,No,0.2782,0.3
O122574,No,No,0.1544,0.3
O118346,No,No,0.1215,0.3
O111605,No,Yes,0.5626,0.3
O132198,No,No,0.2283,0.3
O128183,No,No,0.2235,0.3
O120082,No,Yes,0.3342,0.3
O129080,Yes,Yes,0.539,0.3
O107773,No,No,0.2482,0.3
O116071,No,No,0.0476,0.3
O133497,No,No,0.2866,0.3
O107126,Yes,Yes,0.5472,0.3
O105119,No,No,0.0105,0.3
O126172,No,Yes,0.4373,0.3
O119254,Yes,No,0.0716,0.3
O124651,No,Yes,0.3755,0.3
O110186,No,No,0.1602,0.3
O120301,No,Yes,0.3307,0.3
O110749,No,No,0.1541,0.3
O123369,No,Yes,0.3133,0.3
O105769,No,No,0.1229,0.3
O108678,No,Yes,0.3519,0.3
O132763,No,Yes,0.6602,0.3
O101043,No,No,0.1896,0.3
O118033,No,Yes,0.4131,0.3
O133272,No,No,0.2892,0.3
O122889,No,Yes,0.4496,0.3
O118739,No,No,0.0799,0.3
O104138,No,Yes,0.4388,0.3
O122637,No,Yes,0.3552,0.3
O129604,No,Yes,0.3814,0.3
O113184,No,No,0.1204,0.3
O100697,No,No,0.1158,0.3
O129177,No,Yes,0.3108,0.3
O111719,No,No,0.2335,0.3
O110856,No,Yes,0.4035,0.3
O101219,No,Yes,0.3487,0.3
O122709,No,No,0.2829,0.3
O105598,No,Yes,0.3815,0.3
O105360,No,Yes,0.5067,0.3
O107835,No,No,0.156,0.3
O130082,No,No,0.086,0.3
O121952,No,Yes,0.3703,0.3
O125060,No,No,0.2668,0.3
O134127,No,No,0.2436,0.3
O129330,No,No,0.247,0.3
O103901,No,Yes,0.5051,0.3
O132896,No,Yes,0.3678,0.3
O133738,No,Yes,0.38,0.3
O109528,No,Yes,0.3474,0.3
O127633,No,Yes,0.4299,0.3
O110103,No,No,0.082,0.3
O109235,No,No,0.2731,0.3
O107891,Yes,Yes,0.6418,0.3
O122567,No,No,0.2614,0.3
O103785,No,No,0.2369,0.3
O122041,No,No,0.2124,0.3
O120853,No,Yes,0.5539,0.3
O113943,No,No,0.2213,0.3
O122760,No,Yes,0.3994,0.3
O128836,No,No,0.1442,0.3
O115980,No,No,0.2713,0.3
O119651,No,Yes,0.5655,0.3
O114243,No,Yes,0.3374,0.3
O112665,No,Yes,0.4456,0.3
O116507,No,No,0.2639,0.3
O114858,No,No,0.0179,0.3
O121121,No,No,0.2962,0.3
O113604,No,No,0.2084,0.3
O127001,No,No,0.1186,0.3
O111965,No,Yes,0.4926,0.3
O105464,No,Yes,0.5486,0.3
O103369,Yes,No,0.2451,0.3
O115720,No,No,0.2355,0.3
O106981,No,Yes,0.4104,0.3
O107233,No,Yes,0.409,0.3
O127033,No,No,0.204,0.3
O127889,No,Yes,0.3767,0.3
O112507,No,Yes,0.6162,0.3
O109950,No,Yes,0.3831,0.3
O120779,No,No,0.2839,0.3
O105252,Yes,No,0.275,0.3
O119761,No,No,0.0858,0.3
O108029,No,No,0.1931,0.3
O134465,No,No,0.0518,0.3
O114524,No,No,0.2961,0.3
O100054,No,No,0.1389,0.3
O118489,No,No,0.1656,0.3
O102498,No,Yes,0.3306,0.3
O133456,No,No,0.197,0.3
O120131,No,No,0.2882,0.3
O112060,No,Yes,0.4122,0.3
O104737,No,Yes,0.334,0.3
O108241,No,No,0.2666,0.3
O104049,No,Yes,0.6382,0.3
O112914,No,No,0.0551,0.3
O119051,No,No,0.2569,0.3
O119412,No,No,0.2506,0.3
O118760,No,Yes,0.4988,0.3
O120204,No,No,0.1205,0.3
O104805,No,Yes,0.5056,0.3
O114802,No,No,0.1866,0.3
O110740,No,No,0.0316,0.3
O110769,No,Yes,0.4818,0.3
O121138,No,No,0.128,0.3
O128988,No,Yes,0.3252,0.3
O133508,No,Yes,0.4618,0.3
O121156,No,Yes,0.381,0.3
O111978,No,Yes,0.6452,0.3
O110804,No,No,0.2019,0.3
O120848,No,Yes,0.3601,0.3
O109893,No,No,0.1826,0.3
O113144,No,No,0.2085,0.3
O128172,No,Yes,0.4612,0.3
O134234,No,No,0.0121,0.3
O111495,No,Yes,0.4208,0.3
O121472,No,Yes,0.554,0.3
O118997,Yes,Yes,0.5631,0.3
O101503,No,Yes,0.5515,0.3
O112758,No,No,0.1195,0.3
O132308,No,No,0.1773,0.3
O126257,No,No,0.1724,0.3
O112856,No,No,0.2593,0.3
O114824,No,No,0.1767,0.3
O133148,No,No,0.2763,0.3
O112764,Yes,No,0.0822,0.3
O119741,No,No,0.2012,0.3
O119623,No,No,0.2245,0.3
O112815,No,Yes,0.3685,0.3
O132733,No,Yes,0.3179,0.3
O104992,No,No,0.1505,0.3
O108621,No,No,0.2812,0.3
O122064,No,Yes,0.5054,0.3
O101284,No,No,0.0683,0.3
O121779,No,No,0.2236,0.3
O106106,No,No,0.2961,0.3
O112024,No,Yes,0.4163,0.3
O127207,No,Yes,0.4956,0.3
O129017,No,Yes,0.4222,0.3
O124199,Yes,No,0.2297,0.3
O110466,No,Yes,0.4446,0.3
O107583,No,Yes,0.4648,0.3
O118495,No,Yes,0.4432,0.3
O116619,Yes,Yes,0.4111,0.3
O100891,No,No,0.267,0.3
O113127,No,No,0.2833,0.3
O122042,Yes,Yes,0.4073,0.3
O104163,No,No,0.218,0.3
O122148,Yes,Yes,0.3765,0.3
O118622,Yes,No,0.295,0.3
O118751,No,Yes,0.3261,0.3
O122460,No,No,0.0829,0.3
O101911,No,No,0.2043,0.3
O105457,No,No,0.1224,0.3
O131888,No,No,0.2136,0.3
O102655,No,Yes,0.3874,0.3
O132149,No,Yes,0.4715,0.3
O126813,No,No,0.2569,0.3
O121157,No,No,0.2324,0.3
O116559,No,Yes,0.3661,0.3
O100657,No,Yes,0.3523,0.3
O128209,No,No,0.2929,0.3
O104114,No,Yes,0.4036,0.3
O110232,No,No,0.2111,0.3
O124670,No,No,0.0495,0.3
O108729,No,No,0.1069,0.3
O129371,No,No,0.2091,0.3
O118481,No,Yes,0.4561,0.3
O130056,No,Yes,0.3205,0.3
O132032,No,Yes,0.3255,0.3
O115364,No,No,0.2096,0.3
O130203,No,Yes,0.3165,0.3
O100511,No,Yes,0.4322,0.3
O113832,No,No,0.1547,0.3
O105524,No,Yes,0.5426,0.3
O109574,No,No,0.2295,0.3
O115632,No,No,0.242,0.3
O128274,No,Yes,0.3353,0.3
O129031,No,Yes,0.4324,0.3
O130728,No,No,0.2546,0.3
O132408,No,Yes,0.4315,0.3
O132151,No,No,0.2759,0.3
O130613,No,Yes,0.385,0.3
O107688,No,Yes,0.4445,0.3
O113021,No,No,0.1781,0.3
O126330,No,No,0.292,0.3
O129756,No,Yes,0.3827,0.3
O111473,No,No,0.126,0.3
O125516,No,No,0.1636,0.3
O121478,No,Yes,0.3562,0.3
O106650,No,Yes,0.5431,0.3
O130265,No,No,0.1992,0.3
O115077,No,No,0.2666,0.3
O113467,No,Yes,0.493,0.3
O104917,No,No,0.266,0.3
O114728,No,No,0.2044,0.3
O108249,No,Yes,0.3861,0.3
O112107,No,No,0.2342,0.3
O118904,No,No,0.1943,0.3
O106814,No,Yes,0.3966,0.3
O118340,No,Yes,0.526,0.3
O133514,No,Yes,0.3868,0.3
O128873,No,No,0.0559,0.3
O132084,No,Yes,0.32,0.3
O125509,No,Yes,0.376,0.3
O110468,No,No,0.0279,0.3
O125215,No,No,0.1634,0.3
O118036,No,No,0.1625,0.3
O111702,No,Yes,0.5677,0.3
O109854,No,Yes,0.4323,0.3
O122606,No,No,0.1602,0.3
O125927,No,No,0.0414,0.3
O109671,No,Yes,0.4339,0.3
O101654,No,Yes,0.4955,0.3
O107083,No,No,0.1456,0.3
O124863,No,No,0.163,0.3
O130289,Yes,Yes,0.5152,0.3
O122187,No,No,0.2033,0.3
O113653,No,No,0.2471,0.3
O120648,No,Yes,0.3398,0.3
O115050,No,No,0.2225,0.3
O110052,No,Yes,0.322,0.3
O124739,No,No,0.1529,0.3
O105518,No,No,0.1994,0.3
O112966,No,No,0.111,0.3
O109561,No,Yes,0.3369,0.3
O133158,Yes,No,0.2713,0.3
O131436,No,Yes,0.5961,0.3
O130115,No,Yes,0.3624,0.3
O127842,Yes,No,0.2996,0.3
O108182,No,No,0.1217,0.3
O127550,No,Yes,0.3238,0.3
O105369,No,No,0.2869,0.3
O130515,No,Yes,0.5058,0.3
O126924,No,Yes,0.595,0.3
O110089,No,Yes,0.5099,0.3
O113912,Yes,No,0.2378,0.3
O112832,No,No,0.2169,0.3
O123730,No,No,0.2981,0.3
O101713,No,Yes,0.473,0.3
O125155,No,No,0.2569,0.3
O112473,No,No,0.1541,0.3
O104503,No,Yes,0.4423,0.3
O117384,No,Yes,0.4571,0.3
O125055,No,Yes,0.3435,0.3
O122718,No,No,0.2917,0.3
O119359,No,Yes,0.3145,0.3
O106369,No,Yes,0.3141,0.3
O132769,No,No,0.0469,0.3
O111390,No,Yes,0.408,0.3
O112132,No,No,0.1704,0.3
O103746,No,No,0.0207,0.3
O116462,No,No,0.2969,0.3
O102611,No,Yes,0.3421,0.3
O132562,No,Yes,0.3437,0.3
O133168,No,Yes,0.4915,0.3
O123806,No,No,0.0109,0.3
O124140,No,No,0.0213,0.3
O121749,No,Yes,0.3275,0.3
O119847,No,Yes,0.4469,0.3
O110463,No,Yes,0.3576,0.3
O125824,No,Yes,0.3349,0.3
O101468,No,Yes,0.6604,0.3
O102302,No,Yes,0.3034,0.3
O109674,No,No,0.1302,0.3
O101602,No,Yes,0.4667,0.3
O116778,No,No,0.2121,0.3
O113486,No,No,0.1642,0.3
O127180,No,No,0.1351,0.3
O116504,No,Yes,0.3274,0.3
O124909,No,No,0.0889,0.3
O134358,No,Yes,0.3867,0.3
O127552,No,No,0.2027,0.3
O134302,No,No,0.0602,0.3
O118710,No,Yes,0.3872,0.3
O110241,Yes,Yes,0.5278,0.3
O109008,No,Yes,0.3524,0.3
O126139,No,Yes,0.3703,0.3
O129885,No,Yes,0.4399,0.3
O108821,No,Yes,0.5438,0.3
O108271,No,No,0.186,0.3
O124730,No,Yes,0.5306,0.3
O133245,No,No,0.0139,0.3
O101296,No,Yes,0.3401,0.3
O101621,No,Yes,0.3852,0.3
O108593,No,No,0.2063,0.3
O112947,No,Yes,0.4169,0.3
O102794,No,No,0.2063,0.3
O119836,No,No,0.2083,0.3
O127292,No,Yes,0.4013,0.3
O124221,No,No,0.1951,0.3
O112398,No,No,0.1903,0.3
O119334,No,Yes,0.4241,0.3
O101152,No,No,0.2551,0.3
O116187,No,Yes,0.3609,0.3
O130017,No,No,0.1408,0.3
O119104,No,No,0.2817,0.3
O114978,No,No,0.1813,0.3
O129618,No,No,0.1856,0.3
O129104,No,No,0.2428,0.3
O113356,No,No,0.1863,0.3
O123114,No,No,0.2021,0.3
O115524,No,No,0.234,0.3
O102403,No,Yes,0.3487,0.3
O121225,No,Yes,0.4311,0.3
O111097,No,No,0.2735,0.3
O121454,No,Yes,0.4086,0.3
O113811,Yes,Yes,0.4216,0.3
O101340,No,No,0.2905,0.3
O132628,No,Yes,0.3866,0.3
O124798,No,Yes,0.3302,0.3
O129470,No,Yes,0.5709,0.3
O116127,No,No,0.1912,0.3
O125367,No,Yes,0.4401,0.3
O130920,No,No,0.2249,0.3
O126959,No,No,0.2159,0.3
O123850,Yes,Yes,0.5426,0.3
O117588,No,No,0.2364,0.3
O129705,No,Yes,0.6391,0.3
O119126,No,Yes,0.3693,0.3
O129354,No,Yes,0.3337,0.3
O126779,No,Yes,0.3987,0.3
O108892,No,No,0.2218,0.3
O131517,No,No,0.2276,0.3
O119461,No,Yes,0.4167,0.3
O126415,No,No,0.1647,0.3
O107369,No,Yes,0.3786,0.3
O129207,No,No,0.2546,0.3
O125362,No,Yes,0.4092,0.3
O123034,No,Yes,0.3789,0.3
O124908,No,No,0.0997,0.3
O114505,No,No,0.121,0.3
O114375,No,Yes,0.3705,0.3
O118615,No,No,0.1492,0.3
O132878,No,No,0.1677,0.3
O128486,No,No,0.1521,0.3
O117587,No,No,0.0259,0.3
O102573,No,Yes,0.5077,0.3
O120778,No,Yes,0.4405,0.3
O124487,No,Yes,0.3129,0.3
O126781,No,No,0.1235,0.3
O131183,No,Yes,0.6879,0.3
O110605,No,No,0.1428,0.3
O132237,No,Yes,0.317,0.3
O126477,No,Yes,0.4726,0.3
O124593,No,Yes,0.599,0.3
O117596,No,Yes,0.5323,0.3
O123673,Yes,No,0.2229,0.3
O132885,No,Yes,0.5156,0.3
O132028,Yes,Yes,0.3368,0.3
O104090,No,No,0.235,0.3
O124419,No,No,0.0931,0.3
O105143,No,No,0.2966,0.3
O111281,No,No,0.2014,0.3
O105892,No,No,0.1812,0.3
O111384,No,Yes,0.5649,0.3
O108571,No,No,0.2316,0.3
O111790,No,Yes,0.3171,0.3
O134378,No,No,0.2088,0.3
O122558,Yes,Yes,0.6294,0.3
O125439,No,Yes,0.5874,0.3
O122923,Yes,No,0.281,0.3
O110562,No,No,0.1832,0.3
O113642,No,No,0.1011,0.3
O123029,No,No,0.1817,0.3
O120310,No,Yes,0.3353,0.3
O108878,No,No,0.0715,0.3
O130884,No,Yes,0.4707,0.3
O105240,No,Yes,0.3229,0.3
O126642,No,Yes,0.5523,0.3
O116734,No,No,0.2993,0.3
O107392,No,No,0.2751,0.3
O130697,Yes,Yes,0.3614,0.3
O126943,No,Yes,0.4986,0.3
O117534,Yes,No,0.2168,0.3
O121304,No,Yes,0.4094,0.3
O128506,No,Yes,0.3856,0.3
O101693,No,Yes,0.404,0.3
O131352,No,No,0.2815,0.3
O132287,No,No,0.1428,0.3
O131454,No,Yes,0.3376,0.3
O107826,No,No,0.2897,0.3
O112659,Yes,No,0.2669,0.3
O131680,No,Yes,0.434,0.3
O117856,No,Yes,0.3005,0.3
O125290,No,No,0.2062,0.3
O112412,No,No,0.1148,0.3
O104739,No,Yes,0.3535,0.3
O134278,No,No,0.0554,0.3
O123059,No,Yes,0.5255,0.3
O119415,No,Yes,0.4067,0.3
O103527,Yes,Yes,0.4846,0.3
O112298,No,No,0.2545,0.3
O100750,No,Yes,0.3127,0.3
O131985,No,No,0.2892,0.3
O133945,No,Yes,0.431,0.3
O116579,No,No,0.1055,0.3
O120297,No,Yes,0.3552,0.3
O127279,No,No,0.2562,0.3
O118916,No,No,0.2891,0.3
O119987,No,Yes,0.5754,0.3
O108137,No,No,0.1841,0.3
O117437,No,No,0.2319,0.3
O126162,No,No,0.2621,0.3
O124975,No,No,0.2475,0.3
O100406,No,Yes,0.5009,0.3
O101551,No,Yes,0.4671,0.3
O108419,No,Yes,0.4413,0.3
O118509,No,No,0.1559,0.3
O110987,No,No,0.263,0.3
O121798,No,No,0.1532,0.3
O134466,No,Yes,0.3781,0.3
O122819,No,Yes,0.4912,0.3
O125799,No,No,0.2617,0.3
O129757,No,No,0.0036,0.3
O110641,No,Yes,0.4715,0.3
O114141,No,Yes,0.5881,0.3
O106011,No,No,0.281,0.3
O109631,No,Yes,0.457,0.3
O118241,No,Yes,0.5407,0.3
O130946,No,Yes,0.3824,0.3
O114729,No,Yes,0.3829,0.3
O127386,No,No,0.1985,0.3
O118386,No,Yes,0.3819,0.3
O128468,No,No,0.1672,0.3
O125539,No,Yes,0.4566,0.3
O127355,No,Yes,0.4577,0.3
O107174,Yes,No,0.2018,0.3
O100851,Yes,Yes,0.3358,0.3
O133569,No,No,0.153,0.3
O128312,No,Yes,0.3344,0.3
O126281,No,Yes,0.5297,0.3
O131112,No,Yes,0.4353,0.3
O121443,No,No,0.1579,0.3
O124999,No,Yes,0.3239,0.3
O127502,No,No,0.096,0.3
O102112,Yes,Yes,0.3671,0.3
O128614,No,Yes,0.4662,0.3
O132122,No,No,0.1818,0.3
O100056,No,No,0.2888,0.3
O132542,No,No,0.2304,0.3
O110742,No,No,0.1311,0.3
O112487,No,Yes,0.3204,0.3
O126689,No,No,0.2106,0.3
O103242,No,Yes,0.674,0.3
O122995,No,No,0.2841,0.3
O118697,No,No,0.289,0.3
O120625,No,No,0.2927,0.3
O106187,No,No,0.2031,0.3
O109648,No,No,0.2728,0.3
O126526,No,No,0.0317,0.3
O133149,No,No,0.286,0.3
O123740,No,No,0.2999,0.3
O102709,No,No,0.2851,0.3
O115305,No,Yes,0.3804,0.3
O117104,No,No,0.2114,0.3
O128176,No,Yes,0.3852,0.3
O129920,No,Yes,0.3375,0.3
O129176,No,No,0.1961,0.3
O114099,No,Yes,0.3761,0.3
O114111,No,No,0.0934,0.3
O134408,No,No,0.2528,0.3
O102275,No,No,0.0628,0.3
O105185,No,No,0.2228,0.3
O108566,No,No,0.2262,0.3
O123181,No,Yes,0.4611,0.3
O112314,No,Yes,0.4956,0.3
O104016,No,No,0.1627,0.3
O101600,No,Yes,0.3923,0.3
O102101,No,No,0.2937,0.3
O105199,No,Yes,0.416,0.3
O132001,No,Yes,0.4127,0.3
O126872,No,Yes,0.344,0.3
O112829,No,Yes,0.3655,0.3
O115702,No,No,0.2802,0.3
O104901,No,No,0.2502,0.3
O118843,No,No,0.0927,0.3
O101444,No,No,0.164,0.3
O118567,No,No,0.2949,0.3
O115022,No,No,0.0482,0.3
O132719,No,Yes,0.5536,0.3
O108340,No,No,0.1739,0.3
O100061,No,No,0.0919,0.3
O126640,No,No,0.1648,0.3
O122309,Yes,No,0.2706,0.3
O111167,No,Yes,0.3072,0.3
O112509,No,Yes,0.418,0.3
O109709,No,No,0.1716,0.3
O128030,No,No,0.1816,0.3
O109653,No,Yes,0.5596,0.3
O104862,No,No,0.2155,0.3
O117361,No,Yes,0.3013,0.3
O131135,No,No,0.1093,0.3
O104014,No,Yes,0.3162,0.3
O132428,No,Yes,0.4052,0.3
O133323,No,No,0.1591,0.3
O122866,No,Yes,0.3141,0.3
O129216,No,Yes,0.4763,0.3
O108718,No,No,0.1093,0.3
O129138,No,Yes,0.4411,0.3
O132832,No,Yes,0.3315,0.3
O133553,No,No,0.1119,0.3
O105708,No,No,0.2544,0.3
O100881,No,Yes,0.3589,0.3
O108740,No,No,0.2505,0.3
O131405,Yes,No,0.2452,0.3
O120142,Yes,Yes,0.3877,0.3
O120759,No,Yes,0.3708,0.3
O115393,No,No,0.1123,0.3
O110611,No,Yes,0.4271,0.3
O100464,No,No,0.1649,0.3
O108408,No,No,0.2133,0.3
O123145,Yes,Yes,0.3201,0.3
O128789,No,No,0.2553,0.3
O133668,No,Yes,0.392,0.3
O103735,No,No,0.2627,0.3
O111894,No,No,0.2299,0.3
O110379,No,No,0.2815,0.3
O110572,No,No,0.2322,0.3
O131439,Yes,Yes,0.4055,0.3
O119911,No,No,0.2496,0.3
O103554,No,Yes,0.6784,0.3
O105894,No,Yes,0.3101,0.3
O124783,No,No,0.2882,0.3
O110281,No,No,0.1222,0.3
O109562,No,Yes,0.327,0.3
O125674,No,Yes,0.4326,0.3
O127171,No,No,0.2145,0.3
O133278,No,Yes,0.6927,0.3
O131954,No,Yes,0.5319,0.3
O132806,No,No,0.24,0.3
O127821,No,No,0.0556,0.3
O101223,No,No,0.0699,0.3
O100861,No,No,0.2009,0.3
O111144,No,Yes,0.3968,0.3
O110382,No,Yes,0.4816,0.3
O131743,No,No,0.1015,0.3
O119802,No,No,0.249,0.3
O105638,No,Yes,0.3966,0.3
O111987,No,No,0.2725,0.3
O109145,Yes,Yes,0.559,0.3
O104319,No,Yes,0.5632,0.3
O106444,No,No,0.2451,0.3
O126615,No,No,0.1527,0.3
O133498,No,Yes,0.3322,0.3
O100009,No,Yes,0.335,0.3
O122734,No,Yes,0.326,0.3
O120843,No,No,0.0344,0.3
O122513,Yes,No,0.2525,0.3
O102540,No,No,0.247,0.3
O123050,Yes,Yes,0.4906,0.3
O116218,No,No,0.2202,0.3
O129025,No,Yes,0.3765,0.3
O120250,No,No,0.2211,0.3
O106214,No,No,0.1433,0.3
O125005,No,No,0.2844,0.3
O126867,No,Yes,0.4675,0.3
O109345,No,No,0.2063,0.3
O125045,No,No,0.0233,0.3
O112039,No,No,0.2528,0.3
O125275,No,Yes,0.357,0.3
O105687,No,No,0.2365,0.3
O111606,No,No,0.2999,0.3
O131806,No,No,0.1567,0.3
O115490,No,No,0.2225,0.3
O110131,No,Yes,0.3876,0.3
O106514,No,Yes,0.4509,0.3
O130246,No,No,0.1954,0.3
O133070,No,No,0.1381,0.3
O108776,Yes,Yes,0.3194,0.3
O116416,No,No,0.242,0.3
O102593,No,No,0.196,0.3
O121176,No,No,0.2901,0.3
O117303,No,Yes,0.5467,0.3
O100202,No,No,0.212,0.3
O133265,Yes,Yes,0.3851,0.3
O131312,No,Yes,0.4712,0.3
O114026,No,Yes,0.7142,0.3
O129781,No,No,0.1538,0.3
O107386,No,No,0.2458,0.3
O126697,No,No,0.0223,0.3
O131922,No,Yes,0.3376,0.3
O116891,No,Yes,0.3866,0.3
O126901,No,Yes,0.3454,0.3
O100277,No,No,0.136,0.3
O125840,No,Yes,0.3284,0.3
O110422,No,No,0.2894,0.3
O129303,No,No,0.2238,0.3
O132350,No,No,0.1203,0.3
O133098,No,Yes,0.3231,0.3
O114763,No,Yes,0.4847,0.3
O126085,No,No,0.1518,0.3
O126300,No,Yes,0.3965,0.3
O132916,Yes,No,0.0557,0.3
O104457,No,No,0.2002,0.3
O104007,No,No,0.1736,0.3
O116072,No,Yes,0.4195,0.3
O134024,No,No,0.2476,0.3
O114124,No,No,0.0677,0.3
O108274,No,No,0.2446,0.3
O129935,Yes,Yes,0.4221,0.3
O115885,No,Yes,0.3527,0.3
O129911,No,No,0.1328,0.3
O113069,Yes,No,0.1923,0.3
O128404,No,Yes,0.4972,0.3
O116297,No,Yes,0.3145,0.3
O118659,No,No,0.1981,0.3
O131170,No,No,0.1227,0.3
O116300,No,Yes,0.4626,0.3
O105585,No,No,0.2342,0.3
O111084,No,No,0.0403,0.3
O111562,No,No,0.0162,0.3
O133973,No,Yes,0.472,0.3
O102170,No,No,0.2538,0.3
O104861,No,Yes,0.4281,0.3
O111608,No,No,0.1826,0.3
O130197,No,No,0.2961,0.3
O115067,No,No,0.1728,0.3
O105682,No,No,0.2498,0.3
O130624,No,No,0.1732,0.3
O128853,No,Yes,0.4006,0.3
O115072,No,Yes,0.3985,0.3
O131752,No,Yes,0.5261,0.3
O102705,Yes,Yes,0.3819,0.3
O111123,No,No,0.2484,0.3
O125343,No,Yes,0.4024,0.3
O130955,No,Yes,0.3857,0.3
O131650,No,Yes,0.4322,0.3
O107514,No,Yes,0.5055,0.3
O114987,No,No,0.1478,0.3
O114188,No,Yes,0.3117,0.3
O122141,No,Yes,0.4285,0.3
O127589,No,No,0.0253,0.3
O117376,No,No,0.2912,0.3
O128848,No,No,0.2619,0.3
O116320,Yes,Yes,0.3658,0.3
O119598,No,No,0.1975,0.3
O110228,No,No,0.0458,0.3
O102391,No,Yes,0.3141,0.3
O107655,Yes,Yes,0.3233,0.3
O123340,Yes,Yes,0.3171,0.3
O131445,No,No,0.2641,0.3
O127724,No,Yes,0.4294,0.3
O111010,No,Yes,0.314,0.3
O120279,No,No,0.141,0.3
O120939,No,No,0.1166,0.3
O118709,No,No,0.1567,0.3
O104735,No,No,0.0817,0.3
O122804,No,No,0.2265,0.3
O106427,No,Yes,0.3746,0.3
O125489,No,No,0.1206,0.3
O100141,No,No,0.2474,0.3
O102918,No,Yes,0.3096,0.3
O119215,No,Yes,0.309,0.3
O121451,No,No,0.1151,0.3
O129639,No,No,0.1145,0.3
O102006,No,Yes,0.4142,0.3
O114447,No,No,0.2464,0.3
O113580,No,Yes,0.4627,0.3
O103103,Yes,Yes,0.3492,0.3
O105120,No,Yes,0.3949,0.3
O130277,No,Yes,0.4125,0.3
O134013,No,Yes,0.4064,0.3
O102398,No,Yes,0.3511,0.3
O125976,No,Yes,0.4455,0.3
O106939,No,Yes,0.5062,0.3
O124043,No,No,0.0826,0.3
O110048,No,Yes,0.3592,0.3
O101103,No,No,0.286,0.3
O118427,No,No,0.2097,0.3
O126045,Yes,Yes,0.3794,0.3
O125089,No,Yes,0.7339,0.3
O109658,No,No,0.0381,0.3
O120120,No,No,0.1187,0.3
O111694,No,Yes,0.5022,0.3
O105268,No,Yes,0.3788,0.3
O104899,No,Yes,0.5296,0.3
O116230,No,No,0.128,0.3
O122687,No,No,0.2172,0.3
O110039,No,No,0.2421,0.3
O126903,No,Yes,0.3245,0.3
O126328,No,No,0.2505,0.3
O128783,No,Yes,0.314,0.3
O110722,No,Yes,0.3984,0.3
O132138,No,Yes,0.3572,0.3
O134332,No,Yes,0.5203,0.3
O118624,No,Yes,0.4914,0.3
O128918,No,Yes,0.4931,0.3
O108659,No,Yes,0.3693,0.3
O104487,No,No,0.2326,0.3
O115648,No,No,0.0862,0.3
O124257,No,No,0.2508,0.3
O103286,No,No,0.0463,0.3
O129027,No,No,0.2161,0.3
O128878,No,No,0.1656,0.3
O105941,No,No,0.2408,0.3
O112099,No,Yes,0.3268,0.3
O133258,No,No,0.143,0.3
O129079,No,No,0.1522,0.3
O101997,No,No,0.1881,0.3
O103294,No,Yes,0.3347,0.3
O101204,No,No,0.143,0.3
O123976,No,No,0.2534,0.3
O110455,No,No,0.277,0.3
O121971,No,Yes,0.3186,0.3
O127824,No,No,0.0546,0.3
O102860,No,No,0.2553,0.3
O111233,No,No,0.1416,0.3
O125161,No,Yes,0.3768,0.3
O112266,No,Yes,0.4087,0.3
O125179,No,No,0.1676,0.3
O133723,No,Yes,0.3264,0.3
O126756,No,Yes,0.3802,0.3
O127364,No,No,0.1962,0.3
O126333,No,Yes,0.3473,0.3
O101263,No,Yes,0.4492,0.3
O130403,No,No,0.037,0.3
O126962,No,No,0.2976,0.3
O129690,No,No,0.0972,0.3
O131941,No,Yes,0.5013,0.3
O113703,No,No,0.0132,0.3
O120337,No,No,0.246,0.3
O113696,No,No,0.2676,0.3
O100220,No,No,0.0662,0.3
O125331,No,No,0.2434,0.3
O122793,No,No,0.1372,0.3
O133914,No,No,0.2738,0.3
O126055,No,Yes,0.3865,0.3
O108376,No,No,0.0689,0.3
O112862,No,No,0.0598,0.3
O107405,No,Yes,0.3428,0.3
O113692,No,Yes,0.5029,0.3
O113096,No,Yes,0.34,0.3
O134377,No,No,0.1756,0.3
O131055,No,Yes,0.4028,0.3
O134108,No,No,0.2643,0.3
O115109,No,No,0.1991,0.3
O110060,No,Yes,0.3059,0.3
O113505,No,No,0.0786,0.3
O124905,Yes,Yes,0.431,0.3
O133929,No,No,0.1628,0.3
O125178,No,Yes,0.4864,0.3
O103513,No,Yes,0.3279,0.3
O110656,No,Yes,0.4567,0.3
O124929,No,Yes,0.3068,0.3
O111518,No,Yes,0.4417,0.3
O124400,No,Yes,0.4202,0.3
O124193,No,No,0.2299,0.3
O105066,No,No,0.2228,0.3
O124758,No,Yes,0.4257,0.3
O118298,No,No,0.1187,0.3
O127324,No,No,0.2025,0.3
O119034,No,No,0.2115,0.3
O115910,No,No,0.0669,0.3
O133730,No,No,0.2117,0.3
O116458,No,Yes,0.3228,0.3
O129475,No,Yes,0.4924,0.3
O114635,No,No,0.1979,0.3
O133271,No,No,0.0604,0.3
O106211,No,Yes,0.3797,0.3
O116930,No,Yes,0.3065,0.3
O102442,No,Yes,0.3551,0.3
O101363,No,Yes,0.3454,0.3
O119686,No,Yes,0.4256,0.3
O132335,No,No,0.284,0.3
O124613,No,No,0.1246,0.3
O111260,No,Yes,0.5571,0.3
O111927,No,Yes,0.4149,0.3
O131708,No,No,0.0164,0.3
O127288,No,No,0.2905,0.3
O117541,No,No,0.0322,0.3
O119332,No,No,0.1595,0.3
O130829,No,No,0.2548,0.3
O130702,No,No,0.264,0.3
O100865,No,No,0.1418,0.3
O111347,No,Yes,0.4752,0.3
O129405,No,No,0.2169,0.3
O117717,No,No,0.2064,0.3
O105662,No,Yes,0.5612,0.3
O132715,No,Yes,0.3388,0.3
O102014,No,Yes,0.4187,0.3
O126200,No,Yes,0.4672,0.3
O120713,No,No,0.2459,0.3
O101414,No,Yes,0.3075,0.3
O113453,No,Yes,0.4765,0.3
O115242,No,Yes,0.6154,0.3
O133817,Yes,No,0.1775,0.3
O105056,No,No,0.0358,0.3
O115972,No,No,0.1826,0.3
O132822,No,Yes,0.5418,0.3
O127939,No,Yes,0.527,0.3
O118969,No,No,0.0269,0.3
O108229,No,Yes,0.3726,0.3
O124896,Yes,Yes,0.4703,0.3
O116923,No,Yes,0.3625,0.3
O134203,Yes,No,0.2392,0.3
O127000,No,No,0.1634,0.3
O126750,No,Yes,0.6117,0.3
O114238,No,Yes,0.3831,0.3
O100354,No,Yes,0.5413,0.3
O129790,No,No,0.1209,0.3
O100656,No,No,0.2162,0.3
O129221,No,Yes,0.4419,0.3
O118899,No,No,0.2287,0.3
O113272,No,Yes,0.497,0.3
O119382,No,No,0.1232,0.3
O130709,No,Yes,0.3166,0.3
O101007,No,No,0.0337,0.3
O102298,No,Yes,0.4309,0.3
O101304,No,No,0.166,0.3
O121792,No,No,0.0557,0.3
O116352,No,No,0.1787,0.3
O101774,No,Yes,0.3943,0.3
O104094,Yes,Yes,0.4733,0.3
O120213,No,No,0.0352,0.3
O123889,No,Yes,0.3187,0.3
O126354,No,No,0.2015,0.3
O133532,No,No,0.2564,0.3
O124322,No,Yes,0.4475,0.3
O111077,Yes,No,0.2014,0.3
O112530,No,Yes,0.4096,0.3
O120261,No,Yes,0.3224,0.3
O100554,No,Yes,0.4699,0.3
O108013,No,No,0.109,0.3
O129634,No,No,0.012,0.3
O133618,No,Yes,0.3341,0.3
O125199,No,Yes,0.475,0.3
O112893,No,Yes,0.4436,0.3
O117936,No,No,0.2533,0.3
O132787,No,No,0.2122,0.3
O112503,No,No,0.2991,0.3
O108765,No,Yes,0.5239,0.3
O121800,No,No,0.0274,0.3
O129736,No,Yes,0.314,0.3
O110648,No,Yes,0.338,0.3
O104038,No,Yes,0.3752,0.3
O125410,No,No,0.0826,0.3
O126417,No,No,0.0307,0.3
O109501,No,No,0.2776,0.3
O108452,No,No,0.1875,0.3
O119065,No,Yes,0.3051,0.3
O116984,Yes,Yes,0.4667,0.3
O102837,No,No,0.1709,0.3
O108244,No,Yes,0.4403,0.3
O128644,Yes,No,0.174,0.3
O123693,No,No,0.1704,0.3
O131639,No,Yes,0.3492,0.3
O120020,No,No,0.2518,0.3
O105743,No,Yes,0.3641,0.3
O128780,No,No,0.1863,0.3
O126442,No,No,0.1897,0.3
O126763,No,Yes,0.3685,0.3
O103140,No,No,0.2328,0.3
O117105,No,Yes,0.3819,0.3
O131331,No,No,0.2412,0.3
O118632,No,Yes,0.393,0.3
O107348,No,No,0.299,0.3
O111676,No,No,0.0417,0.3
O110083,No,Yes,0.4767,0.3
O101515,No,No,0.1777,0.3
O124071,No,Yes,0.3666,0.3
O130407,No,No,0.2222,0.3
O106410,No,Yes,0.3979,0.3
O125104,No,Yes,0.3902,0.3
O103122,No,No,0.2827,0.3
O112296,No,Yes,0.4329,0.3
O118430,No,No,0.1343,0.3
O117134,No,Yes,0.5429,0.3
O123283,No,No,0.013,0.3
O107932,No,Yes,0.4542,0.3
O127099,No,Yes,0.3217,0.3
O108781,No,No,0.2647,0.3
O133325,No,No,0.1567,0.3
O105519,No,No,0.1044,0.3
O108276,No,No,0.2129,0.3
O122136,No,No,0.2506,0.3
O110469,No,No,0.185,0.3
O117200,No,Yes,0.3458,0.3
O128922,No,No,0.1452,0.3
O122839,No,No,0.1263,0.3
O118288,No,No,0.0998,0.3
O115663,No,No,0.283,0.3
O109050,No,No,0.021,0.3
O134379,No,Yes,0.3201,0.3
O131374,No,No,0.2678,0.3
O118255,No,No,0.043,0.3
O119467,No,No,0.1513,0.3
O122250,No,Yes,0.4483,0.3
O129233,No,Yes,0.3206,0.3
O132445,No,No,0.1416,0.3
O123251,No,No,0.2986,0.3
O108038,No,Yes,0.4221,0.3
O105353,No,No,0.1296,0.3
O104389,No,Yes,0.3215,0.3
O134253,No,Yes,0.3554,0.3
O101364,No,No,0.1738,0.3
O109866,No,No,0.2747,0.3
O113294,No,No,0.2957,0.3
O132018,No,No,0.1699,0.3
O121327,No,Yes,0.4012,0.3
O133448,No,Yes,0.5086,0.3
O124403,No,No,0.0057,0.3
O128859,No,Yes,0.4411,0.3
O103269,No,Yes,0.5718,0.3
O101855,No,No,0.177,0.3
O107007,Yes,Yes,0.4348,0.3
O106210,No,No,0.2635,0.3
O102544,No,Yes,0.3361,0.3
O109122,No,No,0.1319,0.3
O129897,No,Yes,0.3976,0.3
O133352,No,No,0.2551,0.3
O109571,No,No,0.1992,0.3
O107346,No,Yes,0.4572,0.3
O124272,No,No,0.1246,0.3
O114185,No,Yes,0.4086,0.3
O124101,No,Yes,0.3207,0.3
O111363,No,No,0.2162,0.3
O129819,No,No,0.1536,0.3
O132097,No,No,0.1552,0.3
O105163,No,No,0.0326,0.3
O121230,No,No,0.0366,0.3
O131307,No,No,0.1232,0.3
O130286,No,No,0.0747,0.3
O116097,No,No,0.2208,0.3
O117844,No,Yes,0.3808,0.3
O106638,No,No,0.2271,0.3
O127902,No,Yes,0.3863,0.3
O125771,No,No,0.2601,0.3
O128261,No,No,0.1652,0.3
O130871,No,No,0.2102,0.3
O131339,No,No,0.0789,0.3
O109044,No,Yes,0.4595,0.3
O132560,No,Yes,0.4526,0.3
O114135,No,No,0.0152,0.3
O105841,No,No,0.2845,0.3
O103480,No,Yes,0.4996,0.3
O113910,No,Yes,0.4032,0.3
O115057,No,No,0.0855,0.3
O120051,No,No,0.1523,0.3
O120009,No,No,0.2309,0.3
O121997,No,No,0.2183,0.3
O128202,No,No,0.1598,0.3
O101164,No,Yes,0.5029,0.3
O127587,No,No,0.1163,0.3
O107167,No,Yes,0.4411,0.3
O127935,No,Yes,0.4419,0.3
O123471,No,No,0.2185,0.3
O117073,No,No,0.0491,0.3
O115737,No,No,0.2236,0.3
O110409,No,No,0.1901,0.3
O129657,No,Yes,0.3637,0.3
O130162,No,No,0.0509,0.3
O131113,No,No,0.2911,0.3
O121329,No,Yes,0.3779,0.3
O122357,Yes,No,0.1757,0.3
O127337,No,No,0.2042,0.3
O112322,No,Yes,0.3246,0.3
O101286,No,No,0.2989,0.3
O118497,No,Yes,0.4502,0.3
O123758,No,Yes,0.4242,0.3
O121377,No,No,0.0759,0.3
O119975,No,No,0.1608,0.3
O102826,No,No,0.288,0.3
O130785,No,Yes,0.4251,0.3
O103430,Yes,Yes,0.4538,0.3
O126420,No,No,0.2237,0.3
O108769,No,No,0.2066,0.3
O116209,No,Yes,0.6098,0.3
O133910,No,No,0.0769,0.3
O132777,No,Yes,0.4491,0.3
O122918,No,Yes,0.3142,0.3
O131420,No,No,0.0493,0.3
O130431,No,Yes,0.478,0.3
O105832,No,Yes,0.5304,0.3
O115329,No,Yes,0.4036,0.3
O130963,No,Yes,0.4284,0.3
O123727,No,Yes,0.4107,0.3
O102310,No,Yes,0.561,0.3
O100802,No,No,0.0264,0.3
O116661,No,Yes,0.3861,0.3
O120511,No,No,0.2426,0.3
O111396,No,No,0.2281,0.3
O126958,No,No,0.2042,0.3
O130099,No,No,0.1247,0.3
O128600,No,No,0.0833,0.3
O116803,No,No,0.2139,0.3
O111773,No,No,0.2847,0.3
O101442,No,Yes,0.4245,0.3
O126234,No,Yes,0.349,0.3
O124878,No,No,0.1497,0.3
O113298,No,No,0.0796,0.3
O112104,No,Yes,0.4702,0.3
O124121,No,No,0.2705,0.3
O114678,No,No,0.2751,0.3
O103401,Yes,Yes,0.5085,0.3
O110790,No,Yes,0.4046,0.3
O132303,No,No,0.2987,0.3
O109680,No,Yes,0.3616,0.3
O129349,No,Yes,0.3179,0.3
O113702,No,Yes,0.4439,0.3
O114369,No,Yes,0.3746,0.3
O126256,No,Yes,0.543,0.3
O112219,No,Yes,0.3826,0.3
O105961,No,No,0.2406,0.3
O129585,No,Yes,0.3456,0.3
O132857,No,No,0.005,0.3
O119575,No,Yes,0.3337,0.3
O108899,No,Yes,0.4032,0.3
O125212,No,No,0.0266,0.3
O111488,No,No,0.2817,0.3
O112692,No,Yes,0.4845,0.3
O119678,No,No,0.1842,0.3
O131032,Yes,Yes,0.4039,0.3
O107524,No,Yes,0.4026,0.3
O126009,No,No,0.0276,0.3
O108676,No,Yes,0.3019,0.3
O111287,No,Yes,0.4869,0.3
O124757,No,No,0.1462,0.3
O118703,No,No,0.2077,0.3
O104362,No,No,0.1685,0.3
O103018,No,Yes,0.4255,0.3
O119829,No,Yes,0.4179,0.3
O131411,No,No,0.2757,0.3
O118171,No,No,0.0951,0.3
O103564,No,Yes,0.4623,0.3
O106121,No,No,0.0837,0.3
O124307,No,Yes,0.3833,0.3
O121809,No,No,0.0964,0.3
O121587,No,No,0.2642,0.3
O121129,No,Yes,0.4792,0.3
O125253,No,No,0.1834,0.3
O128927,No,No,0.1784,0.3
O125146,No,Yes,0.3492,0.3
O127448,No,No,0.1568,0.3
O112583,No,No,0.2353,0.3
O101901,No,No,0.1624,0.3
O125599,Yes,Yes,0.5925,0.3
O125445,No,No,0.2683,0.3
O114518,No,No,0.104,0.3
O122347,No,No,0.0283,0.3
O120708,No,No,0.2906,0.3
O105380,No,Yes,0.3144,0.3
O106598,No,No,0.1597,0.3
O116384,No,Yes,0.3113,0.3
O112293,No,Yes,0.3874,0.3
O111211,No,Yes,0.6704,0.3
O120254,No,Yes,0.3396,0.3
O128306,No,No,0.121,0.3
O113291,No,No,0.2405,0.3
O116736,No,No,0.1592,0.3
O113948,No,Yes,0.3262,0.3
O104093,No,No,0.2752,0.3
O124557,No,Yes,0.3374,0.3
O126051,No,Yes,0.3033,0.3
O123389,No,No,0.2334,0.3
O118408,No,No,0.2129,0.3
O110706,No,No,0.1847,0.3
O107352,No,No,0.1158,0.3
O117785,No,Yes,0.507,0.3
O127653,No,Yes,0.5151,0.3
O106030,No,Yes,0.3735,0.3
O105456,No,Yes,0.3759,0.3
O103136,No,No,0.1421,0.3
O131246,No,No,0.1035,0.3
O106157,No,No,0.0863,0.3
O130995,No,Yes,0.3147,0.3
O100164,No,No,0.1649,0.3
O118853,No,No,0.1675,0.3
O112485,No,Yes,0.3443,0.3
O122619,No,Yes,0.5135,0.3
O106767,No,No,0.1469,0.3
O134271,No,No,0.2783,0.3
O133698,No,No,0.1346,0.3
O125793,No,No,0.2391,0.3
O107900,No,No,0.2804,0.3
O117847,No,No,0.2735,0.3
O109322,No,Yes,0.3963,0.3
O134178,No,No,0.2334,0.3
O132928,No,Yes,0.4826,0.3
O109969,No,No,0.2269,0.3
O123323,No,No,0.2863,0.3
O129854,No,No,0.1497,0.3
O117861,No,Yes,0.3112,0.3
O105123,Yes,Yes,0.4016,0.3
O132795,No,No,0.1505,0.3
O131179,No,Yes,0.4903,0.3
O102876,No,No,0.1515,0.3
O126423,No,No,0.2924,0.3
O105665,No,No,0.1066,0.3
O100693,No,No,0.279,0.3
O131486,No,No,0.2126,0.3
O102497,No,No,0.0667,0.3
O118035,No,Yes,0.3017,0.3
O105521,No,No,0.2873,0.3
O125345,No,No,0.0673,0.3
O118123,No,No,0.0303,0.3
O106945,No,Yes,0.3008,0.3
O125315,No,Yes,0.6974,0.3
O112542,No,Yes,0.4777,0.3
O116824,No,No,0.2151,0.3
O112992,No,Yes,0.453,0.3
O104812,No,No,0.1108,0.3
O108551,No,Yes,0.4227,0.3
O104560,No,Yes,0.4303,0.3
O102612,No,Yes,0.4148,0.3
O122736,No,No,0.2,0.3
O131509,No,Yes,0.3156,0.3
O122757,No,Yes,0.4397,0.3
O113567,No,No,0.02,0.3
O110122,No,Yes,0.4208,0.3
O129118,No,No,0.2466,0.3
O116810,No,No,0.1498,0.3
O126276,No,Yes,0.431,0.3
O133316,No,Yes,0.3648,0.3
O131492,No,No,0.2439,0.3
O106972,No,No,0.0587,0.3
O125660,No,No,0.2877,0.3
O132279,No,No,0.2807,0.3
O105854,No,No,0.1621,0.3
O134318,No,Yes,0.4637,0.3
O118303,No,No,0.1679,0.3
O114597,Yes,Yes,0.477,0.3
O132844,No,No,0.1867,0.3
O107869,No,No,0.2357,0.3
O106745,No,Yes,0.4494,0.3
O115617,No,Yes,0.5135,0.3
O107894,No,No,0.2314,0.3
O103733,No,No,0.2016,0.3
O134191,No,Yes,0.3411,0.3
O119491,No,No,0.1743,0.3
O103043,Yes,No,0.2917,0.3
O105112,No,Yes,0.3169,0.3
O112587,No,Yes,0.3218,0.3
O128476,No,Yes,0.3807,0.3
O112336,No,No,0.0227,0.3
O117780,No,Yes,0.3643,0.3
O123761,No,No,0.1274,0.3
O116201,No,No,0.135,0.3
O106322,No,No,0.1891,0.3
O104528,No,No,0.0468,0.3
O106490,No,Yes,0.3347,0.3
O131360,No,Yes,0.3458,0.3
O126034,No,Yes,0.4347,0.3
O100547,No,No,0.1434,0.3
O103314,No,No,0.2389,0.3
O103428,No,Yes,0.3417,0.3
O112663,Yes,Yes,0.5534,0.3
O119943,No,Yes,0.5017,0.3
O117125,No,No,0.2437,0.3
O111724,No,No,0.0223,0.3
O124393,No,Yes,0.4972,0.3
O118341,No,Yes,0.3523,0.3
O127684,No,Yes,0.5714,0.3
O130176,No,No,0.2242,0.3
O116909,No,Yes,0.5146,0.3
O129718,No,Yes,0.3655,0.3
O107014,No,No,0.0502,0.3
O102296,No,No,0.1563,0.3
O101705,No,Yes,0.5571,0.3
O109321,No,No,0.1899,0.3
O109715,No,Yes,0.3994,0.3
O103117,No,No,0.0992,0.3
O116076,No,Yes,0.4234,0.3
O121204,No,Yes,0.3321,0.3
O108439,No,No,0.1077,0.3
O116508,No,Yes,0.5437,0.3
O129701,No,No,0.1902,0.3
O113161,No,Yes,0.4357,0.3
O129274,No,No,0.2092,0.3
O104347,No,No,0.0274,0.3
O103023,No,Yes,0.3133,0.3
O103459,No,Yes,0.343,0.3
O100614,No,No,0.0168,0.3
O124023,No,Yes,0.4135,0.3
O133116,No,No,0.1991,0.3
O128609,No,No,0.2118,0.3
O132145,No,Yes,0.4316,0.3
O130961,No,Yes,0.3701,0.3
O112781,No,No,0.2098,0.3
O125672,No,No,0.2421,0.3
O132355,No,No,0.1304,0.3
O111954,No,Yes,0.5441,0.3
O124030,No,No,0.2057,0.3
O116816,No,No,0.2331,0.3
O102603,No,No,0.1114,0.3
O114324,No,No,0.1316,0.3
O110666,No,Yes,0.4822,0.3
O100596,No,Yes,0.5038,0.3
O116057,Yes,Yes,0.3644,0.3
O121963,No,Yes,0.3038,0.3
O118483,No,No,0.1559,0.3
O116454,No,Yes,0.3711,0.3
O131882,No,No,0.0654,0.3
O119464,No,No,0.213,0.3
O121253,No,Yes,0.347,0.3
O118955,No,Yes,0.4178,0.3
O120251,No,No,0.2655,0.3
O125099,No,Yes,0.4914,0.3
O127674,No,Yes,0.3038,0.3
O131215,No,Yes,0.4546,0.3
O112157,No,Yes,0.3785,0.3
O121309,No,No,0.2974,0.3
O118027,No,No,0.145,0.3
O129348,No,Yes,0.3336,0.3
O131616,No,Yes,0.7597,0.3
O114007,No,Yes,0.5626,0.3
O113739,No,No,0.1439,0.3
O132369,No,No,0.2783,0.3
O112828,No,Yes,0.4747,0.3
O116809,No,No,0.1086,0.3
O128536,No,No,0.1876,0.3
O119167,No,No,0.2904,0.3
O107287,No,No,0.0093,0.3
O108896,No,Yes,0.3763,0.3
O122988,No,No,0.1969,0.3
O125140,Yes,Yes,0.5925,0.3
O119101,No,No,0.112,0.3
O111783,No,No,0.293,0.3
O118423,No,Yes,0.4437,0.3
O129147,No,Yes,0.5571,0.3
O121476,Yes,No,0.1859,0.3
O125041,No,Yes,0.5747,0.3
O121391,No,No,0.1069,0.3
O106915,No,Yes,0.4299,0.3
O127365,No,Yes,0.3593,0.3
O111799,No,No,0.1688,0.3
O107135,No,No,0.1732,0.3
O131835,No,Yes,0.3666,0.3
O131889,No,No,0.2476,0.3
O113342,No,No,0.2856,0.3
O133122,No,Yes,0.3585,0.3
O117809,Yes,No,0.2521,0.3
O104969,No,Yes,0.4093,0.3
O121196,No,Yes,0.372,0.3
O133557,Yes,No,0.2966,0.3
O107443,No,No,0.2146,0.3
O100200,No,No,0.1589,0.3
O108478,No,Yes,0.3864,0.3
O127263,No,Yes,0.5233,0.3
O120383,No,Yes,0.5121,0.3
O117906,No,Yes,0.6854,0.3
O127570,No,Yes,0.5708,0.3
O111999,No,No,0.0252,0.3
O127051,No,Yes,0.3068,0.3
O102682,No,No,0.1358,0.3
O111057,No,Yes,0.3013,0.3
O106628,No,Yes,0.3332,0.3
O119083,No,Yes,0.3441,0.3
O122289,No,No,0.2971,0.3
O113085,No,No,0.1922,0.3
O106513,No,No,0.2865,0.3
O128163,No,No,0.2336,0.3
O112852,No,No,0.2296,0.3
O126466,No,Yes,0.4883,0.3
O111481,No,No,0.2446,0.3
O110201,No,Yes,0.5357,0.3
O110980,No,Yes,0.3526,0.3
O106337,No,No,0.2082,0.3
O109507,No,No,0.2962,0.3
O128264,No,No,0.2889,0.3
O134107,No,No,0.1258,0.3
O101447,No,Yes,0.3313,0.3
O104984,No,Yes,0.5774,0.3
O130674,No,No,0.2961,0.3
O116034,No,Yes,0.3492,0.3
O101308,No,Yes,0.3493,0.3
O125326,No,No,0.1293,0.3
O111286,No,No,0.2262,0.3
O108789,No,No,0.2696,0.3
O105701,No,No,0.1124,0.3
O131740,No,No,0.2447,0.3
O108042,No,No,0.1103,0.3
O120851,No,No,0.2524,0.3
O112642,No,Yes,0.304,0.3
O120612,No,No,0.2714,0.3
O119232,No,Yes,0.4496,0.3
O122415,No,Yes,0.3318,0.3
O115405,No,No,0.2544,0.3
O132760,No,No,0.0983,0.3
O110962,Yes,Yes,0.4463,0.3
O129119,Yes,No,0.2373,0.3
O129305,No,No,0.1287,0.3
O109889,No,No,0.1848,0.3
O125214,No,Yes,0.4582,0.3
O120404,No,Yes,0.3173,0.3
O132756,No,No,0.2117,0.3
O117993,No,Yes,0.3154,0.3
O105265,No,No,0.1153,0.3
O119583,No,No,0.0292,0.3
O115728,No,No,0.1303,0.3
O132994,No,Yes,0.3829,0.3
O112923,No,Yes,0.5295,0.3
O124280,No,Yes,0.3379,0.3
O134468,No,No,0.2274,0.3
O106055,No,No,0.2702,0.3
O121680,No,Yes,0.3258,0.3
O127966,No,No,0.2768,0.3
O131483,No,Yes,0.4545,0.3
O128459,No,No,0.1007,0.3
O132295,No,Yes,0.3295,0.3
O104777,No,Yes,0.406,0.3
O123792,No,Yes,0.3978,0.3
O118861,No,No,0.2338,0.3
O116427,No,Yes,0.346,0.3
O130091,No,No,0.2727,0.3
O113428,No,Yes,0.4459,0.3
O127021,No,No,0.24,0.3
O118666,No,Yes,0.5117,0.3
O123725,No,Yes,0.3607,0.3
O107363,No,No,0.1775,0.3
O122768,No,Yes,0.3073,0.3
O113900,No,No,0.2781,0.3
O126126,No,No,0.0311,0.3
O100570,No,Yes,0.3103,0.3
O102560,No,Yes,0.4774,0.3
O111445,No,Yes,0.4013,0.3
O132250,No,Yes,0.4412,0.3
O112703,No,Yes,0.5044,0.3
O107301,No,Yes,0.3877,0.3
O113133,Yes,Yes,0.5158,0.3
O104561,No,Yes,0.4258,0.3
O130490,No,No,0.2177,0.3
O105178,No,No,0.2602,0.3
O115201,No,No,0.0658,0.3
O108160,No,No,0.2065,0.3
O134128,No,No,0.2758,0.3
O100721,No,No,0.2302,0.3
O127686,No,No,0.1523,0.3
O129364,No,No,0.2355,0.3
O131709,No,Yes,0.5911,0.3
O122188,No,Yes,0.5065,0.3
O133090,No,No,0.0843,0.3
O116494,No,Yes,0.3409,0.3
O120938,No,No,0.0894,0.3
O133378,No,No,0.2398,0.3
O126982,No,No,0.2028,0.3
O114520,No,No,0.1233,0.3
O117987,Yes,No,0.2858,0.3
O111867,No,Yes,0.5076,0.3
O128740,Yes,No,0.1181,0.3
O100931,No,No,0.1479,0.3
O100715,No,No,0.0527,0.3
O102849,No,No,0.2056,0.3
O102899,No,No,0.2957,0.3
O123660,No,No,0.2703,0.3
O114139,No,No,0.1111,0.3
O132114,No,No,0.2508,0.3
O124361,No,No,0.203,0.3
O131255,No,Yes,0.5059,0.3
O108649,No,No,0.2362,0.3
O108959,No,Yes,0.3101,0.3
O107697,No,Yes,0.4096,0.3
O119336,No,Yes,0.3822,0.3
O121020,No,No,0.2137,0.3
O111944,No,Yes,0.4732,0.3
O131001,No,Yes,0.5597,0.3
O133466,No,Yes,0.4971,0.3
O130117,No,Yes,0.5132,0.3
O110916,No,No,0.1115,0.3
O101517,No,No,0.1251,0.3
O110021,Yes,Yes,0.3735,0.3
O117790,No,Yes,0.3636,0.3
O125765,No,Yes,0.4846,0.3
O122077,No,No,0.1458,0.3
O111187,No,No,0.2044,0.3
O104790,No,Yes,0.5497,0.3
O117913,Yes,Yes,0.5584,0.3
O105812,No,No,0.2382,0.3
O115408,No,No,0.0884,0.3
O124993,No,Yes,0.422,0.3
O110734,No,No,0.1249,0.3
O120596,No,Yes,0.4387,0.3
O117219,No,Yes,0.4042,0.3
O134267,No,Yes,0.4237,0.3
O108065,No,Yes,0.5081,0.3
O103781,No,Yes,0.4608,0.3
O127064,Yes,Yes,0.4755,0.3
O119048,No,Yes,0.4752,0.3
O119426,No,No,0.0147,0.3
O133004,No,Yes,0.4405,0.3
O128218,No,Yes,0.4335,0.3
O134324,No,Yes,0.529,0.3
O133397,No,No,0.1527,0.3
O106114,No,No,0.2005,0.3
O131940,No,Yes,0.5815,0.3
O101840,No,No,0.241,0.3
O102145,No,Yes,0.3208,0.3
O116593,No,No,0.2269,0.3
O124884,No,Yes,0.3029,0.3
O119432,No,No,0.1773,0.3
O121005,No,No,0.2407,0.3
O100913,No,Yes,0.3309,0.3
O124122,No,No,0.2806,0.3
O101136,No,No,0.1125,0.3
O114674,No,No,0.0233,0.3
O124180,No,No,0.2037,0.3
O130957,No,No,0.0218,0.3
O127694,No,No,0.2104,0.3
O129625,No,Yes,0.494,0.3
O130959,No,Yes,0.4262,0.3
O120375,No,Yes,0.3248,0.3
O104669,No,Yes,0.4206,0.3
O105032,Yes,Yes,0.3096,0.3
O134351,No,Yes,0.3063,0.3
O118875,No,No,0.248,0.3
O128433,No,No,0.1997,0.3
O111760,No,Yes,0.471,0.3
O115363,No,No,0.1645,0.3
O132716,No,No,0.1182,0.3
O108852,No,Yes,0.4301,0.3
O119032,No,No,0.131,0.3
O112374,No,No,0.242,0.3
O127838,No,Yes,0.3279,0.3
O117273,No,No,0.2935,0.3
O106263,No,No,0.2514,0.3
O105201,No,No,0.1964,0.3
O129376,No,No,0.1596,0.3
O103795,No,No,0.1974,0.3
O134413,No,Yes,0.4552,0.3
O111003,No,No,0.0183,0.3
O114257,No,Yes,0.3324,0.3
O110428,No,No,0.2892,0.3
O121249,No,Yes,0.4715,0.3
O110906,No,No,0.2571,0.3
O125308,Yes,Yes,0.3732,0.3
O112204,No,Yes,0.4768,0.3
O120693,No,Yes,0.3272,0.3
O121234,No,Yes,0.4741,0.3
O110986,No,Yes,0.3789,0.3
O107141,No,No,0.2544,0.3
O121236,No,No,0.1081,0.3
O119242,No,Yes,0.495,0.3
O109782,Yes,Yes,0.528,0.3
O129961,No,Yes,0.4674,0.3
O128497,No,Yes,0.3854,0.3
O131086,No,No,0.2561,0.3
O115895,No,No,0.2538,0.3
O116041,No,No,0.1628,0.3
O100752,No,Yes,0.4118,0.3
O123692,No,No,0.178,0.3
O120905,No,No,0.1387,0.3
O110522,No,No,0.0213,0.3
O114345,No,Yes,0.3415,0.3
O119476,No,Yes,0.676,0.3
O103956,No,Yes,0.4452,0.3
O100240,No,No,0.2734,0.3
O114882,No,No,0.2521,0.3
O106373,No,No,0.1938,0.3
O103906,Yes,Yes,0.4559,0.3
O119994,No,Yes,0.3322,0.3
O131129,No,No,0.2471,0.3
O107989,No,No,0.1963,0.3
O128013,No,Yes,0.5113,0.3
O120068,No,Yes,0.3158,0.3
O100157,No,No,0.1043,0.3
O104744,No,Yes,0.4449,0.3
O101589,No,No,0.2107,0.3
O105762,No,Yes,0.4604,0.3
O110494,No,Yes,0.3133,0.3
O117260,No,Yes,0.3391,0.3
O114283,No,No,0.2962,0.3
O116032,No,Yes,0.5812,0.3
O100304,No,Yes,0.3082,0.3
O101195,No,No,0.2979,0.3
O114400,No,No,0.096,0.3
O122878,No,No,0.1036,0.3
O114362,No,No,0.2546,0.3
O102489,No,Yes,0.3398,0.3
O105725,No,Yes,0.3667,0.3
O123138,No,Yes,0.3627,0.3
O125492,No,Yes,0.3209,0.3
O116516,No,Yes,0.3629,0.3
O124946,No,No,0.179,0.3
O110090,No,Yes,0.3623,0.3
O125518,No,No,0.293,0.3
O105838,No,No,0.2249,0.3
O112905,No,No,0.0902,0.3
O115861,No,No,0.0347,0.3
O123744,No,No,0.2207,0.3
O114536,No,No,0.1367,0.3
O112093,No,Yes,0.358,0.3
O108697,No,Yes,0.4729,0.3
O121161,No,Yes,0.3958,0.3
O133826,No,No,0.0354,0.3
O105051,No,Yes,0.6712,0.3
O101853,No,Yes,0.4175,0.3
O100194,No,No,0.1046,0.3
O118057,No,Yes,0.4758,0.3
O109185,No,No,0.1436,0.3
O134265,No,Yes,0.3058,0.3
O128547,Yes,Yes,0.3136,0.3
O126605,No,Yes,0.3202,0.3
O100279,No,Yes,0.3778,0.3
O111366,No,No,0.0318,0.3
O123948,No,Yes,0.3211,0.3
O118625,No,Yes,0.4003,0.3
O131804,No,Yes,0.634,0.3
O101703,No,No,0.173,0.3
O112217,No,No,0.1616,0.3
O120515,Yes,Yes,0.3016,0.3
O120964,No,No,0.2311,0.3
O110284,No,No,0.0835,0.3
O124511,No,No,0.277,0.3
O130080,No,No,0.1865,0.3
O117999,No,No,0.1128,0.3
O124448,Yes,Yes,0.3897,0.3
O132744,Yes,No,0.2534,0.3
O121315,No,No,0.1836,0.3
O108023,No,Yes,0.4539,0.3
O113911,No,Yes,0.4609,0.3
O112384,No,Yes,0.3578,0.3
O120240,No,No,0.2127,0.3
O121077,No,No,0.1419,0.3
O125446,No,Yes,0.3709,0.3
O100748,No,No,0.1913,0.3
O119874,No,Yes,0.3642,0.3
O130497,No,Yes,0.4509,0.3
O121819,No,No,0.2276,0.3
O111340,No,No,0.282,0.3
O122426,No,No,0.2504,0.3
O110825,No,No,0.0972,0.3
O120272,No,Yes,0.5274,0.3
O122669,No,Yes,0.4345,0.3
O125474,No,No,0.1027,0.3
O122683,No,No,0.2698,0.3
O103890,No,Yes,0.3334,0.3
O119230,No,No,0.2744,0.3
O121508,No,No,0.1757,0.3
O101402,No,Yes,0.5247,0.3
O127710,No,Yes,0.3181,0.3
O134141,No,No,0.0867,0.3
O122144,No,Yes,0.3979,0.3
O131064,No,Yes,0.6898,0.3
O118715,No,No,0.2294,0.3
O104640,No,No,0.1353,0.3
O133741,No,Yes,0.3883,0.3
O111202,No,Yes,0.3543,0.3
O119631,No,No,0.1696,0.3
O105095,No,No,0.2605,0.3
O131703,No,Yes,0.4851,0.3
O105381,No,No,0.1914,0.3
O122665,No,Yes,0.4982,0.3
O104696,No,Yes,0.3912,0.3
O123865,No,Yes,0.4067,0.3
O118191,No,No,0.2687,0.3
O109077,Yes,No,0.2422,0.3
O129127,No,No,0.1255,0.3
O121423,No,Yes,0.3797,0.3
O110396,No,Yes,0.3121,0.3
O114809,No,No,0.2448,0.3
O115683,No,Yes,0.3763,0.3
O129095,No,No,0.1182,0.3
O123819,No,No,0.2733,0.3
O125701,No,No,0.0825,0.3
O107586,No,No,0.0407,0.3
O109655,Yes,No,0.2872,0.3
O111930,No,Yes,0.4402,0.3
O104865,No,Yes,0.3664,0.3
O111893,No,Yes,0.4505,0.3
O129136,No,Yes,0.3795,0.3
O126259,No,No,0.1418,0.3
O118269,No,Yes,0.3007,0.3
O129231,No,No,0.0739,0.3
O125716,No,No,0.2931,0.3
O109033,No,No,0.1566,0.3
O112187,No,No,0.2398,0.3
O130104,No,No,0.2757,0.3
O115518,No,Yes,0.4402,0.3
O104188,No,No,0.0395,0.3
O114869,No,No,0.0173,0.3
O106230,Yes,Yes,0.3175,0.3
O100130,No,No,0.0115,0.3
O114051,No,Yes,0.6478,0.3
O126645,No,No,0.074,0.3
O123601,No,Yes,0.3231,0.3
O133317,No,Yes,0.3133,0.3
O118660,No,Yes,0.3498,0.3
O131640,No,No,0.2281,0.3
O112808,No,Yes,0.328,0.3
O111317,No,No,0.0102,0.3
O123981,No,Yes,0.5841,0.3
O107510,No,No,0.0602,0.3
O100387,No,No,0.2389,0.3
O108030,No,No,0.27,0.3
O113378,No,No,0.284,0.3
O128169,Yes,Yes,0.4416,0.3
O116083,No,No,0.194,0.3
O112306,Yes,Yes,0.3041,0.3
O125678,No,Yes,0.3306,0.3
O132016,No,No,0.169,0.3
O125943,No,No,0.0341,0.3
O119580,No,No,0.2216,0.3
O126940,No,Yes,0.4108,0.3
O111409,No,No,0.1786,0.3
O107186,No,No,0.2609,0.3
O107248,No,Yes,0.3681,0.3
O128211,No,Yes,0.4173,0.3
O124264,No,Yes,0.5234,0.3
O114581,No,No,0.1581,0.3
O115362,No,No,0.1999,0.3
O130895,No,Yes,0.4599,0.3
O120926,No,Yes,0.607,0.3
O133499,No,Yes,0.6143,0.3
O114615,No,Yes,0.3998,0.3
O132828,No,No,0.1222,0.3
O108142,No,Yes,0.451,0.3
O116321,No,Yes,0.3182,0.3
O113668,No,No,0.2182,0.3
O104801,No,Yes,0.3394,0.3
O118016,No,No,0.2143,0.3
O121136,No,Yes,0.3908,0.3
O126673,No,Yes,0.3731,0.3
O128270,No,No,0.2618,0.3
O107778,No,Yes,0.333,0.3
O129299,No,No,0.2966,0.3
O125932,No,No,0.1607,0.3
O116261,No,No,0.0171,0.3
O111293,No,Yes,0.4197,0.3
O105140,No,No,0.2544,0.3
O115009,No,Yes,0.3137,0.3
O115754,No,Yes,0.3712,0.3
O123922,No,No,0.1804,0.3
O107832,No,No,0.2271,0.3
O122625,No,No,0.2037,0.3
O126429,No,No,0.0987,0.3
O104989,No,No,0.0895,0.3
O117277,No,Yes,0.3791,0.3
O122298,No,Yes,0.3505,0.3
O122813,No,No,0.2739,0.3
O102856,No,Yes,0.3361,0.3
O109196,No,Yes,0.4677,0.3
O104459,No,No,0.1952,0.3
O124563,No,Yes,0.3411,0.3
O105848,No,Yes,0.504,0.3
O103626,No,Yes,0.3641,0.3
O106698,No,Yes,0.4064,0.3
O100919,No,Yes,0.3079,0.3
O109604,No,Yes,0.3196,0.3
O133477,No,Yes,0.3324,0.3
O120485,No,No,0.1595,0.3
O123073,No,Yes,0.4454,0.3
O127683,No,No,0.2668,0.3
O121279,No,No,0.1359,0.3
O123542,No,Yes,0.5029,0.3
O121484,No,No,0.1347,0.3
O130826,No,No,0.2831,0.3
O125694,No,No,0.1845,0.3
O102537,No,No,0.2906,0.3
O130067,No,Yes,0.5445,0.3
O116895,No,Yes,0.5297,0.3
O107229,No,No,0.2817,0.3
O100433,No,Yes,0.5065,0.3
O133353,Yes,Yes,0.498,0.3
O112150,No,Yes,0.3115,0.3
O129572,No,Yes,0.5336,0.3
O117911,No,No,0.1827,0.3
O130890,No,No,0.1639,0.3
O125726,No,Yes,0.3216,0.3
O114709,No,Yes,0.5245,0.3
O117627,No,Yes,0.3632,0.3
O123359,No,Yes,0.4648,0.3
O115245,Yes,Yes,0.4407,0.3
O102741,No,No,0.2896,0.3
O133672,No,Yes,0.4673,0.3
O124860,No,Yes,0.335,0.3
O129415,No,No,0.1682,0.3
O112801,No,Yes,0.4549,0.3
O108875,No,No,0.1808,0.3
O106916,No,No,0.2149,0.3
O107903,No,No,0.1903,0.3
O133041,No,Yes,0.3527,0.3
O126805,No,Yes,0.3836,0.3
O105331,No,Yes,0.3302,0.3
O124556,No,No,0.2052,0.3
O113983,No,No,0.2582,0.3
O133571,No,Yes,0.602,0.3
O128623,No,No,0.0755,0.3
O100696,No,Yes,0.4033,0.3
O110110,No,No,0.0869,0.3
O107457,No,No,0.2969,0.3
O126819,No,No,0.1261,0.3
O114385,No,Yes,0.5809,0.3
O107130,No,Yes,0.3601,0.3
O120211,No,No,0.0748,0.3
O102984,No,Yes,0.4733,0.3
O117542,No,No,0.1567,0.3
O110973,No,No,0.2699,0.3
O125478,No,Yes,0.3477,0.3
O119075,No,Yes,0.412,0.3
O107169,No,Yes,0.4439,0.3
O119711,No,Yes,0.3674,0.3
O120605,No,Yes,0.4458,0.3
O100597,No,No,0.1208,0.3
O133892,No,Yes,0.5224,0.3
O125371,No,No,0.2518,0.3
O113591,No,Yes,0.5656,0.3
O100757,No,Yes,0.4567,0.3
O123530,No,No,0.1145,0.3
O106459,No,Yes,0.5826,0.3
O125352,No,No,0.1136,0.3
O126592,No,Yes,0.3812,0.3
O122230,No,Yes,0.3605,0.3
O104381,No,Yes,0.474,0.3
O129969,No,Yes,0.4162,0.3
O116918,No,No,0.1338,0.3
O108255,No,Yes,0.4715,0.3
O118268,No,No,0.2011,0.3
O117679,No,Yes,0.384,0.3
O114831,No,Yes,0.7242,0.3
O115218,No,Yes,0.4935,0.3
O130061,No,Yes,0.3533,0.3
O107270,No,No,0.0607,0.3
O103010,No,Yes,0.4104,0.3
O117649,No,No,0.2056,0.3
O121836,No,Yes,0.5596,0.3
O126431,No,Yes,0.3449,0.3
O110935,No,No,0.1613,0.3
O128513,No,No,0.084,0.3
O124209,No,Yes,0.4475,0.3
O101618,No,Yes,0.5454,0.3
O132026,No,Yes,0.6478,0.3
O107320,No,No,0.2478,0.3
O133051,No,No,0.2536,0.3
O121597,No,No,0.154,0.3
O122776,No,Yes,0.4189,0.3
O134415,Yes,No,0.1726,0.3
O130025,No,No,0.2264,0.3
O132797,No,Yes,0.3089,0.3
O102743,No,Yes,0.3607,0.3
O113020,No,Yes,0.4363,0.3
O101328,No,No,0.1978,0.3
O132793,No,No,0.0436,0.3
O127915,No,No,0.1619,0.3
O118935,Yes,No,0.2554,0.3
O100143,No,No,0.2063,0.3
O104510,No,No,0.1183,0.3
O130370,No,No,0.2184,0.3
O122984,No,No,0.0581,0.3
O115634,No,Yes,0.4187,0.3
O109710,No,No,0.252,0.3
O106000,No,Yes,0.3092,0.3
O105059,No,Yes,0.3738,0.3
O120927,No,No,0.2259,0.3
O121986,No,No,0.2525,0.3
O111534,No,No,0.163,0.3
O126696,No,Yes,0.3288,0.3
O124134,No,Yes,0.3594,0.3
O117307,No,No,0.1925,0.3
O102439,No,No,0.1566,0.3
O103876,No,No,0.1021,0.3
O124621,No,Yes,0.5364,0.3
O120012,No,No,0.2549,0.3
O123756,No,Yes,0.5394,0.3
O111052,No,Yes,0.3067,0.3
O117521,No,No,0.1254,0.3
O134246,No,Yes,0.5381,0.3
O110173,No,Yes,0.4334,0.3
O109838,No,Yes,0.5977,0.3
O134410,No,No,0.143,0.3
O106418,No,No,0.2882,0.3
O114692,No,No,0.1563,0.3
O120670,No,Yes,0.4667,0.3
O115331,No,Yes,0.5487,0.3
O134224,No,No,0.0798,0.3
O130656,No,Yes,0.5904,0.3
O102049,No,No,0.2292,0.3
O115359,No,Yes,0.504,0.3
O129382,No,No,0.2935,0.3
O112728,No,No,0.2694,0.3
O118334,No,No,0.0606,0.3
O118645,No,No,0.2112,0.3
O126390,No,Yes,0.4339,0.3
O127393,No,No,0.2281,0.3
O107670,No,Yes,0.5549,0.3
O109492,No,No,0.1371,0.3
O109821,No,Yes,0.5323,0.3
O112138,No,Yes,0.5723,0.3
O133814,No,Yes,0.3157,0.3
O107613,No,Yes,0.393,0.3
O103737,No,Yes,0.3707,0.3
O114898,No,No,0.2308,0.3
O105777,No,No,0.2833,0.3
O130725,No,No,0.0813,0.3
O124769,No,No,0.261,0.3
O100599,No,No,0.2258,0.3
O134085,No,Yes,0.528,0.3
O101251,No,Yes,0.3217,0.3
O119078,No,Yes,0.3144,0.3
O115814,No,No,0.1025,0.3
O113824,No,No,0.1022,0.3
O107572,No,No,0.1866,0.3
O106709,No,No,0.1863,0.3
O115635,No,Yes,0.4867,0.3
O130887,No,No,0.0361,0.3
O124642,No,No,0.0592,0.3
O101190,No,No,0.267,0.3
O102547,No,Yes,0.5994,0.3
O117259,No,No,0.0427,0.3
O121846,No,No,0.1542,0.3
O134137,No,Yes,0.3885,0.3
O128487,No,No,0.1066,0.3
O112683,No,No,0.2085,0.3
O118730,No,No,0.0617,0.3
O126551,No,No,0.1161,0.3
O125760,No,Yes,0.5641,0.3
O124345,No,Yes,0.4148,0.3
O128467,No,Yes,0.6278,0.3
O124641,No,No,0.184,0.3
O134299,No,Yes,0.3242,0.3
O130031,No,No,0.0321,0.3
O118763,No,No,0.2692,0.3
O103193,No,Yes,0.3064,0.3
O131793,Yes,Yes,0.4106,0.3
O121863,No,Yes,0.5425,0.3
O129063,No,No,0.2233,0.3
O107974,No,Yes,0.3028,0.3
O120676,No,No,0.2799,0.3
O114668,Yes,Yes,0.4547,0.3
O123229,No,No,0.1625,0.3
O125964,No,No,0.2694,0.3
O121701,No,No,0.1993,0.3
O100595,No,No,0.0063,0.3
O105904,No,Yes,0.4416,0.3
O130179,No,No,0.195,0.3
O119157,No,No,0.1251,0.3
O131287,No,Yes,0.3892,0.3
O127923,No,Yes,0.4732,0.3
O119618,No,No,0.2057,0.3
O105257,No,No,0.1807,0.3
O120343,No,Yes,0.3101,0.3
O107892,No,Yes,0.313,0.3
O125958,No,No,0.1987,0.3
O133536,No,Yes,0.4238,0.3
O122054,No,No,0.1538,0.3
O112933,No,No,0.1593,0.3
O129396,No,No,0.2414,0.3
O122790,No,Yes,0.7541,0.3
O130846,No,Yes,0.4684,0.3
O120737,No,No,0.272,0.3
O125952,No,No,0.2848,0.3
O123697,No,Yes,0.3396,0.3
O105018,No,No,0.0943,0.3
O124953,No,Yes,0.4713,0.3
O121246,No,No,0.0195,0.3
O106220,No,No,0.2164,0.3
O121011,No,Yes,0.3923,0.3
O118817,No,No,0.2833,0.3
O126870,No,Yes,0.4609,0.3
O124690,No,No,0.181,0.3
O119471,No,Yes,0.3487,0.3
O114771,No,Yes,0.4353,0.3
O134059,No,Yes,0.4589,0.3
O128263,No,No,0.0668,0.3
O132964,No,Yes,0.3539,0.3
O125896,No,Yes,0.3836,0.3
O103421,No,No,0.2025,0.3
O123175,No,No,0.2338,0.3
O111600,No,Yes,0.5309,0.3
O128753,No,Yes,0.3403,0.3
O115439,No,No,0.1831,0.3
O130326,Yes,Yes,0.4175,0.3
O134422,No,Yes,0.4023,0.3
O122078,No,Yes,0.5159,0.3
O109339,No,No,0.0513,0.3
O123771,No,No,0.2477,0.3
O100427,Yes,No,0.1763,0.3
O123739,No,Yes,0.313,0.3
O127116,No,No,0.1921,0.3
O100166,No,No,0.16,0.3
O130143,No,No,0.0138,0.3
O102526,No,Yes,0.5386,0.3
O113327,No,No,0.1135,0.3
O117578,No,No,0.2503,0.3
O107652,No,No,0.1872,0.3
O100929,No,No,0.2582,0.3
O120175,No,Yes,0.3545,0.3
O104414,No,No,0.1846,0.3
O126035,No,No,0.1694,0.3
O122254,No,Yes,0.5648,0.3
O129532,Yes,Yes,0.4532,0.3
O106631,No,No,0.1954,0.3
O125482,No,Yes,0.3038,0.3
O113262,Yes,No,0.2931,0.3
O101270,No,Yes,0.4057,0.3
O106568,No,No,0.2932,0.3
O131925,No,No,0.2333,0.3
O132470,No,No,0.2248,0.3
O100108,No,Yes,0.3801,0.3
O113800,No,Yes,0.4815,0.3
O112439,No,Yes,0.3026,0.3
O109282,No,No,0.1585,0.3
O105212,No,No,0.1867,0.3
O128537,No,No,0.2858,0.3
O133286,No,No,0.2992,0.3
O108509,No,Yes,0.3257,0.3
O127013,No,Yes,0.4449,0.3
O104176,No,Yes,0.5542,0.3
O116668,No,Yes,0.5817,0.3
O120144,Yes,No,0.158,0.3
O133306,No,No,0.1403,0.3
O124650,No,No,0.0992,0.3
O133708,No,No,0.1999,0.3
O114710,No,Yes,0.3162,0.3
O106311,No,Yes,0.3372,0.3
O100967,No,No,0.1283,0.3
O121860,No,Yes,0.4021,0.3
O106538,No,No,0.242,0.3
O123042,Yes,Yes,0.3281,0.3
O131204,No,No,0.0431,0.3
O133927,No,No,0.0832,0.3
O100312,No,No,0.0821,0.3
O134175,No,Yes,0.473,0.3
O102466,No,No,0.1488,0.3
O114228,No,No,0.1759,0.3
O114275,No,Yes,0.3731,0.3
O114839,No,Yes,0.3659,0.3
O111701,No,Yes,0.4301,0.3
O113766,No,Yes,0.3746,0.3
O118010,No,No,0.2322,0.3
O104909,No,Yes,0.5288,0.3
O117081,Yes,No,0.2823,0.3
O120723,No,Yes,0.3155,0.3
O114555,No,No,0.2993,0.3
O122796,No,No,0.1792,0.3
O123874,No,No,0.2081,0.3
O109039,No,Yes,0.472,0.3
O122161,No,Yes,0.3465,0.3
O129648,No,Yes,0.3646,0.3
O102264,No,No,0.248,0.3
O119731,No,No,0.2997,0.3
O132940,No,Yes,0.4311,0.3
O116782,No,No,0.0201,0.3
O116160,No,No,0.0331,0.3
O116982,No,No,0.1683,0.3
O120275,No,No,0.203,0.3
O110884,No,No,0.0142,0.3
O107632,Yes,Yes,0.5238,0.3
O107322,No,Yes,0.3446,0.3
O101859,No,Yes,0.3574,0.3
O120179,No,Yes,0.4117,0.3
O120454,No,No,0.0547,0.3
O134409,No,No,0.152,0.3
O134156,No,Yes,0.3429,0.3
O110509,No,Yes,0.5,0.3
O125590,No,No,0.2372,0.3
O119940,No,Yes,0.4862,0.3
O127510,No,No,0.1801,0.3
O104344,No,No,0.2214,0.3
O126792,No,Yes,0.4879,0.3
O104753,No,No,0.0806,0.3
O130180,No,Yes,0.3089,0.3
O115063,No,No,0.2638,0.3
O130226,No,No,0.0737,0.3
O104002,No,No,0.2733,0.3
O129547,No,No,0.0578,0.3
O129467,No,No,0.198,0.3
O115854,Yes,No,0.2417,0.3
O127740,No,No,0.1592,0.3
O102793,No,No,0.2098,0.3
O119416,No,Yes,0.3215,0.3
O128026,No,Yes,0.3418,0.3
O100896,No,Yes,0.4536,0.3
O110619,No,No,0.0673,0.3
O124368,No,No,0.0921,0.3
O126574,No,Yes,0.3532,0.3
O131605,No,No,0.2539,0.3
O117668,No,No,0.1524,0.3
O104975,No,No,0.2651,0.3
O108256,Yes,Yes,0.3104,0.3
O104216,No,No,0.2317,0.3
O128384,No,Yes,0.3104,0.3
O130714,No,Yes,0.4392,0.3
O126361,No,Yes,0.3965,0.3
O121274,No,Yes,0.3387,0.3
O114889,Yes,No,0.2143,0.3
O126043,No,No,0.2442,0.3
O124471,No,No,0.2739,0.3
O117851,No,No,0.1091,0.3
O103039,No,No,0.1318,0.3
O120529,No,Yes,0.3743,0.3
O124679,No,Yes,0.4049,0.3
O111874,No,No,0.272,0.3
O101838,No,Yes,0.4178,0.3
O103959,No,Yes,0.5246,0.3
O124332,No,No,0.2043,0.3
O123333,No,Yes,0.5505,0.3
O131036,No,Yes,0.4117,0.3
O108674,No,No,0.0259,0.3
O128378,No,Yes,0.3079,0.3
O126620,No,No,0.0306,0.3
O110728,No,No,0.2733,0.3
O104612,No,Yes,0.6359,0.3
O101590,No,No,0.2667,0.3
O101050,No,No,0.2318,0.3
O123994,Yes,Yes,0.4782,0.3
O119294,No,Yes,0.6558,0.3
O116466,No,Yes,0.4252,0.3
O107442,No,No,0.039,0.3
O129352,No,No,0.0182,0.3
O117711,No,Yes,0.4408,0.3
O102600,No,No,0.2149,0.3
O119381,No,Yes,0.6386,0.3
O123288,No,No,0.087,0.3
O105741,No,No,0.0186,0.3
O118232,No,Yes,0.4582,0.3
O114254,No,No,0.2413,0.3
O132107,No,Yes,0.4952,0.3
O121175,No,Yes,0.3313,0.3
O102997,No,No,0.0658,0.3
O117290,No,No,0.0812,0.3
O124887,No,No,0.2604,0.3
O112278,No,No,0.1967,0.3
O134057,No,No,0.1728,0.3
O119955,No,No,0.2665,0.3
O108553,No,No,0.202,0.3
O113957,No,No,0.2709,0.3
O121306,No,No,0.0439,0.3
O110135,No,Yes,0.5596,0.3
O102265,No,Yes,0.6107,0.3
O100577,No,Yes,0.4,0.3
O126980,No,No,0.2174,0.3
O129721,No,Yes,0.4106,0.3
O121886,No,No,0.0307,0.3
O128475,No,No,0.1751,0.3
O118738,No,No,0.1438,0.3
O123487,No,Yes,0.4217,0.3
O114274,Yes,No,0.2048,0.3
O108936,No,No,0.1861,0.3
O127746,Yes,No,0.1807,0.3
O133665,No,No,0.1486,0.3
O110846,No,No,0.2668,0.3
O105975,No,No,0.2675,0.3
O122406,No,Yes,0.4718,0.3
O117889,No,No,0.1113,0.3
O106696,No,No,0.296,0.3
O118069,No,No,0.0818,0.3
O101028,No,Yes,0.3201,0.3
O128116,No,No,0.0475,0.3
O107473,No,No,0.0725,0.3
O118679,No,Yes,0.4024,0.3
O105150,No,Yes,0.4637,0.3
O116931,No,Yes,0.3423,0.3
O107956,No,No,0.0238,0.3
O107002,No,No,0.2614,0.3
O111873,No,Yes,0.3176,0.3
O117949,No,No,0.1689,0.3
O109714,No,Yes,0.4977,0.3
O110571,No,No,0.0364,0.3
O133160,No,Yes,0.4355,0.3
O117063,No,Yes,0.4041,0.3
O106360,No,Yes,0.4441,0.3
O101610,No,Yes,0.338,0.3
O120969,No,No,0.1688,0.3
O123197,No,Yes,0.3339,0.3
O131627,No,Yes,0.3442,0.3
O130457,No,No,0.06,0.3
O131015,No,No,0.053,0.3
O101842,No,No,0.2995,0.3
O134427,No,Yes,0.4299,0.3
O123450,No,Yes,0.302,0.3
O100812,No,Yes,0.3246,0.3
O103249,No,No,0.2475,0.3
O123706,No,No,0.2149,0.3
O103854,No,No,0.2652,0.3
O107176,No,Yes,0.3221,0.3
O131756,No,Yes,0.3879,0.3
O127008,No,No,0.296,0.3
O110275,No,No,0.2704,0.3
O126993,No,No,0.2808,0.3
O133370,No,Yes,0.3196,0.3
O102610,No,Yes,0.3517,0.3
O117315,No,No,0.245,0.3
O125473,No,No,0.2,0.3
O123311,No,Yes,0.3944,0.3
O102228,No,No,0.2972,0.3
O118838,No,No,0.193,0.3
O120975,No,Yes,0.3924,0.3
O102003,No,Yes,0.3337,0.3
O104763,No,No,0.1756,0.3
O102922,No,No,0.2,0.3
O128569,No,No,0.1401,0.3
O113760,No,Yes,0.4011,0.3
O102129,No,No,0.214,0.3
O130511,No,Yes,0.4632,0.3
O121989,No,No,0.2401,0.3
O124056,No,Yes,0.4206,0.3
O107609,No,No,0.223,0.3
O130848,No,Yes,0.3237,0.3
O124893,No,Yes,0.3942,0.3
O133095,No,No,0.0705,0.3
O123933,No,Yes,0.5615,0.3
O112356,No,No,0.0435,0.3
O101107,No,Yes,0.3324,0.3
O124519,No,Yes,0.486,0.3
O128077,No,No,0.2152,0.3
O102481,No,Yes,0.3589,0.3
O114810,No,No,0.259,0.3
O107257,No,Yes,0.3995,0.3
O117201,No,No,0.2326,0.3
O120233,No,No,0.0077,0.3
O133642,No,Yes,0.7502,0.3
O131155,No,Yes,0.5107,0.3
O113647,No,No,0.2248,0.3
O117041,No,No,0.1984,0.3
O126743,No,Yes,0.4774,0.3
O134149,No,Yes,0.3194,0.3
O116872,No,No,0.0719,0.3
O133954,No,Yes,0.579,0.3
O129309,No,No,0.2019,0.3
O106345,No,Yes,0.4035,0.3
O129526,No,No,0.2507,0.3
O125348,No,No,0.031,0.3
O110673,No,No,0.04,0.3
O111979,No,Yes,0.4291,0.3
O129719,No,No,0.04,0.3
O132223,No,Yes,0.401,0.3
O132886,No,No,0.0215,0.3
O133651,No,Yes,0.3868,0.3
O115447,No,Yes,0.4421,0.3
O102182,No,No,0.1807,0.3
O115995,No,Yes,0.4773,0.3
O106484,No,Yes,0.3802,0.3
O119280,No,No,0.1458,0.3
O101506,Yes,No,0.246,0.3
O131992,No,No,0.2228,0.3
O121415,No,No,0.077,0.3
O108263,No,Yes,0.5663,0.3
O123499,No,No,0.1665,0.3
O126486,No,Yes,0.3069,0.3
O127664,No,No,0.1551,0.3
