order_id,actual_returned,predicted_returned,return_risk_score
O107805,No,No,0.3841
O109135,No,No,0.317
O107664,No,No,0.3486
O125224,Yes,No,0.3852
O108473,No,No,0.2603
O123070,No,No,0.4134
O131481,No,No,0.0213
O133201,No,No,0.2966
O129183,No,Yes,0.5442
O123063,No,No,0.3893
O124751,Yes,No,0.3649
O132952,No,No,0.2279
O134374,No,No,0.3146
O112339,No,No,0.2618
O111865,No,No,0.2514
O124951,No,No,0.2033
O100206,No,No,0.0426
O112246,No,No,0.2105
O108119,No,No,0.4967
O124935,No,Yes,0.5316
O120692,No,No,0.2974
O104674,No,No,0.3967
O111203,No,No,0.273
O122342,No,No,0.3548
O113337,No,No,0.3054
O102649,No,No,0.1856
O125681,No,No,0.3421
O125300,No,No,0.2942
O130383,No,No,0.25
O122176,No,No,0.3291
O114761,Yes,No,0.3102
O118421,No,No,0.3713
O104225,No,No,0.1286
O122181,No,No,0.4358
O121054,No,No,0.4217
O106047,No,No,0.2541
O110330,No,No,0.4128
O132352,No,No,0.2647
O129325,No,No,0.3044
O120220,No,No,0.2939
O113123,No,No,0.0999
O104363,Yes,No,0.3219
O114688,No,No,0.3371
O109277,No,No,0.3551
O104895,No,No,0.3551
O115282,No,No,0.386
O103930,No,No,0.4138
O107712,Yes,No,0.2385
O121385,No,No,0.1918
O107082,No,No,0.2754
O127366,No,No,0.2551
O103063,No,No,0.4952
O118371,Yes,No,0.3716
O122350,No,No,0.0735
O108049,No,No,0.3313
O117459,No,No,0.3127
O120793,No,No,0.2056
O123650,No,Yes,0.5184
O121777,No,No,0.311
O104824,No,No,0.1665
O114793,No,No,0.1042
O104467,No,Yes,0.5348
O110696,No,No,0.3567
O103310,No,No,0.484
O112996,Yes,No,0.2448
O106917,No,No,0.2539
O107747,No,No,0.1999
O133903,No,No,0.3448
O104983,No,No,0.3839
O131146,No,No,0.2157
O104959,Yes,No,0.4546
O125899,No,No,0.2017
O133233,No,Yes,0.5063
O117213,No,No,0.1909
O100241,No,No,0.4358
O110452,No,No,0.2623
O122876,No,No,0.4723
O128650,No,No,0.095
O127315,No,No,0.1426
O131026,No,No,0.3421
O108777,No,No,0.4654
O103569,Yes,No,0.3003
O101146,No,No,0.0283
O121286,No,Yes,0.591
O125633,No,No,0.4403
O106160,No,No,0.3043
O134073,No,No,0.4234
O133246,No,Yes,0.5041
O101745,No,No,0.2661
O114927,No,No,0.3159
O111781,No,No,0.2304
O107003,No,No,0.3098
O119320,No,No,0.2554
O124350,No,No,0.4406
O111213,No,No,0.3005
O103632,No,Yes,0.5065
O118642,No,No,0.2915
O104704,No,No,0.2583
O112629,No,No,0.4118
O132425,No,No,0.2299
O111777,No,No,0.1092
O104023,No,No,0.4546
O105593,No,No,0.2337
O112740,No,No,0.1986
O101700,No,No,0.0751
O120253,No,No,0.2334
O102465,No,No,0.428
O111271,No,No,0.3623
O118546,No,No,0.2691
O125399,No,No,0.3663
O126000,No,No,0.2499
O124412,No,No,0.2746
O120556,No,No,0.1677
O102676,No,No,0.1415
O123342,No,No,0.3323
O126544,No,No,0.2733
O126027,No,No,0.4104
O133273,No,No,0.3591
O107144,No,No,0.4089
O129114,No,No,0.323
O132868,No,No,0.1863
O106678,No,No,0.2981
O101343,No,No,0.1634
O108618,No,No,0.2706
O112956,No,No,0.0898
O125663,No,No,0.4666
O106268,No,No,0.3972
O128651,No,No,0.4773
O127875,No,No,0.4156
O108438,No,No,0.0772
O134228,No,No,0.3103
O103114,No,No,0.333
O108815,No,Yes,0.5207
O101135,No,No,0.1925
O112861,No,No,0.4545
O131802,No,No,0.2621
O100211,No,No,0.2115
O130294,No,Yes,0.6199
O103716,No,No,0.3342
O117867,No,No,0.4521
O105787,No,No,0.4846
O115091,No,No,0.3327
O102208,No,No,0.1576
O100403,No,No,0.1415
O107577,No,No,0.2016
O127208,No,No,0.3291
O113636,No,No,0.1736
O124366,No,No,0.3015
O110311,No,No,0.2701
O128298,No,No,0.148
O131007,No,No,0.3014
O110795,No,No,0.233
O118121,No,No,0.1394
O108684,No,No,0.3318
O110957,No,No,0.3127
O113781,No,No,0.3249
O129779,No,No,0.3155
O109264,No,No,0.4007
O112578,No,No,0.369
O121033,No,No,0.3195
O130217,No,No,0.2781
O120539,No,No,0.3868
O108141,Yes,No,0.2488
O116293,No,No,0.2971
O123827,No,No,0.3256
O133548,No,No,0.3793
O129644,No,No,0.2903
O127620,No,No,0.1592
O109372,No,No,0.2144
O121665,Yes,No,0.308
O128819,No,No,0.1961
O122006,No,No,0.1336
O122817,No,No,0.4325
O128100,No,No,0.0852
O110287,No,No,0.2083
O106017,No,No,0.2734
O125081,No,Yes,0.6012
O109735,No,No,0.2945
O121337,No,No,0.1343
O115556,No,No,0.4155
O100198,No,No,0.2608
O123646,No,No,0.3255
O123338,No,No,0.4921
O131877,No,No,0.0781
O123971,No,No,0.2729
O117386,No,No,0.3024
O107809,No,No,0.2866
O125105,No,No,0.0408
O132276,Yes,No,0.2503
O104958,No,No,0.0721
O113214,Yes,No,0.4925
O112224,No,No,0.2443
O120728,No,No,0.2189
O107888,No,No,0.1761
O122008,No,No,0.4358
O112213,No,No,0.064
O111653,No,No,0.2289
O133440,No,No,0.2666
O129482,No,No,0.2363
O108784,No,No,0.1592
O105458,No,Yes,0.6398
O105718,No,No,0.2685
O132040,No,No,0.3106
O113884,No,No,0.2851
O114899,No,No,0.1062
O103734,No,No,0.4138
O106784,No,No,0.3447
O116883,No,No,0.0599
O133038,No,No,0.1653
O121370,No,No,0.3309
O119310,No,No,0.3565
O103171,No,No,0.4724
O109232,No,No,0.298
O102215,No,No,0.2539
O133439,Yes,No,0.2757
O131053,Yes,No,0.2187
O110672,Yes,No,0.4906
O124446,No,No,0.4354
O123202,No,No,0.3381
O103490,No,No,0.2619
O130491,No,No,0.2636
O106750,No,No,0.3196
O100528,No,No,0.0867
O102574,Yes,No,0.2951
O129380,No,Yes,0.5435
O119152,No,No,0.2787
O114852,No,No,0.3558
O103001,No,No,0.3416
O123265,No,No,0.3951
O104296,No,No,0.3899
O115181,No,No,0.226
O124352,No,No,0.0774
O103936,No,No,0.2122
O120717,No,No,0.2925
O101400,No,No,0.0463
O106124,No,No,0.219
O117305,No,No,0.4193
O130020,No,No,0.2675
O106034,No,No,0.4004
O123718,No,No,0.3644
O105067,No,No,0.1499
O121596,No,No,0.2299
O126681,No,Yes,0.5236
O113413,No,Yes,0.5502
O115184,No,No,0.0761
O114005,No,No,0.4636
O103614,No,No,0.2337
O129246,No,No,0.4164
O105101,No,No,0.3824
O108405,No,No,0.2991
O106840,Yes,No,0.3473
O103628,No,No,0.1964
O116192,No,No,0.4745
O117232,No,No,0.4334
O122500,No,No,0.3027
O122334,Yes,No,0.3846
O107387,No,No,0.2678
O119409,No,No,0.2714
O101357,No,No,0.2379
O125013,No,No,0.2471
O131839,No,No,0.3892
O109864,No,No,0.4558
O113719,No,No,0.3098
O134229,No,No,0.4782
O133079,No,No,0.0283
O102944,No,No,0.3869
O118295,No,No,0.1717
O116704,No,No,0.1501
O126449,No,No,0.3424
O100957,No,No,0.4122
O131559,No,No,0.3011
O132164,No,No,0.3757
O133544,No,No,0.2815
O129650,No,No,0.3147
O125109,No,No,0.3445
O124559,No,No,0.3057
O109192,No,Yes,0.5588
O124861,No,No,0.1087
O128287,No,No,0.3242
O107829,No,No,0.0559
O127382,No,No,0.1559
O116582,No,No,0.3746
O130114,No,No,0.2305
O105960,No,No,0.1507
O104433,No,Yes,0.5629
O101208,No,No,0.0976
O122807,No,No,0.2553
O105213,No,No,0.0277
O114023,No,No,0.408
O131826,No,No,0.1107
O103919,No,No,0.3387
O118754,No,No,0.2921
O126992,No,No,0.3143
O116046,No,No,0.2526
O124191,No,Yes,0.5799
O125266,No,No,0.418
O100815,No,No,0.334
O115954,Yes,No,0.2636
O103966,Yes,No,0.3762
O120093,No,No,0.4361
O124326,No,No,0.4435
O107601,No,No,0.2897
O123051,No,No,0.153
O125185,No,No,0.2771
O121474,No,No,0.139
O106430,No,No,0.3657
O119689,No,Yes,0.5608
O133960,No,Yes,0.5167
O132995,No,No,0.3199
O134009,No,No,0.3345
O127813,No,No,0.4363
O115210,No,No,0.2499
O120140,No,Yes,0.5218
O107504,No,No,0.1046
O125531,No,No,0.2461
O112989,No,No,0.081
O123909,No,No,0.3204
O107360,No,No,0.3862
O108960,No,No,0.2394
O127369,No,No,0.2448
O127670,No,No,0.4186
O121032,No,No,0.0627
O124906,No,No,0.3548
O103388,No,No,0.4737
O129222,No,No,0.3191
O134036,No,No,0.1303
O110378,No,No,0.2984
O131901,No,No,0.3343
O117614,No,No,0.0904
O123351,Yes,No,0.3986
O101968,No,No,0.3189
O106358,No,No,0.3185
O123944,No,Yes,0.5839
O107350,No,No,0.2689
O132591,No,No,0.1035
O112226,Yes,No,0.481
O129383,No,No,0.2822
O133930,No,No,0.3219
O123722,No,No,0.4323
O109999,No,No,0.3821
O105946,Yes,No,0.4089
O127080,No,No,0.4015
O110918,No,No,0.4783
O105968,No,No,0.2173
O104352,No,No,0.1868
O127969,No,No,0.4445
O126641,No,No,0.1629
O130974,No,No,0.3868
O110049,No,No,0.3888
O119670,No,No,0.1981
O133750,No,No,0.2586
O128479,No,No,0.2542
O109169,No,Yes,0.5461
O125339,No,No,0.2276
O129565,Yes,No,0.2469
O115158,No,No,0.2231
O109514,No,No,0.3794
O116627,No,No,0.3315
O120393,Yes,Yes,0.5059
O100960,No,No,0.3129
O124864,No,No,0.1779
O121534,No,No,0.3712
O109791,No,No,0.3383
O105800,No,No,0.3088
O111660,No,No,0.3797
O117417,No,Yes,0.5215
O127822,No,No,0.3167
O133673,No,No,0.2643
O133837,No,No,0.1572
O118023,No,No,0.2892
O102596,No,No,0.1816
O124786,No,No,0.2872
O127642,No,No,0.2729
O113566,No,No,0.3751
O129214,No,No,0.257
O122241,No,No,0.2121
O134455,No,No,0.168
O123584,No,No,0.2921
O120257,Yes,No,0.3748
O107011,No,Yes,0.6319
O123256,No,No,0.2062
O131700,No,No,0.3428
O130790,No,No,0.2919
O119764,No,No,0.057
O108782,No,No,0.465
O115701,No,No,0.2656
O106050,No,No,0.274
O120192,No,No,0.388
O131462,Yes,No,0.3877
O118217,No,No,0.4094
O121565,No,No,0.3594
O112462,No,No,0.3343
O112564,No,No,0.372
O102247,No,No,0.4169
O113952,No,No,0.1144
O133976,No,No,0.3127
O111029,No,No,0.2675
O131861,No,No,0.184
O106132,No,No,0.4645
O101425,No,No,0.2507
O108238,No,No,0.3618
O120430,No,No,0.2518
O115003,No,Yes,0.5312
O122079,No,No,0.1875
O132575,No,No,0.2407
O133431,No,No,0.2256
O119510,Yes,No,0.2646
O129226,No,No,0.4473
O116221,No,No,0.4294
O102076,No,No,0.4525
O106761,No,No,0.3038
O123633,No,No,0.1673
O131266,No,No,0.3916
O134069,No,No,0.2498
O128874,No,No,0.2812
O113375,No,No,0.3666
O100244,No,No,0.2691
O103156,No,No,0.335
O116519,No,Yes,0.5071
O128695,No,No,0.4346
O127643,No,No,0.0245
O100453,No,No,0.4172
O132934,No,No,0.3428
O107667,No,No,0.3068
O121624,No,No,0.4831
O100232,No,No,0.3793
O102241,No,No,0.2028
O129622,No,No,0.2562
O108585,Yes,Yes,0.5241
O125500,No,Yes,0.5536
O104390,No,No,0.3551
O114624,No,No,0.2951
O116589,No,No,0.1694
O133529,No,No,0.0965
O101873,No,No,0.1554
O117312,No,No,0.3542
O130280,No,No,0.1874
O126160,Yes,No,0.2321
O110240,No,No,0.3093
O110467,No,No,0.248
O130316,No,No,0.2301
O133701,No,No,0.2306
O111469,No,Yes,0.5131
O107542,No,No,0.0771
O112097,No,No,0.1101
O104028,No,No,0.2475
O125202,No,No,0.1879
O116069,No,No,0.3461
O100502,No,No,0.2933
O118398,No,No,0.3582
O117095,No,No,0.2622
O129340,No,No,0.2266
O128827,No,No,0.3584
O101663,No,No,0.1825
O105573,No,No,0.306
O101813,No,No,0.3165
O116944,No,No,0.3871
O106370,No,No,0.3435
O125220,No,No,0.162
O112714,No,No,0.3274
O116649,No,No,0.2694
O101225,No,No,0.4508
O134146,No,No,0.4252
O134444,No,No,0.4303
O105057,No,No,0.1606
O132191,No,No,0.2464
O131463,No,Yes,0.5394
O125159,No,No,0.1522
O134018,No,No,0.2812
O128706,No,No,0.432
O125296,No,No,0.2273
O113648,No,No,0.3286
O125786,No,No,0.3713
O132456,No,No,0.1378
O107642,No,Yes,0.522
O122337,No,No,0.2259
O134495,No,No,0.4739
O119727,No,No,0.3414
O114143,No,No,0.2864
O122556,No,No,0.0568
O111349,No,No,0.0659
O113687,No,No,0.4155
O100961,No,No,0.3607
O121827,No,No,0.3633
O130402,No,No,0.3689
O124959,No,No,0.2572
O107546,No,No,0.2921
O122543,No,No,0.1924
O115467,No,No,0.1958
O131138,No,No,0.36
O108717,No,No,0.3224
O103341,No,No,0.3468
O104192,No,No,0.1699
O114458,No,No,0.4595
O109706,No,No,0.2155
O113569,No,No,0.3158
O133880,No,No,0.3922
O112640,No,No,0.3964
O100624,No,No,0.4143
O133391,No,No,0.255
O125031,No,No,0.3607
O114338,No,Yes,0.5019
O132850,No,No,0.0857
O127818,No,No,0.1284
O131970,No,No,0.2252
O125298,No,No,0.3012
O100242,No,No,0.3312
O104030,No,No,0.2669
O102083,No,No,0.1178
O101231,No,No,0.3465
O118837,No,No,0.3714
O112796,No,No,0.1551
O117613,Yes,No,0.4195
O105504,No,No,0.2502
O123597,No,No,0.4142
O100265,No,No,0.3955
O132906,No,No,0.3819
O126852,No,No,0.4776
O104172,No,No,0.4861
O103629,No,No,0.2355
O104646,Yes,Yes,0.5197
O101833,No,No,0.4445
O106485,No,No,0.3467
O122388,No,No,0.2823
O126406,No,No,0.2933
O112373,No,No,0.308
O133812,No,No,0.1867
O113945,No,No,0.1056
O116510,No,No,0.3525
O117318,No,No,0.3609
O113180,No,No,0.2787
O118026,No,No,0.0959
O100759,No,No,0.4203
O133545,No,No,0.0994
O109112,No,No,0.398
O128068,No,No,0.0857
O110348,No,No,0.3691
O108795,No,No,0.3907
O124523,No,No,0.0726
O103583,No,No,0.4618
O130379,No,No,0.2814
O122010,No,No,0.2847
O109029,No,No,0.3208
O113408,No,No,0.367
O100495,No,No,0.0805
O111626,No,No,0.3029
O119278,No,No,0.2242
O107057,No,Yes,0.5428
O100936,No,No,0.4838
O114415,No,No,0.3019
O108561,No,Yes,0.5626
O100905,No,No,0.3665
O102021,No,No,0.276
O116263,No,No,0.1468
O112383,No,No,0.397
O118285,No,No,0.345
O107857,Yes,No,0.3647
O111625,No,Yes,0.5804
O114606,No,No,0.2966
O126811,No,No,0.3574
O111517,No,No,0.4024
O133101,No,No,0.3685
O107957,No,No,0.3287
O123540,No,No,0.2265
O107340,No,No,0.1967
O102116,No,No,0.1752
O123173,No,No,0.4542
O134320,No,No,0.0691
O115708,No,No,0.4084
O105106,No,No,0.42
O126174,No,No,0.2831
O116288,No,No,0.3586
O114750,No,No,0.2554
O133511,No,No,0.0414
O106708,No,Yes,0.5528
O107278,No,No,0.2134
O105797,No,No,0.168
O107151,No,No,0.3
O110225,No,No,0.3135
O117626,No,No,0.351
O111173,No,No,0.3446
O118671,No,No,0.2689
O104388,No,No,0.4412
O126694,No,No,0.2604
O107452,No,No,0.3804
O103501,No,No,0.2843
O104711,No,No,0.4514
O126764,No,No,0.2175
O108849,No,No,0.441
O124792,No,No,0.2286
O116709,Yes,No,0.3262
O100678,No,No,0.3471
O127396,No,No,0.4313
O118547,No,No,0.1159
O102144,No,No,0.2703
O104593,No,No,0.3308
O124759,No,No,0.289
O121111,No,No,0.2531
O101727,No,No,0.2603
O117243,No,Yes,0.5508
O110787,No,No,0.3575
O113954,No,No,0.1607
O132541,No,No,0.0822
O128242,No,No,0.408
O123099,No,No,0.0988
O132676,No,No,0.3406
O117161,No,No,0.0759
O114791,No,No,0.0528
O132181,No,No,0.4315
O123593,No,No,0.1577
O103817,No,Yes,0.6205
O103907,No,No,0.3229
O100895,No,No,0.4323
O119863,No,No,0.2386
O108711,No,No,0.1975
O113178,No,No,0.3809
O110057,Yes,No,0.39
O133985,No,No,0.2904
O125469,No,No,0.4493
O108944,No,No,0.3564
O132387,No,No,0.3132
O108462,No,No,0.2849
O126397,No,No,0.1465
O121560,No,No,0.3611
O112471,No,No,0.3445
O128909,No,Yes,0.5229
O127953,No,No,0.0694
O116928,No,Yes,0.5409
O114095,No,No,0.3307
O122663,No,Yes,0.6438
O120799,No,No,0.1336
O128323,No,No,0.2585
O117842,No,No,0.4034
O104724,No,No,0.2824
O106926,No,No,0.0591
O101194,No,No,0.3531
O103863,No,No,0.0909
O103339,No,No,0.4398
O124423,No,No,0.2936
O111418,No,No,0.1878
O128420,No,No,0.3979
O106101,No,No,0.1432
O117934,No,No,0.2301
O129818,No,No,0.3038
O124693,No,No,0.3074
O120579,No,No,0.276
O108519,No,No,0.2204
O132943,No,No,0.2676
O132066,No,No,0.3061
O108731,No,No,0.2295
O118213,No,No,0.1516
O108680,No,No,0.3072
O128896,No,No,0.2883
O114493,No,No,0.2449
O112057,No,No,0.2896
O101704,No,No,0.2959
O124431,No,No,0.3049
O107282,No,No,0.2817
O111343,No,No,0.309
O131361,No,No,0.3457
O123143,No,No,0.3822
O115352,No,No,0.2338
O108460,No,No,0.3706
O105938,No,No,0.4156
O108890,No,No,0.2997
O123923,No,No,0.2476
O104803,No,No,0.2967
O132621,No,No,0.3475
O123556,No,No,0.2693
O116785,No,No,0.3408
O124275,No,No,0.3451
O130096,No,No,0.4416
O114136,No,No,0.3344
O121932,No,No,0.3444
O115102,No,No,0.3006
O106104,No,Yes,0.6173
O101170,No,No,0.259
O119531,No,Yes,0.5025
O124137,No,No,0.2127
O120649,No,No,0.2697
O112013,No,No,0.3471
O102563,Yes,No,0.2765
O107558,No,No,0.0653
O117582,No,No,0.285
O105877,No,No,0.0456
O133913,Yes,No,0.2962
O111337,No,No,0.4176
O116377,No,No,0.2009
O107133,Yes,No,0.4222
O124141,No,No,0.1288
O132136,No,No,0.1649
O132494,No,No,0.3291
O120022,No,No,0.2497
O107164,No,No,0.3242
O102009,No,No,0.3145
O125986,No,No,0.3333
O116638,No,Yes,0.6038
O117816,No,No,0.2137
O105302,No,No,0.415
O101492,No,No,0.4799
O130419,No,No,0.2964
O133238,No,No,0.3552
O107437,No,No,0.4605
O106266,No,No,0.0721
O132056,No,No,0.3187
O116152,No,No,0.4489
O100428,No,No,0.2716
O105214,No,No,0.4594
O116948,No,No,0.3655
O119208,No,No,0.2411
O111672,No,No,0.1856
O109961,No,No,0.2018
O119345,No,No,0.3455
O124740,No,No,0.0544
O133653,No,No,0.3875
O127474,No,No,0.2223
O105188,No,No,0.2825
O112506,No,No,0.3477
O106800,No,No,0.1109
O119184,No,No,0.3102
O133011,No,No,0.2244
O118723,Yes,No,0.2574
O133362,No,Yes,0.5447
O125132,No,No,0.0637
O102977,No,No,0.3168
O116015,No,No,0.1809
O125587,No,No,0.3997
O133928,No,No,0.2132
O110912,No,No,0.3011
O104350,Yes,No,0.2669
O123577,No,No,0.1382
O105997,No,Yes,0.5211
O117684,No,No,0.2589
O124183,No,No,0.1703
O114428,No,No,0.2737
O116217,No,No,0.2604
O110310,No,No,0.2608
O106110,No,No,0.288
O107579,No,No,0.3852
O126742,No,No,0.2751
O128872,No,No,0.1441
O126510,No,No,0.4141
O115860,No,Yes,0.5006
O131322,Yes,Yes,0.5039
O119373,No,No,0.3318
O106551,No,Yes,0.5759
O129576,No,No,0.2845
O116908,Yes,No,0.3167
O114224,No,No,0.0512
O120170,No,No,0.1042
O132631,No,No,0.4604
O124202,No,No,0.3534
O104290,No,No,0.4849
O101423,No,No,0.1804
O107468,No,No,0.2663
O107142,No,No,0.2537
O110341,No,No,0.327
O103179,No,No,0.2982
O118170,No,No,0.4155
O110126,No,No,0.2843
O104689,No,Yes,0.5343
O103145,No,No,0.3304
O100620,No,No,0.1885
O132912,No,No,0.3308
O100168,No,No,0.4181
O116364,No,No,0.2496
O130389,No,No,0.2853
O119021,No,No,0.3463
O102198,No,No,0.4419
O109564,No,No,0.2807
O100947,No,No,0.459
O125360,No,No,0.3935
O111066,No,No,0.4202
O122562,No,No,0.2098
O104924,No,No,0.4032
O103563,No,No,0.154
O128678,No,Yes,0.5441
O127387,No,No,0.3057
O105401,Yes,No,0.405
O127976,No,No,0.3902
O112166,No,No,0.1028
O128297,No,No,0.3897
O102999,No,No,0.3564
O119954,No,No,0.2985
O112603,No,No,0.4103
O118765,No,No,0.2411
O116713,No,No,0.1641
O102557,No,No,0.1829
O102070,No,No,0.0435
O124725,No,No,0.4174
O100115,No,No,0.3311
O119512,Yes,Yes,0.5021
O109348,Yes,No,0.1115
O110684,No,No,0.281
O109957,No,No,0.389
O115070,No,No,0.3341
O125379,No,No,0.3285
O124631,No,No,0.4579
O131617,No,No,0.337
O105730,No,No,0.3013
O121923,No,No,0.229
O127713,No,No,0.199
O128215,No,No,0.4038
O111918,No,No,0.3948
O120654,No,No,0.0841
O110703,No,No,0.0352
O134454,No,No,0.0996
O116287,No,No,0.2701
O106609,No,No,0.2643
O110772,No,No,0.3785
O120838,No,No,0.3407
O121080,No,No,0.1942
O133531,No,No,0.331
O131241,Yes,No,0.3631
O116021,No,No,0.2739
O125173,No,No,0.4229
O114680,No,No,0.1054
O130268,No,No,0.3598
O125403,No,No,0.2702
O116396,No,No,0.3778
O123458,No,No,0.291
O123671,No,No,0.2617
O115275,No,No,0.3219
O130554,No,No,0.1101
O110054,No,No,0.3541
O126538,No,No,0.461
O100532,No,No,0.3537
O129427,No,No,0.3725
O106421,No,No,0.4198
O134123,No,No,0.4894
O109778,No,No,0.2777
O117316,No,No,0.2744
O106199,Yes,No,0.385
O120036,No,No,0.1422
O128421,No,No,0.3702
O115713,No,No,0.1681
O122332,No,No,0.2409
O107799,No,No,0.2863
O124042,No,No,0.3662
O125462,No,No,0.2541
O127125,No,Yes,0.5304
O109632,No,Yes,0.5189
O121772,No,No,0.0723
O109184,Yes,No,0.3804
O117406,No,No,0.3258
O130843,No,No,0.1927
O132121,No,No,0.4293
O132679,Yes,No,0.2369
O100847,No,No,0.3663
O107627,No,No,0.2483
O103418,No,No,0.4192
O125705,No,No,0.0353
O124687,No,No,0.2787
O130434,No,No,0.3232
O126649,Yes,No,0.4643
O109415,No,No,0.2846
O133736,No,No,0.2021
O131380,No,No,0.1606
O106998,No,No,0.0494
O132312,No,No,0.4825
O101880,No,No,0.4142
O121867,No,No,0.3979
O127460,Yes,No,0.3391
O109006,No,No,0.4286
O107317,No,No,0.0971
O128206,No,No,0.3946
O106941,No,No,0.2888
O131426,No,No,0.3963
O111728,No,No,0.2527
O126049,No,No,0.3605
O128187,No,Yes,0.5694
O117452,No,No,0.2223
O129762,No,No,0.2978
O103473,No,No,0.1614
O122691,No,Yes,0.5313
O122741,No,No,0.177
O127905,No,No,0.3587
O100989,No,No,0.4262
O124342,No,No,0.1112
O113994,No,No,0.2704
O126203,No,No,0.2789
O113787,No,No,0.3777
O121022,No,No,0.1873
O102891,No,Yes,0.5895
O110776,No,No,0.1931
O102331,No,No,0.3471
O111036,No,No,0.3054
O100993,No,No,0.4244
O129971,No,Yes,0.5074
O115682,No,No,0.3471
O124261,No,No,0.1966
O121280,No,No,0.2807
O126292,No,No,0.2737
O123252,No,No,0.1435
O101988,No,No,0.3438
O108607,No,No,0.2522
O103898,No,No,0.3216
O106195,No,No,0.4741
O100691,No,No,0.0801
O112179,No,No,0.1077
O113417,No,No,0.2153
O112402,No,No,0.1318
O114070,No,No,0.3807
O103100,No,No,0.4042
O132069,No,No,0.2567
O108646,No,No,0.3276
O109410,No,No,0.4126
O112976,No,No,0.1158
O120666,No,No,0.2649
O103767,No,No,0.3749
O101623,No,No,0.3406
O112909,No,No,0.4139
O128427,No,No,0.3773
O133221,No,No,0.2851
O105019,No,No,0.2864
O113471,No,No,0.1511
O126265,No,No,0.4014
O103999,No,No,0.3383
O112178,No,No,0.2826
O127139,No,No,0.0811
O112409,No,No,0.2179
O124754,No,No,0.3641
O100311,No,No,0.3692
O118435,No,No,0.4866
O123564,No,No,0.2337
O106734,No,No,0.4898
O108598,No,No,0.4427
O102664,No,No,0.288
O130291,No,No,0.3415
O123709,No,No,0.3894
O124506,No,No,0.2921
O131533,No,No,0.3367
O113040,No,No,0.3822
O110340,No,No,0.1418
O101898,No,No,0.4705
O121688,No,No,0.3155
O125526,No,No,0.2936
O121167,No,No,0.0368
O131494,No,No,0.2697
O122019,No,No,0.2824
O108039,No,No,0.2002
O111295,No,No,0.2474
O128757,No,No,0.1926
O114829,No,No,0.1545
O114214,No,No,0.2484
O128071,No,No,0.3618
O131814,Yes,No,0.143
O126951,No,No,0.4106
O101629,No,No,0.4357
O124889,No,No,0.3246
O118281,No,No,0.3066
O112657,No,Yes,0.5533
O113277,No,No,0.344
O131603,No,No,0.0591
O119706,No,No,0.4252
O133989,No,No,0.2349
O124034,No,No,0.4686
O119406,No,No,0.1931
O116490,No,No,0.3407
O106629,No,No,0.4044
O107554,No,No,0.3754
O120021,No,No,0.1168
O130235,No,Yes,0.5136
O130933,No,Yes,0.5915
O105402,No,Yes,0.5874
O105811,No,No,0.4002
O121871,No,No,0.2871
O114417,No,No,0.3091
O102060,No,No,0.1935
O106789,No,No,0.1818
O112917,No,No,0.1843
O117866,No,No,0.2777
O124296,No,No,0.2809
O119285,No,No,0.1087
O129333,Yes,No,0.3068
O120236,No,No,0.345
O109028,No,No,0.4505
O128777,No,No,0.2595
O113469,No,No,0.2778
O128236,No,Yes,0.5642
O106639,No,No,0.3436
O110504,No,Yes,0.5301
O117112,No,No,0.3175
O125258,No,No,0.3756
O130252,No,No,0.2798
O111636,No,No,0.2368
O119588,No,No,0.0681
O128585,No,No,0.2104
O104698,No,No,0.3899
O107399,No,No,0.2977
O112936,No,No,0.3715
O130606,No,No,0.2258
O102795,No,No,0.41
O117152,No,No,0.3315
O126400,No,No,0.3094
O134165,No,No,0.0206
O123941,No,No,0.4531
O102859,No,No,0.151
O119250,No,Yes,0.5461
O105205,No,No,0.3149
O120694,No,No,0.3357
O115894,No,Yes,0.5009
O133165,No,No,0.3347
O100585,No,No,0.2777
O112282,No,No,0.267
O110972,No,No,0.2402
O100099,No,No,0.351
O131555,No,No,0.3837
O133049,No,No,0.3346
O134335,Yes,No,0.2862
O106068,No,No,0.2401
O128437,No,No,0.1756
O117520,No,No,0.249
O127776,No,No,0.3081
O133896,No,No,0.1298
O109600,No,Yes,0.673
O119262,No,No,0.1019
O123279,No,No,0.1802
O104738,No,No,0.3293
O125334,No,No,0.3945
O103872,No,No,0.2708
O128438,No,No,0.2876
O102730,No,No,0.2761
O121982,No,No,0.1778
O122384,No,No,0.3995
O114913,No,No,0.4266
O107852,No,No,0.3571
O119503,Yes,No,0.2403
O119568,No,No,0.3469
O104514,No,No,0.1371
O115175,No,No,0.0703
O114255,No,No,0.1837
O115680,No,No,0.454
O132020,No,No,0.2179
O106273,No,No,0.2322
O104232,No,No,0.3865
O119411,No,No,0.4917
O103770,No,Yes,0.5496
O121000,No,No,0.3263
O106749,No,No,0.2503
O121802,No,No,0.2624
O130780,No,No,0.3134
O126796,No,No,0.2612
O104040,No,No,0.2805
O107077,No,No,0.4271
O115813,No,No,0.1682
O128582,No,No,0.1645
O119961,No,Yes,0.5264
O133800,No,No,0.1832
O122167,No,No,0.3938
O119463,No,No,0.3445
O134471,No,No,0.2741
O121431,No,No,0.2254
O117272,No,No,0.3478
O109985,No,No,0.2922
O129802,No,No,0.2173
O120895,No,No,0.4594
O104109,No,No,0.4097
O108430,No,Yes,0.5611
O131759,No,No,0.1746
O133336,No,No,0.4096
O128256,No,Yes,0.5048
O129859,No,Yes,0.5206
O124531,No,No,0.3329
O105874,No,No,0.1154
O130962,No,Yes,0.6006
O111305,No,No,0.4625
O123749,No,Yes,0.5513
O120342,No,No,0.3507
O122777,Yes,No,0.279
O104174,No,No,0.3821
O101844,No,No,0.2047
O126545,No,No,0.2916
O107787,No,No,0.2218
O114314,No,No,0.0564
O112595,No,No,0.367
O133577,Yes,No,0.2972
O113555,No,No,0.2748
O123484,No,No,0.0524
O131854,No,No,0.4262
O101697,No,No,0.3298
O102831,No,No,0.2639
O111067,No,No,0.3791
O132242,Yes,No,0.3792
O109214,No,No,0.3549
O115142,No,No,0.214
O132941,No,No,0.302
O112053,No,No,0.3416
O107225,No,No,0.3015
O118936,No,No,0.1001
O128935,No,No,0.3028
O123996,No,No,0.3475
O115631,No,No,0.1894
O101949,No,No,0.4345
O101183,No,No,0.2549
O116580,No,No,0.352
O111107,No,No,0.399
O100158,No,No,0.1732
O113855,No,No,0.4396
O102299,No,No,0.1959
O112892,No,No,0.2927
O122422,No,No,0.3554
O122801,No,No,0.2731
O112390,No,No,0.2708
O128195,No,No,0.0728
O120258,No,No,0.3288
O119527,No,Yes,0.5993
O132322,Yes,No,0.2878
O128132,Yes,No,0.3031
O130956,No,No,0.1541
O107098,No,No,0.2956
O106084,No,No,0.4996
O120979,No,No,0.021
O128936,No,No,0.4459
O116601,No,No,0.2112
O112838,No,No,0.4092
O118958,No,No,0.3588
O107190,No,No,0.3182
O101318,No,No,0.2183
O103334,No,No,0.4222
O101057,No,No,0.325
O109878,No,No,0.3023
O119632,No,No,0.4241
O116987,No,No,0.269
O110032,No,No,0.4026
O108237,No,No,0.265
O113379,No,No,0.3081
O128820,No,No,0.3289
O105281,Yes,No,0.4265
O105004,No,No,0.105
O133840,No,No,0.3253
O125691,No,No,0.3735
O133338,No,No,0.0745
O108428,No,No,0.4105
O128880,No,No,0.3006
O105538,No,No,0.2562
O125645,No,No,0.2719
O131011,No,No,0.3032
O100291,No,No,0.1518
O117289,No,No,0.4662
O132294,No,No,0.3579
O123677,Yes,No,0.3727
O103668,No,No,0.2164
O116995,No,No,0.2551
O134075,No,No,0.2175
O102394,No,No,0.4455
O111736,No,No,0.1617
O120758,No,No,0.2206
O122398,No,No,0.1597
O104879,No,No,0.3619
O112766,No,No,0.0762
O115914,No,No,0.3471
O115167,No,No,0.3027
O115862,No,No,0.3681
O102581,No,No,0.3113
O127353,No,No,0.4604
O132092,No,No,0.3121
O114853,No,No,0.4937
O108337,No,No,0.2917
O121838,No,No,0.4593
O111137,No,No,0.3169
O129916,No,No,0.238
O119307,No,No,0.0431
O111212,No,No,0.0946
O130273,No,No,0.4406
O123810,No,Yes,0.5359
O112088,No,No,0.3265
O113901,No,No,0.3034
O100817,Yes,No,0.2619
O123783,No,No,0.3866
O131687,No,Yes,0.6042
O131715,No,No,0.3084
O108280,No,No,0.3645
O102365,No,No,0.4993
O129099,No,No,0.2608
O123998,No,Yes,0.606
O129968,No,No,0.2772
O122087,Yes,No,0.3208
O128559,No,No,0.3454
O117853,No,No,0.3464
O113840,No,No,0.1717
O117944,No,No,0.3525
O111778,No,No,0.287
O118041,No,No,0.2606
O111400,No,No,0.0508
O104913,No,No,0.2892
O109080,No,No,0.258
O124983,No,No,0.1166
O123337,No,No,0.3762
O126543,No,No,0.3624
O127291,No,No,0.3078
O118855,No,No,0.4566
O100954,No,No,0.3143
O132851,No,No,0.2662
O134037,No,No,0.3163
O121402,No,No,0.0456
O134091,No,No,0.3934
O121068,No,No,0.1336
O125039,No,No,0.3473
O118599,No,No,0.4723
O131716,Yes,No,0.4395
O100515,No,No,0.3184
O108161,No,No,0.2771
O126955,No,No,0.3793
O122742,No,No,0.1675
O117703,No,No,0.2201
O116107,Yes,No,0.222
O125930,No,No,0.327
O114540,No,No,0.2867
O113894,No,No,0.3456
O124073,No,No,0.497
O102545,No,No,0.0622
O106032,No,No,0.3435
O100435,Yes,No,0.4519
O131543,No,No,0.3991
O105569,No,No,0.1864
O129599,No,No,0.2651
O101205,No,No,0.4152
O119391,No,No,0.1001
O106793,No,No,0.2625
O128332,No,No,0.1521
O119291,No,No,0.3092
O109825,No,No,0.0302
O113754,No,No,0.2178
O125521,No,No,0.4025
O123040,No,No,0.3292
O125683,No,No,0.4508
O128166,No,No,0.2827
O102961,No,No,0.3062
O106006,No,No,0.0702
O109603,No,No,0.1327
O101937,No,No,0.4525
O117235,No,Yes,0.5235
O101942,No,No,0.068
O119837,No,No,0.3766
O121079,No,No,0.3064
O107997,Yes,No,0.4448
O109726,No,No,0.1377
O119054,No,Yes,0.525
O114712,No,No,0.3605
O101361,No,No,0.367
O123362,No,No,0.1909
O129151,No,No,0.1267
O120815,No,No,0.2053
O105226,No,No,0.3314
O130119,No,No,0.264
O119040,No,No,0.4401
O111283,No,No,0.4111
O109424,No,No,0.3169
O115915,No,Yes,0.5364
O106302,No,No,0.1428
O104375,No,No,0.1562
O100809,No,No,0.3222
O117035,No,Yes,0.5467
O126738,No,No,0.2723
O116914,No,No,0.4071
O107675,No,No,0.3029
O125987,No,No,0.2538
O119599,No,No,0.4104
O132693,No,No,0.2908
O122986,No,No,0.2374
O113920,No,No,0.2639
O120064,No,No,0.1251
O101892,No,No,0.3044
O100153,No,No,0.3763
O108972,No,No,0.1846
O121939,No,No,0.3498
O128700,No,No,0.1619
O127677,No,No,0.4666
O103192,No,No,0.2999
O107496,No,No,0.1543
O128562,No,No,0.2737
O114604,No,No,0.1967
O126187,No,No,0.3988
O119354,No,No,0.2092
O115083,Yes,No,0.3154
O103791,No,No,0.0372
O123204,No,No,0.3735
O123092,No,No,0.4923
O124019,No,No,0.253
O119608,No,No,0.3378
O114115,No,No,0.2604
O128351,No,No,0.3022
O126997,No,No,0.2296
O108292,No,No,0.3353
O115315,No,No,0.162
O100364,No,No,0.3481
O130064,No,No,0.1227
O114937,No,No,0.3266
O129422,No,No,0.1932
O122343,Yes,No,0.3043
O124841,No,No,0.294
O110020,No,No,0.1722
O103229,No,No,0.2773
O116988,No,No,0.1883
O106469,No,No,0.1149
O125839,No,No,0.2878
O114179,No,No,0.2521
O113047,No,No,0.2617
O112332,No,Yes,0.5069
O107371,No,No,0.3115
O116881,No,No,0.3901
O123238,No,No,0.273
O113836,No,No,0.0871
O108517,No,No,0.2508
O102047,No,No,0.4691
O128104,No,No,0.083
O109109,No,No,0.3316
O127933,No,No,0.0832
O115866,No,Yes,0.5067
O113674,Yes,No,0.2298
O127580,No,No,0.2698
O109529,No,No,0.1921
O104993,No,No,0.0917
O101721,Yes,No,0.4606
O106863,No,No,0.3815
O113083,No,No,0.3023
O102456,No,No,0.3233
O101063,No,No,0.2157
O113962,No,No,0.3111
O107559,No,No,0.3047
O106309,No,No,0.0295
O128745,No,No,0.1866
O111071,No,No,0.0966
O128016,No,No,0.179
O129390,No,No,0.1913
O115916,No,No,0.3867
O132100,No,No,0.2655
O105513,No,No,0.49
O111440,No,No,0.2318
O100800,No,No,0.3954
O125346,No,No,0.2449
O106570,No,No,0.1785
O127311,No,No,0.4531
O108453,No,No,0.2698
O106520,No,No,0.4335
O132564,No,No,0.0708
O121048,No,No,0.075
O125996,No,No,0.2695
O124162,No,No,0.3573
O130698,No,No,0.1206
O103678,No,No,0.0977
O128341,Yes,No,0.2848
O133707,No,No,0.2565
O121114,No,Yes,0.5082
O129187,Yes,No,0.2467
O122505,No,No,0.114
O122727,No,No,0.2515
O132534,No,No,0.2684
O117661,No,No,0.4117
O122653,No,No,0.2548
O117084,No,No,0.4538
O117196,No,No,0.0605
O114953,No,No,0.2789
O104146,No,No,0.2177
O120558,No,No,0.4436
O121400,No,No,0.147
O134040,No,No,0.1203
O120169,No,No,0.2765
O104920,No,No,0.3379
O126164,No,No,0.0779
O133827,No,No,0.2358
O109663,No,No,0.046
O114909,No,No,0.3817
O129569,No,No,0.4446
O113381,No,No,0.0733
O129641,No,No,0.4025
O121525,No,No,0.2479
O107425,No,No,0.2608
O116646,No,No,0.4614
O106586,No,No,0.3665
O130311,No,No,0.3842
O125630,No,No,0.327
O112305,No,No,0.1999
O129583,No,No,0.3815
O103942,No,No,0.413
O105822,No,No,0.4967
O105745,No,No,0.1321
O106282,No,No,0.2957
O114982,No,No,0.3215
O105015,No,No,0.463
O124945,No,No,0.2149
O123293,No,No,0.4384
O125994,No,No,0.3476
O107034,No,No,0.2886
O107519,No,No,0.3911
O128556,No,No,0.3833
O108902,No,No,0.3721
O127671,No,Yes,0.5064
O124654,Yes,Yes,0.5008
O131821,No,No,0.2386
O131577,No,No,0.3122
O115337,No,No,0.1466
O115386,No,No,0.4901
O102680,No,No,0.2475
O134093,No,No,0.3382
O120583,No,No,0.0201
O119201,No,No,0.307
O133426,No,No,0.2664
O132529,No,No,0.3611
O121684,No,No,0.2921
O105195,No,No,0.3108
O119990,No,No,0.2612
O111318,No,No,0.0812
O112159,No,No,0.4902
O102469,No,No,0.2777
O130161,No,Yes,0.5145
O120637,No,No,0.3651
O113124,No,No,0.2278
O114161,No,No,0.2803
O121506,No,No,0.3645
O112827,No,No,0.0302
O107823,No,No,0.2904
O106091,No,No,0.1815
O117451,No,No,0.3525
O102293,No,No,0.194
O118452,No,No,0.4259
O103813,No,No,0.1979
O102755,Yes,Yes,0.5311
O129110,No,No,0.4298
O124875,No,No,0.1642
O104789,No,No,0.3205
O130215,No,No,0.3331
O102207,No,Yes,0.5733
O104425,Yes,No,0.3823
O131372,No,No,0.3449
O128480,No,No,0.3012
O130495,No,No,0.103
O114756,No,No,0.3871
O115391,No,No,0.2656
O114302,No,No,0.3532
O125264,No,No,0.2239
O110502,No,No,0.4419
O104298,No,No,0.3792
O109480,No,No,0.3058
O123655,No,No,0.2881
O134376,No,No,0.4784
O123902,No,No,0.2642
O134295,No,No,0.2461
O126519,No,No,0.1673
O101925,No,No,0.3766
O103155,No,No,0.2504
O124888,No,No,0.3045
O101127,No,No,0.4466
O110369,No,No,0.2494
O103595,No,No,0.1545
O106184,No,No,0.4467
O114860,No,No,0.213
O125661,No,No,0.2359
O127801,No,No,0.274
O133339,No,No,0.3503
O120336,Yes,No,0.3549
O116896,No,No,0.2828
O114216,No,No,0.2017
O115215,No,No,0.2349
O129936,No,No,0.393
O110613,No,No,0.3114
O125850,No,No,0.332
O101665,No,No,0.3565
O126298,No,No,0.0544
O124207,No,No,0.1998
O126379,No,No,0.3342
O112567,No,No,0.1748
O106588,No,No,0.316
O104063,No,No,0.44
O100673,No,No,0.3401
O131205,No,No,0.3754
O130270,No,No,0.3327
O111346,No,No,0.4452
O112693,Yes,No,0.2187
O104587,No,No,0.471
O126701,Yes,No,0.2249
O133603,No,No,0.2687
O131194,No,No,0.1199
O120450,No,No,0.0522
O129090,No,No,0.2674
O112888,No,No,0.1863
O111121,No,No,0.3044
O117869,No,No,0.0651
O131131,No,No,0.3793
O129116,No,No,0.3647
O113459,No,No,0.3147
O121056,No,No,0.3413
O127020,No,No,0.4073
O129835,No,Yes,0.5828
O117604,No,No,0.1402
O126456,No,No,0.3523
O121425,No,No,0.1774
O119697,No,No,0.452
O123836,No,No,0.3673
O104287,No,No,0.3859
O102905,No,No,0.3321
O107445,No,No,0.0911
O125066,No,No,0.269
O100212,No,Yes,0.5264
O128567,No,No,0.3046
O128356,No,No,0.3673
O111852,No,No,0.3407
O106923,No,No,0.3778
O128772,No,No,0.1565
O104991,No,No,0.1606
O115840,No,No,0.3981
O125463,No,No,0.2147
O132775,No,No,0.2898
O107576,No,No,0.3918
O124213,Yes,No,0.1321
O123636,No,No,0.1377
O124536,No,No,0.364
O118816,No,No,0.2234
O123280,No,No,0.472
O132238,No,No,0.2427
O130509,No,No,0.4561
O116940,No,No,0.3537
O110117,No,No,0.1515
O118799,No,No,0.4726
O105224,No,No,0.2548
O129485,No,No,0.3146
O127040,No,No,0.2662
O109605,No,No,0.2323
O112795,No,No,0.463
O128941,No,No,0.3748
O116654,No,No,0.3229
O123360,No,No,0.3308
O126241,No,No,0.4926
O107471,No,No,0.391
O103743,No,No,0.1576
O121208,No,No,0.2745
O109075,No,No,0.4156
O119056,No,No,0.2263
O131169,No,No,0.3168
O121898,No,No,0.1484
O101377,No,No,0.1615
O122074,No,No,0.1858
O110120,Yes,No,0.3105
O133718,No,No,0.299
O127802,No,No,0.2682
O113740,No,Yes,0.5022
O110012,No,No,0.4035
O128901,No,No,0.3581
O102695,No,No,0.2559
O129375,No,No,0.3022
O132605,No,No,0.2603
O105275,No,No,0.2579
O121622,No,No,0.3651
O119099,No,No,0.254
O116788,No,No,0.2774
O105124,No,No,0.3108
O130991,No,No,0.2495
O129673,No,No,0.0799
O114480,No,No,0.2907
O115240,No,No,0.3074
O100026,No,No,0.4108
O105889,No,No,0.4391
O109020,No,No,0.4006
O104062,No,No,0.2602
O125907,No,No,0.3291
O122989,No,No,0.4408
O119020,No,No,0.4823
O103038,No,No,0.3419
O132993,Yes,Yes,0.5088
O113519,Yes,No,0.3766
O125272,No,No,0.4232
O127002,No,No,0.2185
O127841,No,No,0.2119
O113424,No,No,0.429
O117792,No,No,0.1065
O106407,No,No,0.3689
O103952,No,No,0.0408
O102903,No,No,0.2895
O112854,No,No,0.2097
O118948,No,No,0.3093
O111099,No,No,0.0901
O130168,Yes,No,0.4953
O105679,No,No,0.1345
O109252,No,No,0.2077
O111695,No,No,0.2928
O108003,No,Yes,0.5029
O112028,No,No,0.1888
O130059,No,No,0.1827
O132897,No,No,0.2278
O115991,No,No,0.1865
O133601,No,No,0.0982
O115092,No,No,0.2311
O108360,No,No,0.3003
O114502,No,No,0.273
O124689,No,No,0.0554
O129425,No,No,0.1346
O128705,No,No,0.2441
O134045,No,No,0.3444
O111098,No,No,0.2153
O119253,No,No,0.3667
O107204,No,No,0.3309
O122112,No,No,0.235
O129517,No,No,0.3996
O126705,No,No,0.1406
O114131,No,Yes,0.5161
O112687,No,No,0.4261
O101476,No,No,0.3846
O120030,No,No,0.2546
O129521,No,No,0.3928
O125436,No,No,0.1683
O105658,No,No,0.3487
O124017,No,No,0.3962
O114992,No,No,0.2408
O125037,No,Yes,0.5597
O102689,No,No,0.3491
O127320,No,No,0.2796
O128548,No,No,0.3897
O121747,No,No,0.0314
O101874,Yes,No,0.2823
O112326,No,No,0.3816
O117080,No,Yes,0.5393
O106880,No,Yes,0.574
O108095,No,No,0.4578
O110416,No,No,0.1578
O126999,No,No,0.2354
O116277,No,No,0.2989
O128394,No,No,0.0372
O130712,No,No,0.1675
O106565,No,No,0.2764
O125719,No,No,0.1124
O127242,No,No,0.2194
O133420,No,No,0.3273
O118607,No,No,0.2692
O120438,No,No,0.0597
O130361,No,No,0.0472
O112655,No,No,0.3048
O124656,No,No,0.1403
O109180,No,No,0.3429
O110917,No,No,0.2669
O100934,No,No,0.4532
O101430,No,No,0.2448
O128903,No,No,0.2009
O116116,No,No,0.279
O112460,No,No,0.2688
O120186,No,No,0.289
O120586,No,No,0.343
O105646,No,No,0.3329
O107930,No,No,0.3072
O120396,No,No,0.2208
O124390,No,No,0.4971
O117067,No,No,0.3208
O115657,No,No,0.4566
O113682,No,No,0.3485
O125130,No,No,0.2007
O123234,No,No,0.1373
O112910,No,No,0.217
O123987,No,No,0.2615
O121745,No,No,0.4734
O130573,No,No,0.2154
O128933,No,No,0.203
O132823,No,No,0.4678
O131874,No,No,0.2987
O107744,No,No,0.152
O124335,No,No,0.4036
O130842,No,No,0.3597
O133267,No,No,0.3649
O102996,No,No,0.3603
O123995,No,No,0.0836
O110989,No,No,0.3799
O120834,No,No,0.0898
O114497,No,No,0.1776
O133546,No,No,0.2908
O127665,No,No,0.3517
O121475,No,No,0.3162
O115498,No,No,0.0677
O112983,No,No,0.0323
O111430,No,No,0.317
O109788,No,No,0.4089
O117410,No,No,0.3553
O107092,No,No,0.3695
O115872,No,No,0.1728
O106706,No,No,0.0439
O107208,No,No,0.424
O128960,No,No,0.0663
O111117,No,No,0.4456
O101440,No,No,0.4063
O104357,No,No,0.373
O120362,No,Yes,0.5491
O131652,No,No,0.2492
O119515,No,No,0.1643
O130159,No,Yes,0.5129
O116096,No,Yes,0.7166
O104005,No,No,0.2106
O117333,No,No,0.3577
O120833,No,No,0.4083
O106141,No,No,0.2436
O133614,No,No,0.3505
O112999,No,No,0.2688
O104428,No,No,0.1347
O108595,No,No,0.4206
O112553,No,No,0.181
O117302,No,No,0.3177
O111641,No,No,0.048
O101786,No,No,0.3666
O133986,No,No,0.3965
O121267,No,Yes,0.5263
O109187,No,No,0.3924
O116387,No,No,0.1219
O125189,No,No,0.3634
O104680,No,No,0.381
O112559,No,No,0.1352
O103299,No,No,0.3958
O113860,No,No,0.2074
O125788,No,No,0.1195
O116334,No,No,0.3908
O130125,No,Yes,0.5308
O123866,No,No,0.3515
O113061,No,No,0.262
O123190,No,No,0.2216
O104769,No,No,0.2227
O105746,No,No,0.3386
O130810,No,No,0.4527
O111325,No,No,0.0624
O120668,No,No,0.4581
O104690,No,No,0.4093
O121026,No,No,0.1724
O132946,No,No,0.2205
O118985,No,No,0.2372
O123849,No,No,0.3397
O121718,No,Yes,0.5096
O112321,No,No,0.0529
O123041,No,No,0.2195
O109795,No,No,0.1316
O118271,No,No,0.2342
O106198,No,No,0.2645
O116913,No,No,0.2663
O117198,Yes,No,0.3342
O101884,No,No,0.457
O130847,No,No,0.2316
O131594,No,No,0.1608
O105860,No,No,0.1477
O127529,No,No,0.3037
O131346,No,No,0.4593
O110653,No,No,0.4354
O124755,No,No,0.3286
O123670,Yes,No,0.18
O132957,No,No,0.2561
O118236,No,No,0.4079
O109593,No,No,0.3121
O132249,No,No,0.2413
O109483,No,No,0.0511
O126322,No,No,0.3261
O115935,No,No,0.3406
O116313,No,No,0.3762
O127959,No,No,0.2795
O113173,No,No,0.1459
O129834,No,No,0.3075
O111380,No,No,0.0846
O131037,No,No,0.1937
O127329,No,No,0.4036
O109513,No,No,0.2033
O115960,No,No,0.0841
O107725,No,No,0.3463
O120199,No,No,0.0727
O111376,No,No,0.2712
O129182,No,No,0.1782
O131479,No,No,0.3101
O102750,No,No,0.2463
O122584,No,No,0.2494
O110306,No,No,0.3948
O107361,No,No,0.2449
O105488,No,No,0.29
O119240,No,No,0.3061
O100730,No,No,0.2301
O105949,No,No,0.3564
O116344,No,No,0.2692
O118494,No,No,0.1904
O103327,No,No,0.3065
O112286,No,No,0.2081
O129786,No,No,0.1382
O132999,No,No,0.278
O110839,No,No,0.1844
O106890,No,No,0.4042
O123464,No,No,0.1982
O121837,No,No,0.4439
O113697,No,No,0.1447
O127228,No,No,0.0729
O121864,No,No,0.333
O105349,No,No,0.3635
O120283,No,Yes,0.6484
O127170,No,No,0.398
O114252,No,No,0.2834
O111421,No,No,0.3556
O115903,No,No,0.1575
O109026,No,No,0.3731
O132882,No,No,0.2061
O108259,No,No,0.2327
O102282,No,No,0.2584
O125070,No,No,0.3362
O129510,No,No,0.0949
O119489,No,Yes,0.5115
O127212,No,No,0.3384
O120435,No,No,0.2263
O124587,Yes,No,0.2516
O110123,No,No,0.3486
O130137,No,No,0.0666
O122897,No,No,0.2726
O111746,No,No,0.1963
O103091,No,No,0.3054
O101059,No,No,0.254
O107268,No,No,0.1007
O118873,No,No,0.3732
O132240,No,No,0.0297
O130333,No,No,0.302
O126208,No,No,0.3902
O114966,No,No,0.3415
O122390,No,No,0.1234
O115209,No,No,0.3782
O130385,No,No,0.4189
O116800,No,No,0.1735
O132527,No,No,0.2531
O100377,No,No,0.3157
O105125,No,Yes,0.5855
O119810,No,No,0.3777
O130285,No,No,0.2644
O129064,No,No,0.1808
O101496,No,No,0.256
O109274,No,No,0.3611
O112352,No,No,0.1896
O114519,No,Yes,0.6423
O133740,No,No,0.2026
O115858,No,No,0.3861
O112065,No,No,0.17
O103598,No,No,0.3359
O121640,No,No,0.0943
O131732,No,No,0.4178
O129862,No,No,0.1548
O112745,No,No,0.275
O123438,No,Yes,0.5597
O100041,No,No,0.1681
O105294,No,No,0.2524
O111584,No,No,0.1478
O106561,No,No,0.434
O107062,No,No,0.3756
O123659,No,No,0.2827
O122588,No,No,0.3518
O116004,No,No,0.2608
O111163,No,No,0.3876
O105441,No,No,0.3529
O125865,No,No,0.2858
O112811,No,No,0.0522
O116089,No,No,0.4741
O108685,No,No,0.4851
O126391,No,No,0.2932
O128524,No,No,0.2007
O124788,No,No,0.3843
O116835,No,No,0.2942
O126301,No,No,0.3275
O123245,No,No,0.2488
O131111,No,No,0.3063
O114550,No,Yes,0.5166
O129749,No,No,0.4052
O109234,No,No,0.3947
O111818,No,No,0.1687
O113331,No,No,0.3867
O111306,No,No,0.1657
O106060,No,No,0.1482
O129250,Yes,No,0.1112
O110577,No,No,0.3173
O127322,No,No,0.4221
O127331,No,No,0.1154
O111925,No,No,0.2082
O106271,No,No,0.4496
O132337,No,No,0.0566
O103536,No,No,0.1747
O107432,Yes,No,0.3103
O107377,No,No,0.3588
O102645,No,No,0.2168
O104348,No,No,0.4954
O119225,No,No,0.232
O104610,No,No,0.2953
O123415,No,No,0.2596
O101571,No,No,0.3918
O124347,No,No,0.2864
O128058,No,No,0.441
O130339,No,No,0.3361
O103885,No,No,0.1084
O117948,No,Yes,0.5765
O105283,No,No,0.13
O115574,Yes,No,0.2235
O109142,No,No,0.3358
O118343,No,No,0.2598
O121716,No,No,0.2958
O106860,No,No,0.2605
O101105,No,Yes,0.5002
O124450,No,No,0.2215
O104004,No,No,0.2677
O106833,No,No,0.3051
O102161,No,No,0.1844
O133387,No,No,0.1689
O122546,No,No,0.3172
O122160,No,No,0.3588
O125387,No,No,0.3495
O100167,No,Yes,0.5432
O109116,No,No,0.3789
O102615,No,No,0.2238
O117297,No,No,0.2557
O128333,No,No,0.3189
O127381,No,No,0.3322
O106690,No,No,0.2164
O117313,No,No,0.3813
O103828,No,No,0.356
O105379,No,No,0.2922
O124987,No,No,0.4802
O133576,No,No,0.3402
O129010,No,No,0.499
O109157,No,No,0.2996
O129924,No,No,0.2594
O100512,No,No,0.2494
O112675,No,No,0.2883
O126908,No,No,0.4769
O119053,Yes,No,0.4985
O117009,No,No,0.2688
O111691,No,No,0.317
O125558,No,No,0.2996
O105396,No,No,0.2403
O110863,No,No,0.3251
O129824,No,No,0.3401
O126714,No,No,0.3254
O130724,No,No,0.1422
O124447,No,No,0.4456
O123223,No,No,0.3512
O127003,No,No,0.336
O105950,No,No,0.4695
O114947,No,No,0.2477
O129653,No,No,0.3478
O110744,No,No,0.2448
O101295,No,No,0.3984
O114489,No,No,0.2847
O100893,No,Yes,0.522
O130035,No,No,0.2342
O123043,No,No,0.3005
O130832,No,No,0.3394
O119904,No,No,0.0617
O117968,No,No,0.4779
O119018,No,No,0.2489
O110662,No,No,0.1984
O113625,No,No,0.162
O108207,No,No,0.3509
O127454,No,No,0.298
O125014,No,No,0.2556
O116583,No,No,0.3723
O128485,No,No,0.215
O118260,No,No,0.2112
O127623,No,No,0.4278
O121967,No,Yes,0.583
O106602,No,No,0.3716
O104320,No,No,0.3972
O107550,No,No,0.3378
O125368,No,No,0.2437
O112153,No,No,0.2091
O125433,No,No,0.4374
O118907,No,No,0.3005
O112545,No,No,0.1587
O132932,No,No,0.2709
O134417,No,No,0.1614
O122356,No,No,0.3332
O111027,No,No,0.4305
O104009,No,No,0.3002
O100069,No,No,0.046
O121813,No,No,0.0539
O126438,Yes,No,0.4405
O114392,No,No,0.3535
O132838,No,No,0.2425
O124013,No,No,0.4033
O107638,No,No,0.2471
O102025,No,No,0.2283
O126101,No,No,0.3094
O121495,No,No,0.3677
O116428,No,No,0.3219
O111241,No,No,0.3045
O127432,No,No,0.2809
O128699,No,No,0.3605
O122735,No,No,0.3332
O113614,No,No,0.1083
O114554,No,No,0.4304
O120229,No,No,0.0623
O112345,No,No,0.4718
O131188,No,No,0.1062
O116451,No,No,0.273
O129713,No,No,0.3121
O127133,No,No,0.4123
O116960,No,No,0.2931
O123732,No,No,0.2543
O131211,No,No,0.1478
O109069,No,No,0.1802
O128633,No,No,0.4194
O114734,No,No,0.2001
O126614,Yes,No,0.339
O105326,No,No,0.3164
O101720,No,No,0.2575
O131432,No,No,0.4577
O116039,No,No,0.2468
O123716,No,No,0.0865
O121008,No,No,0.2427
O112372,No,No,0.3433
O119258,No,No,0.4795
O125310,No,No,0.4116
O103389,No,No,0.2223
O101681,No,No,0.2914
O123728,No,No,0.369
O131083,No,No,0.0731
O124116,No,No,0.3045
O121593,No,No,0.309
O108759,No,No,0.4113
O115368,No,No,0.2326
O108132,No,No,0.2348
O127946,No,No,0.3049
O119050,No,No,0.4208
O133907,No,No,0.1492
O111237,No,No,0.1936
O115897,No,No,0.0482
O122029,No,No,0.4801
O120089,Yes,No,0.3582
O125361,No,No,0.2554
O121303,No,No,0.2951
O126167,No,No,0.245
O112689,No,No,0.2762
O114652,No,No,0.3186
O111020,No,No,0.2928
O103826,No,No,0.2193
O125438,No,No,0.1912
O118825,No,No,0.2679
O131535,No,No,0.1773
O117728,No,No,0.1239
O122895,No,No,0.2365
O117366,No,No,0.296
O126518,No,No,0.2723
O121776,No,No,0.2358
O113218,No,No,0.2231
O102121,No,No,0.3642
O121966,No,No,0.2763
O122470,No,No,0.2441
O120324,No,No,0.2619
O112837,No,No,0.1886
O133671,No,No,0.254
O103205,No,No,0.3733
O122168,No,No,0.3252
O120524,No,No,0.2316
O129241,No,No,0.2763
O117364,No,No,0.1032
O131368,No,No,0.3181
O104590,No,No,0.2536
O120288,No,No,0.4236
O120293,No,No,0.2536
O103425,No,Yes,0.7284
O120422,No,No,0.3099
O118403,No,No,0.3551
O110206,No,No,0.2925
O131252,Yes,Yes,0.5341
O111030,Yes,No,0.3031
O117912,No,No,0.2131
O102197,No,No,0.2486
O128184,No,Yes,0.5997
O121839,No,No,0.3545
O103415,No,No,0.4606
O101445,No,No,0.1407
O102337,No,No,0.0913
O103619,No,No,0.2961
O130306,No,No,0.3527
O113527,No,No,0.2149
O131633,No,No,0.2196
O131961,No,No,0.2195
O105160,No,No,0.3433
O122789,No,No,0.3272
O125306,No,No,0.0677
O116845,No,No,0.3815
O106122,Yes,No,0.2301
O126444,No,No,0.4472
O113759,No,No,0.3016
O116621,No,No,0.4086
O128354,No,Yes,0.5164
O117505,No,No,0.259
O101940,No,No,0.1439
O107538,No,No,0.4275
O113058,No,No,0.4517
O130190,No,No,0.2138
O105862,No,No,0.3779
O117801,No,No,0.0488
O134458,No,No,0.2013
O127433,No,No,0.1475
O116550,No,No,0.2958
O109326,No,No,0.3436
O109573,No,No,0.1466
O109411,Yes,No,0.3278
O130443,No,No,0.2776
O102776,No,No,0.3466
O106779,Yes,Yes,0.5615
O127216,No,No,0.3877
O129589,No,No,0.2042
O110072,No,No,0.4386
O115771,No,No,0.1597
O127505,No,No,0.3096
O123066,No,No,0.4213
O110415,No,No,0.4422
O119557,No,No,0.3843
O104361,No,No,0.1528
O113705,No,No,0.2966
O126422,No,No,0.2768
O123599,No,No,0.3245
O103433,No,No,0.1687
O112555,No,No,0.3246
O120489,No,No,0.3937
O128577,No,No,0.2113
O121947,No,No,0.3682
O115482,No,Yes,0.592
O100811,No,No,0.1917
O131726,No,No,0.2441
O109839,No,No,0.2048
O126597,No,No,0.4435
O109292,No,No,0.2716
O114733,No,No,0.1624
O113831,No,No,0.4536
O104951,No,No,0.3366
O119665,No,No,0.2237
O126482,No,No,0.2143
O119882,No,No,0.1462
O110414,No,Yes,0.644
O128973,No,No,0.2995
O122991,No,No,0.3703
O106501,No,No,0.0795
O110028,No,No,0.1793
O120075,No,No,0.3395
O126956,No,No,0.4854
O101104,No,Yes,0.5402
O119809,No,No,0.4244
O131766,No,No,0.289
O118045,No,No,0.2701
O107757,No,No,0.0836
O102766,No,Yes,0.59
O118905,No,No,0.3265
O118005,No,No,0.3529
O126008,No,Yes,0.5021
O119945,No,No,0.4187
O101176,No,No,0.0935
O130653,No,No,0.3168
O106054,No,No,0.3396
O130798,No,No,0.3434
O101456,No,No,0.4442
O106595,No,No,0.0751
O118317,No,No,0.3446
O111408,No,No,0.1307
O125119,No,No,0.2661
O120865,No,No,0.4328
O125591,No,No,0.2304
O118338,No,No,0.1403
O113464,No,No,0.3539
O132030,No,No,0.1104
O121343,No,No,0.3949
O125481,No,No,0.1264
O104622,No,No,0.0804
O110313,No,No,0.3001
O123685,No,No,0.0486
O105597,No,No,0.3613
O102952,No,No,0.4301
O119905,No,No,0.3295
O107390,No,No,0.4737
O127612,No,No,0.2822
O129778,No,No,0.3678
O106673,No,No,0.2472
O133061,No,No,0.1224
O112729,Yes,No,0.2387
O119212,No,No,0.2789
O125707,No,No,0.1191
O112834,No,No,0.4126
O133542,No,No,0.1131
O132220,No,No,0.4144
O123083,No,No,0.3257
O118663,No,No,0.2752
O101763,No,No,0.1889
O114886,No,No,0.4044
O103060,No,No,0.2831
O126699,No,No,0.3105
O113810,Yes,No,0.183
O130830,No,No,0.2411
O126844,No,No,0.3382
O108414,No,No,0.3139
O118604,No,No,0.3443
O105072,No,No,0.1802
O111619,No,No,0.1626
O110335,No,No,0.2736
O132479,No,No,0.2784
O108915,No,No,0.2764
O114225,No,No,0.3423
O115042,No,No,0.1884
O123228,No,No,0.1683
O115222,No,No,0.3353
O104452,Yes,No,0.2802
O117249,Yes,No,0.3716
O125785,No,No,0.3862
O101909,No,No,0.4456
O133977,No,No,0.3855
O113510,No,No,0.2995
O104541,No,No,0.3728
O103953,Yes,No,0.288
O121187,No,No,0.0574
O110636,No,No,0.3587
O100150,No,No,0.4604
O112882,No,No,0.206
O133119,No,No,0.147
O132204,No,No,0.4279
O119690,No,No,0.1794
O121785,No,No,0.3372
O104103,No,No,0.1592
O129421,No,No,0.3659
O131158,No,No,0.3465
O110367,No,No,0.0832
O100016,No,No,0.3287
O105083,No,No,0.3381
O104204,No,No,0.2961
O123714,No,No,0.1154
O128295,No,No,0.3083
O100887,No,No,0.2344
O129338,No,No,0.3555
O111365,No,No,0.3762
O120565,No,No,0.0599
O120015,No,No,0.3315
O131977,No,No,0.1919
O128729,No,No,0.3089
O102080,No,No,0.1204
O128570,No,No,0.4388
O118307,No,No,0.3713
O115763,No,No,0.2239
O100889,No,No,0.4125
O111952,No,No,0.4275
O120442,No,No,0.3167
O107515,No,No,0.3427
O115639,No,No,0.4675
O102285,No,Yes,0.5299
O100701,No,No,0.3088
O106942,No,No,0.2898
O133000,Yes,No,0.3654
O125670,No,No,0.2865
O123120,No,No,0.3236
O111997,No,No,0.375
O133055,No,No,0.2592
O106386,No,No,0.2933
O131601,No,Yes,0.5229
O122340,No,No,0.27
O129839,No,No,0.28
O130214,No,No,0.4331
O113176,No,No,0.1159
O117374,No,No,0.0474
O126384,No,No,0.2076
O121166,No,No,0.2744
O111220,No,No,0.267
O133889,No,No,0.363
O127102,No,No,0.3048
O129237,No,No,0.3448
O101285,No,No,0.3766
O120000,No,No,0.2596
O101984,No,No,0.0889
O128810,No,No,0.321
O108766,No,No,0.3322
O134237,No,No,0.3086
O109022,No,No,0.4306
O104893,No,No,0.4062
O133356,No,No,0.2824
O130519,No,No,0.3612
O101470,No,No,0.2735
O133549,No,No,0.1534
O120986,No,No,0.1736
O113611,No,No,0.3057
O117466,No,No,0.1065
O117156,No,No,0.4736
O100880,No,Yes,0.5734
O113128,No,No,0.2799
O131830,No,No,0.3141
O117390,No,No,0.3027
O106498,No,No,0.4704
O118326,No,No,0.3036
O102223,No,No,0.275
O118633,No,No,0.1221
O128284,No,No,0.2298
O123427,No,No,0.3307
O124503,No,No,0.3813
O109996,No,No,0.4452
O110435,No,No,0.4201
O114650,No,No,0.3365
O112116,No,No,0.3569
O100405,No,No,0.3706
O109800,No,No,0.3907
O117066,Yes,No,0.4095
O103948,No,No,0.0881
O118592,No,No,0.0962
O120367,No,No,0.4144
O119728,No,No,0.1816
O120667,No,No,0.2968
O132860,No,No,0.3199
O127178,No,No,0.2919
O128792,No,No,0.3098
O128139,No,No,0.2664
O134056,No,No,0.3222
O112611,No,No,0.3779
O101987,No,No,0.3098
O124600,No,No,0.2481
O105267,No,Yes,0.5822
O115920,No,No,0.2061
O119197,No,No,0.4413
O119063,No,No,0.2379
O133561,No,No,0.3535
O114355,No,No,0.3297
O108422,No,No,0.1525
O130850,No,No,0.4533
O109053,No,No,0.2696
O119759,No,No,0.1211
O122391,No,No,0.4298
O107973,No,No,0.2202
O130599,No,No,0.0539
O112182,No,No,0.4042
O121209,No,No,0.0531
O129454,No,No,0.2048
O106810,No,No,0.2734
O134252,No,No,0.4407
O117145,Yes,No,0.3627
O104324,Yes,No,0.2111
O104784,No,No,0.4613
O120319,No,No,0.1859
O131299,No,No,0.2295
O109382,No,No,0.4494
O128464,No,No,0.3196
O105965,No,Yes,0.5129
O103816,No,Yes,0.587
O101941,No,No,0.2013
O107760,No,No,0.2729
O113416,No,No,0.2849
O118457,No,No,0.2279
O108404,Yes,No,0.3233
O107820,No,No,0.3304
O132076,No,Yes,0.5221
O121644,No,No,0.1719
O114819,No,No,0.1408
O108201,No,No,0.1672
O134469,No,No,0.2431
O105228,Yes,No,0.3699
O134314,No,No,0.3568
O117048,No,No,0.3231
O100325,No,No,0.3368
O110359,No,No,0.4307
O133392,No,No,0.3676
O101038,No,No,0.2574
O116222,No,No,0.3422
O105587,No,No,0.4643
O121104,No,No,0.1478
O125577,No,No,0.0348
O102306,No,No,0.1833
O109040,No,No,0.1702
O130362,No,No,0.4035
O134222,No,No,0.04
O129876,No,No,0.1651
O120945,Yes,No,0.3345
O106165,No,No,0.4181
O124255,No,No,0.3468
O127737,No,No,0.3475
O101702,No,No,0.2606
O105523,No,No,0.2038
O111289,No,No,0.2076
O119183,No,No,0.3322
O103940,No,No,0.2749
O125149,No,No,0.3692
O108696,No,No,0.3982
O103260,No,No,0.4001
O125635,No,No,0.2431
O127108,No,No,0.3427
O116386,No,No,0.2306
O120824,No,No,0.3713
O134460,No,No,0.2297
O130817,No,No,0.3301
O115277,No,No,0.3634
O123616,No,No,0.3506
O130627,No,No,0.2002
O118114,No,No,0.312
O121903,Yes,No,0.4129
O111738,No,No,0.2311
O116557,No,No,0.1403
O112632,No,No,0.2681
O130776,No,No,0.3266
O111188,No,No,0.2037
O103326,Yes,Yes,0.5522
O124702,No,No,0.3514
O111998,No,No,0.2594
O111161,No,No,0.4392
O131769,No,No,0.2775
O106070,No,No,0.204
O126121,No,No,0.242
O133991,No,No,0.3029
O128522,No,No,0.0323
O102589,No,No,0.241
O128527,No,No,0.2642
O102022,No,No,0.313
O100191,No,No,0.3523
O117595,No,No,0.3158
O124734,No,No,0.1281
O117651,No,No,0.2793
O107393,No,No,0.3328
O133517,No,No,0.3936
O132970,No,No,0.3298
O129946,No,No,0.4794
O130587,No,No,0.203
O117329,No,No,0.3733
O130543,No,No,0.448
O126392,No,No,0.2817
O110820,No,No,0.2531
O103611,No,No,0.3609
O130307,No,No,0.4775
O130003,No,No,0.3133
O127668,No,No,0.2115
O119812,No,No,0.272
O125679,No,No,0.3789
O123963,No,No,0.3324
O120663,No,No,0.4842
O101014,No,No,0.2572
O105530,No,No,0.4014
O123191,No,No,0.3064
O124269,No,No,0.1705
O126975,No,No,0.2199
O100526,No,No,0.428
O112031,No,No,0.3295
O113500,No,No,0.2463
O130242,No,No,0.4749
O129811,No,No,0.1508
O128243,No,No,0.383
O106868,No,No,0.1973
O113266,No,No,0.3406
O123983,No,No,0.2083
O115118,No,No,0.3081
O126514,No,No,0.3159
O110890,No,No,0.3585
O108792,No,No,0.2823
O115473,No,No,0.4102
O120248,No,No,0.4062
O102448,No,No,0.4891
O101954,No,No,0.3993
O123595,No,No,0.1553
O133729,No,No,0.1197
O113846,No,No,0.1159
O105154,No,No,0.324
O105038,No,No,0.2706
O103558,No,No,0.1298
O129331,No,No,0.3127
O103322,No,No,0.3157
O124359,No,No,0.3223
O114513,No,No,0.4741
O100566,No,No,0.3898
O121381,No,No,0.2874
O127725,No,No,0.2512
O128768,No,No,0.3321
O113723,Yes,No,0.3231
O105493,No,No,0.2473
O124550,No,No,0.444
O123611,No,No,0.432
O112347,No,No,0.2241
O109997,No,No,0.028
O133597,No,No,0.3265
O118895,No,No,0.3489
O112749,No,No,0.2729
O119672,No,No,0.2717
O113589,No,No,0.1179
O132735,No,No,0.1949
O128532,No,No,0.1781
O101141,No,No,0.4529
O104479,No,No,0.4553
O116272,No,No,0.3541
O115358,No,No,0.4019
O113571,No,No,0.2541
O102550,No,Yes,0.6139
O113007,No,No,0.4675
O122712,No,No,0.3295
O105328,No,No,0.3445
O105783,No,No,0.1977
O105399,No,No,0.1789
O118345,No,No,0.1306
O113960,No,No,0.2784
O116505,No,No,0.1734
O117915,No,No,0.3881
O113150,No,No,0.2666
O130537,No,No,0.1544
O102700,No,No,0.4851
O100906,No,No,0.0816
O132820,No,No,0.4015
O121344,No,Yes,0.5046
O105479,Yes,No,0.4384
O108778,No,No,0.2269
O123947,No,No,0.2139
O119270,No,No,0.2298
O130608,No,No,0.2891
O113438,No,No,0.0545
O131666,No,No,0.2099
O130742,No,No,0.2234
O119551,No,No,0.0729
O127636,No,No,0.1729
O132053,No,No,0.4202
O113606,No,No,0.2357
O124947,No,No,0.2972
O114118,No,No,0.3634
O113090,No,No,0.3939
O105468,No,No,0.4685
O114453,No,No,0.3669
O124377,No,No,0.3374
O102304,No,No,0.0427
O119587,No,No,0.314
O115747,No,No,0.3573
O120061,No,No,0.2383
O108073,No,No,0.2974
O127738,No,No,0.3575
O105330,No,No,0.2878
O114303,No,No,0.3037
O100284,No,No,0.3351
O110815,No,No,0.2553
O127893,No,No,0.1062
O104048,No,No,0.1875
O102777,No,No,0.4467
O104628,No,Yes,0.6464
O133898,No,No,0.304
O109503,No,No,0.3401
O121447,No,No,0.2537
O125170,No,No,0.2524
O109402,No,No,0.3812
O122068,No,No,0.2559
O131081,No,No,0.3084
O119116,No,No,0.2087
O110436,No,No,0.4984
O116294,Yes,No,0.392
O132268,No,No,0.3485
O126398,No,No,0.3888
O117230,No,No,0.1827
O129342,Yes,Yes,0.5387
O133131,No,No,0.4192
O128597,No,No,0.0642
O100504,Yes,No,0.2372
O113680,No,No,0.2945
O119146,No,No,0.3875
O122622,No,No,0.3176
O110460,No,No,0.2574
O133877,No,No,0.2595
O103709,No,No,0.2547
O107797,No,No,0.181
O131315,No,No,0.1756
O101806,No,No,0.207
O104067,No,No,0.3178
O102037,No,No,0.3989
O119372,No,No,0.408
O116786,Yes,No,0.3
O102889,No,No,0.2566
O129479,No,No,0.2371
O120527,Yes,No,0.0618
O106605,No,No,0.3764
O133469,No,No,0.3097
O130200,No,No,0.3405
O125863,No,No,0.1687
O134403,No,No,0.4548
O115076,No,No,0.302
O109611,No,No,0.3052
O115889,No,No,0.3599
O109968,No,No,0.1819
O114235,No,No,0.184
O134486,No,No,0.475
O123731,No,No,0.0798
O110861,No,No,0.1909
O115562,No,No,0.3552
O130016,No,No,0.2815
O125136,No,No,0.4967
O122499,No,No,0.4618
O115599,No,No,0.3702
O108992,No,No,0.1798
O107104,Yes,No,0.3048
O129679,No,No,0.0748
O121754,No,No,0.2894
O124938,No,No,0.1562
O111923,No,No,0.4856
O111141,No,No,0.3532
O128041,No,No,0.3767
O107750,No,No,0.2618
O132712,No,No,0.3185
O115844,No,No,0.4149
O113732,No,Yes,0.5355
O117978,No,No,0.1471
O123741,No,No,0.2862
O120094,No,No,0.403
O128148,No,No,0.1539
O107589,No,No,0.4185
O131964,No,No,0.2511
O132698,No,No,0.2585
O109295,No,No,0.1623
O102088,No,No,0.286
O109636,No,No,0.3054
O118366,No,No,0.3076
O117995,No,No,0.334
O127047,No,No,0.3966
O130349,No,No,0.3328
O128009,Yes,No,0.4509
O111338,No,No,0.3955
O110901,Yes,No,0.2532
O103440,No,No,0.3612
O118412,No,No,0.144
O112380,No,No,0.3415
O129914,No,No,0.2381
O111898,No,No,0.3093
O124091,Yes,No,0.2382
O133493,No,No,0.2626
O101980,No,No,0.3502
O113219,Yes,No,0.466
O115082,No,No,0.4539
O116453,No,No,0.2506
O133081,No,No,0.4224
O103750,No,Yes,0.5348
O130518,No,No,0.4282
O128398,No,No,0.0342
O131201,No,No,0.2347
O132619,No,No,0.1248
O102509,No,No,0.2807
O104921,No,No,0.1783
O129367,No,No,0.2122
O117496,No,Yes,0.5082
O104065,No,No,0.4126
O102218,No,No,0.162
O112916,Yes,No,0.4048
O101905,No,No,0.4622
O109609,No,No,0.3822
O105620,No,No,0.3517
O126902,No,No,0.2446
O117458,No,No,0.2804
O111327,No,No,0.2448
O117470,No,No,0.2744
O130858,No,No,0.2261
O110758,No,No,0.137
O109524,Yes,No,0.4392
O117445,No,No,0.3123
O122432,No,No,0.2559
O129393,No,No,0.1261
O128134,No,No,0.1894
O127036,No,No,0.3045
O133410,No,No,0.2915
O106838,No,No,0.2798
O103256,Yes,No,0.3508
O100195,No,No,0.1662
O114739,No,No,0.1524
O128788,No,No,0.2239
O105211,No,No,0.3705
O113280,No,No,0.3005
O108762,No,No,0.4557
O100170,No,No,0.3432
O122945,No,No,0.3295
O129271,No,No,0.4241
O105930,No,No,0.3285
O116831,No,Yes,0.513
O116094,No,No,0.3964
O120386,No,No,0.172
O128982,No,No,0.1836
O116065,No,No,0.1228
O107621,No,No,0.3441
O112470,No,No,0.1716
O110955,No,No,0.0597
O129743,No,No,0.1998
O112274,No,No,0.4071
O105625,No,No,0.4207
O105208,No,No,0.2908
O116623,No,No,0.4748
O104564,No,No,0.462
O105325,No,No,0.2696
O134053,No,No,0.3736
O130151,No,No,0.1524
O119563,No,No,0.272
O125889,No,No,0.358
O100924,No,No,0.3285
O102205,No,No,0.1289
O124666,No,No,0.379
O119908,Yes,No,0.1864
O115536,No,No,0.3497
O130892,No,No,0.4129
O123354,No,No,0.3079
O102495,No,No,0.4371
O130360,No,No,0.3929
O120457,No,No,0.3837
O111960,No,No,0.2872
O127527,No,No,0.1508
O124847,No,No,0.409
O120741,No,No,0.1303
O127206,No,No,0.3364
O108106,No,No,0.3447
O116007,No,No,0.2051
O125069,No,No,0.214
O111775,No,Yes,0.511
O111334,No,No,0.2677
O121165,No,No,0.15
O100582,No,No,0.1217
O104327,No,No,0.1675
O127411,No,No,0.2415
O108036,No,No,0.2631
O132327,No,No,0.31
O102179,No,No,0.1044
O132450,No,No,0.2077
O101353,No,No,0.1889
O116545,No,No,0.2336
O130945,No,No,0.464
O131080,No,No,0.4318
O109186,No,No,0.3668
O121727,No,No,0.2777
O115154,No,No,0.2198
O123837,Yes,No,0.2326
O102570,No,No,0.4622
O112049,No,No,0.3398
O121581,No,No,0.44
O120207,No,No,0.2665
O121244,No,No,0.2453
O107795,No,No,0.049
O122707,No,No,0.1988
O112588,No,No,0.2838
O129446,No,No,0.2466
O127919,No,No,0.0148
O102401,No,No,0.3198
O101374,No,No,0.1928
O105041,No,No,0.1398
O121396,No,No,0.1224
O120591,No,No,0.4137
O107178,No,No,0.0979
O112907,No,No,0.1078
O103160,No,No,0.0715
O124316,No,No,0.1925
O106261,No,No,0.1906
O114667,No,No,0.2487
O104866,No,No,0.3063
O132690,No,No,0.2686
O123894,No,No,0.179
O117027,Yes,No,0.1106
O129726,Yes,No,0.4673
O124007,No,No,0.3384
O123952,No,No,0.1795
O129774,No,No,0.1734
O117126,No,Yes,0.513
O106714,No,No,0.432
O122925,Yes,No,0.3585
O130716,No,No,0.4269
O112152,No,No,0.2194
O117123,No,No,0.0716
O134133,No,No,0.0671
O124429,Yes,No,0.139
O122137,No,No,0.2283
O116692,No,No,0.2423
O109197,No,No,0.2952
O115318,No,No,0.1646
O119067,No,No,0.4145
O111780,No,No,0.3227
O123123,Yes,No,0.3045
O122591,No,No,0.4166
O120050,No,No,0.223
O114014,No,No,0.1137
O124416,No,No,0.3506
O122431,No,No,0.238
O134360,No,No,0.4497
O115768,Yes,No,0.1726
O114764,No,No,0.2145
O125142,No,No,0.2723
O120917,No,No,0.382
O124038,No,Yes,0.6022
O126845,No,No,0.464
O113267,No,No,0.2888
O114263,No,No,0.2676
O105236,No,No,0.3519
O111572,No,No,0.3487
O117295,No,No,0.3984
O104842,No,No,0.4705
O119480,No,No,0.1925
O107256,No,No,0.2807
O130262,No,No,0.3645
O109394,No,No,0.2141
O120426,No,No,0.1157
O100973,No,Yes,0.6013
O108440,No,No,0.3627
O111263,No,Yes,0.5434
O103434,No,Yes,0.5873
O116730,No,Yes,0.5231
O113937,No,Yes,0.5283
O104395,No,No,0.3182
O118313,No,No,0.245
O133685,No,No,0.2632
O106001,No,No,0.3768
O129555,No,No,0.1997
O124961,No,No,0.0708
O127298,Yes,No,0.4191
O127884,Yes,No,0.2693
O114792,No,No,0.3396
O102064,No,No,0.0921
O121670,No,No,0.3388
O110616,No,No,0.4386
O111228,No,No,0.3077
O128526,No,No,0.2301
O117940,No,No,0.3445
O133427,Yes,No,0.2265
O133094,No,No,0.1661
O114671,No,No,0.317
O128617,No,No,0.3732
O110739,No,No,0.1138
O121770,No,No,0.3039
O116793,No,No,0.2805
O113535,No,No,0.3534
O131820,No,No,0.2556
O106094,Yes,No,0.1184
O131474,No,No,0.1051
O100798,No,No,0.3284
O133983,Yes,No,0.1338
O132782,No,No,0.336
O127308,No,No,0.1738
O113514,No,No,0.3512
O122526,No,No,0.2962
O104554,No,No,0.4186
O127564,No,No,0.3592
O131760,No,No,0.3775
O119168,No,No,0.3289
O110663,No,No,0.4492
O103019,Yes,No,0.3487
O114633,No,No,0.4996
O124445,No,No,0.3167
O105290,No,No,0.3686
O104116,No,Yes,0.507
O116252,No,No,0.224
O130358,No,No,0.0755
O127069,No,No,0.2135
O110598,No,No,0.3246
O107294,No,No,0.4765
O102140,No,No,0.3109
O122675,Yes,No,0.4186
O101778,No,No,0.2871
O117689,No,No,0.2824
O134083,No,No,0.3806
O133400,No,No,0.2362
O107472,No,No,0.311
O131921,Yes,No,0.2299
O106970,No,No,0.2479
O114963,No,No,0.4017
O121042,No,No,0.1024
O103016,No,No,0.4555
O130157,No,No,0.274
O125912,No,No,0.4592
O118459,No,No,0.2545
O125190,No,No,0.1901
O122762,No,No,0.3721
O104455,No,No,0.3702
O122487,No,No,0.3682
O100658,No,No,0.0834
O114146,No,No,0.1849
O113433,No,No,0.4464
O125090,No,No,0.3407
O111309,No,No,0.1924
O132065,No,No,0.3534
O122594,No,No,0.3717
O134328,No,No,0.2141
O116892,No,No,0.3171
O127031,No,No,0.3056
O120201,No,No,0.3642
O118329,No,No,0.3926
O116813,No,No,0.4731
O130659,No,No,0.2166
O116587,No,No,0.2515
O112137,No,No,0.4952
O121773,No,No,0.3348
O108442,No,No,0.436
O110046,No,Yes,0.5386
O105608,No,No,0.3147
O121568,No,No,0.3844
O112497,No,No,0.1506
O118952,No,No,0.2044
O115294,No,No,0.4569
O120997,No,No,0.1126
O106889,No,No,0.4181
O134101,No,No,0.3094
O131972,No,No,0.2971
O125338,No,Yes,0.5416
O109765,No,No,0.4879
O108101,No,No,0.2077
O133312,No,No,0.3725
O125549,No,No,0.3886
O105729,No,No,0.3732
O124617,No,No,0.2223
O101324,No,No,0.4904
O128286,No,No,0.2715
O114658,Yes,No,0.2291
O100375,No,No,0.2474
O130827,No,No,0.1152
O101530,No,No,0.4711
O115488,No,No,0.3781
O113288,No,No,0.2492
O112437,No,No,0.1452
O108712,No,No,0.236
O126658,No,No,0.2771
O121569,No,No,0.3484
O114183,No,No,0.4099
O123095,No,No,0.362
O128528,No,No,0.4575
O121231,No,No,0.3082
O103458,No,No,0.4546
O103125,No,No,0.1141
O130739,No,No,0.2045
O107622,Yes,No,0.4536
O124612,No,No,0.4299
O108435,No,No,0.2991
O103392,No,No,0.171
O111709,No,No,0.4139
O121047,No,No,0.3551
O130334,No,No,0.3148
O124890,Yes,No,0.3339
O111102,No,No,0.2924
O103529,No,No,0.414
O106712,No,No,0.3853
O104600,No,No,0.4092
O115465,No,No,0.1891
O103462,No,Yes,0.5196
O122871,No,No,0.2784
O106279,Yes,No,0.4442
O107489,No,No,0.3221
O114206,No,No,0.2784
O119495,No,No,0.2437
O127425,No,No,0.2816
O130971,No,No,0.1077
O106841,Yes,No,0.3299
O132419,No,No,0.3249
O134219,No,No,0.2158
O102243,No,No,0.3196
O122750,No,No,0.4053
O131679,No,No,0.2678
O129253,No,No,0.2649
O125236,No,No,0.2492
O114060,No,No,0.1716
O132624,No,No,0.2939
O106788,No,No,0.4865
O126676,Yes,No,0.2525
O114127,No,No,0.3298
O109586,No,No,0.1995
O132717,Yes,No,0.2766
O128891,No,No,0.1104
O121794,Yes,No,0.2587
O116977,No,No,0.121
O129627,No,No,0.3667
O101633,No,No,0.1807
O106247,No,No,0.301
O133594,No,No,0.2024
O107414,No,No,0.2463
O108185,No,No,0.2268
O111712,No,No,0.3831
O105763,No,No,0.2972
O108212,No,No,0.3356
O103592,No,No,0.2848
O120738,No,No,0.0818
O130749,No,No,0.1734
O133381,No,No,0.1203
O107603,No,No,0.3218
O127050,No,No,0.3066
O128120,No,No,0.1531
O110708,No,No,0.4341
O105258,No,No,0.2429
O101679,No,No,0.1486
O104671,No,No,0.1392
O104871,No,No,0.2293
O108891,No,No,0.3539
O126570,No,No,0.371
O117003,No,No,0.3669
O114361,No,No,0.3483
O126986,No,No,0.2395
O120208,No,Yes,0.5307
O123940,No,No,0.4225
O108243,No,No,0.1832
O111763,No,No,0.4221
O118705,No,No,0.3378
O115983,No,No,0.2124
O123772,No,No,0.2946
O100642,No,No,0.4194
O119925,No,Yes,0.5889
O115356,No,No,0.3157
O107486,No,No,0.2803
O109071,No,No,0.284
O125910,No,No,0.2107
O105414,No,No,0.1406
O111280,No,No,0.1526
O102387,No,No,0.3744
O127004,No,No,0.1508
O131762,No,No,0.1398
O112414,No,No,0.3813
O130819,No,No,0.2763
O125247,No,No,0.2995
O128164,No,No,0.3523
O119795,No,No,0.4267
O129899,No,No,0.3722
O133109,No,No,0.1966
O110896,No,No,0.2482
O120456,No,No,0.3889
O112863,No,No,0.0669
O133167,No,No,0.1905
O121091,No,No,0.2726
O102690,Yes,No,0.4272
O107714,No,No,0.2669
O125563,No,No,0.3961
O120555,No,No,0.0481
O102931,No,No,0.4405
O104118,No,No,0.2849
O100710,No,No,0.186
O122480,No,No,0.1118
O113188,No,No,0.1152
O122597,No,No,0.4587
O118310,No,No,0.3303
O122781,No,No,0.2384
O120868,No,No,0.3304
O123661,No,No,0.2982
O118406,No,No,0.2093
O100700,No,No,0.2378
O131052,No,No,0.2703
O113314,No,No,0.3129
O123268,No,No,0.1322
O103445,No,No,0.279
O103239,No,No,0.1913
O116488,Yes,No,0.3528
O101185,Yes,No,0.3569
O115985,No,No,0.3272
O102351,No,No,0.1273
O123286,No,No,0.1547
O115211,No,No,0.2571
O130863,No,No,0.1881
O117220,No,No,0.4329
O124278,No,No,0.4528
O130007,No,No,0.3467
O107181,No,No,0.4847
O108166,No,No,0.2593
O132435,No,No,0.2967
O129444,No,No,0.2607
O131581,No,No,0.331
O103400,No,No,0.2566
O124210,No,No,0.4831
O121681,No,No,0.3715
O111454,No,No,0.3289
O112268,No,No,0.2556
O119313,No,No,0.4985
O130466,No,No,0.1935
O128167,No,No,0.0928
O121098,No,No,0.2212
O114394,No,No,0.2009
O130934,No,No,0.3063
O113895,Yes,No,0.4013
O113794,No,Yes,0.5726
O113517,No,No,0.3592
O125743,No,No,0.3692
O111690,No,No,0.3519
O109051,No,No,0.4436
O130982,No,No,0.3789
O122407,No,No,0.1606
O114201,No,No,0.3951
O129297,Yes,No,0.2874
O110721,No,No,0.2788
O133014,No,No,0.3153
O123936,No,No,0.2849
O111795,No,No,0.2829
O108941,No,No,0.2389
O132071,No,No,0.362
O133404,No,No,0.3389
O104668,No,No,0.4348
O104848,No,No,0.1876
O123195,No,No,0.1181
O120349,No,No,0.1265
O124780,No,No,0.3127
O133801,No,No,0.3522
O116289,No,No,0.2985
O130465,No,No,0.193
O121254,No,No,0.2856
O132498,No,No,0.0404
O129800,No,No,0.1156
O106680,No,No,0.2764
O133635,No,No,0.0455
O112802,No,No,0.0952
O124425,No,No,0.2667
O134396,No,No,0.332
O132504,No,No,0.2568
O129558,No,No,0.4035
O102923,No,No,0.43
O134030,No,No,0.1956
O110737,No,No,0.0244
O108432,No,No,0.4221
O127209,No,No,0.3148
O101815,No,No,0.2325
O128135,No,No,0.4429
O123935,No,No,0.4119
O114363,No,No,0.3042
O105609,No,No,0.2627
O102028,No,No,0.3377
O131035,No,No,0.4248
O105872,No,No,0.4133
O105868,No,No,0.2525
O109395,No,No,0.2252
O108401,No,No,0.3038
O102019,No,No,0.2797
O116773,No,No,0.415
O105976,No,No,0.3449
O108656,No,No,0.3114
O120303,No,No,0.073
O111333,No,No,0.1596
O105982,No,No,0.0904
O129942,No,No,0.434
O123000,Yes,No,0.342
O107362,No,No,0.4068
O102202,No,No,0.3133
O130405,No,No,0.2447
O120108,No,No,0.3551
O100218,No,No,0.1177
O124192,No,No,0.2518
O122365,No,Yes,0.5292
O109269,No,No,0.3952
O106965,No,No,0.4883
O122015,No,No,0.3204
O100289,No,No,0.3709
O100662,No,No,0.3037
O104591,No,No,0.2717
O118808,No,No,0.4305
O114288,No,No,0.1109
O118582,No,No,0.3491
O120470,No,No,0.4967
O120639,Yes,No,0.1742
O129676,No,No,0.2204
O130453,No,No,0.3917
O129350,No,No,0.3643
O128223,No,No,0.102
O108424,No,No,0.3343
O102146,No,No,0.3358
O123248,No,No,0.3781
O109623,No,No,0.0674
O104661,No,No,0.2363
O123747,No,No,0.3579
O100084,No,No,0.4648
O109628,No,No,0.2317
O102829,No,No,0.4075
O113402,No,No,0.4522
O103347,No,No,0.2452
O120807,No,No,0.1025
O131809,No,No,0.3061
O100550,No,No,0.3511
O100091,No,No,0.1512
O104475,No,No,0.1974
O105926,No,No,0.0383
O121386,No,No,0.1406
O133198,No,No,0.1943
O108512,No,No,0.2261
O113468,No,No,0.3434
O114660,No,No,0.1531
O113861,No,No,0.3008
O105993,No,No,0.042
O110539,No,No,0.3308
O100378,No,No,0.2355
O113149,No,No,0.3785
O127621,No,No,0.2794
O108619,No,No,0.3167
O124728,No,No,0.3753
O111765,No,No,0.3777
O120985,Yes,No,0.4532
O126503,No,No,0.3232
O134221,No,No,0.215
O127548,No,No,0.4236
O101126,No,No,0.2014
O132746,No,No,0.3677
O129586,No,No,0.177
O117204,No,No,0.3064
O123106,No,No,0.3863
O124923,No,No,0.2854
O112778,No,No,0.2029
O117828,Yes,No,0.2023
O131690,No,No,0.3044
O112875,No,No,0.3948
O129159,Yes,No,0.4553
O106208,No,No,0.1043
O118115,No,No,0.4178
O129662,No,No,0.1598
O129791,No,No,0.3475
O124747,No,No,0.3288
O127344,No,No,0.0668
O106996,No,No,0.1779
O125636,No,No,0.3233
O131199,No,No,0.4399
O133374,No,No,0.2657
O122218,No,No,0.2526
O123125,No,No,0.2572
O113551,No,No,0.2515
O117665,No,No,0.036
O131415,No,No,0.3266
O101274,No,No,0.3291
O100720,No,No,0.3768
O123785,No,No,0.2609
O100131,No,No,0.2617
O134395,No,No,0.4725
O100718,No,No,0.4042
O103834,No,No,0.2476
O110150,Yes,No,0.3241
O118263,No,No,0.4851
O127035,No,No,0.2664
O113010,No,No,0.3278
O115322,No,No,0.3943
O130018,No,No,0.3719
O128831,No,No,0.3534
O103648,No,No,0.2088
O101756,No,No,0.2715
O124129,No,Yes,0.5274
O100025,No,No,0.1381
O133047,No,No,0.1966
O120720,No,No,0.3161
O129873,No,No,0.2077
O133166,No,No,0.143
O107937,No,No,0.3542
O125234,No,No,0.1005
O116677,No,No,0.0608
O123862,No,No,0.3116
O129363,No,No,0.359
O118851,No,No,0.2519
O126175,No,No,0.056
O132354,No,No,0.4318
O107623,No,No,0.0415
O118826,No,No,0.3536
O123629,No,Yes,0.5108
O115519,No,No,0.1842
O114693,No,No,0.3119
O130681,No,No,0.3207
O111139,Yes,No,0.222
O132105,No,No,0.2015
O112270,No,No,0.3163
O124880,No,No,0.3026
O114887,No,No,0.2474
O113956,Yes,Yes,0.5314
O133460,No,No,0.2538
O115068,No,Yes,0.5685
O125520,Yes,No,0.3728
O102097,No,No,0.0864
O121374,No,No,0.3706
O118919,No,No,0.4368
O104742,No,No,0.3014
O119485,No,No,0.3988
O125176,No,No,0.3372
O109138,No,No,0.1886
O120724,No,No,0.445
O111134,No,No,0.3016
O115826,No,No,0.2167
O107100,No,No,0.3659
O106757,No,No,0.275
O105309,No,No,0.0341
O116822,Yes,No,0.3865
O118634,Yes,No,0.3557
O115008,No,No,0.4634
O123294,No,No,0.1973
O114914,No,No,0.4142
O112990,No,No,0.2189
O118301,No,No,0.2215
O133804,No,No,0.1041
O133015,No,No,0.4575
O102641,Yes,Yes,0.535
O126381,No,No,0.231
O113209,No,Yes,0.6093
O122518,No,No,0.3417
O128629,No,No,0.4275
O114759,Yes,No,0.4461
O110025,No,Yes,0.5268
O107000,No,No,0.3433
O132487,No,No,0.4146
O105633,No,No,0.3651
O133682,Yes,No,0.3532
O119385,No,No,0.1251
O105736,No,No,0.2376
O118819,No,No,0.15
O125817,No,No,0.0766
O127398,No,No,0.3205
O130939,No,No,0.2911
O127803,No,No,0.3479
O122726,No,No,0.3106
O118104,No,No,0.1905
O122214,No,No,0.0674
O127783,No,No,0.348
O118832,No,No,0.2579
O131301,No,No,0.0723
O110697,No,No,0.3609
O102325,No,No,0.0399
O110546,No,No,0.3386
O101830,No,No,0.2418
O116235,No,No,0.2325
O123336,No,No,0.1983
O104829,No,No,0.4406
O121483,No,No,0.4227
O116541,No,No,0.4184
O102726,No,No,0.035
O114285,No,No,0.3494
O120646,No,No,0.1006
O127239,No,No,0.2883
O124856,No,No,0.2726
O105404,No,No,0.4093
O114985,No,No,0.1928
O104492,Yes,No,0.3302
O116382,No,No,0.2155
O106470,No,No,0.2996
O121283,No,No,0.1855
O110512,No,No,0.355
O100825,No,No,0.2742
O122134,No,No,0.4174
O124803,No,No,0.3982
O117427,No,No,0.1767
O129429,No,No,0.1956
O117608,No,No,0.0816
O125166,No,No,0.2209
O129871,No,No,0.2204
O113370,No,No,0.4568
O111858,No,No,0.1073
O121553,No,No,0.1475
O127736,No,No,0.0703
O101996,No,No,0.0306
O100994,No,No,0.3386
O132175,No,No,0.4157
O120180,No,No,0.23
O116924,No,No,0.3927
O113557,No,No,0.3023
O131755,No,No,0.4922
O134340,No,No,0.0926
O103918,No,No,0.4385
O126626,No,No,0.1989
O104883,No,Yes,0.5227
O105776,No,No,0.4154
O128005,No,No,0.2279
O108761,No,No,0.1974
O114845,No,Yes,0.5833
O131583,No,No,0.474
O120739,No,No,0.2519
O107071,No,No,0.1158
O129782,No,No,0.2786
O108202,No,No,0.221
O129452,No,No,0.3239
O131973,No,No,0.2448
O126957,No,No,0.3948
O109951,No,No,0.2557
O111599,No,No,0.166
O126575,No,No,0.4038
O127872,No,No,0.3107
O117905,No,No,0.2327
O131417,No,No,0.2086
O130364,No,No,0.1061
O105844,No,No,0.4069
O123407,No,No,0.3955
O102194,No,No,0.3656
O121911,No,No,0.2154
O133492,No,No,0.1737
O116840,No,No,0.2223
O131428,No,No,0.4156
O101065,No,No,0.4162
O103840,No,No,0.3272
O104012,No,Yes,0.5197
O133322,No,No,0.0464
O127087,No,No,0.2766
O103237,No,No,0.4567
O123199,No,No,0.1117
O102972,No,No,0.2858
O108230,No,No,0.4248
O122659,No,No,0.332
O124764,No,No,0.2793
O130237,No,No,0.3155
O114038,Yes,No,0.327
O103208,No,No,0.2119
O113946,No,No,0.2046
O117969,No,No,0.1456
O111424,No,No,0.2634
O102887,No,No,0.3984
O119144,No,No,0.2774
O125276,No,No,0.4467
O133579,No,No,0.499
O102252,Yes,Yes,0.6184
O132316,No,No,0.4747
O105121,No,No,0.2217
O120291,No,No,0.2625
O128158,No,No,0.4147
O119245,No,No,0.2864
O129760,No,Yes,0.5065
O130123,No,No,0.3448
O122586,No,No,0.0459
O126140,No,No,0.3899
O111179,No,No,0.3205
O120932,Yes,No,0.4732
O123977,No,No,0.3623
O120545,No,No,0.0298
O125442,No,No,0.4048
O103830,No,Yes,0.6257
O127961,Yes,Yes,0.5625
O129113,No,No,0.4494
O114836,Yes,No,0.461
O118073,Yes,No,0.316
O128412,No,No,0.2119
O117748,No,No,0.4838
O108374,No,No,0.4036
O130531,No,No,0.4317
O116694,No,No,0.4715
O113968,No,No,0.2664
O117006,No,No,0.2819
O121003,No,Yes,0.5542
O111268,No,No,0.4091
O118056,No,No,0.2547
O103013,No,No,0.1957
O130696,No,No,0.4386
O120661,No,No,0.3501
O113842,No,No,0.3617
O129948,Yes,No,0.3351
O109688,No,No,0.2476
O106773,No,No,0.3438
O132922,No,No,0.1214
O115225,No,No,0.2182
O102991,No,No,0.3374
O103822,No,No,0.1253
O132474,No,No,0.4036
O124004,Yes,No,0.2209
O131638,No,No,0.1627
O102719,No,No,0.2036
O108814,No,No,0.1561
O115998,Yes,No,0.0533
O102973,No,No,0.1032
O106782,No,No,0.3915
O104903,No,No,0.3087
O125652,No,No,0.3886
O104736,Yes,No,0.2889
O124234,No,No,0.1815
O103498,No,No,0.0661
O121282,No,No,0.3248
O122509,No,No,0.0895
O119860,No,No,0.4489
O103695,No,Yes,0.5501
O127233,No,Yes,0.5595
O129746,No,No,0.3972
O113575,No,No,0.1297
O111766,No,No,0.2793
O118136,No,No,0.2212
O108825,No,No,0.1981
O122856,No,No,0.2416
O100839,No,No,0.3594
O101499,No,No,0.0814
O130865,Yes,No,0.4144
O133891,No,No,0.1487
O115432,No,No,0.0976
O112095,No,No,0.334
O115161,No,No,0.4224
O121896,No,No,0.1778
O117199,No,No,0.3199
O133705,No,No,0.3256
O120307,No,No,0.1576
O118883,No,No,0.0326
O105099,No,No,0.1543
O107116,No,No,0.3842
O128443,Yes,Yes,0.5675
O101751,No,No,0.3206
O113025,No,No,0.318
O108011,No,No,0.357
O115263,No,No,0.3847
O129893,No,No,0.0362
O124588,No,No,0.4009
O104224,No,No,0.4903
O126836,No,No,0.2539
O100371,No,No,0.2527
O108081,No,No,0.3705
O133150,No,No,0.3926
O109438,No,No,0.3467
O111864,Yes,Yes,0.5347
O129595,Yes,No,0.2594
O134257,No,No,0.4141
O122808,No,No,0.1323
O132447,Yes,No,0.1873
O122319,No,No,0.3665
O118541,No,No,0.2957
O110055,No,No,0.332
O100816,No,No,0.3616
O121257,No,No,0.167
O123433,No,No,0.2937
O122184,No,No,0.2177
O114805,No,No,0.2499
O122985,No,No,0.1779
O124237,No,No,0.341
O122892,No,No,0.1798
O104206,No,No,0.206
O101117,No,No,0.3603
O104740,No,Yes,0.5372
O123454,No,No,0.098
O124069,No,No,0.2538
O102809,No,No,0.1674
O117980,No,No,0.2356
O104434,No,No,0.3671
O102955,No,No,0.3634
O120634,No,No,0.4519
O104406,No,No,0.3199
O120202,No,No,0.3278
O110401,No,No,0.2668
O118162,No,No,0.0443
O133280,No,No,0.0709
O118910,No,No,0.344
O125107,No,No,0.4427
O125536,No,No,0.1127
O132663,No,No,0.3108
O133733,No,No,0.4018
O105561,No,No,0.2601
O113864,No,No,0.222
O131441,No,No,0.0834
O120004,No,No,0.1693
O124070,No,No,0.0618
O116374,No,No,0.2709
O133616,No,No,0.2072
O103352,No,No,0.3454
O119800,No,Yes,0.559
O127136,No,No,0.2204
O111181,No,No,0.4712
O101803,No,No,0.2354
O108367,No,No,0.3052
O123019,No,No,0.4152
O107099,No,No,0.3372
O124078,No,No,0.2243
O106896,No,No,0.3884
O127556,No,No,0.4293
O131983,No,No,0.2143
O100011,No,No,0.2412
O134476,No,No,0.2667
O128995,No,No,0.2305
O116236,No,No,0.4545
O121629,No,No,0.2282
O100179,No,No,0.3535
O132785,No,No,0.4008
O105928,No,No,0.4545
O124096,No,No,0.3502
O125608,No,No,0.3919
O119646,No,No,0.158
O103134,No,No,0.0955
O112169,No,No,0.1871
O117777,No,No,0.2579
O106583,No,No,0.4592
O113087,No,No,0.1217
O110178,No,Yes,0.6514
O103653,No,No,0.2955
O100350,No,No,0.1072
O105896,No,No,0.2773
O119107,No,No,0.3515
O108507,No,No,0.373
O109265,No,No,0.3083
O119788,Yes,No,0.37
O116720,No,No,0.3527
O124244,No,No,0.2221
O104221,No,No,0.2792
O119633,No,No,0.2106
O111884,No,No,0.3569
O130579,No,No,0.4753
O112840,No,No,0.1143
O119024,No,No,0.3215
O116615,No,No,0.1426
O116224,No,No,0.162
O103889,No,No,0.2668
O101369,No,No,0.488
O114797,No,No,0.1544
O128631,No,No,0.2985
O126925,No,No,0.4289
O105937,No,No,0.3668
O105789,No,No,0.2917
O115349,No,No,0.1843
O127400,No,No,0.4234
O123553,No,No,0.4553
O101814,No,No,0.0947
O134498,No,No,0.4043
O115171,No,No,0.3153
O104171,No,No,0.101
O102748,Yes,No,0.4752
O100088,No,No,0.4192
O112610,No,No,0.3033
O122524,No,No,0.0785
O110497,No,No,0.4194
O111582,No,No,0.271
O130726,No,No,0.2365
O114893,No,No,0.0674
O127440,No,No,0.0968
O118320,No,No,0.3156
O108488,No,No,0.3024
O110309,No,No,0.1278
O120740,No,No,0.2911
O124928,No,No,0.4349
O124821,No,No,0.4664
O109509,No,No,0.3626
O117886,No,No,0.4919
O126772,No,No,0.1029
O120241,No,No,0.0935
O104026,No,No,0.2306
O100837,No,No,0.3854
O100640,No,No,0.3764
O100171,No,No,0.0434
O130667,No,No,0.2516
O128525,No,Yes,0.5221
O125894,No,No,0.0522
O122400,No,No,0.32
O126501,No,No,0.0633
O117207,No,No,0.1129
O115348,No,No,0.1743
O114820,No,No,0.184
O132544,No,No,0.2325
O108574,No,No,0.3142
O125443,No,No,0.3469
O121709,No,No,0.3852
O106898,No,No,0.4102
O100647,No,No,0.389
O127058,No,No,0.1343
O129015,No,No,0.4154
O116825,No,No,0.3686
O114173,No,No,0.3416
O101346,No,No,0.3258
O132215,No,No,0.1758
O128638,No,No,0.1802
O120369,No,No,0.4477
O122840,No,No,0.1767
O123482,No,No,0.4468
O109159,No,No,0.3072
O102369,No,No,0.3761
O121287,No,No,0.3379
O126868,No,No,0.4816
O121170,No,No,0.123
O118903,No,No,0.0324
O123868,No,No,0.3267
O131595,No,No,0.4332
O103044,No,No,0.3065
O104621,No,No,0.0906
O128816,No,No,0.0172
O118025,No,No,0.3366
O112201,No,No,0.2164
O134397,No,No,0.095
O110834,No,No,0.3158
O114685,No,No,0.3109
O107977,No,No,0.2214
O122082,No,No,0.038
O104631,Yes,No,0.4022
O126452,No,No,0.3141
O131537,No,No,0.3381
O101187,No,No,0.3239
O114743,No,No,0.3014
O118007,No,No,0.2803
O108985,No,No,0.372
O109066,No,No,0.28
O127810,No,No,0.2852
O128293,No,No,0.1694
O128717,No,No,0.2135
O118344,No,No,0.2522
O133335,No,No,0.3953
O101757,No,No,0.2041
O117449,No,No,0.312
O107600,Yes,No,0.1994
O120259,No,No,0.4166
O108114,No,No,0.3143
O121132,No,No,0.325
O119743,No,No,0.398
O115152,No,No,0.3631
O106472,No,No,0.2918
O112491,No,No,0.4514
O123015,No,No,0.4697
O120691,No,No,0.3758
O127920,No,No,0.3474
O130567,No,No,0.4466
O112762,No,No,0.0435
O101150,No,No,0.3739
O134005,No,No,0.3408
O127604,No,No,0.3171
O100352,No,No,0.4894
O133071,No,No,0.3561
O112590,No,No,0.2043
O132730,No,No,0.438
O109191,No,No,0.2352
O126970,Yes,No,0.393
O112957,No,No,0.1713
O116066,No,No,0.3837
O128082,No,No,0.3164
O129344,No,No,0.4125
O128712,No,Yes,0.5123
O101722,No,No,0.3509
O104926,No,No,0.4651
O105348,No,No,0.2967
O103534,No,No,0.3677
O117774,No,No,0.4573
O107513,No,No,0.3508
O128680,No,No,0.1013
O100398,No,No,0.1604
O113755,No,No,0.2692
O103292,No,No,0.018
O100120,No,No,0.3831
O126782,No,No,0.3319
O106622,No,Yes,0.511
O123554,No,No,0.3173
O126589,No,No,0.4881
O127283,No,No,0.2958
O111716,No,No,0.2495
O120959,No,No,0.2175
O129044,No,No,0.2838
O121299,No,No,0.1726
O119450,No,No,0.3621
O113518,No,No,0.4206
O108857,No,No,0.1769
O112450,No,No,0.3267
O131448,No,No,0.2668
O132616,No,No,0.3363
O117859,No,No,0.2313
O122183,No,No,0.1569
O100564,No,No,0.333
O129617,No,No,0.2491
O129360,No,No,0.1575
O105514,No,No,0.3617
O108859,No,No,0.364
O124258,No,No,0.2517
O105756,No,No,0.081
O106892,No,No,0.191
O112637,No,No,0.0186
O109580,No,Yes,0.5923
O118521,No,No,0.3088
O114047,No,No,0.3161
O100079,No,No,0.2266
O131271,No,No,0.4892
O124645,No,No,0.2472
O125895,No,No,0.3752
O131834,No,No,0.2076
O129728,Yes,No,0.4417
O105410,No,No,0.1779
O128119,No,No,0.2712
O103475,No,No,0.3013
O115711,No,No,0.2193
O102323,No,No,0.0595
O109888,No,No,0.101
O111064,No,No,0.1634
O103468,No,No,0.035
O133470,No,No,0.3415
O128049,No,No,0.2756
O128230,No,No,0.0433
O107332,No,No,0.188
O124859,No,No,0.1284
O114776,No,No,0.2689
O112108,No,No,0.013
O130341,No,No,0.4473
O131238,No,No,0.2097
O117515,No,No,0.2289
O133276,No,No,0.3638
O128411,No,No,0.0641
O131562,No,No,0.2312
O102491,No,No,0.2144
O123832,No,No,0.3571
O111136,No,No,0.4027
O127542,No,No,0.3641
O128425,No,No,0.4526
O115629,No,Yes,0.6466
O107470,No,No,0.3925
O111730,No,No,0.2392
O108115,No,No,0.2937
O131232,No,No,0.2878
O107692,No,No,0.313
O131085,No,No,0.3364
O114983,No,No,0.2171
O102554,No,No,0.247
O107548,No,No,0.1783
O121019,No,No,0.4153
O111671,No,No,0.4703
O119913,No,No,0.4219
O104432,No,No,0.4223
O112510,No,No,0.4304
O104576,No,No,0.1771
O103851,No,No,0.3447
O120735,No,No,0.2732
O133480,No,No,0.3882
O132256,Yes,No,0.3066
O125255,No,No,0.4431
O121300,No,No,0.0493
O129909,No,No,0.3731
O122973,No,No,0.3624
O117965,No,No,0.1757
O111313,No,No,0.2744
O132778,No,No,0.261
O124544,No,No,0.269
O118280,No,Yes,0.5754
O120286,No,No,0.3503
O123705,No,No,0.308
O127926,No,No,0.2728
O121273,No,No,0.4064
O117017,Yes,No,0.1919
O127453,No,No,0.3556
O111563,No,No,0.343
O107065,No,No,0.3559
O107328,No,Yes,0.5226
O121992,No,No,0.4459
O131177,No,No,0.2553
O102846,No,No,0.3525
O126470,No,No,0.3675
O130437,No,No,0.2514
O115943,No,No,0.064
O102404,No,No,0.3687
O102206,No,No,0.3608
O105361,No,No,0.357
O116708,No,No,0.2206
O124442,No,No,0.349
O122118,No,Yes,0.5599
O117808,No,No,0.3
O115173,No,No,0.2045
O133843,No,No,0.3726
O116610,No,No,0.4499
O133252,No,Yes,0.5643
O108383,No,No,0.2963
O126028,No,No,0.3118
O126083,No,No,0.3582
O106316,No,No,0.3519
O104321,No,Yes,0.5663
O129181,No,Yes,0.5444
O123139,No,No,0.2019
O113368,No,No,0.3023
O126754,No,No,0.3119
O128138,No,No,0.1569
O127034,No,No,0.1777
O112185,No,No,0.2505
O109434,No,No,0.2383
O123657,No,No,0.2118
O109543,No,No,0.3824
O132014,Yes,No,0.3437
O101382,No,No,0.2287
O132666,Yes,No,0.1742
O131521,No,No,0.4084
O100660,No,No,0.4428
O117549,No,No,0.0779
O121536,No,No,0.3868
O100436,No,No,0.2041
O103547,No,No,0.3517
O114052,No,No,0.3851
O133646,No,No,0.439
O103548,No,No,0.1447
O102728,No,No,0.2652
O133754,No,No,0.2242
O106934,No,No,0.2015
O121811,No,No,0.4182
O126289,No,No,0.2654
O117147,No,No,0.4691
O125488,No,No,0.3229
O126712,No,No,0.2692
O132135,No,No,0.1814
O101708,No,No,0.267
O118275,No,No,0.261
O120151,No,No,0.4402
O104985,No,No,0.3466
O107696,No,No,0.3134
O103831,No,No,0.0562
O116442,No,No,0.3582
O124965,No,No,0.3783
O100297,Yes,No,0.2183
O114577,No,No,0.2274
O104588,No,No,0.1112
O101760,No,No,0.4534
O111911,No,No,0.3649
O112337,No,No,0.3763
O126286,No,No,0.2145
O116198,No,Yes,0.558
O124075,No,No,0.2655
O102542,No,No,0.2587
O103119,No,No,0.3927
O111782,No,No,0.2144
O106449,No,No,0.4654
O103482,No,No,0.3813
O103815,No,No,0.1068
O113050,No,No,0.3067
O114620,No,No,0.3382
O107001,No,No,0.2049
O118024,No,No,0.398
O105732,No,No,0.3182
O103520,No,No,0.4352
O100799,No,Yes,0.5139
O112324,No,No,0.3976
O110343,No,No,0.0839
O105061,No,No,0.442
O119789,No,No,0.3904
O111452,No,No,0.4423
O122933,No,No,0.1949
O112043,No,No,0.382
O117690,No,No,0.3564
O133042,No,Yes,0.6516
O124784,No,No,0.2278
O109731,No,No,0.3203
O124409,No,No,0.3528
O100160,No,No,0.3603
O118178,No,Yes,0.5569
O110551,No,No,0.1479
O107528,No,No,0.4659
O112241,No,No,0.2234
O114491,Yes,Yes,0.6033
O117964,No,No,0.2485
O114149,No,No,0.1879
O122086,No,No,0.3609
O121633,No,No,0.4207
O118120,No,No,0.3286
O121530,No,No,0.3329
O103112,No,No,0.293
O102128,No,No,0.2767
O105650,Yes,No,0.3699
O103514,No,No,0.0575
O110738,No,No,0.3189
O127970,No,No,0.2769
O126216,No,No,0.3467
O119247,No,No,0.2478
O133056,No,No,0.2336
O133162,No,No,0.3243
O134290,No,No,0.2868
O114352,No,No,0.2676
O108601,Yes,No,0.4465
O130224,No,No,0.2756
O133057,Yes,Yes,0.563
O114336,No,No,0.0479
O128949,No,No,0.4697
O105932,No,No,0.3403
O129374,No,No,0.3722
O105385,No,No,0.4467
O114010,No,No,0.2548
O106771,No,No,0.0466
O102350,No,No,0.3884
O134472,No,No,0.1962
O122885,No,No,0.2347
O129953,No,No,0.2245
O104667,No,No,0.287
O130377,No,No,0.3841
O133676,No,Yes,0.5829
O129489,No,No,0.3691
O115069,No,No,0.3175
O121333,No,No,0.105
O116907,No,No,0.0304
O108429,No,No,0.3801
O118030,No,No,0.4888
O123600,No,No,0.406
O121260,No,No,0.3552
O131401,No,No,0.3323
O101659,No,No,0.2747
O130925,No,Yes,0.6203
O119825,No,No,0.2205
O132228,No,No,0.2278
O107351,No,No,0.3769
O124716,No,No,0.2842
O113871,No,Yes,0.6047
O113401,Yes,No,0.3857
O102590,No,No,0.3864
O130057,Yes,Yes,0.5878
O104953,Yes,No,0.237
O131089,No,No,0.2051
O127597,No,No,0.1202
O121479,No,No,0.262
O110586,No,No,0.4587
O121631,No,No,0.0959
O106672,No,No,0.4966
O109021,No,No,0.2916
O125397,Yes,No,0.1776
O119443,No,No,0.4653
O111348,Yes,No,0.251
O127443,No,No,0.3633
O130642,No,No,0.2851
O106073,Yes,No,0.331
O103902,No,No,0.2634
O127968,No,No,0.1017
O104719,No,No,0.2756
O128124,No,No,0.4621
O131539,No,No,0.4071
O108475,No,Yes,0.5565
O101189,No,No,0.2814
O101588,No,No,0.4754
O117926,No,No,0.4705
O118306,No,No,0.3374
O109860,No,No,0.3786
O106667,No,No,0.3942
O133186,No,No,0.3013
O114306,No,No,0.4371
O132088,No,No,0.2309
O117233,No,No,0.4181
O102568,Yes,No,0.0869
O113997,Yes,No,0.2504
O126821,No,No,0.3979
O107863,No,No,0.2991
O117573,No,No,0.3919
O129160,Yes,No,0.3493
O130133,No,No,0.3724
O100856,No,No,0.2566
O104130,No,No,0.1534
O125775,No,No,0.1831
O119785,No,No,0.3966
O127280,No,No,0.2693
O114460,No,No,0.3785
O107302,Yes,No,0.3498
O129194,No,No,0.2102
O117540,No,No,0.2652
O125804,No,No,0.3409
O113140,No,No,0.3026
O113574,No,No,0.3334
O129459,No,No,0.1915
O104240,No,No,0.2431
O118764,No,No,0.1954
O120883,No,No,0.3371
O100538,No,No,0.2709
O111945,No,No,0.2682
O121868,No,No,0.3954
O106630,No,No,0.4788
O104346,No,No,0.3694
O124247,Yes,No,0.3939
O119745,No,No,0.3723
O110726,No,No,0.2852
O111511,No,No,0.3744
O118761,No,No,0.3605
O105419,No,No,0.1728
O101165,Yes,No,0.3174
O117110,Yes,No,0.2904
O130532,No,No,0.1597
O109457,No,No,0.3384
O125777,No,No,0.3859
O115790,No,No,0.3402
O124312,No,No,0.1513
O101058,No,No,0.2445
O113439,No,No,0.4024
O126230,No,No,0.0924
O119763,No,Yes,0.5364
O122360,No,No,0.1307
O120584,Yes,No,0.3402
O106450,No,No,0.2115
O110629,No,No,0.4725
O132517,No,Yes,0.5109
O118501,Yes,No,0.3545
O130399,No,No,0.3367
O123100,No,No,0.2629
O132839,No,No,0.0332
O132239,No,No,0.0671
O117559,No,No,0.2208
O117567,No,No,0.0847
O115036,No,No,0.325
O125755,No,No,0.1597
O114614,No,No,0.492
O101029,No,No,0.3864
O119193,No,No,0.3612
O107271,Yes,No,0.3767
O111113,No,No,0.2384
O134196,No,No,0.389
O116110,No,No,0.4965
O110903,No,No,0.2638
O129476,No,No,0.1775
O117144,No,No,0.4136
O111574,No,No,0.4198
O123752,No,No,0.3768
O109849,No,No,0.1845
O108635,No,No,0.3646
O105739,No,No,0.304
O130309,No,No,0.3869
O132799,No,No,0.2344
O114588,No,No,0.2156
O123842,No,Yes,0.5588
O111378,No,No,0.2945
O120014,No,No,0.3009
O106095,No,No,0.2713
O127859,No,No,0.1927
O116465,No,No,0.3968
O105581,No,No,0.2593
O128659,No,No,0.2177
O101895,No,No,0.3638
O112690,No,No,0.1932
O119033,No,No,0.2408
O114707,No,No,0.3586
O115764,No,No,0.3024
O132262,No,No,0.4787
O112684,No,No,0.4554
O100207,No,No,0.0944
O131907,No,No,0.233
O112214,No,No,0.1986
O131915,No,No,0.1022
O113001,No,No,0.1313
O122394,No,No,0.1942
O105386,No,No,0.312
O100208,No,No,0.1561
O111604,No,No,0.3234
O130977,No,No,0.4602
O111551,No,No,0.2002
O111846,No,No,0.2236
O123988,No,No,0.0286
O122080,No,Yes,0.5437
O119852,No,No,0.4644
O111791,No,No,0.2215
O102002,No,No,0.4369
O114700,No,No,0.3101
O116305,No,No,0.377
O132190,Yes,No,0.3376
O110193,No,No,0.2192
O112423,No,No,0.0321
O113478,No,No,0.2695
O115049,No,No,0.2328
O128181,No,No,0.2499
O103594,No,No,0.401
O127790,No,No,0.3048
O100458,No,No,0.2057
O123901,No,No,0.2504
O116164,No,No,0.3901
O106226,No,No,0.3483
O128980,No,No,0.4846
O111508,No,No,0.2182
O114596,No,Yes,0.6301
O107779,No,Yes,0.5402
O100551,No,No,0.2417
O125851,No,No,0.1884
O103419,No,No,0.3473
O108844,No,No,0.2724
O110257,No,No,0.3347
O113228,Yes,No,0.2438
O121354,No,No,0.2221
O121389,No,No,0.4623
O102660,No,No,0.4484
O129730,No,No,0.3045
O106422,No,Yes,0.5262
O133664,No,No,0.0921
O112465,No,No,0.354
O128379,No,No,0.4021
O124695,Yes,No,0.3076
O107716,No,Yes,0.5458
O104473,No,No,0.4536
O104888,No,No,0.2126
O105571,No,No,0.0744
O119589,No,No,0.2968
O117472,No,No,0.2569
O120488,No,No,0.3064
O106987,No,No,0.2713
O109412,No,No,0.2203
O120944,No,No,0.3651
O105329,No,No,0.2121
O119546,No,No,0.378
O123672,Yes,No,0.2881
O113286,No,No,0.1289
O103222,No,No,0.4886
O125909,No,Yes,0.5544
O127646,Yes,No,0.4234
O112577,No,No,0.255
O123405,No,No,0.2705
O124032,No,No,0.2878
O122017,No,No,0.218
O101711,No,No,0.3478
O129587,No,No,0.2994
O117580,No,No,0.3441
O120500,No,No,0.4444
O129457,No,No,0.3005
O115660,No,No,0.2861
O112589,No,No,0.3977
O122486,No,No,0.37
O106065,No,No,0.3122
O122955,No,No,0.3046
O115037,No,No,0.352
O131192,No,No,0.2907
O101962,No,No,0.0451
O105666,No,No,0.3345
O106020,No,Yes,0.5916
O111175,No,No,0.1581
O101995,No,No,0.3291
O120346,No,No,0.3469
O129901,No,No,0.0567
O103958,No,No,0.3106
O106146,No,No,0.062
O122531,No,No,0.4753
O128945,No,No,0.1515
O102803,No,No,0.3311
O121206,No,No,0.2996
O131771,No,No,0.2747
O134387,No,No,0.4451
O131273,No,No,0.3862
O119482,No,No,0.31
O129255,No,No,0.192
O102095,No,No,0.2328
O128749,No,No,0.3102
O123917,No,No,0.1646
O133521,No,No,0.038
O123346,No,No,0.1648
O106313,No,No,0.3991
O103910,No,No,0.3738
O124697,No,No,0.394
O131853,No,No,0.3063
O126394,No,No,0.3077
O131946,No,No,0.3632
O114160,No,No,0.3047
O128111,No,No,0.3945
O115295,No,Yes,0.5649
O121359,Yes,No,0.3832
O132948,Yes,No,0.2046
O120308,No,No,0.3672
O104525,No,No,0.1225
O108929,No,No,0.4851
O117902,No,No,0.3877
O122059,No,No,0.0285
O127785,No,No,0.3591
O110433,No,No,0.3186
O100459,No,Yes,0.6098
O129150,No,No,0.3922
O102416,No,No,0.4459
O103291,No,No,0.086
O119095,No,Yes,0.5523
O109685,No,No,0.2024
O125035,No,No,0.458
O128219,No,No,0.3224
O100857,No,No,0.0447
O115135,No,No,0.3619
O133605,No,No,0.4615
O118387,No,No,0.2273
O124131,No,No,0.3544
O114046,No,No,0.2164
O113000,No,No,0.285
O109248,No,No,0.2603
O131004,No,No,0.2937
O113258,No,No,0.3889
O112525,No,Yes,0.5104
O133820,No,No,0.2396
O131791,No,No,0.0876
O113789,No,No,0.1284
O117350,No,No,0.1713
O129022,No,No,0.1368
O112736,No,No,0.1734
O128660,Yes,No,0.2407
O119175,No,No,0.4087
O129242,No,No,0.2455
O124510,No,No,0.2659
O125204,No,No,0.4417
O132618,No,No,0.4332
O131223,No,No,0.2124
O130877,No,No,0.2843
O132558,Yes,Yes,0.6134
O119980,No,No,0.4279
O113539,No,No,0.4215
O108390,No,No,0.3411
O116120,No,No,0.2075
O109525,No,No,0.2877
O103227,No,No,0.2283
O124849,No,No,0.4
O123287,No,No,0.3036
O104677,No,No,0.3444
O102478,No,No,0.0591
O120627,No,No,0.3785
O100209,No,No,0.3772
O124299,No,No,0.28
O110258,No,No,0.2236
O107943,No,No,0.1532
O112501,No,No,0.2849
O111152,No,No,0.29
O112189,No,No,0.1878
O119219,No,No,0.1157
O108705,No,No,0.3644
O115670,No,No,0.3285
O120043,No,No,0.1853
O118564,No,No,0.0588
O108327,No,No,0.3404
O128371,No,No,0.2549
O127957,No,No,0.4773
O103069,No,No,0.3132
O101419,Yes,Yes,0.5123
O114009,No,Yes,0.6379
O118927,No,No,0.3072
O127342,No,No,0.0501
O102879,No,No,0.3793
O114445,No,No,0.3452
O114189,No,No,0.1794
O109575,No,No,0.329
O114062,No,No,0.151
O103993,No,No,0.2528
O134426,No,No,0.1367
O122450,No,No,0.0677
O100400,No,No,0.271
O114679,No,No,0.0999
O105923,No,No,0.2422
O101042,No,No,0.333
O112972,No,No,0.2992
O104836,Yes,No,0.2085
O122275,No,No,0.0436
O113712,No,Yes,0.5514
O122129,Yes,No,0.4841
O129895,No,No,0.1096
O119486,No,No,0.432
O105350,No,No,0.244
O120607,No,No,0.4983
O122822,No,No,0.0587
O129505,No,No,0.2804
O112360,Yes,No,0.3126
O127863,No,No,0.2217
O105233,No,No,0.2105
O129188,No,No,0.2862
O123035,No,No,0.2055
O114154,No,No,0.2404
O116207,No,No,0.3128
O118147,No,No,0.3279
O105922,No,No,0.175
O118560,No,No,0.2745
O124483,No,No,0.322
O123794,No,No,0.389
O116376,No,No,0.1189
O129204,No,No,0.278
O112723,No,No,0.1146
O113461,No,No,0.0805
O126326,No,No,0.2653
O106225,No,Yes,0.5343
O114411,No,No,0.4676
O116105,No,No,0.461
O118394,No,No,0.3096
O114974,No,No,0.4417
O125209,No,No,0.2437
O112890,No,No,0.275
O111032,No,No,0.3955
O122598,No,No,0.382
O100421,No,Yes,0.5011
O124789,No,No,0.4563
O111794,No,No,0.0249
O131668,No,No,0.2778
O106502,No,No,0.1904
O114133,No,No,0.2973
O104878,No,No,0.2237
O106314,No,No,0.2776
O134321,No,No,0.4344
O117972,No,No,0.065
O105289,No,No,0.2372
O118224,No,No,0.238
O102193,Yes,No,0.2707
O105269,No,No,0.2844
O103933,No,No,0.1237
O108096,No,No,0.3969
O105037,No,No,0.0963
O110334,No,No,0.306
O133751,No,No,0.3195
O100197,No,No,0.3188
O124402,No,No,0.0881
O133078,No,No,0.4616
O131422,No,No,0.2843
O114431,No,No,0.1261
O103700,No,No,0.3844
O104681,No,No,0.2359
O117660,No,No,0.156
O102031,No,No,0.3747
O122285,Yes,No,0.263
O106616,No,No,0.4089
O130868,No,No,0.2138
O119025,No,No,0.0192
O118176,No,No,0.4873
O118228,No,No,0.2015
O115485,No,No,0.2978
O128283,No,No,0.0785
O125108,No,No,0.3294
O123225,No,No,0.3998
O130607,No,No,0.0524
O120425,No,No,0.1871
O130381,No,No,0.4829
O101153,No,Yes,0.5445
O115549,No,No,0.4611
O117061,No,No,0.3793
O101773,No,No,0.158
O102718,No,No,0.2702
O129111,No,No,0.3448
O106816,No,No,0.3861
O120885,No,No,0.3918
O118612,No,No,0.2366
O111414,No,No,0.4313
O101336,No,No,0.4807
O120831,No,No,0.4493
O131408,No,No,0.2947
O130699,No,No,0.4197
O106736,No,No,0.3013
O114422,No,No,0.2846
O102800,No,Yes,0.5337
O124079,No,No,0.3952
O117929,No,No,0.2014
O116624,No,No,0.1279
O116368,No,No,0.3789
O117111,No,No,0.2482
O105748,No,No,0.3154
O128105,No,No,0.3939
O119635,No,No,0.2497
O124530,No,No,0.3759
O109908,No,No,0.2529
O128710,No,No,0.2238
O108079,No,No,0.3147
O110042,Yes,No,0.3627
O121027,No,No,0.174
O129133,No,No,0.2101
O115326,No,No,0.3642
O122965,Yes,No,0.2147
O122170,No,No,0.1327
O118623,No,No,0.224
O111245,No,No,0.394
O106062,No,No,0.3859
O132680,No,No,0.1847
O111222,No,No,0.3425
O118553,No,No,0.2926
O109786,No,No,0.3627
O115605,No,No,0.4364
O120518,No,No,0.3741
O127477,No,No,0.2261
O122692,No,No,0.4013
O112822,No,No,0.3638
O129244,No,No,0.3044
O120266,No,No,0.2885
O104384,No,No,0.1827
O109002,No,No,0.3157
O109418,No,No,0.0329
O117296,No,No,0.3599
O107992,No,No,0.1413
O102020,No,Yes,0.5311
O110625,No,No,0.2221
O107079,No,No,0.2434
O105749,No,No,0.1836
O112457,No,No,0.2342
O108536,No,No,0.1877
O132488,No,No,0.435
O133564,No,No,0.2572
O116385,No,No,0.2828
O129023,No,No,0.309
O114880,Yes,No,0.2614
O130859,No,No,0.3307
O106754,Yes,No,0.3881
O127950,No,No,0.2526
O126630,No,No,0.2169
O109827,No,No,0.356
O117320,No,No,0.3418
O124553,No,No,0.2797
O113775,No,No,0.2769
O119733,Yes,No,0.4028
O116850,Yes,No,0.1898
O131534,No,Yes,0.5311
O121891,No,No,0.2666
O131612,No,No,0.3397
O112313,No,No,0.0454
O106653,No,No,0.4248
O103207,Yes,No,0.3057
O103541,No,No,0.1079
O118424,No,No,0.3619
O109743,No,No,0.3928
O128658,No,No,0.3406
O125742,No,No,0.4305
O110924,No,No,0.4884
O109128,No,No,0.4572
O132672,No,No,0.2997
O114110,No,No,0.344
O113330,No,No,0.2454
O109857,No,No,0.4089
O110423,No,No,0.2551
O129030,No,No,0.3531
O130577,No,No,0.4113
O126950,No,No,0.2158
O111917,No,No,0.2696
O108295,No,No,0.2119
O121146,No,No,0.1776
O131452,No,Yes,0.564
O131956,No,No,0.2496
O102192,No,Yes,0.5499
O125553,Yes,No,0.3213
O114986,No,No,0.4442
O111491,No,No,0.3379
O107762,No,No,0.0828
O102802,No,No,0.3943
O130344,No,No,0.069
O129837,No,Yes,0.5196
O132930,No,No,0.4716
O113142,No,No,0.1261
O128311,No,No,0.3866
O116762,No,No,0.137
O103946,No,No,0.4577
O114896,No,No,0.0612
O115650,No,Yes,0.5627
O117130,No,No,0.0733
O102078,No,No,0.4572
O105540,No,No,0.0467
O117075,No,No,0.3244
O131109,No,No,0.3997
O125695,No,No,0.0526
O119302,No,No,0.2444
O125137,No,Yes,0.5766
O126851,No,No,0.2768
O105312,No,No,0.4316
O112329,Yes,No,0.4839
O111442,No,No,0.2845
O120063,No,No,0.3812
O100897,No,Yes,0.5559
O115264,No,No,0.1913
O124124,No,No,0.1921
O105029,No,No,0.2174
O129139,No,No,0.3903
O126481,No,No,0.3736
O124943,No,No,0.2325
O124735,No,No,0.1325
O111816,No,No,0.4954
O108785,No,No,0.1919
O123058,No,Yes,0.5659
O114849,No,No,0.2593
O128972,No,No,0.3565
O108625,No,No,0.3814
O129190,No,No,0.3037
O109816,No,No,0.2428
O125498,No,No,0.2812
O122147,No,No,0.2265
O108983,Yes,No,0.0236
O110756,No,No,0.2664
O105532,No,No,0.3309
O111345,No,No,0.1244
O110799,No,No,0.2882
O133481,No,No,0.2688
O113778,No,No,0.3323
O112006,No,No,0.2435
O130382,No,No,0.4084
O106170,No,No,0.1891
O117979,No,No,0.2368
O132394,No,No,0.333
O122884,No,No,0.4892
O122811,No,No,0.4733
O129861,No,No,0.4183
O116156,No,No,0.3256
O111178,No,No,0.3804
O111639,No,No,0.4304
O112593,No,No,0.2636
O117428,No,No,0.337
O107427,No,No,0.143
O101614,No,No,0.2829
O128493,No,No,0.238
O121180,Yes,No,0.2826
O131161,No,No,0.3182
O109304,No,No,0.4289
O128409,No,No,0.3735
O110459,No,No,0.0595
O115279,No,No,0.3301
O118720,No,No,0.3872
O106480,No,No,0.2944
O127065,No,No,0.1797
O124955,No,No,0.1838
O101822,No,No,0.3774
O117317,No,No,0.2541
O108605,No,No,0.1357
O123065,No,No,0.149
O121720,No,No,0.3008
O120672,No,No,0.3909
O108358,No,Yes,0.5532
O127931,No,No,0.1566
O127701,No,Yes,0.6634
O133203,No,No,0.2423
O103615,No,No,0.3267
O101595,No,No,0.2749
O125118,No,No,0.2012
O101712,No,No,0.0654
O122795,No,No,0.4129
O111226,No,No,0.3552
O107194,No,No,0.3524
O105703,No,No,0.3415
O117442,No,No,0.0748
O122833,No,No,0.3787
O108805,No,No,0.3974
O114080,No,No,0.313
O125704,No,No,0.4218
O113887,No,No,0.3449
O125200,No,No,0.2881
O121502,No,No,0.2818
O107370,No,No,0.3269
O127043,No,Yes,0.5507
O110187,No,No,0.2731
O110774,No,No,0.4779
O125673,No,No,0.3043
O129071,No,No,0.2369
O113986,No,No,0.419
O116618,No,No,0.2591
O115924,No,No,0.0392
O104662,No,No,0.2938
O121100,No,No,0.1551
O127152,No,No,0.3305
O127696,No,No,0.3221
O109168,No,No,0.1976
O129280,No,Yes,0.6072
O116195,No,No,0.2256
O103565,No,No,0.1877
O107275,No,No,0.0364
O113386,No,No,0.4549
O100476,No,No,0.3384
O126687,No,No,0.2411
O120772,No,No,0.0849
O112645,No,No,0.0581
O116450,No,No,0.2373
O134088,No,No,0.4212
O123607,No,No,0.3553
O124384,Yes,No,0.0906
O120597,No,No,0.3356
O128656,No,No,0.4906
O129807,No,No,0.1353
O118770,No,No,0.4112
O105246,No,No,0.3726
O112738,No,No,0.2486
O127667,No,No,0.3147
O124831,No,No,0.3131
O106088,No,No,0.4009
O120709,No,No,0.1045
O119747,Yes,No,0.2339
O102257,No,No,0.1553
O100419,No,No,0.3682
O105373,No,No,0.1524
O132727,No,No,0.1681
O132781,No,No,0.3311
O129520,No,No,0.4853
O131647,No,No,0.3346
O127153,No,No,0.1648
O131075,Yes,No,0.3016
O126268,No,No,0.139
O102624,No,No,0.249
O112115,No,No,0.162
O126258,No,No,0.3796
O121712,No,No,0.2061
O104227,No,No,0.0324
O128596,No,No,0.4337
O100192,No,No,0.4638
O107713,No,No,0.1837
O124333,No,No,0.3061
O117685,No,No,0.1174
O100890,No,No,0.3532
O106649,No,No,0.4088
O103111,No,No,0.4065
O132764,No,No,0.3856
O117983,No,No,0.2295
O122786,No,No,0.3703
O115922,Yes,No,0.2452
O112847,No,No,0.3505
O126004,No,No,0.1311
O103605,No,Yes,0.5691
O127610,No,No,0.349
O101843,No,No,0.3164
O121424,No,No,0.0646
O105010,Yes,No,0.2545
O105792,No,No,0.389
O115270,No,No,0.4529
O103380,No,No,0.4415
O122452,No,No,0.1061
O131611,No,No,0.352
O110082,Yes,No,0.2287
O116769,No,No,0.0755
O120862,No,No,0.1096
O131828,No,No,0.3767
O107755,No,No,0.2042
O115986,No,No,0.365
O131142,No,No,0.1862
O106905,No,No,0.2575
O115956,No,No,0.4513
O100146,No,No,0.2422
O119853,No,No,0.1877
O123724,No,No,0.3737
O132867,No,No,0.0858
O108491,No,No,0.1571
O106594,No,No,0.4445
O132981,No,No,0.1061
O101563,No,No,0.0573
O101193,Yes,No,0.4624
O111391,No,No,0.2623
O106821,No,No,0.1786
O102106,No,No,0.3725
O118226,No,No,0.484
O107209,No,No,0.2883
O100729,No,No,0.2757
O115333,No,No,0.3357
O112010,No,No,0.2218
O134392,No,No,0.4806
O117279,No,No,0.3202
O106654,No,Yes,0.656
O122835,No,No,0.4267
O106935,No,No,0.4612
O128161,No,No,0.2686
O117637,No,No,0.3004
O133647,No,No,0.2446
O116177,No,No,0.2657
O100992,No,No,0.4162
O122710,No,No,0.2636
O101056,No,No,0.3296
O112609,No,No,0.3093
O112991,No,No,0.1137
O125131,No,No,0.4827
O110295,No,No,0.0722
O125009,No,No,0.3091
O112392,No,No,0.3115
O117332,No,No,0.3795
O122931,No,No,0.233
O110114,No,No,0.1582
O131263,No,No,0.4072
O111988,No,No,0.1828
O120104,No,No,0.2165
O123457,No,No,0.039
O119076,No,No,0.2633
O128616,No,No,0.0607
O113689,No,No,0.3185
O132990,Yes,No,0.3659
O121198,No,No,0.149
O120686,No,No,0.3721
O102059,No,No,0.0461
O130314,No,No,0.3216
O125366,No,No,0.1468
O106819,No,No,0.2081
O103912,Yes,No,0.1694
O128800,Yes,No,0.1802
O114842,No,No,0.3467
O120664,No,No,0.4048
O128055,No,No,0.2857
O113930,Yes,No,0.4065
O131200,No,No,0.4524
O100013,No,No,0.1495
O115396,No,No,0.3065
O110931,No,No,0.4251
O112389,No,No,0.2837
O131836,No,No,0.1272
O110640,Yes,No,0.34
O120145,No,No,0.2996
O117994,No,No,0.3423
O105180,No,Yes,0.5095
O105276,Yes,Yes,0.5084
O125456,No,No,0.3059
O124618,No,No,0.0511
O109607,No,Yes,0.6395
O116676,No,No,0.229
O114912,No,No,0.1003
O103732,No,No,0.4023
O133731,No,No,0.144
O122541,No,No,0.381
O133229,No,No,0.2502
O103203,No,No,0.2472
O118395,No,No,0.2068
O128794,No,No,0.0927
O113341,No,No,0.2635
O122857,No,No,0.4361
O101221,No,No,0.4044
O105068,No,No,0.2367
O130539,No,No,0.0725
O120190,No,No,0.4293
O110711,No,No,0.1381
O121856,No,No,0.4232
O100348,No,No,0.0602
O125018,No,No,0.4589
O125337,No,No,0.064
O119036,Yes,No,0.0891
O121757,No,No,0.4938
O131798,Yes,No,0.3792
O124218,No,No,0.3621
O101255,No,No,0.3232
O112783,No,No,0.0798
O111561,No,No,0.1325
O101934,Yes,No,0.4859
O104330,No,No,0.2199
O127936,No,No,0.2453
O130158,No,No,0.2466
O129372,No,No,0.2009
O132938,No,No,0.391
O103684,No,No,0.2401
O120235,No,No,0.3543
O125648,No,No,0.2914
O119870,No,No,0.0329
O109713,No,No,0.3391
O124658,No,No,0.3491
O104775,No,No,0.2986
O113676,No,No,0.4295
O121748,No,No,0.3501
O108443,No,No,0.2601
O114758,No,No,0.3246
O100849,No,No,0.2695
O127691,No,No,0.3673
O116903,No,No,0.2206
O128108,No,No,0.298
O129295,No,No,0.1089
O103923,No,No,0.4513
O131885,No,No,0.1031
O110796,Yes,Yes,0.5731
O103589,No,No,0.4165
O116379,No,No,0.1275
O116916,No,No,0.4226
O128622,No,No,0.1991
O129124,No,No,0.0653
O130664,Yes,Yes,0.555
O126677,No,No,0.3969
O134346,No,Yes,0.5246
O120774,No,No,0.4088
O111601,No,No,0.278
O117704,No,No,0.2242
O124532,No,No,0.138
O131258,No,Yes,0.5111
O115993,No,No,0.2784
O106086,No,No,0.0691
O116890,No,No,0.0495
O121319,No,No,0.2964
O122752,No,No,0.2837
O109132,No,No,0.3787
O119172,No,No,0.2964
O133690,No,No,0.3501
O110363,No,No,0.4047
O116501,No,No,0.2285
O129004,Yes,No,0.3528
O124932,No,No,0.3046
O120212,No,No,0.322
O122574,No,No,0.1729
O118346,No,No,0.2145
O111605,No,Yes,0.5129
O132198,No,No,0.3147
O128183,No,No,0.3065
O120082,No,No,0.3889
O129080,Yes,No,0.3813
O107773,No,No,0.267
O116071,No,No,0.0413
O133497,No,No,0.2296
O107126,Yes,No,0.4171
O105119,No,No,0.0925
O126172,No,No,0.3619
O119254,Yes,No,0.1461
O124651,No,No,0.3586
O110186,No,No,0.1945
O120301,No,No,0.4865
O110749,No,No,0.127
O123369,No,No,0.2684
O105769,No,No,0.145
O108678,No,No,0.342
O132763,No,No,0.289
O101043,No,No,0.299
O118033,No,No,0.3421
O133272,No,No,0.3232
O122889,No,No,0.407
O118739,No,No,0.0724
O104138,No,No,0.4492
O122637,No,No,0.4479
O129604,No,No,0.289
O113184,No,No,0.1808
O100697,No,No,0.13
O129177,No,No,0.2216
O111719,No,No,0.3163
O110856,No,No,0.4066
O101219,No,No,0.3042
O122709,No,No,0.2529
O105598,No,No,0.2871
O105360,No,No,0.4901
O107835,No,No,0.3495
O130082,No,No,0.155
O121952,No,No,0.344
O125060,No,No,0.3039
O134127,No,No,0.4087
O129330,No,No,0.2762
O103901,No,No,0.4303
O132896,No,No,0.3826
O133738,No,No,0.3246
O109528,No,No,0.4026
O127633,No,No,0.4529
O110103,No,No,0.17
O109235,No,No,0.2439
O107891,Yes,No,0.4504
O122567,No,No,0.2533
O103785,No,No,0.4466
O122041,No,No,0.2111
O120853,No,Yes,0.5451
O113943,No,No,0.3583
O122760,No,No,0.4387
O128836,No,No,0.2938
O115980,No,No,0.2697
O119651,No,No,0.4297
O114243,No,No,0.2903
O112665,No,No,0.3618
O116507,No,No,0.3383
O114858,No,No,0.0657
O121121,No,No,0.2318
O113604,No,No,0.3206
O127001,No,No,0.1346
O111965,No,Yes,0.5216
O105464,No,No,0.4453
O103369,Yes,No,0.2552
O115720,No,No,0.1915
O106981,No,No,0.4021
O107233,No,No,0.4954
O127033,No,No,0.2532
O127889,No,No,0.3395
O112507,No,Yes,0.555
O109950,No,No,0.3953
O120779,No,No,0.2149
O105252,Yes,No,0.3136
O119761,No,No,0.0719
O108029,No,No,0.2196
O134465,No,No,0.066
O114524,No,No,0.3675
O100054,No,No,0.1431
O118489,No,No,0.3188
O102498,No,No,0.2317
O133456,No,No,0.178
O120131,No,No,0.2147
O112060,No,No,0.375
O104737,No,No,0.2941
O108241,No,No,0.3148
O104049,No,No,0.4675
O112914,No,No,0.0664
O119051,No,No,0.3719
O119412,No,No,0.2633
O118760,No,Yes,0.5523
O120204,No,No,0.1818
O104805,No,No,0.4128
O114802,No,No,0.2623
O110740,No,No,0.0839
O110769,No,No,0.4915
O121138,No,No,0.1847
O128988,No,No,0.218
O133508,No,No,0.3368
O121156,No,No,0.4439
O111978,No,Yes,0.6297
O110804,No,No,0.2468
O120848,No,Yes,0.5132
O109893,No,No,0.188
O113144,No,No,0.2433
O128172,No,No,0.3715
O134234,No,No,0.0429
O111495,No,No,0.375
O121472,No,Yes,0.5149
O118997,Yes,No,0.2678
O101503,No,No,0.4825
O112758,No,No,0.1942
O132308,No,No,0.2961
O126257,No,No,0.2934
O112856,No,No,0.3974
O114824,No,No,0.1995
O133148,No,No,0.3309
O112764,Yes,No,0.0933
O119741,No,No,0.2853
O119623,No,No,0.2245
O112815,No,No,0.3651
O132733,No,No,0.3852
O104992,No,No,0.338
O108621,No,No,0.275
O122064,No,No,0.3647
O101284,No,No,0.1506
O121779,No,No,0.2737
O106106,No,No,0.194
O112024,No,No,0.367
O127207,No,No,0.383
O129017,No,No,0.4006
O124199,Yes,No,0.1954
O110466,No,No,0.3186
O107583,No,No,0.3449
O118495,No,No,0.3952
O116619,Yes,No,0.4829
O100891,No,No,0.2713
O113127,No,No,0.4016
O122042,Yes,No,0.3137
O104163,No,No,0.2452
O122148,Yes,No,0.3249
O118622,Yes,No,0.1723
O118751,No,No,0.4865
O122460,No,No,0.2162
O101911,No,No,0.2131
O105457,No,No,0.083
O131888,No,No,0.2188
O102655,No,No,0.3071
O132149,No,No,0.3939
O126813,No,No,0.3462
O121157,No,No,0.2658
O116559,No,No,0.4073
O100657,No,No,0.416
O128209,No,No,0.1928
O104114,No,No,0.4235
O110232,No,No,0.2553
O124670,No,No,0.0992
O108729,No,No,0.1643
O129371,No,No,0.2317
O118481,No,No,0.3908
O130056,No,No,0.3049
O132032,No,No,0.3454
O115364,No,No,0.2163
O130203,No,No,0.3477
O100511,No,No,0.4802
O113832,No,No,0.1946
O105524,No,Yes,0.529
O109574,No,No,0.1394
O115632,No,No,0.3565
O128274,No,No,0.4144
O129031,No,No,0.3891
O130728,No,No,0.3377
O132408,No,No,0.4545
O132151,No,No,0.227
O130613,No,No,0.3386
O107688,No,No,0.3434
O113021,No,No,0.2547
O126330,No,No,0.2306
O129756,No,No,0.4654
O111473,No,No,0.1758
O125516,No,No,0.1982
O121478,No,No,0.273
O106650,No,No,0.471
O130265,No,No,0.2422
O115077,No,No,0.2661
O113467,No,No,0.3715
O104917,No,No,0.2861
O114728,No,No,0.3292
O108249,No,No,0.3453
O112107,No,No,0.3638
O118904,No,No,0.1954
O106814,No,No,0.2669
O118340,No,Yes,0.5299
O133514,No,No,0.2708
O128873,No,No,0.0698
O132084,No,No,0.2685
O125509,No,No,0.347
O110468,No,No,0.0455
O125215,No,No,0.196
O118036,No,No,0.2046
O111702,No,Yes,0.5718
O109854,No,No,0.3054
O122606,No,No,0.2559
O125927,No,No,0.0634
O109671,No,Yes,0.5479
O101654,No,No,0.3229
O107083,No,No,0.1745
O124863,No,No,0.2037
O130289,Yes,No,0.4667
O122187,No,No,0.1963
O113653,No,No,0.2394
O120648,No,No,0.3632
O115050,No,No,0.1809
O110052,No,No,0.3505
O124739,No,No,0.1242
O105518,No,No,0.284
O112966,No,No,0.2938
O109561,No,No,0.4208
O133158,Yes,No,0.4155
O131436,No,Yes,0.5242
O130115,No,No,0.2895
O127842,Yes,No,0.3458
O108182,No,No,0.1976
O127550,No,No,0.3622
O105369,No,No,0.193
O130515,No,No,0.4364
O126924,No,Yes,0.575
O110089,No,No,0.4939
O113912,Yes,No,0.1348
O112832,No,No,0.2551
O123730,No,No,0.3319
O101713,No,No,0.4067
O125155,No,No,0.2138
O112473,No,No,0.2093
O104503,No,No,0.3216
O117384,No,No,0.4735
O125055,No,No,0.3193
O122718,No,No,0.2636
O119359,No,No,0.2663
O106369,No,No,0.4146
O132769,No,No,0.0642
O111390,No,No,0.3188
O112132,No,No,0.1344
O103746,No,No,0.0592
O116462,No,No,0.2075
O102611,No,No,0.3657
O132562,No,No,0.3037
O133168,No,No,0.3468
O123806,No,No,0.0688
O124140,No,No,0.0793
O121749,No,No,0.3085
O119847,No,No,0.4075
O110463,No,No,0.2852
O125824,No,No,0.2609
O101468,No,Yes,0.6502
O102302,No,No,0.2893
O109674,No,No,0.1979
O101602,No,No,0.3894
O116778,No,No,0.1847
O113486,No,No,0.1013
O127180,No,No,0.1234
O116504,No,No,0.2157
O124909,No,No,0.1764
O134358,No,No,0.3972
O127552,No,No,0.2032
O134302,No,No,0.0827
O118710,No,No,0.3876
O110241,Yes,Yes,0.5248
O109008,No,No,0.2581
O126139,No,No,0.3929
O129885,No,No,0.4827
O108821,No,Yes,0.5195
O108271,No,No,0.3557
O124730,No,No,0.4467
O133245,No,No,0.036
O101296,No,No,0.2697
O101621,No,No,0.3794
O108593,No,No,0.244
O112947,No,No,0.3159
O102794,No,No,0.2578
O119836,No,No,0.2734
O127292,No,No,0.4437
O124221,No,No,0.2821
O112398,No,No,0.2757
O119334,No,No,0.4601
O101152,No,No,0.451
O116187,No,No,0.3377
O130017,No,No,0.2492
O119104,No,No,0.2767
O114978,No,No,0.3207
O129618,No,No,0.3254
O129104,No,No,0.2353
O113356,No,No,0.2689
O123114,No,No,0.3388
O115524,No,No,0.2306
O102403,No,No,0.3503
O121225,No,No,0.4331
O111097,No,No,0.2088
O121454,No,No,0.4174
O113811,Yes,No,0.3704
O101340,No,No,0.3133
O132628,No,No,0.4427
O124798,No,No,0.3144
O129470,No,No,0.4637
O116127,No,No,0.1503
O125367,No,No,0.3599
O130920,No,No,0.4517
O126959,No,No,0.2512
O123850,Yes,No,0.4687
O117588,No,No,0.3334
O129705,No,Yes,0.5426
O119126,No,No,0.4574
O129354,No,No,0.3133
O126779,No,No,0.3696
O108892,No,No,0.3846
O131517,No,No,0.2628
O119461,No,Yes,0.5029
O126415,No,No,0.2586
O107369,No,No,0.3516
O129207,No,No,0.4049
O125362,No,No,0.3333
O123034,No,Yes,0.5068
O124908,No,No,0.119
O114505,No,No,0.2884
O114375,No,No,0.3717
O118615,No,No,0.2087
O132878,No,No,0.2609
O128486,No,No,0.223
O117587,No,No,0.0909
O102573,No,No,0.3493
O120778,No,No,0.4343
O124487,No,No,0.3085
O126781,No,No,0.1996
O131183,No,Yes,0.5446
O110605,No,No,0.0997
O132237,No,No,0.3031
O126477,No,No,0.4968
O124593,No,No,0.451
O117596,No,No,0.4624
O123673,Yes,No,0.1673
O132885,No,Yes,0.5367
O132028,Yes,No,0.3182
O104090,No,No,0.2396
O124419,No,No,0.0802
O105143,No,No,0.2071
O111281,No,No,0.267
O105892,No,No,0.186
O111384,No,No,0.3895
O108571,No,No,0.1773
O111790,No,No,0.3682
O134378,No,No,0.3399
O122558,Yes,Yes,0.6234
O125439,No,Yes,0.536
O122923,Yes,No,0.2666
O110562,No,No,0.3567
O113642,No,No,0.1354
O123029,No,No,0.2468
O120310,No,No,0.3466
O108878,No,No,0.0589
O130884,No,No,0.3908
O105240,No,No,0.2555
O126642,No,Yes,0.5267
O116734,No,No,0.3345
O107392,No,No,0.212
O130697,Yes,No,0.2867
O126943,No,Yes,0.5117
O117534,Yes,No,0.2515
O121304,No,No,0.3269
O128506,No,No,0.3275
O101693,No,No,0.433
O131352,No,No,0.1975
O132287,No,No,0.2393
O131454,No,No,0.3092
O107826,No,No,0.3372
O112659,Yes,No,0.4213
O131680,No,Yes,0.5376
O117856,No,No,0.2461
O125290,No,No,0.3584
O112412,No,No,0.2034
O104739,No,No,0.4228
O134278,No,No,0.0717
O123059,No,No,0.4415
O119415,No,No,0.3963
O103527,Yes,Yes,0.5099
O112298,No,No,0.3685
O100750,No,No,0.4524
O131985,No,No,0.3396
O133945,No,No,0.423
O116579,No,No,0.3081
O120297,No,No,0.3065
O127279,No,No,0.3939
O118916,No,No,0.3788
O119987,No,No,0.4522
O108137,No,No,0.2834
O117437,No,No,0.2081
O126162,No,No,0.3726
O124975,No,No,0.2202
O100406,No,No,0.4252
O101551,No,No,0.2196
O108419,No,No,0.2832
O118509,No,No,0.3258
O110987,No,No,0.4414
O121798,No,No,0.2791
O134466,No,No,0.3936
O122819,No,No,0.4513
O125799,No,No,0.2478
O129757,No,No,0.0114
O110641,No,No,0.4922
O114141,No,Yes,0.5464
O106011,No,No,0.3369
O109631,No,Yes,0.514
O118241,No,No,0.4443
O130946,No,No,0.2516
O114729,No,No,0.3489
O127386,No,No,0.3634
O118386,No,No,0.4239
O128468,No,No,0.2068
O125539,No,Yes,0.5521
O127355,No,No,0.396
O107174,Yes,No,0.2949
O100851,Yes,No,0.3339
O133569,No,No,0.1587
O128312,No,No,0.3941
O126281,No,Yes,0.5276
O131112,No,No,0.2667
O121443,No,No,0.2601
O124999,No,No,0.2171
O127502,No,No,0.1743
O102112,Yes,No,0.337
O128614,No,No,0.438
O132122,No,No,0.3356
O100056,No,No,0.2542
O132542,No,No,0.3622
O110742,No,No,0.2179
O112487,No,No,0.2958
O126689,No,No,0.2824
O103242,No,No,0.4934
O122995,No,No,0.1746
O118697,No,No,0.2463
O120625,No,No,0.3726
O106187,No,No,0.2234
O109648,No,No,0.3107
O126526,No,No,0.0855
O133149,No,No,0.3377
O123740,No,No,0.429
O102709,No,No,0.3836
O115305,No,No,0.3662
O117104,No,No,0.3411
O128176,No,No,0.4541
O129920,No,No,0.361
O129176,No,No,0.2345
O114099,No,No,0.3888
O114111,No,No,0.2083
O134408,No,No,0.2673
O102275,No,No,0.1331
O105185,No,No,0.2574
O108566,No,No,0.29
O123181,No,No,0.2866
O112314,No,No,0.42
O104016,No,No,0.2688
O101600,No,No,0.4135
O102101,No,No,0.2357
O105199,No,No,0.384
O132001,No,No,0.2802
O126872,No,No,0.3451
O112829,No,No,0.2837
O115702,No,No,0.1557
O104901,No,No,0.2481
O118843,No,No,0.0685
O101444,No,No,0.3847
O118567,No,No,0.2406
O115022,No,No,0.1416
O132719,No,No,0.4513
O108340,No,No,0.2768
O100061,No,No,0.1366
O126640,No,No,0.2187
O122309,Yes,No,0.3904
O111167,No,No,0.2963
O112509,No,No,0.3255
O109709,No,No,0.236
O128030,No,No,0.2833
O109653,No,No,0.3942
O104862,No,No,0.2329
O117361,No,No,0.1519
O131135,No,No,0.1884
O104014,No,No,0.2269
O132428,No,No,0.3138
O133323,No,No,0.2177
O122866,No,No,0.3498
O129216,No,No,0.3481
O108718,No,No,0.1627
O129138,No,No,0.4109
O132832,No,No,0.2586
O133553,No,No,0.0747
O105708,No,No,0.2599
O100881,No,No,0.3515
O108740,No,No,0.2174
O131405,Yes,No,0.3605
O120142,Yes,No,0.4242
O120759,No,No,0.3482
O115393,No,No,0.2015
O110611,No,No,0.295
O100464,No,No,0.287
O108408,No,No,0.265
O123145,Yes,No,0.4034
O128789,No,No,0.2697
O133668,No,No,0.2857
O103735,No,No,0.3262
O111894,No,No,0.3207
O110379,No,No,0.3379
O110572,No,No,0.2305
O131439,Yes,No,0.3386
O119911,No,No,0.3618
O103554,No,Yes,0.6838
O105894,No,No,0.2496
O124783,No,No,0.2419
O110281,No,No,0.2315
O109562,No,No,0.2843
O125674,No,No,0.4384
O127171,No,No,0.1878
O133278,No,No,0.4901
O131954,No,Yes,0.5472
O132806,No,No,0.2969
O127821,No,No,0.0586
O101223,No,No,0.1006
O100861,No,No,0.2542
O111144,No,No,0.3271
O110382,No,No,0.4451
O131743,No,No,0.1871
O119802,No,No,0.1846
O105638,No,No,0.4036
O111987,No,No,0.2807
O109145,Yes,No,0.4708
O104319,No,Yes,0.5272
O106444,No,No,0.3706
O126615,No,No,0.1951
O133498,No,No,0.4013
O100009,No,No,0.1471
O122734,No,No,0.3172
O120843,No,No,0.0497
O122513,Yes,No,0.131
O102540,No,No,0.1556
O123050,Yes,No,0.4702
O116218,No,No,0.3423
O129025,No,Yes,0.6019
O120250,No,No,0.253
O106214,No,No,0.1988
O125005,No,No,0.2556
O126867,No,No,0.438
O109345,No,No,0.1527
O125045,No,No,0.0622
O112039,No,No,0.1396
O125275,No,No,0.3479
O105687,No,No,0.1212
O111606,No,No,0.3765
O131806,No,No,0.2039
O115490,No,No,0.2341
O110131,No,No,0.3572
O106514,No,No,0.4252
O130246,No,No,0.1876
O133070,No,No,0.1071
O108776,Yes,No,0.3629
O116416,No,No,0.2862
O102593,No,No,0.168
O121176,No,No,0.2234
O117303,No,No,0.407
O100202,No,No,0.2507
O133265,Yes,No,0.3634
O131312,No,No,0.3977
O114026,No,Yes,0.5714
O129781,No,No,0.1004
O107386,No,No,0.2531
O126697,No,No,0.0361
O131922,No,No,0.3119
O116891,No,No,0.3664
O126901,No,Yes,0.5241
O100277,No,No,0.2349
O125840,No,No,0.3209
O110422,No,No,0.2196
O129303,No,No,0.2584
O132350,No,No,0.2589
O133098,No,No,0.2738
O114763,No,Yes,0.5157
O126085,No,No,0.1617
O126300,No,No,0.3168
O132916,Yes,No,0.1504
O104457,No,No,0.1871
O104007,No,No,0.1423
O116072,No,No,0.3887
O134024,No,No,0.329
O114124,No,No,0.0473
O108274,No,No,0.2939
O129935,Yes,Yes,0.574
O115885,No,No,0.3062
O129911,No,No,0.1907
O113069,Yes,No,0.1764
O128404,No,No,0.4458
O116297,No,No,0.3438
O118659,No,No,0.2676
O131170,No,No,0.1019
O116300,No,No,0.3836
O105585,No,No,0.3074
O111084,No,No,0.0478
O111562,No,No,0.069
O133973,No,No,0.3246
O102170,No,No,0.2362
O104861,No,No,0.314
O111608,No,No,0.1451
O130197,No,No,0.1089
O115067,No,No,0.3583
O105682,No,No,0.2472
O130624,No,No,0.3393
O128853,No,No,0.3953
O115072,No,No,0.3416
O131752,No,No,0.4436
O102705,Yes,No,0.4548
O111123,No,No,0.1594
O125343,No,No,0.2257
O130955,No,No,0.4338
O131650,No,No,0.2931
O107514,No,No,0.4574
O114987,No,No,0.2357
O114188,No,No,0.2343
O122141,No,No,0.4356
O127589,No,No,0.1161
O117376,No,No,0.2568
O128848,No,No,0.3603
O116320,Yes,No,0.3854
O119598,No,No,0.2569
O110228,No,No,0.1199
O102391,No,No,0.3688
O107655,Yes,No,0.3243
O123340,Yes,No,0.2633
O131445,No,No,0.3163
O127724,No,No,0.3325
O111010,No,No,0.2886
O120279,No,No,0.2667
O120939,No,No,0.2042
O118709,No,No,0.1886
O104735,No,No,0.0876
O122804,No,No,0.1583
O106427,No,No,0.3027
O125489,No,No,0.2763
O100141,No,No,0.2616
O102918,No,No,0.3069
O119215,No,No,0.2904
O121451,No,No,0.3008
O129639,No,No,0.2084
O102006,No,No,0.4126
O114447,No,No,0.2127
O113580,No,No,0.3388
O103103,Yes,No,0.3683
O105120,No,No,0.2235
O130277,No,No,0.4032
O134013,No,No,0.3903
O102398,No,No,0.3216
O125976,No,No,0.3522
O106939,No,No,0.3653
O124043,No,No,0.2168
O110048,No,No,0.3966
O101103,No,No,0.2785
O118427,No,No,0.3144
O126045,Yes,No,0.2986
O125089,No,Yes,0.5616
O109658,No,No,0.1008
O120120,No,No,0.181
O111694,No,Yes,0.5348
O105268,No,No,0.4014
O104899,No,No,0.4749
O116230,No,No,0.1826
O122687,No,No,0.1808
O110039,No,No,0.2517
O126903,No,No,0.2787
O126328,No,No,0.2971
O128783,No,No,0.3464
O110722,No,No,0.4653
O132138,No,No,0.2849
O134332,No,Yes,0.5048
O118624,No,No,0.4697
O128918,No,Yes,0.5216
O108659,No,No,0.3825
O104487,No,No,0.4258
O115648,No,No,0.1336
O124257,No,No,0.1943
O103286,No,No,0.1208
O129027,No,No,0.2755
O128878,No,No,0.2219
O105941,No,No,0.238
O112099,No,No,0.3285
O133258,No,No,0.2102
O129079,No,No,0.3179
O101997,No,No,0.265
O103294,No,No,0.2648
O101204,No,No,0.2239
O123976,No,No,0.3272
O110455,No,No,0.3248
O121971,No,No,0.3039
O127824,No,No,0.1343
O102860,No,No,0.2956
O111233,No,No,0.1768
O125161,No,No,0.2816
O112266,No,No,0.2633
O125179,No,No,0.19
O133723,No,No,0.2403
O126756,No,No,0.3844
O127364,No,No,0.3757
O126333,No,No,0.2706
O101263,No,No,0.3857
O130403,No,No,0.0708
O126962,No,No,0.3712
O129690,No,No,0.1455
O131941,No,No,0.4318
O113703,No,No,0.0476
O120337,No,No,0.1708
O113696,No,No,0.1959
O100220,No,No,0.1006
O125331,No,No,0.2527
O122793,No,No,0.2251
O133914,No,No,0.2831
O126055,No,No,0.382
O108376,No,No,0.1989
O112862,No,No,0.1867
O107405,No,No,0.3274
O113692,No,Yes,0.5341
O113096,No,No,0.3572
O134377,No,No,0.3226
O131055,No,No,0.3537
O134108,No,No,0.2951
O115109,No,No,0.3088
O110060,No,No,0.3102
O113505,No,No,0.1364
O124905,Yes,No,0.4465
O133929,No,No,0.1855
O125178,No,Yes,0.6208
O103513,No,No,0.358
O110656,No,No,0.4231
O124929,No,No,0.2518
O111518,No,No,0.3123
O124400,No,No,0.4557
O124193,No,No,0.2928
O105066,No,No,0.3277
O124758,No,No,0.35
O118298,No,No,0.1001
O127324,No,No,0.2549
O119034,No,No,0.3307
O115910,No,No,0.1491
O133730,No,No,0.2117
O116458,No,No,0.2626
O129475,No,No,0.4461
O114635,No,No,0.1816
O133271,No,No,0.0867
O106211,No,No,0.3607
O116930,No,No,0.3894
O102442,No,No,0.3248
O101363,No,No,0.2613
O119686,No,No,0.4375
O132335,No,No,0.2908
O124613,No,No,0.2614
O111260,No,No,0.4443
O111927,No,No,0.399
O131708,No,No,0.0585
O127288,No,No,0.2787
O117541,No,No,0.099
O119332,No,No,0.2358
O130829,No,No,0.1895
O130702,No,No,0.1437
O100865,No,No,0.2514
O111347,No,No,0.3427
O129405,No,No,0.201
O117717,No,No,0.2093
O105662,No,Yes,0.5643
O132715,No,No,0.294
O102014,No,No,0.3476
O126200,No,No,0.3345
O120713,No,No,0.1791
O101414,No,No,0.2894
O113453,No,No,0.4061
O115242,No,Yes,0.5521
O133817,Yes,No,0.2398
O105056,No,No,0.0952
O115972,No,No,0.2068
O132822,No,No,0.4766
O127939,No,Yes,0.5411
O118969,No,No,0.1203
O108229,No,No,0.3186
O124896,Yes,No,0.342
O116923,No,No,0.329
O134203,Yes,No,0.3215
O127000,No,No,0.1741
O126750,No,Yes,0.502
O114238,No,No,0.3106
O100354,No,No,0.4822
O129790,No,No,0.2909
O100656,No,No,0.215
O129221,No,No,0.3454
O118899,No,No,0.3501
O113272,No,Yes,0.5162
O119382,No,No,0.201
O130709,No,No,0.2983
O101007,No,No,0.1429
O102298,No,No,0.4464
O101304,No,No,0.2916
O121792,No,No,0.0739
O116352,No,No,0.1421
O101774,No,No,0.3637
O104094,Yes,No,0.3691
O120213,No,No,0.0709
O123889,No,No,0.4109
O126354,No,No,0.2566
O133532,No,No,0.3438
O124322,No,No,0.4983
O111077,Yes,No,0.2549
O112530,No,No,0.3785
O120261,No,No,0.3009
O100554,No,No,0.3412
O108013,No,No,0.2557
O129634,No,No,0.0273
O133618,No,No,0.19
O125199,No,No,0.324
O112893,No,No,0.2941
O117936,No,No,0.3008
O132787,No,No,0.2626
O112503,No,No,0.1982
O108765,No,No,0.4734
O121800,No,No,0.0576
O129736,No,No,0.3563
O110648,No,No,0.3242
O104038,No,No,0.3847
O125410,No,No,0.0828
O126417,No,No,0.1427
O109501,No,No,0.2648
O108452,No,No,0.301
O119065,No,No,0.2346
O116984,Yes,No,0.4731
O102837,No,No,0.2166
O108244,No,No,0.3731
O128644,Yes,No,0.1809
O123693,No,No,0.2421
O131639,No,No,0.2634
O120020,No,No,0.298
O105743,No,No,0.383
O128780,No,No,0.2303
O126442,No,No,0.3403
O126763,No,No,0.3042
O103140,No,No,0.173
O117105,No,No,0.4223
O131331,No,No,0.3265
O118632,No,No,0.3494
O107348,No,No,0.3366
O111676,No,No,0.183
O110083,No,No,0.4839
O101515,No,No,0.3763
O124071,No,No,0.2186
O130407,No,No,0.2881
O106410,No,No,0.3496
O125104,No,No,0.3604
O103122,No,No,0.3291
O112296,No,No,0.4226
O118430,No,No,0.2511
O117134,No,Yes,0.5636
O123283,No,No,0.0245
O107932,No,No,0.3132
O127099,No,No,0.2671
O108781,No,No,0.2519
O133325,No,No,0.2543
O105519,No,No,0.1692
O108276,No,No,0.2822
O122136,No,No,0.2095
O110469,No,No,0.1663
O117200,No,No,0.3946
O128922,No,No,0.2733
O122839,No,No,0.382
O118288,No,No,0.0927
O115663,No,No,0.3082
O109050,No,No,0.0977
O134379,No,No,0.3693
O131374,No,No,0.2432
O118255,No,No,0.0464
O119467,No,No,0.2598
O122250,No,No,0.3444
O129233,No,No,0.2855
O132445,No,No,0.2501
O123251,No,No,0.3338
O108038,No,No,0.3372
O105353,No,No,0.1892
O104389,No,No,0.3462
O134253,No,No,0.3466
O101364,No,No,0.2309
O109866,No,No,0.3213
O113294,No,No,0.4614
O132018,No,No,0.1353
O121327,No,No,0.3476
O133448,No,No,0.4518
O124403,No,No,0.0674
O128859,No,No,0.483
O103269,No,No,0.4963
O101855,No,No,0.2622
O107007,Yes,No,0.3723
O106210,No,No,0.3685
O102544,No,No,0.2995
O109122,No,No,0.184
O129897,No,No,0.3525
O133352,No,No,0.2241
O109571,No,No,0.1472
O107346,No,No,0.3788
O124272,No,No,0.2317
O114185,No,No,0.2144
O124101,No,No,0.294
O111363,No,No,0.3866
O129819,No,No,0.1802
O132097,No,No,0.2813
O105163,No,No,0.1722
O121230,No,No,0.0428
O131307,No,No,0.2419
O130286,No,No,0.2482
O116097,No,No,0.2771
O117844,No,No,0.3848
O106638,No,No,0.1952
O127902,No,No,0.26
O125771,No,No,0.2483
O128261,No,No,0.2647
O130871,No,No,0.2483
O131339,No,No,0.0711
O109044,No,No,0.3926
O132560,No,No,0.4321
O114135,No,No,0.0445
O105841,No,No,0.4558
O103480,No,No,0.4915
O113910,No,No,0.3568
O115057,No,No,0.1271
O120051,No,No,0.2265
O120009,No,No,0.365
O121997,No,No,0.3935
O128202,No,No,0.1547
O101164,No,No,0.3881
O127587,No,No,0.1886
O107167,No,No,0.2693
O127935,No,No,0.2885
O123471,No,No,0.3637
O117073,No,No,0.0322
O115737,No,No,0.3213
O110409,No,No,0.1324
O129657,No,No,0.4589
O130162,No,No,0.0868
O131113,No,No,0.2626
O121329,No,No,0.2868
O122357,Yes,No,0.3302
O127337,No,No,0.2175
O112322,No,No,0.337
O101286,No,No,0.3686
O118497,No,No,0.4276
O123758,No,No,0.3995
O121377,No,No,0.1652
O119975,No,No,0.2828
O102826,No,No,0.1332
O130785,No,No,0.2542
O103430,Yes,No,0.4117
O126420,No,No,0.3701
O108769,No,No,0.2517
O116209,No,No,0.3394
O133910,No,No,0.1011
O132777,No,No,0.438
O122918,No,No,0.3284
O131420,No,No,0.1002
O130431,No,No,0.425
O105832,No,No,0.4609
O115329,No,No,0.3471
O130963,No,No,0.3977
O123727,No,No,0.4279
O102310,No,No,0.4406
O100802,No,No,0.0333
O116661,No,No,0.436
O120511,No,No,0.3029
O111396,No,No,0.152
O126958,No,No,0.2461
O130099,No,No,0.3131
O128600,No,No,0.1961
O116803,No,No,0.2138
O111773,No,No,0.2868
O101442,No,No,0.3672
O126234,No,No,0.442
O124878,No,No,0.2771
O113298,No,No,0.2942
O112104,No,No,0.3231
O124121,No,No,0.2585
O114678,No,No,0.2883
O103401,Yes,Yes,0.5317
O110790,No,No,0.3284
O132303,No,No,0.273
O109680,No,No,0.4207
O129349,No,No,0.266
O113702,No,No,0.2843
O114369,No,No,0.3011
O126256,No,Yes,0.5726
O112219,No,No,0.3759
O105961,No,No,0.2147
O129585,No,No,0.418
O132857,No,No,0.0234
O119575,No,No,0.4326
O108899,No,No,0.2089
O125212,No,No,0.0405
O111488,No,No,0.2181
O112692,No,No,0.3009
O119678,No,No,0.2827
O131032,Yes,No,0.3727
O107524,No,No,0.312
O126009,No,No,0.0391
O108676,No,No,0.3173
O111287,No,No,0.3644
O124757,No,No,0.2323
O118703,No,No,0.2928
O104362,No,No,0.1976
O103018,No,No,0.329
O119829,No,No,0.3948
O131411,No,No,0.3409
O118171,No,No,0.2546
O103564,No,No,0.3052
O106121,No,No,0.3209
O124307,No,No,0.3115
O121809,No,No,0.2207
O121587,No,No,0.2744
O121129,No,No,0.371
O125253,No,No,0.1717
O128927,No,No,0.1851
O125146,No,No,0.3169
O127448,No,No,0.2318
O112583,No,No,0.2895
O101901,No,No,0.1769
O125599,Yes,Yes,0.5736
O125445,No,No,0.3077
O114518,No,No,0.1297
O122347,No,No,0.0459
O120708,No,No,0.2292
O105380,No,No,0.4618
O106598,No,No,0.229
O116384,No,No,0.3964
O112293,No,No,0.3658
O111211,No,Yes,0.5414
O120254,No,No,0.3398
O128306,No,No,0.1818
O113291,No,No,0.2155
O116736,No,No,0.2474
O113948,No,No,0.3147
O104093,No,No,0.3109
O124557,No,No,0.2963
O126051,No,No,0.2755
O123389,No,No,0.2455
O118408,No,No,0.3129
O110706,No,No,0.2897
O107352,No,No,0.2311
O117785,No,No,0.4326
O127653,No,No,0.347
O106030,No,No,0.2948
O105456,No,No,0.3217
O103136,No,No,0.1001
O131246,No,No,0.1382
O106157,No,No,0.1852
O130995,No,No,0.2556
O100164,No,No,0.3069
O118853,No,No,0.1338
O112485,No,No,0.4683
O122619,No,No,0.4637
O106767,No,No,0.1193
O134271,No,No,0.2685
O133698,No,No,0.1777
O125793,No,No,0.2957
O107900,No,No,0.1902
O117847,No,No,0.4485
O109322,No,No,0.4046
O134178,No,No,0.2584
O132928,No,No,0.3829
O109969,No,No,0.1368
O123323,No,No,0.3821
O129854,No,No,0.2113
O117861,No,No,0.3127
O105123,Yes,No,0.4502
O132795,No,No,0.2316
O131179,No,No,0.4515
O102876,No,No,0.0702
O126423,No,No,0.3185
O105665,No,No,0.1514
O100693,No,No,0.3449
O131486,No,No,0.4342
O102497,No,No,0.1365
O118035,No,No,0.3968
O105521,No,No,0.2554
O125345,No,No,0.1477
O118123,No,No,0.1054
O106945,No,No,0.3023
O125315,No,Yes,0.6242
O112542,No,Yes,0.5379
O116824,No,No,0.3152
O112992,No,No,0.4303
O104812,No,No,0.2084
O108551,No,No,0.4199
O104560,No,No,0.3639
O102612,No,No,0.4992
O122736,No,No,0.1512
O131509,No,No,0.335
O122757,No,No,0.4181
O113567,No,No,0.046
O110122,No,No,0.3922
O129118,No,No,0.3883
O116810,No,No,0.2088
O126276,No,No,0.312
O133316,No,No,0.296
O131492,No,No,0.3215
O106972,No,No,0.0564
O125660,No,No,0.318
O132279,No,No,0.3035
O105854,No,No,0.233
O134318,No,No,0.4007
O118303,No,No,0.284
O114597,Yes,No,0.3683
O132844,No,No,0.3145
O107869,No,No,0.3134
O106745,No,Yes,0.5592
O115617,No,Yes,0.5133
O107894,No,No,0.2248
O103733,No,No,0.2264
O134191,No,No,0.3353
O119491,No,No,0.1507
O103043,Yes,No,0.334
O105112,No,No,0.3161
O112587,No,No,0.3561
O128476,No,No,0.2439
O112336,No,No,0.1879
O117780,No,No,0.3742
O123761,No,No,0.1311
O116201,No,No,0.2365
O106322,No,No,0.2006
O104528,No,No,0.0778
O106490,No,No,0.3892
O131360,No,No,0.3724
O126034,No,No,0.3207
O100547,No,No,0.2447
O103314,No,No,0.2569
O103428,No,No,0.32
O112663,Yes,No,0.4754
O119943,No,No,0.4383
O117125,No,No,0.2381
O111724,No,No,0.0704
O124393,No,No,0.3235
O118341,No,No,0.1979
O127684,No,No,0.4359
O130176,No,No,0.2719
O116909,No,Yes,0.5454
O129718,No,No,0.342
O107014,No,No,0.1385
O102296,No,No,0.329
O101705,No,Yes,0.55
O109321,No,No,0.3182
O109715,No,No,0.2745
O103117,No,No,0.2186
O116076,No,Yes,0.5356
O121204,No,No,0.2765
O108439,No,No,0.1484
O116508,No,No,0.436
O129701,No,No,0.2273
O113161,No,No,0.4463
O129274,No,No,0.3612
O104347,No,No,0.102
O103023,No,No,0.2614
O103459,No,No,0.4534
O100614,No,No,0.0302
O124023,No,No,0.3592
O133116,No,No,0.3036
O128609,No,No,0.2192
O132145,No,No,0.3041
O130961,No,No,0.3633
O112781,No,No,0.3349
O125672,No,No,0.2662
O132355,No,No,0.2136
O111954,No,No,0.3114
O124030,No,No,0.2834
O116816,No,No,0.2044
O102603,No,No,0.1637
O114324,No,No,0.2362
O110666,No,No,0.4235
O100596,No,No,0.35
O116057,Yes,No,0.3397
O121963,No,No,0.2615
O118483,No,No,0.2143
O116454,No,No,0.3349
O131882,No,No,0.087
O119464,No,No,0.2659
O121253,No,No,0.2892
O118955,No,No,0.2958
O120251,No,No,0.3255
O125099,No,No,0.4856
O127674,No,No,0.482
O131215,No,No,0.4185
O112157,No,No,0.3678
O121309,No,No,0.2491
O118027,No,No,0.2036
O129348,No,No,0.3179
O131616,No,Yes,0.6831
O114007,No,No,0.4782
O113739,No,No,0.0779
O132369,No,No,0.2736
O112828,No,No,0.3737
O116809,No,No,0.296
O128536,No,No,0.2331
O119167,No,No,0.3214
O107287,No,No,0.053
O108896,No,No,0.3188
O122988,No,No,0.171
O125140,Yes,No,0.4962
O119101,No,No,0.1159
O111783,No,No,0.4159
O118423,No,No,0.3437
O129147,No,No,0.4658
O121476,Yes,No,0.3881
O125041,No,Yes,0.5532
O121391,No,No,0.1158
O106915,No,No,0.2821
O127365,No,No,0.4585
O111799,No,No,0.259
O107135,No,No,0.1924
O131835,No,No,0.1753
O131889,No,No,0.266
O113342,No,No,0.3248
O133122,No,No,0.3835
O117809,Yes,No,0.3036
O104969,No,No,0.3713
O121196,No,No,0.4019
O133557,Yes,No,0.4217
O107443,No,No,0.3125
O100200,No,No,0.1143
O108478,No,No,0.3924
O127263,No,No,0.3913
O120383,No,Yes,0.5019
O117906,No,No,0.4738
O127570,No,Yes,0.5177
O111999,No,No,0.0688
O127051,No,No,0.2266
O102682,No,No,0.167
O111057,No,No,0.379
O106628,No,No,0.2625
O119083,No,No,0.3571
O122289,No,No,0.3067
O113085,No,No,0.2172
O106513,No,No,0.4762
O128163,No,No,0.2612
O112852,No,No,0.3292
O126466,No,No,0.4713
O111481,No,No,0.2909
O110201,No,No,0.3814
O110980,No,No,0.342
O106337,No,No,0.2673
O109507,No,No,0.1783
O128264,No,No,0.4129
O134107,No,No,0.192
O101447,No,No,0.3542
O104984,No,No,0.484
O130674,No,No,0.2951
O116034,No,No,0.288
O101308,No,No,0.4015
O125326,No,No,0.1762
O111286,No,No,0.4931
O108789,No,No,0.3397
O105701,No,No,0.3811
O131740,No,No,0.328
O108042,No,No,0.0599
O120851,No,No,0.339
O112642,No,No,0.32
O120612,No,No,0.2633
O119232,No,No,0.4062
O122415,No,No,0.3703
O115405,No,No,0.4243
O132760,No,No,0.4808
O110962,Yes,No,0.4633
O129119,Yes,No,0.3491
O129305,No,No,0.1624
O109889,No,No,0.2527
O125214,No,No,0.4968
O120404,No,No,0.3513
O132756,No,No,0.2248
O117993,No,No,0.2669
O105265,No,No,0.1679
O119583,No,No,0.0307
O115728,No,No,0.1027
O132994,No,No,0.3365
O112923,No,No,0.3868
O124280,No,No,0.3271
O134468,No,No,0.2554
O106055,No,No,0.3165
O121680,No,No,0.187
O127966,No,No,0.3044
O131483,No,No,0.4067
O128459,No,No,0.0714
O132295,No,No,0.3674
O104777,No,No,0.3656
O123792,No,No,0.4428
O118861,No,No,0.246
O116427,No,No,0.3724
O130091,No,No,0.1096
O113428,No,No,0.2917
O127021,No,No,0.2111
O118666,No,No,0.4566
O123725,No,No,0.3024
O107363,No,No,0.2311
O122768,No,No,0.2448
O113900,No,No,0.3482
O126126,No,No,0.0955
O100570,No,No,0.3371
O102560,No,No,0.3992
O111445,No,No,0.4272
O132250,No,No,0.4647
O112703,No,Yes,0.531
O107301,No,No,0.3389
O113133,Yes,Yes,0.5989
O104561,No,No,0.4221
O130490,No,No,0.2799
O105178,No,No,0.2359
O115201,No,No,0.2509
O108160,No,No,0.249
O134128,No,No,0.2376
O100721,No,No,0.2913
O127686,No,No,0.2872
O129364,No,No,0.26
O131709,No,No,0.4415
O122188,No,Yes,0.5196
O133090,No,No,0.1835
O116494,No,No,0.3108
O120938,No,No,0.135
O133378,No,No,0.3447
O126982,No,No,0.2168
O114520,No,No,0.2077
O117987,Yes,No,0.3691
O111867,No,Yes,0.6054
O128740,Yes,No,0.2617
O100931,No,No,0.2587
O100715,No,No,0.1068
O102849,No,No,0.2993
O102899,No,No,0.3513
O123660,No,No,0.3776
O114139,No,No,0.2833
O132114,No,No,0.2386
O124361,No,No,0.3342
O131255,No,Yes,0.5188
O108649,No,No,0.2436
O108959,No,No,0.2856
O107697,No,No,0.3137
O119336,No,No,0.3894
O121020,No,No,0.184
O111944,No,No,0.4736
O131001,No,No,0.4185
O133466,No,No,0.2672
O130117,No,Yes,0.5038
O110916,No,No,0.2035
O101517,No,No,0.0516
O110021,Yes,No,0.4047
O117790,No,No,0.3439
O125765,No,No,0.4799
O122077,No,No,0.338
O111187,No,No,0.2097
O104790,No,No,0.4643
O117913,Yes,No,0.4878
O105812,No,No,0.2049
O115408,No,No,0.145
O124993,No,Yes,0.5229
O110734,No,No,0.1856
O120596,No,No,0.3951
O117219,No,No,0.2927
O134267,No,No,0.3806
O108065,No,No,0.4023
O103781,No,No,0.3931
O127064,Yes,No,0.3679
O119048,No,No,0.4467
O119426,No,No,0.0449
O133004,No,No,0.3365
O128218,No,No,0.3479
O134324,No,No,0.4909
O133397,No,No,0.1902
O106114,No,No,0.1693
O131940,No,Yes,0.5339
O101840,No,No,0.3639
O102145,No,No,0.2589
O116593,No,No,0.1855
O124884,No,No,0.4151
O119432,No,No,0.1894
O121005,No,No,0.2517
O100913,No,No,0.3151
O124122,No,No,0.2443
O101136,No,No,0.2479
O114674,No,No,0.0571
O124180,No,No,0.2406
O130957,No,No,0.1942
O127694,No,No,0.1323
O129625,No,No,0.3331
O130959,No,No,0.3929
O120375,No,No,0.2858
O104669,No,No,0.395
O105032,Yes,No,0.3765
O134351,No,No,0.1619
O118875,No,No,0.2748
O128433,No,No,0.187
O111760,No,No,0.374
O115363,No,No,0.1897
O132716,No,No,0.3003
O108852,No,No,0.3771
O119032,No,No,0.2596
O112374,No,No,0.1961
O127838,No,No,0.2929
O117273,No,No,0.473
O106263,No,No,0.2776
O105201,No,No,0.2931
O129376,No,No,0.1772
O103795,No,No,0.2241
O134413,No,No,0.408
O111003,No,No,0.0618
O114257,No,No,0.4374
O110428,No,No,0.3864
O121249,No,Yes,0.5063
O110906,No,No,0.2577
O125308,Yes,No,0.3316
O112204,No,No,0.3245
O120693,No,No,0.3021
O121234,No,No,0.4739
O110986,No,No,0.417
O107141,No,No,0.2552
O121236,No,No,0.1845
O119242,No,No,0.3673
O109782,Yes,No,0.4367
O129961,No,No,0.3654
O128497,No,No,0.3816
O131086,No,No,0.3046
O115895,No,No,0.2555
O116041,No,No,0.1749
O100752,No,No,0.426
O123692,No,No,0.2571
O120905,No,No,0.1671
O110522,No,No,0.1125
O114345,No,No,0.3058
O119476,No,Yes,0.5426
O103956,No,No,0.2943
O100240,No,No,0.3508
O114882,No,No,0.3662
O106373,No,No,0.2987
O103906,Yes,No,0.3617
O119994,No,No,0.2944
O131129,No,No,0.3163
O107989,No,No,0.3154
O128013,No,No,0.4334
O120068,No,No,0.2631
O100157,No,No,0.2125
O104744,No,No,0.4268
O101589,No,No,0.1929
O105762,No,No,0.4042
O110494,No,No,0.2906
O117260,No,No,0.4075
O114283,No,No,0.2376
O116032,No,Yes,0.6089
O100304,No,No,0.2959
O101195,No,No,0.2769
O114400,No,No,0.122
O122878,No,No,0.1972
O114362,No,No,0.3471
O102489,No,No,0.3232
O105725,No,No,0.2767
O123138,No,No,0.438
O125492,No,No,0.3067
O116516,No,No,0.2691
O124946,No,No,0.2779
O110090,No,No,0.3312
O125518,No,No,0.3112
O105838,No,No,0.3853
O112905,No,No,0.1692
O115861,No,No,0.0581
O123744,No,No,0.2089
O114536,No,No,0.2603
O112093,No,No,0.3299
O108697,No,No,0.3984
O121161,No,No,0.4331
O133826,No,No,0.0381
O105051,No,No,0.4162
O101853,No,No,0.3245
O100194,No,No,0.206
O118057,No,No,0.4902
O109185,No,No,0.0688
O134265,No,No,0.2674
O128547,Yes,No,0.2711
O126605,No,No,0.3592
O100279,No,Yes,0.5294
O111366,No,No,0.0655
O123948,No,No,0.4632
O118625,No,No,0.3775
O131804,No,Yes,0.7176
O101703,No,No,0.3107
O112217,No,No,0.1884
O120515,Yes,No,0.4585
O120964,No,No,0.2544
O110284,No,No,0.2081
O124511,No,No,0.3544
O130080,No,No,0.275
O117999,No,No,0.1026
O124448,Yes,No,0.3735
O132744,Yes,No,0.3849
O121315,No,No,0.3298
O108023,No,No,0.4661
O113911,No,Yes,0.5026
O112384,No,No,0.3215
O120240,No,No,0.1983
O121077,No,No,0.1593
O125446,No,No,0.3574
O100748,No,No,0.3641
O119874,No,No,0.3262
O130497,No,No,0.2995
O121819,No,No,0.2688
O111340,No,No,0.3234
O122426,No,No,0.2017
O110825,No,No,0.3349
O120272,No,No,0.2918
O122669,No,No,0.4709
O125474,No,No,0.068
O122683,No,No,0.238
O103890,No,No,0.3993
O119230,No,No,0.2496
O121508,No,No,0.3203
O101402,No,No,0.4715
O127710,No,No,0.44
O134141,No,No,0.1577
O122144,No,No,0.3848
O131064,No,No,0.489
O118715,No,No,0.2551
O104640,No,No,0.2459
O133741,No,No,0.2942
O111202,No,No,0.3114
O119631,No,No,0.2053
O105095,No,No,0.1321
O131703,No,No,0.4432
O105381,No,No,0.1868
O122665,No,No,0.4681
O104696,No,No,0.3356
O123865,No,No,0.3288
O118191,No,No,0.2608
O109077,Yes,No,0.274
O129127,No,No,0.135
O121423,No,No,0.3166
O110396,No,No,0.239
O114809,No,No,0.2662
O115683,No,No,0.4312
O129095,No,No,0.0969
O123819,No,No,0.3238
O125701,No,No,0.1855
O107586,No,No,0.0554
O109655,Yes,No,0.284
O111930,No,No,0.4046
O104865,No,No,0.3427
O111893,No,No,0.2877
O129136,No,No,0.3483
O126259,No,No,0.1832
O118269,No,No,0.2708
O129231,No,No,0.1036
O125716,No,No,0.338
O109033,No,No,0.2202
O112187,No,No,0.1643
O130104,No,No,0.1979
O115518,No,No,0.3462
O104188,No,No,0.0708
O114869,No,No,0.0346
O106230,Yes,No,0.3389
O100130,No,No,0.0231
O114051,No,No,0.4179
O126645,No,No,0.0885
O123601,No,No,0.2623
O133317,No,No,0.3792
O118660,No,No,0.4743
O131640,No,No,0.2795
O112808,No,No,0.3612
O111317,No,No,0.163
O123981,No,No,0.4385
O107510,No,No,0.1679
O100387,No,No,0.3291
O108030,No,No,0.3306
O113378,No,No,0.2155
O128169,Yes,No,0.443
O116083,No,No,0.2314
O112306,Yes,No,0.3249
O125678,No,No,0.302
O132016,No,No,0.1766
O125943,No,No,0.0362
O119580,No,No,0.249
O126940,No,No,0.3184
O111409,No,No,0.1638
O107186,No,No,0.2926
O107248,No,No,0.3304
O128211,No,No,0.4642
O124264,No,No,0.4146
O114581,No,No,0.2936
O115362,No,No,0.2079
O130895,No,No,0.4861
O120926,No,No,0.4858
O133499,No,Yes,0.5804
O114615,No,No,0.3784
O132828,No,No,0.1138
O108142,No,No,0.4786
O116321,No,No,0.3634
O113668,No,No,0.2986
O104801,No,No,0.3115
O118016,No,No,0.2676
O121136,No,No,0.279
O126673,No,No,0.4112
O128270,No,No,0.3042
O107778,No,Yes,0.5205
O129299,No,No,0.224
O125932,No,No,0.2582
O116261,No,No,0.1086
O111293,No,No,0.3102
O105140,No,No,0.1816
O115009,No,No,0.2845
O115754,No,No,0.2665
O123922,No,No,0.1994
O107832,No,No,0.2598
O122625,No,No,0.3612
O126429,No,No,0.107
O104989,No,No,0.091
O117277,No,No,0.4156
O122298,No,No,0.3841
O122813,No,No,0.3342
O102856,No,No,0.3336
O109196,No,No,0.4789
O104459,No,No,0.2618
O124563,No,No,0.2952
O105848,No,No,0.4887
O103626,No,No,0.4201
O106698,No,No,0.3496
O100919,No,No,0.3079
O109604,No,No,0.3075
O133477,No,No,0.3117
O120485,No,No,0.1147
O123073,No,No,0.4414
O127683,No,No,0.3376
O121279,No,No,0.1712
O123542,No,Yes,0.5693
O121484,No,No,0.2237
O130826,No,No,0.2172
O125694,No,No,0.2838
O102537,No,No,0.4076
O130067,No,No,0.4796
O116895,No,Yes,0.5903
O107229,No,No,0.28
O100433,No,No,0.4082
O133353,Yes,No,0.4232
O112150,No,No,0.2368
O129572,No,No,0.2314
O117911,No,No,0.2753
O130890,No,No,0.3122
O125726,No,No,0.2477
O114709,No,Yes,0.531
O117627,No,No,0.3348
O123359,No,No,0.4354
O115245,Yes,No,0.4262
O102741,No,No,0.3796
O133672,No,Yes,0.5374
O124860,No,No,0.3086
O129415,No,No,0.1904
O112801,No,No,0.4837
O108875,No,No,0.3677
O106916,No,No,0.2654
O107903,No,No,0.2822
O133041,No,No,0.4082
O126805,No,No,0.3983
O105331,No,No,0.3657
O124556,No,No,0.2328
O113983,No,No,0.3351
O133571,No,No,0.2718
O128623,No,No,0.0254
O100696,No,No,0.3349
O110110,No,No,0.0543
O107457,No,No,0.1574
O126819,No,No,0.2379
O114385,No,No,0.451
O107130,No,No,0.4091
O120211,No,No,0.2454
O102984,No,No,0.383
O117542,No,No,0.2552
O110973,No,No,0.2322
O125478,No,No,0.253
O119075,No,No,0.2819
O107169,No,No,0.4877
O119711,No,No,0.4851
O120605,No,No,0.4019
O100597,No,No,0.1821
O133892,No,Yes,0.5668
O125371,No,No,0.2289
O113591,No,No,0.4997
O100757,No,No,0.3415
O123530,No,No,0.2022
O106459,No,No,0.4903
O125352,No,No,0.3185
O126592,No,No,0.3321
O122230,No,No,0.2582
O104381,No,No,0.4628
O129969,No,No,0.3912
O116918,No,No,0.1834
O108255,No,No,0.3746
O118268,No,No,0.2404
O117679,No,No,0.2879
O114831,No,Yes,0.712
O115218,No,No,0.4762
O130061,No,No,0.426
O107270,No,No,0.088
O103010,No,No,0.3694
O117649,No,No,0.2404
O121836,No,No,0.4371
O126431,No,No,0.3434
O110935,No,No,0.1291
O128513,No,No,0.0641
O124209,No,No,0.3502
O101618,No,No,0.4687
O132026,No,Yes,0.5511
O107320,No,No,0.2362
O133051,No,No,0.2565
O121597,No,No,0.167
O122776,No,No,0.4152
O134415,Yes,No,0.2453
O130025,No,No,0.3921
O132797,No,No,0.4919
O102743,No,No,0.2767
O113020,No,No,0.3385
O101328,No,No,0.2528
O132793,No,No,0.1612
O127915,No,No,0.2584
O118935,Yes,No,0.1294
O100143,No,No,0.2803
O104510,No,No,0.2264
O130370,No,No,0.4813
O122984,No,No,0.1895
O115634,No,Yes,0.5983
O109710,No,No,0.255
O106000,No,No,0.2876
O105059,No,No,0.3563
O120927,No,No,0.1931
O121986,No,No,0.2472
O111534,No,No,0.2286
O126696,No,No,0.3159
O124134,No,No,0.2965
O117307,No,No,0.1636
O102439,No,No,0.2456
O103876,No,No,0.188
O124621,No,No,0.389
O120012,No,No,0.3334
O123756,No,No,0.4464
O111052,No,No,0.218
O117521,No,No,0.1988
O134246,No,No,0.4544
O110173,No,No,0.3853
O109838,No,No,0.4619
O134410,No,No,0.1797
O106418,No,No,0.2142
O114692,No,No,0.358
O120670,No,Yes,0.5093
O115331,No,Yes,0.566
O134224,No,No,0.0722
O130656,No,No,0.4837
O102049,No,No,0.403
O115359,No,No,0.4984
O129382,No,No,0.3356
O112728,No,No,0.2366
O118334,No,No,0.1196
O118645,No,No,0.2568
O126390,No,No,0.4344
O127393,No,No,0.1791
O107670,No,Yes,0.538
O109492,No,No,0.2036
O109821,No,No,0.3852
O112138,No,Yes,0.508
O133814,No,No,0.403
O107613,No,No,0.4323
O103737,No,No,0.401
O114898,No,No,0.4246
O105777,No,No,0.2732
O130725,No,No,0.1005
O124769,No,No,0.3869
O100599,No,No,0.4294
O134085,No,Yes,0.5141
O101251,No,No,0.2872
O119078,No,No,0.3185
O115814,No,No,0.0827
O113824,No,No,0.0597
O107572,No,No,0.2895
O106709,No,No,0.3021
O115635,No,No,0.3288
O130887,No,No,0.0596
O124642,No,No,0.1018
O101190,No,No,0.2547
O102547,No,No,0.4593
O117259,No,No,0.1726
O121846,No,No,0.1879
O134137,No,No,0.3994
O128487,No,No,0.1404
O112683,No,No,0.3007
O118730,No,No,0.1615
O126551,No,No,0.1218
O125760,No,No,0.4035
O124345,No,No,0.4544
O128467,No,Yes,0.6097
O124641,No,No,0.2298
O134299,No,No,0.3921
O130031,No,No,0.0756
O118763,No,No,0.264
O103193,No,No,0.3888
O131793,Yes,No,0.4169
O121863,No,Yes,0.5655
O129063,No,No,0.2475
O107974,No,No,0.2736
O120676,No,No,0.2924
O114668,Yes,No,0.4837
O123229,No,No,0.1965
O125964,No,No,0.3186
O121701,No,No,0.207
O100595,No,No,0.0524
O105904,No,No,0.3166
O130179,No,No,0.2974
O119157,No,No,0.1398
O131287,No,No,0.3501
O127923,No,No,0.4428
O119618,No,No,0.2607
O105257,No,No,0.1311
O120343,No,No,0.3065
O107892,No,No,0.3344
O125958,No,No,0.2176
O133536,No,No,0.3952
O122054,No,No,0.2541
O112933,No,No,0.1214
O129396,No,No,0.2671
O122790,No,Yes,0.7429
O130846,No,No,0.4912
O120737,No,No,0.2713
O125952,No,No,0.3483
O123697,No,No,0.385
O105018,No,No,0.1757
O124953,No,No,0.4647
O121246,No,No,0.0412
O106220,No,No,0.3548
O121011,No,No,0.4521
O118817,No,No,0.3576
O126870,No,No,0.2449
O124690,No,No,0.2352
O119471,No,No,0.3245
O114771,No,No,0.4448
O134059,No,No,0.3579
O128263,No,No,0.0752
O132964,No,No,0.2381
O125896,No,No,0.3356
O103421,No,No,0.0992
O123175,No,No,0.2818
O111600,No,No,0.4036
O128753,No,No,0.2683
O115439,No,No,0.2625
O130326,Yes,No,0.2684
O134422,No,No,0.3688
O122078,No,No,0.4867
O109339,No,No,0.2086
O123771,No,No,0.2057
O100427,Yes,No,0.2085
O123739,No,No,0.1815
O127116,No,No,0.2949
O100166,No,No,0.2646
O130143,No,No,0.0478
O102526,No,Yes,0.5265
O113327,No,No,0.2613
O117578,No,No,0.3719
O107652,No,No,0.1827
O100929,No,No,0.1903
O120175,No,No,0.4189
O104414,No,No,0.202
O126035,No,No,0.2263
O122254,No,No,0.3944
O129532,Yes,No,0.4336
O106631,No,No,0.2005
O125482,No,No,0.4195
O113262,Yes,No,0.299
O101270,No,Yes,0.5291
O106568,No,No,0.225
O131925,No,No,0.2185
O132470,No,No,0.1832
O100108,No,No,0.3983
O113800,No,No,0.3287
O112439,No,No,0.3088
O109282,No,No,0.2599
O105212,No,No,0.1576
O128537,No,No,0.2379
O133286,No,No,0.2195
O108509,No,No,0.4026
O127013,No,No,0.3807
O104176,No,Yes,0.5854
O116668,No,Yes,0.514
O120144,Yes,No,0.2115
O133306,No,No,0.0883
O124650,No,No,0.1147
O133708,No,No,0.4084
O114710,No,No,0.3495
O106311,No,No,0.3866
O100967,No,No,0.2084
O121860,No,No,0.4397
O106538,No,No,0.329
O123042,Yes,No,0.3374
O131204,No,No,0.1584
O133927,No,No,0.084
O100312,No,No,0.119
O134175,No,No,0.3583
O102466,No,No,0.266
O114228,No,No,0.2205
O114275,No,No,0.4511
O114839,No,No,0.2733
O111701,No,No,0.353
O113766,No,No,0.3243
O118010,No,No,0.1064
O104909,No,No,0.4169
O117081,Yes,No,0.2815
O120723,No,No,0.3178
O114555,No,No,0.4334
O122796,No,No,0.1146
O123874,No,No,0.3186
O109039,No,No,0.3542
O122161,No,No,0.2656
O129648,No,No,0.3856
O102264,No,No,0.2969
O119731,No,No,0.3215
O132940,No,No,0.4198
O116782,No,No,0.0395
O116160,No,No,0.0788
O116982,No,No,0.2571
O120275,No,No,0.263
O110884,No,No,0.0669
O107632,Yes,Yes,0.5216
O107322,No,No,0.3605
O101859,No,No,0.4588
O120179,No,No,0.4987
O120454,No,No,0.1565
O134409,No,No,0.2981
O134156,No,No,0.1951
O110509,No,No,0.4904
O125590,No,No,0.1907
O119940,No,Yes,0.557
O127510,No,No,0.1675
O104344,No,No,0.2219
O126792,No,No,0.3384
O104753,No,No,0.0534
O130180,No,No,0.365
O115063,No,No,0.2666
O130226,No,No,0.0957
O104002,No,No,0.2347
O129547,No,No,0.0808
O129467,No,No,0.2124
O115854,Yes,No,0.3178
O127740,No,No,0.2296
O102793,No,No,0.2523
O119416,No,No,0.1987
O128026,No,No,0.2404
O100896,No,No,0.4011
O110619,No,No,0.0903
O124368,No,No,0.076
O126574,No,No,0.2907
O131605,No,No,0.3967
O117668,No,No,0.2141
O104975,No,No,0.3063
O108256,Yes,No,0.3655
O104216,No,No,0.3675
O128384,No,No,0.2788
O130714,No,No,0.3862
O126361,No,No,0.2844
O121274,No,No,0.313
O114889,Yes,No,0.2118
O126043,No,No,0.3021
O124471,No,No,0.2586
O117851,No,No,0.1324
O103039,No,No,0.1996
O120529,No,No,0.3159
O124679,No,No,0.2261
O111874,No,No,0.2992
O101838,No,Yes,0.509
O103959,No,No,0.4029
O124332,No,No,0.1926
O123333,No,No,0.4081
O131036,No,No,0.3256
O108674,No,No,0.0491
O128378,No,No,0.2718
O126620,No,No,0.1132
O110728,No,No,0.2862
O104612,No,No,0.4447
O101590,No,No,0.3632
O101050,No,No,0.2707
O123994,Yes,No,0.422
O119294,No,No,0.4562
O116466,No,No,0.4059
O107442,No,No,0.0588
O129352,No,No,0.0447
O117711,No,No,0.4403
O102600,No,No,0.3066
O119381,No,Yes,0.5763
O123288,No,No,0.0844
O105741,No,No,0.0549
O118232,No,No,0.3469
O114254,No,No,0.2298
O132107,No,No,0.3233
O121175,No,No,0.2976
O102997,No,No,0.1863
O117290,No,No,0.0962
O124887,No,No,0.3545
O112278,No,No,0.2788
O134057,No,No,0.1874
O119955,No,No,0.1958
O108553,No,No,0.1524
O113957,No,No,0.3611
O121306,No,No,0.0812
O110135,No,No,0.4318
O102265,No,Yes,0.6224
O100577,No,No,0.2838
O126980,No,No,0.2813
O129721,No,No,0.4537
O121886,No,No,0.0299
O128475,No,No,0.38
O118738,No,No,0.1912
O123487,No,No,0.4008
O114274,Yes,No,0.3328
O108936,No,No,0.3016
O127746,Yes,No,0.2107
O133665,No,No,0.0638
O110846,No,No,0.3602
O105975,No,No,0.2064
O122406,No,No,0.4032
O117889,No,No,0.1984
O106696,No,No,0.3091
O118069,No,No,0.0356
O101028,No,No,0.3615
O128116,No,No,0.0687
O107473,No,No,0.0705
O118679,No,No,0.3232
O105150,No,No,0.3777
O116931,No,No,0.253
O107956,No,No,0.0662
O107002,No,No,0.1739
O111873,No,No,0.4962
O117949,No,No,0.2723
O109714,No,No,0.3788
O110571,No,No,0.1116
O133160,No,No,0.3124
O117063,No,No,0.3018
O106360,No,No,0.3662
O101610,No,No,0.2579
O120969,No,No,0.3409
O123197,No,No,0.3081
O131627,No,No,0.2708
O130457,No,No,0.0729
O131015,No,No,0.2192
O101842,No,No,0.3443
O134427,No,No,0.395
O123450,No,No,0.3616
O100812,No,No,0.2599
O103249,No,No,0.1881
O123706,No,No,0.2176
O103854,No,No,0.368
O107176,No,No,0.2801
O131756,No,No,0.3265
O127008,No,No,0.4322
O110275,No,No,0.3469
O126993,No,No,0.315
O133370,No,No,0.3757
O102610,No,No,0.3633
O117315,No,No,0.3041
O125473,No,No,0.3257
O123311,No,No,0.4772
O102228,No,No,0.2776
O118838,No,No,0.295
O120975,No,No,0.3418
O102003,No,No,0.2519
O104763,No,No,0.1707
O102922,No,No,0.1631
O128569,No,No,0.1564
O113760,No,No,0.2923
O102129,No,No,0.3223
O130511,No,No,0.3891
O121989,No,No,0.2903
O124056,No,No,0.2912
O107609,No,No,0.258
O130848,No,No,0.2429
O124893,No,No,0.3872
O133095,No,No,0.1485
O123933,No,No,0.4702
O112356,No,No,0.0694
O101107,No,No,0.3845
O124519,No,No,0.4759
O128077,No,No,0.3258
O102481,No,No,0.327
O114810,No,No,0.2644
O107257,No,No,0.4103
O117201,No,No,0.3077
O120233,No,No,0.0203
O133642,No,Yes,0.6173
O131155,No,No,0.4253
O113647,No,No,0.3456
O117041,No,No,0.2677
O126743,No,No,0.4749
O134149,No,No,0.1228
O116872,No,No,0.2059
O133954,No,No,0.4575
O129309,No,No,0.2712
O106345,No,No,0.4376
O129526,No,No,0.3409
O125348,No,No,0.0912
O110673,No,No,0.0523
O111979,No,No,0.3462
O129719,No,No,0.1087
O132223,No,No,0.397
O132886,No,No,0.0833
O133651,No,No,0.3715
O115447,No,No,0.4271
O102182,No,No,0.2119
O115995,No,No,0.4206
O106484,No,No,0.4992
O119280,No,No,0.1832
O101506,Yes,No,0.3355
O131992,No,No,0.1916
O121415,No,No,0.0784
O108263,No,No,0.4404
O123499,No,No,0.2794
O126486,No,No,0.3752
O127664,No,No,0.0907
